:1000000000040020810A000015070000610A0000BA
:100010001F07000029070000330700000000000050
:10002000000000000000000000000000A50A000021
:100030003D070000000000004707000051070000D6
:100040005B070000650700006F07000079070000EC
:10005000830700008D07000097070000A10700003C
:10006000AB070000B5070000BF070000C90700008C
:10007000D3070000DD070000E7070000F1070000DC
:10008000FB070000050800000F0800001908000029
:10009000230800002D080000370800004108000078
:1000A0004B080000550800005F08000069080000C8
:1000B000730800007D080000870800009108000018
:1000C0009B080000A5080000AF080000B908000068
:1000D000C3080000CD080000D7080000E1080000B8
:1000E000EB080000F5080000FF0800000909000007
:1000F000130900001D090000270900003109000054
:100100003B0900001FB500F003F88DE80F001FBD8C
:1001100000F0ACBC40F6FC7108684FF01022401CA7
:1001200008D00868401C09D00868401C04D0086842
:1001300000F037BA9069F5E79069F9E7704770B554
:100140000B46010B184400F6FF70040B4FF0805073
:100150000022090303692403406943431D1B104621
:1001600000F048FA29462046BDE8704000F042BA47
:10017000F0B54FF6FF734FF4B4751A466E1E11E0DA
:10018000A94201D3344600E00C46091B30F8027B3B
:10019000641E3B441A44F9D19CB204EB134394B25D
:1001A00004EB12420029EBD198B200EB134002EBB2
:1001B000124140EA0140F0BDF34992B00446D1E952
:1001C0000001CDE91001FF224021684600F0F4FB58
:1001D00094E80F008DE80F00684610A902E004C8FB
:1001E00041F8042D8842FAD110216846FFF7C0FF7C
:1001F0001090AA208DF8440000F099F9FFF78AFFCB
:1002000040F6FC7420684FF01025401C0FD0206889
:1002100010226946803000F078F92068401C08D030
:100220002068082210A900F070F900F061F9A869AF
:10023000EEE7A869F5E74FF080500369406940F6A2
:10024000FC71434308684FF01022401C06D0086838
:1002500000F58050834203D2092070479069F7E788
:100260000868401C04D00868401C03D00020704778
:100270009069F9E70420704770B504460068C34DE3
:10028000072876D2DFE800F033041929631E250021
:10029000D4E9026564682946304600F062F92A46CE
:1002A0002146304600F031F9AA002146304600F0E0
:1002B00057FB002800D0032070BD00F009FC4FF46C
:1002C000805007E0201D00F040F90028F4D100F034
:1002D000FFFB60682860002070BD241D94E80700C3
:1002E000920000F03DFB0028F6D00E2070BDFFF715
:1002F000A2FF0028FAD1D4E901034FF0805100EBAE
:10030000830208694D69684382420ED840F6F8704E
:1003100005684FF010226D1C09D0056805EB8305B8
:100320000B6949694B439D4203D9092070BD55694A
:10033000F4E70168491C03D00068401C02D003E0C8
:100340005069FAE70F2070BD2046FFF735FFFFF731
:1003500072FF0028F7D1201D00F0F7F80028F2D135
:1003600060680028F0D100F0E2F8FFF7D3FE00F05B
:10037000BFF8072070BD10B50C46182802D0012028
:10038000086010BD2068FFF777FF206010BD41684E
:10039000054609B1012700E0002740F6F8742068FF
:1003A0004FF01026401C2BD02068AA68920000F065
:1003B000D7FA38B3A86881002068401C27D020688D
:1003C000FFF7BDFED7B12068401C22D026684FF051
:1003D0008050AC686D68016942695143A9420DD9EA
:1003E000016940694143A14208D92146304600F0E5
:1003F000B8F822462946304600F087F800F078F831
:100400007069D2E700F093F8FFF784FEF6E77069B1
:10041000D6E77669DBE740F6FC7420684FF01026DB
:10042000401C23D02068401C0CD02068401C1FD0EA
:100430002568206805F18005401C1BD027683879A5
:10044000AA2819D040F6F8700168491C42D001680A
:10045000491C45D00168491C3ED001680968491C07
:100460003ED00168491C39D000683EE0B069DAE747
:10047000B569DEE7B769E2E710212846FFF778FEA5
:100480003968814222D12068401C05D0D4F8001080
:1004900001F18002C03107E0B169F9E730B108CA63
:1004A00051F8040D984201D1012000E000208A4259
:1004B000F4D158B1286810B1042803D0FEE72846CB
:1004C000FFF765FF3149686808600EE0FFF722FE1C
:1004D00000F00EF87169BBE77169BFE7706904E06D
:1004E0004FF480500168491C01D000F0CBFAFEE7C0
:1004F000BFF34F8F26480168264A01F4E06111439B
:100500000160BFF34F8F00BFFDE72DE9F0411746B3
:100510000D460646002406E03046296800F054F8EF
:10052000641C2D1D361DBC42F6D3BDE8F08140F69B
:10053000FC700168491C04D0D0F800004FF48051D1
:10054000FDE54FF010208069F8E74FF080510A690F
:10055000496900684A43824201D810207047002050
:10056000704770B50C4605464FF4806608E0284693
:1005700000F017F8B44205D3A4F5806405F5805562
:10058000002CF4D170BD0000F40A0000000000202F
:100590000CED00E00400FA05144801680029FCD0C5
:1005A0007047134A0221116010490B68002BFCD0E0
:1005B0000F4B1B1D186008680028FCD0002010603D
:1005C00008680028FCD07047094B10B501221A605A
:1005D000064A1468002CFCD0016010680028FCD08A
:1005E0000020186010680028FCD010BD00E4014015
:1005F00004E5014070B50C46054600F073F810B9EB
:1006000000F07EF828B121462846BDE8704000F091
:1006100007B821462846BDE8704000F037B8000012
:100620007FB5002200920192029203920A0B000B06
:100630006946012302440AE0440900F01F0651F80C
:10064000245003FA06F6354341F82450401C8242F8
:10065000F2D80D490868009A10430860081D016827
:10066000019A1143016000F03DF800280AD00649C4
:1006700010310868029A10430860091D0868039A3F
:10068000104308607FBD00000006004030B50F4CED
:10069000002200BF04EB0213D3F800582DB9D3F8A1
:1006A000045815B9D3F808581DB1521C082AF1D3C3
:1006B00030BD082AFCD204EB0212C2F80008C3F8CD
:1006C00004180220C3F8080830BD000000E0014013
:1006D0004FF08050D0F83001082801D0002070473A
:1006E000012070474FF08050D0F83011062905D016
:1006F000D0F83001401C01D0002070470120704725
:100700004FF08050D0F830010A2801D00020704707
:100710000120704708208F490968095808471020B0
:100720008C4909680958084714208A4909680958FA
:100730000847182087490968095808473020854923
:100740000968095808473820824909680958084744
:100750003C20804909680958084740207D490968BC
:100760000958084744207B49096809580847482028
:1007700078490968095808474C207649096809589A
:10078000084750207349096809580847542071499F
:1007900009680958084758206E49096809580847E8
:1007A0005C206C4909680958084760206949096854
:1007B00009580847642067490968095808476820AC
:1007C00064490968095808476C2062490968095852
:1007D000084770205F4909680958084774205D4937
:1007E00009680958084778205A490968095808478C
:1007F0007C205849096809580847802055490968EC
:10080000095808478420534909680958084788202F
:1008100050490968095808478C204E490968095809
:10082000084790204B4909680958084794204949CE
:10083000096809580847982046490968095808472F
:100840009C204449096809580847A0204149096883
:1008500009580847A4203F49096809580847A820B3
:100860003C49096809580847AC203A4909680958C1
:100870000847B0203749096809580847B420354966
:10088000096809580847B8203249096809580847D3
:10089000BC203049096809580847C0202D4909681B
:1008A00009580847C4202B49096809580847C82037
:1008B0002849096809580847CC2026490968095879
:1008C0000847D0202349096809580847D4202149FE
:1008D000096809580847D8201E4909680958084777
:1008E000DC201C49096809580847E02019490968B3
:1008F00009580847E4201749096809580847E820BB
:100900001449096809580847EC2012490968095830
:100910000847F0200F49096809580847F4200D4995
:10092000096809580847F8200A490968095808471A
:10093000FC2008490968095808475FF48070054998
:10094000096809580847000003480449024A034B54
:100950007047000000000020000B0000000B0000AA
:1009600040EA010310B59B070FD1042A0DD310C82C
:1009700008C9121F9C42F8D020BA19BA884201D97E
:10098000012010BD4FF0FF3010BD1AB1D30703D0C6
:10099000521C07E0002010BD10F8013B11F8014B7C
:1009A0001B1B07D110F8013B11F8014B1B1B01D198
:1009B000921EF1D1184610BD02F0FF0343EA032254
:1009C00042EA024200F005B87047704770474FF0A6
:1009D00000020429C0F0128010F0030C00F01B800C
:1009E000CCF1040CBCF1020F18BF00F8012BA8BF1A
:1009F00020F8022BA1EB0C0100F00DB85FEAC17CDE
:100A000024BF00F8012B00F8012B48BF00F8012B90
:100A100070474FF0000200B51346944696462039C1
:100A200022BFA0E80C50A0E80C50B1F12001BFF4A7
:100A3000F7AF090728BFA0E80C5048BF0CC05DF80D
:100A400004EB890028BF40F8042B08BF704748BF5B
:100A500020F8022B11F0804F18BF00F8012B7047CF
:100A6000014B1B68DB6818470000002009480A4951
:100A70007047FFF7FBFFFFF745FB00BD20BFFDE719
:100A8000064B1847064A1060016881F308884068E1
:100A900000470000000B0000000B000017040000DE
:100AA000000000201EF0040F0CBFEFF30881EFF3ED
:100AB0000981886902380078182803D100E0000015
:100AC000074A1047074A12682C3212681047000084
:100AD00000B5054B1B68054A9B58984700BD0000B0
:100AE0007703000000000020F00A0000040000006E
:100AF000001000000000000000FFFFFF0090D00386
:10100000B00F002021AE010065B0000087AD0100E7
:1010100065B0000065B0000065B000000000000091
:10102000000000000000000000000000ADAE010064
:1010300065B000000000000065B0000065B0000071
:1010400015AF01001BAF010065B0000065B00000E6
:1010500065B0000065B0000065B0000065B000003C
:1010600021AF010065B0000065B0000027AF0100AE
:1010700065B000002DAF010033AF010039AF0100B2
:1010800065B0000065B0000065B0000065B000000C
:1010900065B0000065B0000065B0000065B00000FC
:1010A00065B000003FAF010065B0000065B0000012
:1010B00065B0000065B0000065B0000065B00000DC
:1010C00045AF010065B0000065B0000065B00000EC
:1010D00065B0000065B0000065B0000065B00000BC
:1010E00065B0000065B0000065B0000065B00000AC
:1010F00065B0000065B0000065B0000065B000009C
:1011000065B0000065B0000000F002F819F077FE4D
:101110000AA090E8000C82448344AAF10107DA4552
:1011200001D119F06CFEAFF2090EBAE80F0013F00E
:10113000010F18BFFB1A43F00103184770A201000A
:1011400090A201000A4410F8014B14F00F0508BFEB
:1011500010F8015B240908BF10F8014B6D1E05D083
:1011600010F8013B6D1E01F8013BF9D1641E03D05C
:10117000641E01F8015BFBD19142E4D3704700008B
:101180000023002400250026103A28BF78C1FBD890
:10119000520728BF30C148BF0B6070471FB500F031
:1011A00003F88DE80F001FBD19F026BE70B51B4C6B
:1011B00005460A202070A01C00F0D7F85920A08016
:1011C00029462046BDE8704006F0FEBE06F00CBF82
:1011D00070B50C461249097829B1A0F160015E2969
:1011E00008D3012013E0602804D0692802D043F21C
:1011F00001000CE020CC0B4E94E80E0006EB8000C2
:10120000A0F58050241FD0F8806E2846B04720609B
:1012100070BD0120704706207047000008000020C4
:101220001800002074AF01003249884201D2012029
:1012300070470020704770B50446A0F500002E4EA0
:10124000B0F1786F02D23444A4F5000429488442F6
:1012500001D2012500E0002500F043F848B125B98E
:10126000B44204D32548006808E0012070BD002086
:1012700070BD002DF9D1B442F9D321488442F6D291
:10128000F3E710B50446A0F50000B0F1786F03D283
:1012900019480444A4F5000400F023F84FF08041FD
:1012A00030B11648006804E08C4204D2012003E00B
:1012B00013488442F8D2002080F0010010BD10B520
:1012C00020B1FFF7DEFF08B1012010BD002010BDE6
:1012D00010B520B1FFF7AFFF08B1012010BD00200D
:1012E00010BD084808490068884201D101207047B4
:1012F0000020704700C00100000000201C000020FA
:101300000800002058000020BEBAFECA10B50446EE
:101310000021012000F041F800210B2000F03DF8F1
:101320000021082000F039F80421192000F035F8D8
:1013300004210D2000F031F804210E2000F02DF8DA
:1013400004210F2000F029F80421C84300F025F8FB
:101350000621162000F021F80621152000F01DF8C6
:101360002046FFF723FF002010BDCC2101807047ED
:10137000FFF72CBF1148704710487047104A10B54E
:1013800014680F4B0F4A08331A60FFF721FF0C480F
:10139000001D046010BD704770474907090E002802
:1013A00004DB00F1E02080F80014704700F00F002B
:1013B00000F1E02080F8141D7047000003F900429E
:1013C000100502400100000130B5FF4D0446062C17
:1013D000A9780ED2DFE804F0030E0E0E0509FFDF38
:1013E00008E0022906D0FFDF04E0032902D0FFDF76
:1013F00000E0FFDFAC7030BDF34810B5407E41081F
:10140000F14800F11A0005D00DF043FBBDE8104093
:1014100006F07ABC0DF024FBF8E730B50446A1F1E4
:1014200020000D460A2847D2DFE800F005070C1916
:10143000202532373C41FFDF3FE0207820283CD197
:10144000FFDF3AE0E0488078052836D0207824286D
:1014500033D0252831D023282FD0FFDF2DE020786E
:1014600022282AD0232828D8FFDF26E02078222827
:1014700023D0FFDF21E0207822281ED024281CD092
:1014800026281AD0272818D0292816D0FFDF14E0E4
:101490002078252811D0FFDF0FE0207825280CD0F8
:1014A000FFDF0AE02078252807D0FFDF05E020785D
:1014B000282802D0FFDF00E0FFDF257030BD1FB518
:1014C0000022ADF800200C88ADF802404B88ADF842
:1014D0000430CA88ADF808208988ADF806100021CC
:1014E000ADF80A10ADF80C1080B14FF6FF70062170
:1014F000844201D1ADF80210834201D1ADF804104D
:10150000824203D14FF44860ADF8080068460DF000
:10151000BEFB06F0F9FB04B010BD70B514460D46D5
:101520000646FFF788FE60B90DB1A54201D90C202F
:1015300070BD002409E000BF56F82400FFF77BFED1
:1015400008B1102070BD641CE4B2AC42F4D300209A
:1015500070BD2DE9F04105461F4690460E46002419
:101560000068FFF7B5FE30B9A98828680844401E16
:10157000FFF7AEFE10B11020BDE8F081286800280A
:10158000A88802D0B84202D850E00028F4D0092040
:10159000F2E72968085DB8B1671CCA5D152A2ED02C
:1015A0003CDC152A3AD2DFE802F039122222282840
:1015B0002A2A313139393939393939393939220019
:1015C000085D30BB641CA4B2A242F9D833E0022803
:1015D000DDD1A01C085C88F80000072801D2400774
:1015E00001D40A20C8E7307840F0010015E0C1437B
:1015F000C90707E0012807D010E00620BCE7010773
:10160000A1F180510029F5D01846B5E7307881075F
:1016100001D50B20B0E740F0020030702868005D73
:10162000384484B2A888A04202D2B0E74FF44853AD
:1016300082B2A242ADD800209EE710B502785408CD
:1016400009D0012243F20223012C07D0022C0DD035
:10165000032C13D10FE00020087005E080790324EB
:10166000B4EB901F0AD10A70002010BD8079B2EB54
:10167000901F03D1F7E780798009F4D0184610BD98
:1016800008B500208DF800004F4890F8221051B1A5
:1016900090F8230002280FD003280FD0FFDF00BFEF
:1016A0009DF8000008BD48486946193001F0C6F9A8
:1016B0000028F5D0FFDFF3E7032000E001208DF8DC
:1016C0000000EDE738B50C460546694601F0B6F96D
:1016D00000280DD19DF80010207861F3470020709C
:1016E00055F8010FC4F80100A888A4F805000020EF
:1016F00038BD38B51378C0B1022816D033A46D4672
:10170000246800944C7905EB9414247864F347031F
:10171000137003280ED003F0FE0010700868C2F8A2
:1017200001008888A2F8050038BD23F0FE0313707D
:101730000228EED1D8B240F00100EEE702210EF00F
:10174000BDBC38B50C460978222901D2082038BD25
:10175000ADF800008DF8022068460DF0D9F906F0CA
:10176000D3FA050003D121212046FFF756FE284673
:1017700038BD1CB500208DF80000CDF80100ADF893
:101780000500114890F82200022801D0012000E055
:1017900000208DF8070068460DF024FA002800D0DC
:1017A000FFDF1CBD2DE9FF478CB00025BDF834607C
:1017B00082461C4690468DF81C50700703D5606821
:1017C000FFF739FD90B903E0A00100200302FF01FB
:1017D000FE4F4FF0010997F8220058B197F8230007
:1017E000022807D16068FFF773FD18B1102010B010
:1017F000BDE8F087300702D5A089802815D870078A
:1018000004D4B8F1000F01D0387E70B1E07DC0F390
:1018100000108DF81B00617D072041B1012906D021
:101820000229E4D00429E2D117E00720DFE78DF890
:1018300017908DF819908DF81580606878B107A918
:10184000FFF7FBFE0028D2D1606850F8011FCDF8E9
:101850000F108088ADF8130005E00620C7E7CDF82B
:101860000F50ADF81350E07B0028F6D1207C002803
:10187000F3D1607C0028F0D1A07C0028EDD1E07C81
:10188000C006EAD18DF800A0BDF83400ADF8020022
:10189000A0680190A0680290CDA0D0E90010CDE929
:1018A0000A10E07C0AA901EB501000788DF80C00BA
:1018B000FFF7E6FE8DF80D009DF81C008DF80E0078
:1018C0008DF818508DF816508DF81A5009A96846F1
:1018D0000DF02CFA06F018FA89E7F0B58FB0002465
:1018E0008DF830408DF814408DF8344006468DF860
:1018F0002840019402940394049419B10FC901ADD6
:1019000085E80F00B14DA878052801D004280CD136
:1019100001986968884200D120B90398E968884233
:1019200003D110B108200FB0F0BD1F273B460DAA10
:1019300005A903A8FFF70DFE0028F4D13B460AAA2B
:101940000CA901A8FFF705FE0028ECD19DF81400B2
:10195000C00701D00A20E6E7A88A410708D4A97D7C
:1019600031B19DF82810890702D043F20120DAE74F
:101970009DF82810C90709D0400707D4288818B156
:1019800044F25061884201D90720CCE78DF8184015
:101990008DF81960BDF80800ADF81A00019807909D
:1019A00006A80DF0CEF906F0AFF90028BBD18DF8EE
:1019B00020408DF82160BDF81000ADF8220003989A
:1019C000099008A80DF0DFF906F09EF90028AAD1C9
:1019D00001AC2D1D94E80F0085E80F000020A2E760
:1019E00070B50646FFF7AAFE054606F06FFB040039
:1019F00000D1FFDF6680207820F00F00801C20F0EF
:101A0000F000203020700320207295F83E006072B4
:101A1000BDE8704006F05EBB2DE9F04385B00400E0
:101A200000D1FFDF2078694E20F00F00801C20F0ED
:101A3000F0007030207060680178C91F14292AD224
:101A4000DFE801F04DF3290AF3F33AF2292966F2AF
:101A5000F2F129F2F2F0EFF286883046FFF76EFEDF
:101A60000546304608F0BDF8C0B16068807985F859
:101A70003E0021212846FFF7D0FC304603F0FAF95A
:101A8000304604F0ADFB3146012012F047F9A87F43
:101A900020F01000A87705B0BDE8F083207820F092
:101AA000F00020302070032020726680606880790A
:101AB000607206F00FFBDCE785882846FFF73EFEE4
:101AC00000B9FFDF60688078012800D0FFDF606820
:101AD000817905B02846BDE8F04308F04ABA868807
:101AE0003046FFF72BFE050000D1FFDF06F0F2FACB
:101AF00060683146C08828816068008968816068B4
:101B00004089A881012012F009F90020A875C2E7D8
:101B1000807828B10228BED03C28BCD0FFDFBAE7CD
:101B200006F0D8FA6568A879AD1C00B9FFDFF77830
:101B3000B5F80290B046384606F05FF8060000D1CE
:101B4000FFDF0022022148460EF0AFFA040000D168
:101B5000FFDF22212046FFF760FCA17F012060F318
:101B60000101A177298B2181698B6181A98BA181D9
:101B700084F822708DF80800B0680090F068019039
:101B80006A46032148460EF090FA00B9FFDFB0889C
:101B9000ADF81000B0788DF8120004AA052148466F
:101BA0000EF083FA00B9FFDFB088ADF80C00F078D2
:101BB0008DF80E0003AA042148460EF076FA00B90B
:101BC000FFDF062105F1120006E00000A001002061
:101BD000070605040302010000F04DFF30B36879E9
:101BE000800700D5FFDF6979E07D61F34700E0758C
:101BF000D5F80600A0616889A083062105F10C00D4
:101C000000F039FFE0B198F819104A08617862F3E2
:101C100047016170D8F81A10C4F80210B8F81E0015
:101C200017E028E020E033E02DE017E0E07D20F031
:101C3000FE00801CE075D5F81200A061E88ADBE7A1
:101C4000607820F0FE00801C6070E868C4F8020034
:101C5000288AE0800320FFF7B7FB1CE705B0204689
:101C6000BDE8F04301F092BC06F034FA16F8240FF8
:101C700040F0020005E006F02DFA16F8240F40F0BF
:101C80000400307007E705B0BDE8F04306F022BA63
:101C9000B178052909D00429DFD106F01BFA02200A
:101CA00005B0BDE8F043FFF78FBB80780028D4D0A3
:101CB000F07800F0AAFE06F00DFA0320F0E72DE917
:101CC000F047054600780027000991460C463E463D
:101CD000012871D0022870D007280AD00A286DD0B8
:101CE000FFDF00BFA9F800600CB1278066800020EC
:101CF0007EE5D5F804C0DFF8448804F108009CF8BC
:101D000000204FF0010AD21F4FF6FF71142A76D23D
:101D1000DFE802F00AF9F9F9F9F9F91DF9F926C035
:101D2000889DF91061D476EE12271026BCF80400C5
:101D30002146F3E01C270A26ECB3BCF80200A08081
:101D4000686800792072686840796072CAE71B276A
:101D5000092684B30320207268684088A080C1E708
:101D60009CF802103C29BDD010272C260CF1020C47
:101D70000CB3BCF80210A180BCF818106182BCF84A
:101D800018102182BCF81A10A182BCF81C10E18244
:101D90009CF8053002460CF106011846FFF7A9FC35
:101DA0009CF8040001289DD184F80FA00020207623
:101DB00008F1040003E00BE0A8E0B2E0EAE090E8FC
:101DC0000E00D8F81000C4E90930C4E9071289E709
:101DD000A9F800608BE720271126002CF8D0A180FD
:101DE000686804F10A02807820726868807A6072FC
:101DF00069680B1DC8781946FFF77BFC72E782E023
:101E000021270A26002CE3D0BCF80200A0806868D5
:101E10000079207268684079607298F8241021F087
:101E2000040162E022270B26002CD1D0BCF804006C
:101E3000A0806868807820726868807900F02AFE47
:101E400060726868C07900F025FEA0724AE7262714
:101E50001C26002CBCD0A1806868C07860726868BD
:101E60008079A07208F1040090E80E00D8F8100004
:101E7000C4E90530C4E90312686880783C2803D0BF
:101E8000432804D0FFDF2DE784F808A02AE70220CA
:101E9000207227E724271026002C99D0BCF80200D6
:101EA000A0806868007920816868007A608168682D
:101EB000C088A08168684089E08113E72327102645
:101EC000002C85D0BCF80200A08068688088208142
:101ED0006868C088608168680089A08168684089F6
:101EE000E08198F8241021F0020188F82410F9E626
:101EF0002F272A26002C86D0A18069682222891CDF
:101F00000BF017FAEEE64A46214644E0287A02280A
:101F100001D0FFDFE6E612271026688800F098FD62
:101F2000E0E6287AB0B3012835D0022833D0032860
:101F300001D0FFDFD6E611270926002C8AD0B5F89C
:101F400002804046FFF7FAFB90F822A0A4F8048034
:101F5000687A2072042140460EF0C2F805214046FE
:101F60000EF0BEF8002140460EF0BAF801214046BE
:101F70000EF0B6F8032140460EF0B2F802214046BA
:101F80000EF0AEF8062140460EF0AAF8504600F0DA
:101F90003CFDA7E6FFE72846BDE8F04701F02CBC72
:101FA00070B5012801D0FFDF70BD8DB22846FFF764
:101FB000C5FB040000D1FFDF20782128F4D006F013
:101FC00085F880B1017821F00F01891C21F0F00122
:101FD000103101700221017245800020A075BDE81A
:101FE000704006F077B821462846BDE870401322BD
:101FF000FFF7A7BB2DE9F04116460C00804600D143
:10200000FFDF307820F00F00801C20F0F00010304F
:1020100030702078022802D0FFDFBDE8F081404612
:10202000FFF78CFB050000D1FFDFA1884FF6FF70A2
:102030000027814202D1E288824203D0814201D14D
:10204000E08840B106F046F894E80F00083686E8CC
:102050000F00AF75E1E7A87D0128DED178230022CB
:10206000414611F0B1FD0220A875D6E738B5054606
:102070000C460846FFF7DFF8A8B9242D31D006DC5E
:10208000202D0AD0212D0AD0222D04D124E0252D87
:102090001BD03F2D2DD0072038BD062038BD6068ED
:1020A000FFF70DF908B1102038BD618820886A4615
:1020B0000CF0E1FF05F028FE0028F5D16168002949
:1020C000F2D0BDF800200A8038BDA07800F00101F0
:1020D00020880DF001F808E02068BDE8384001F0E4
:1020E000C0BD618820880CF05FFFBDE8384005F076
:1020F0000BBE207800F001008DF8000068460CF05F
:10210000BDFD05F001FE38BD70B505460C4608461C
:10211000FFF7B7F808B1102070BD202D07D0212D92
:102120000DD0222D0BD0252D09D0072070BD208881
:10213000A11C0CF03CFDBDE8704005F0E5BD06209B
:1021400070BDFE481930704708B528220021FB48B1
:102150000BF019F90120FFF737F9F84968461A31F1
:1021600005F04AFFF5489DF80020417E62F34701E3
:1021700021F001014176002180F822104FF46171B5
:102180000184022180F82310FFF736F900B1FFDF48
:1021900000F0AEFC01F0CCF908BD10B50C464022B1
:1021A000002120460BF0EFF8A07F20F00300A0777D
:1021B000202020700020A07584F8230010BD7047F7
:1021C0002DE9FC410746FFF736F810B11020BDE8B5
:1021D000FC81DA4E06F11901D6F819000090B6F824
:1021E0001D50ADF80450F47F8DF806403846FFF7D7
:1021F00069FA0028EBD1FFF7FFF80028E7D0009933
:1022000046F8191FB580B471E1E710B50446FFF731
:1022100038F808B1102010BDC848C8492246407E91
:102220001A314008FFF765FA002010BD3EB504469C
:102230000D460846FFF725F808B110203EBD14B141
:1022400043F204003EBDBD488078052803D0042831
:1022500001D008203EBD694602A80BF01AFB2A46B1
:1022600069469DF80800FFF744FA00203EBDFEB520
:102270000D4604004FF0000711D00822FFF74DF97A
:10228000002811D1002608E054F826006946FFF71F
:10229000D4F9002808D1761CF6B2AE42F4D30CF083
:1022A00037FB10B143F20320FEBDA44E3776FCB1DC
:1022B00000271AE054F8270002A9FFF7BEF900B181
:1022C000FFDF9DF808008DF8000054F8270050F853
:1022D000011FCDF801108088ADF8050068460CF0AC
:1022E0003CFB00B1FFDF7F1CFFB2AF42E2D335768B
:1022F0000020FEBD2DE9F0478AB01546894604004E
:102300001DD00F4608222946FFF707F9002810D1F3
:10231000002612E054F826006946103000F08EFBCB
:10232000002806D13FB157F82600FEF784FF10B110
:1023300010200AB0DCE4761CF6B2AE42EAD30026E6
:10234000A5F101081CE000BF06F1010A0AF0FF0731
:1023500012E000BF54F82600017C4A0854F8271008
:102360000B7CB2EB530F05D10622113011310AF06C
:10237000B3FF58B17F1CFFB2AF42EBD30AF0FF06A8
:102380004645E1DB4E4624B1012003E043F205203F
:10239000CFE700200CF000FB10B90CF009FB10B1E6
:1023A00043F20420C5E75CB300270DF1170825E0D0
:1023B00054F827006946103000F040FB00B1FFDF01
:1023C00054F82700102250F8111FCDF80110808812
:1023D000ADF8050054F827100DF107000AF0A9FF29
:1023E00096B156F82710102240460AF0A2FF684620
:1023F0000CF098FA00B1FFDF7F1CFFB2AF42D7D3D9
:10240000FFF7B7F9002094E7404601F01EFCEEE725
:1024100030B585B00446FEF70EFF18B96068FEF7C8
:1024200057FF10B1102005B030BD60884AF2B811D6
:10243000884206D82078414D28B1012806D00228CC
:1024400004D00720EFE7FEF7D7FF18E060780228F6
:1024500004D0032802D043F20220E4E785F82300E9
:10246000C1B200200090ADF8040002292CD003294D
:1024700027D0FFDF68460CF00CFB05F045FC002878
:10248000D1D1606801F0D4FB207858B101208DF8DB
:1024900000000DF1010001F0D8FB68460CF075FE5C
:1024A00000B1FFDF207885F82200FFF762F960882D
:1024B00060B1288480B20CF067FA00B1FFDF002021
:1024C000B1E78DF80500D5E74020FAE74FF46170D9
:1024D000EFE710B50446FEF7D4FE20B9606838B1C6
:1024E000FEF7EDFE08B1102010BD606801F0ADFBF5
:1024F000124830F8201F6180C178617080782070A8
:10250000002010BD2DE9F843144689460646FEF723
:10251000B8FEB8B94846FEF7DBFE98B92046FEF78C
:10252000D7FE78B9054DA878012800D154B131788B
:10253000FF2909D061B143F2040001E0A0010020AD
:10254000BDE8F8831020F8E7012801D00420F4E763
:10255000CCB3052811D004280FD06946204600F0DE
:10256000A4FA0028E9D1217D49B1012909D0022925
:1025700009D0032909D00720DFE70820DDE702465C
:1025800004E0012202E0022200E00322804623460A
:10259000174600200099FFF705F90028CDD1A08942
:1025A0002880A07BE875BDF80000A882AF75BDF853
:1025B0000010090701D5A18931B1A1892980C0077F
:1025C00004D0032003E006E08021F7E70220FEF7B5
:1025D000FBFE86F800804946BDE8F8430020FFF77F
:1025E0007CB92DE9FC41FF4C06460D46A078022837
:1025F00003D0032801D00820E9E516B143F2040016
:10260000E5E506200DF00EFD10B9A078032849D0AD
:102610000FF07CFC074610F0DBFE381A00F0FF08D4
:1026200006200DF0F7FC074606200DF0FBFC391ADA
:10263000A078042809D000221144A8EB010111F070
:10264000FF0F04D0032804D00DE00122F4E713208B
:10265000BDE5284605F0D1FA10B3407810B32846FE
:1026600005F0D6FDE570FFF70BF80BF054F80120EC
:102670008DF800008DF801008DF802602088ADF81B
:102680000400E07D8DF8060068460CF050FC05F073
:102690003BFB0028B0D1A078032805D0042010E02F
:1026A000052094E5122092E5E07805F0A6FA0400F2
:1026B00000D1FFDF607800B9FFDF6078401E6070F6
:1026C0000520FEF781FE002081E51CB510B143F224
:1026D00004001CBDC34CA078042803D0052801D0F9
:1026E00008201CBD00208DF8000001218DF801108C
:1026F0008DF8020068460CF01AFC05F005FB002876
:10270000EFD1A078052805D05FF00200FEF75CFE4F
:1027100000201CBDE07800F078F90320F6E72DE9F1
:10272000FC4180460D4603260846FEF7D1FD08B160
:1027300010204CE54046FFF701F8040004D0207853
:10274000222804D2082042E543F202003FE5A07FA0
:1027500000F003073DB1012F0AD000202946FEF703
:10276000AEFE0600E5D1012F04D0FFDF30462EE596
:102770000120F3E7A07D2946022801D011B107E02E
:10278000112024E5684600F0E7FA0028D1D1694617
:10279000404607F0CEFB0600E8D10120A075E5E732
:1027A00070B50C460546FEF7C9FF010005D022466C
:1027B0002846BDE87040FEF7C4BF43F2020070BD7A
:1027C00010B5012807D1874B9B78012B00D011B1A0
:1027D00043F2040010BD0CF009F9BDE8104005F00B
:1027E00093BA012300F01BB900231A46194600F0E2
:1027F00016B970B5064615460C460846FEF741FD6B
:1028000018B92846FEF73DFD08B1102070BD2A46D4
:10281000214630460CF017FC05F076FA0028F5D179
:1028200021787F29F2D1052070BD7CB505460C4684
:102830000846FEF700FD08B110207CBD2846FEF7D3
:102840007DFF20B10078222804D208207CBD43F20D
:1028500002007CBD634890F82400400701D5112098
:102860007CBD2178C80802D16078C20801D0072059
:102870007CBD890801D1800801D006207CBDADF85F
:10288000005020788DF8020060788DF80300022057
:10289000ADF8040068460BF00FFF05F035FA7CBD7B
:1028A00070B586B014460D460646FEF747FF28B1C0
:1028B0000078222805D2082006B070BD43F202003D
:1028C000FAE72846FEF704FD20B944B12046FEF79A
:1028D000F6FC08B11020EFE700202060A0804148FE
:1028E00090F82400800701D51120E5E703A93046C0
:1028F0000BF01FFF18B100BF05F006FADCE7ADF8DA
:102900000060BDF81400ADF80200BDF81600ADF887
:102910000400BDF81000BDF81210ADF80600ADF8C7
:1029200008107DB1298809B1ADF80610698809B190
:10293000ADF80210A98809B1ADF80810E98809B10D
:10294000ADF80410DCB1BDF80610814201D9081AB7
:102950002080BDF80210BDF81400814201D9081A88
:102960006080BDF80800BDF80410BDF816200144D1
:10297000BDF812001044814201D9081AA0806846AF
:102980000BF074FFB8E770B505460C460846FEF735
:1029900078FC08B1102070BD214628460CF04AF999
:1029A000BDE8704005F0B0B93EB505460C46084696
:1029B000FEF767FC08B110203EBD0020009001909A
:1029C0000290ADF800502089ADF8080020788DF80D
:1029D0000200606801902089ADF808006089ADF8B8
:1029E0000A0001E0A001002068460CF031F905F072
:1029F0008BF93EBD0EB5ADF8000000200190684691
:102A00000CF026F905F080F90EBD10B505F0F5F8CB
:102A1000040000D1FFDF6078401C607010BD1CB561
:102A2000ADF800008DF802308DF803108DF8042009
:102A300068460CF0D7FA05F067F91CBD0278520819
:102A400004D0012A02D043F202207047FEF7F5BD00
:102A500070B50C0006460DD0FEF770FE050000D1E3
:102A6000FFDFA68028892081288960816889A0816C
:102A7000A889E08170BD10B500231A4603E0845C8C
:102A80002343521CD2B28A42F9D30BB1002010BDAD
:102A9000012010BD00B530B1012803D0022801D0BB
:102AA000FFDF002000BDFF2000BD00220A8092B29F
:102AB00022F060020A800078062817D2DFE800F0D2
:102AC000160306090C1142F0110007E042F01D0048
:102AD00009E042F0150006E042F0100040F002006C
:102AE00001E042F010000880002070470720704786
:102AF000FD48002101604160018170472DE9FF4FD1
:102B000093B09B46209F160004460DD01046FEF75A
:102B100092FB18B1102017B0BDE8F08F31460120AC
:102B2000FEF7CDFC0028F6D101258DF842504FF478
:102B3000C050ADF84000002210A9284603F016FE50
:102B40000028E8D18DF84250A8464FF428500025BF
:102B5000ADF840001C222946684607950AF013FC90
:102B60009DF81C000DF11C0A20F00F00401C20F005
:102B7000F00010308DF81C0020788DF81D00617871
:102B80009DF81E000DF1400961F3420040F0010084
:102B90008DF81E009DF8000008AA40F002008DF894
:102BA00000002089ADF83000ADF832506089ADF8F2
:102BB0003400CDF82CA060680E900AA9CDF82890BA
:102BC000684603F0C8FB0028A5D16068FEF777FBD4
:102BD00040B16068FEF77CFB20B9607800F003002C
:102BE000022801D0012000E00020BF4C08AA0AA959
:102BF0002072BDF8200020808DF8428042F601202E
:102C0000ADF840009DF81E0020F00600801C20F06A
:102C100001008DF81E000220ADF83000ADF8340040
:102C200014A80E90684603F096FB002889D1BDF8E1
:102C30002000608036B1211D304600F059F900288F
:102C4000C2D109E0BBF1000F05D00AF017F9E8BBCB
:102C50000AF014F9D0BBA58017B1012F43D04AE088
:102C60008DF8428042F6A620ADF8400046461C2270
:102C70000021684607950AF086FB9DF81C00ADF818
:102C8000346020F00F00401C20F0F00010308DF870
:102C90001C009DF81D0020F0FF008DF81D009DF820
:102CA0001E0020F0060040F00100801C8DF81E0080
:102CB0009DF800008DF8446040F002008DF800009F
:102CC000CDE90A9AADF8306011A800E011E00E904D
:102CD00008AA0AA9684603F03EFB0028A6D1BDF861
:102CE0002000E08008E00AF0C9F810B90AF0C6F840
:102CF00008B103200FE7E58000200CE73EB504464D
:102D0000794D0820ADF80000A88828B12046FEF7CC
:102D100092FA18B110203EBD06203EBD214601208A
:102D2000FEF7CDFB0028F8D12088ADF804006088BC
:102D3000ADF80600A088ADF80800E088ADF80A00FC
:102D4000A88801AB6A46002103F00CFFBDF8001013
:102D50000829E2D003203EBD7FB5634D0446A88814
:102D600068B1002002900820ADF80800CDF80CD022
:102D70002046FEF760FA20B1102004B070BD062096
:102D8000FBE7A98802AA4FF6FF7004F02DF900288E
:102D9000F3D1BDF80810082901D00320EDE7BDF8F4
:102DA00000102180BDF802106180BDF80410A180E0
:102DB000BDF80610E180E0E701B582B00220ADF871
:102DC0000000494802AB6A464088002103F0CAFE71
:102DD000BDF80010022900D003200EBD1CB5002153
:102DE00000910221ADF800100190FEF74AFA08B1F7
:102DF00010201CBD3C486A4641884FF6FF7004F025
:102E0000F3F8BDF800100229F3D003201CBDFEB575
:102E1000354C06461546207A0F46C00705D00846B1
:102E2000FEF709FA18B11020FEBD0F20FEBDF82DE7
:102E300001D90C20FEBD3046FEF7FDF918BB2088F5
:102E400001A902F08AFF0028F4D130788DF805003E
:102E5000208801A903F064FE0028EBD100909DF8C2
:102E600000009DF8051040F002008DF800000907F1
:102E700003D040F008008DF800002088694603F078
:102E8000ECFD0028D6D1ADF8085020883B4602AAB8
:102E9000002103F067FEBDF80810A942CAD0032044
:102EA000FEBD7CB505460020009001900888ADF875
:102EB00000000C4628460195FEF701FA18B9204695
:102EC000FEF7DFF908B110207CBD15B1BDF8000098
:102ED00060B105486A4601884FF6FF7004F084F837
:102EE000BDF8001021807CBDC80100200C20FAE74D
:102EF00030B5044693B000200D46014600901422E0
:102F000001A80AF040FA1C22002108A80AF03BFAA6
:102F10009DF80000CDF808D020F00F00401C20F0F4
:102F2000F00010308DF800009DF8010006AA20F096
:102F3000FF008DF801009DF8200001A940F002007B
:102F40008DF8200001208DF8460042F60420ADF8EF
:102F5000440011A801902088ADF83C006088ADF8CD
:102F60003E00A088ADF84000E088ADF842009DF832
:102F7000020020F00600801C20F001008DF8020005
:102F80000820ADF80C00ADF810000FA8059008A8B7
:102F900003F0E1F9002803D1BDF8180028800020D3
:102FA00013B030BD0A4810B5046809490948083112
:102FB00008600FF0BEFE0648001D046010BD064903
:102FC000002008604FF0E0210220C1F88002704725
:102FD0001005024001000001FC1F00400548064AA0
:102FE0000168914201D1002101600449012008607B
:102FF0007047000058000020BEBAFECA40E50140FC
:103000002CFFFFFFDBE5B15100C00100CC00FFFF4A
:1030100071000000C1CF6A00FEA0D9111C1006C3C8
:1030200089CCFC7A7B3B49141906A8C010B504462C
:10303000FEF701F908B1102010BD2078C0F302108E
:10304000042807D86078072804D3A178102901D86C
:10305000814201D2072010BDE078410706D42179D2
:103060004A0703D4000701D4080701D5062010BD84
:10307000002010BD70B514460D46064605F026F832
:1030800080B10178182221F00F01891C21F0F00194
:10309000A03100F8081B21460AF04BF9BDE870404A
:1030A00005F018B829463046BDE870401322FEF7F7
:1030B00048BB2DE9F047064608A8904690E8300442
:1030C00089461F461422002128460AF05CF9002197
:1030D000CAF80010B8F1000F03D0B9F1000F03D106
:1030E00014E03878C00711D02068FEF7CAF8C0BBDA
:1030F000B8F1000F07D12068123028602068143022
:1031000068602068A8602168CAF8001038788007D5
:1031100024D56068FEF7D3F818BBB9F1000F21D0B1
:10312000FFF70FF80168C6F868118188A6F86C11DE
:10313000807986F86E0101F034FAF84FEF6062682A
:1031400062B196F8680106F2691140081032FEF784
:10315000D0FA1022394660680AF0EBF80020BDE88A
:10316000F08706E0606820B1E8606068C6F8640136
:10317000F4E71020F3E730B5054608780C4620F058
:103180000F00401C20F0F001103121700020607011
:1031900095F8230030B104280FD0052811D0062857
:1031A00014D0FFDF20780121B1EB101F04D295F875
:1031B000200000F01F00607030BD21F0F0002030D2
:1031C00002E021F0F00030302070EBE721F0F00059
:1031D0004030F9E7F0B591B0022715460C46064697
:1031E0003A46ADF80870092103AB05F070FD049074
:1031F000002810D004208DF804008DF80170E03410
:10320000099605948DF818500AA968460EF051FCED
:1032100000B1FFDF012011B0F0BD2DE9F84F0646E7
:10322000808A0C4680B28246FEF788FA0546BB4F7C
:103230003078203F4FF002094FF000080F287CD271
:10324000DFE800F07BA39D082C5B6A7CBADAFD976F
:1032500048979700012150460CF030FF040000D140
:10326000FFDF97F85C00C00701D0386E0BE0032148
:1032700004F11D0010F06BFAD4F81D00A849B0FB52
:10328000F1F201FB1200C4F81D0070686067B068BD
:10329000A0672878252872D0FFDF70E00121504612
:1032A0000CF00CFF060000D1FFDF3078810702D55B
:1032B0002978252904D040F001003070BDE8F88F4E
:1032C00084F80090307F207106F11D002D36C4E98E
:1032D0000206F3E7012150460CF0F0FE050000D194
:1032E000FFDF2878C10604D5072020703D356560D2
:1032F000E4E740F008002870E0E7E87F000700D529
:10330000FFDF307CB28800F0010301B05046BDE819
:10331000F04F092106F06FBD05B9FFDF716821B1DB
:10332000102205F124000AF004F828212846FEF7AF
:1033300074F8307A85F82000C0E7F7E001215046A4
:103340000CF0BCFE050000D1FFDF022105F1850075
:1033500010F0FDF90420207005F5B4706060B5F838
:10336000850020826D4810387C356561C4E90270A3
:10337000A4E7012150460CF0A1FE00B9FFDF324660
:1033800029465046BDE8F84F74E605B9FFDF2878B6
:10339000212893D93079012803D1E87F40F0080033
:1033A000E877324629465046FFF764FE2846BDE8D6
:1033B000F84F2321FEF731B83279A28004F10803D7
:1033C0000921504605F083FCE06010B10520207013
:1033D00074E74546012150460CF070FE040000D110
:1033E000FFDF04F1620102231022081F0CF0FFFC32
:1033F00005703179417061E7012150460CF05EFEA5
:10340000040000D1FFDF94F8840000F003000128DD
:1034100059D1E87F10F0010003D194F8A010C9073A
:103420002AD0D4F8602132B394F88330117C63F34E
:1034300087011174AA7FD30963F3410100E071E0B1
:10344000D4F860211174D4F8602160F30001117484
:1034500090B1D4F86001102205F12401883409F0FC
:1034600068FF207E40F001002076207820F00100E7
:1034700004F8880919E0C0B994F88810C90714D075
:10348000D4F85C218AB194F88330117C63F387010E
:103490001174AA7FD309D4F85C2163F3410111743C
:1034A000D4F85C2160F30001117494F8880080075F
:1034B00009D594F87C00D4F86421400804F17D011A
:1034C0001032FEF716F98DF8009094F884006A46E1
:1034D00000F003008DF8010094F888108DF80210B8
:1034E00094F8A0008DF803002946504601F042F8F8
:1034F0002878252805D0212807D0FFDF2878222822
:1035000003D922212846FDF788FF012150460CF0FF
:10351000E7FD00283FF4DDAEFFDFCFE6F401002039
:1035200040420F00716881F80180C7E6FFDFC5E601
:1035300070B5FE4C002584F85C5025660EF085FAC7
:1035400004F11001204604F07DFD84F8305070BD78
:1035500070B50D46FEF7F2F8040000D1FFDF4FF41E
:10356000B8720021284609F00EFF2434012105F12C
:10357000E0002C610EF06AFA002800D0FFDF70BD79
:103580000A46014602F1E0000EF081BA70B5054628
:10359000406886B00178082906D00B2933D00C2961
:1035A0002FD0FFDF06B070BD46883046FEF7C6F864
:1035B000040000D1FFDF20782128F3D028281BD178
:1035C000686802210C3000F0A0FFA8B168680821EB
:1035D000001D00F09AFF78B104F1240130460BF091
:1035E000A8FC04F091FB00B1FFDF06B02046BDE867
:1035F00070402921FDF711BF06B0BDE8704004F00E
:1036000069BD01218171686886883046FEF796F8A9
:10361000040000D1FFDF20782128C3D068688179B9
:1036200009B1807808B1FFDFBCE704F053FDA07F4B
:10363000000622D5E07FC00705D094F8200000F0F6
:103640001F00102817D0052084F82300207829288F
:1036500015D02428A6D13146042010F05FFB22218A
:103660002046FDF7DAFE012130460CF039FD002836
:1036700098D0FFDF96E70620E6E70420E4E7012183
:1036800030460CF01BFD050000D1FFDF2521204650
:10369000FDF7C3FE03208DF80000694605F1E00048
:1036A0000EF0ECF90228BFD00028BDD0FFDF79E78B
:1036B0002DE9F04788B09A46164688468146FEF7BF
:1036C0003DF805003AD02878222837D3232835D072
:1036D000E87F000732D40027012148460CF0EEFCB9
:1036E000040005D10121002248460CF0DEFC04460E
:1036F000694600F066FF009800B9FFDF00983CB112
:10370000E03404612878222804D0242802D005E07F
:10371000076103E025212846FDF77FFE009801217F
:103720004170C0F824908680C0E9028A01A90EF099
:10373000C0F9022802D0002800D0FFDF08B00EE553
:1037400070B586B00546FDF7F9FF0078222814D938
:10375000012128460CF0B2FC04002CD1FFDF2AE046
:10376000B4F85E0004F1620630440178427829B171
:1037700021462846FFF72EFDB0B913E7ADF8042027
:103780000921284602AB05F0A2FA03900028F4D0E4
:1037900005208DF80000694604F1E0000EF06EF996
:1037A000022801D000B1FFDF02231022314604F1CC
:1037B0005E000CF052FBB4F860000028D0D1F1E6B6
:1037C00010B586B00446FDF7B9FF0078222811D95C
:1037D000012120460CF072FC040000D1FFDF06201E
:1037E0008DF80000694604F1E0000EF047F900286A
:1037F00000D0FFDF06B010BD2DE9F84F0546007878
:103800000C460027010904F1080090463E46BA46DE
:10381000009002297ED0072902D00A2909D142E06E
:1038200068680178082905D00B292CD00C292AD0EA
:10383000FFDF72E114271C26002C6CD04088A0808A
:10384000FDF77CFF5FEA000900D1FFDF99F8170060
:1038500009F118014008009AFDF74BFF686880895C
:10386000208268684168C4F812108068C4F81600A5
:10387000A07E20F0060040F00100A07699F81E001E
:1038800040F020014FE01A270A26002CD5D080886E
:10389000A080FDF753FF050000D1FFDF2846009907
:1038A000FFF769FC39E10CB1A88BA080287A4FF0B2
:1038B000010B0B287ED006DC01287CD0022808D022
:1038C000032804D137E00D2876D00E2875D0FFDF0D
:1038D00023E11E270926002CAFD0A088FDF72EFF7C
:1038E0005FEA000900D1FFDF287B00F00300012818
:1038F000207A1DD020F001002072297B890861F315
:1039000041002072297BC90861F382002072297B63
:10391000090901E0F7E0AEE061F3C300207299F815
:103920001E0040F0400189F81E10F6E0D40100208E
:1039300040F00100E0E713270D26002CA6D0A08858
:10394000FDF7FCFE81460121A0880CF0B7FB0500C5
:1039500000D1FFDF686F817801F003010129217A2E
:1039600050D021F00101217283789B0863F341015B
:1039700021728378DB0863F38201217283781B094B
:1039800063F3C3012172037863F306112172437854
:1039900063F3C711217284F809A0C178A17202797A
:1039A000E17A62F30001E1720279520862F34101A7
:1039B000E17203E029E067E04EE05FE002799208FF
:1039C00062F38201E1720279D20862F3C301E1720B
:1039D0004279217B62F3000121734279520862F33C
:1039E000410121734279920862F382012173407987
:1039F000C00860F3C301217399F8000023282AD975
:103A0000262139E041F00101ADE71827102694B3D3
:103A1000A088FDF793FE00900121A0880CF04EFBDA
:103A20005FEA000900D1FFDFE868A06099F80000B4
:103A300040F0040189F8001099F80100800708D5CA
:103A400084F80CB000980078232866D927210098C4
:103A500052E084F80CA060E015270F265CB1A08826
:103A6000FDF76CFE81460622E868009909F0E9FC42
:103A700084F80EB085E042E048463DE0162709266E
:103A8000ECB3287B207248E0287B19270E26B4B3BC
:103A9000C4F808A0A4F80CA0012807D0022808D078
:103AA00003280CD004280AD0FFDF15E084F808B002
:103AB00001E002202072607A20F003000BE0697BB5
:103AC000042801F00F0141F080012172F3D1607AE6
:103AD00020F00300401C6072A088FDF72FFE054611
:103AE0000078212819D0232800D0FFDF0121A088E9
:103AF0000CF0F6FA22212846FDF78FFC0DE0FFE7D7
:103B0000A8F800600EE00CB16888A080287A10B395
:103B1000012809D002283AD0FFDFA8F800600CB1D4
:103B200027806680002007E415270F26002CE7D0A9
:103B3000A088FDF703FE0121A0880CF0BFFA050064
:103B400000D1FFDFD5F81D000622009909F079FCAD
:103B500084F80EA0E1E717270926002CD0D0A08812
:103B6000FDF7ECFD81460121A0880CF0A7FA0500C5
:103B700000D1FFDF6878800701D5022000E0012036
:103B8000207299F800002328C7D9272174E7192744
:103B90000E26002CB4D0A088FDF7D0FD5FEA000906
:103BA00000D1FFDFC4F808A0A4F80CA084F808A096
:103BB000A07A40F00300A07299F81E10C90961F3C1
:103BC0008200A07299F81F2099F81E1012EAD11FE6
:103BD00005D099F8201001F01F01102925D020F000
:103BE0000800A07299F81F10607A61F3C300607238
:103BF000697A01F0030101298FD140F0040060725D
:103C0000E87A217B60F300012173AA7A607B62F37A
:103C100000006073EA7A520862F341012173A97AC5
:103C2000490861F34100607377E740F00800D8E786
:103C300010B5F84C30B10146102204F1200009F013
:103C400078FB012084F8300010BD10B5044600F068
:103C5000A8FCF04920461022BDE81040203109F0B0
:103C600068BB70B5EB4D06004FF0000412D0FDF7B5
:103C7000E2FA08B110240BE00621304609F0C8FB37
:103C8000411C04D02866012085F85C0000E0072470
:103C9000204670BD0020F7E7007810F00F0204D036
:103CA000012A05D0022A0CD110E0000909D10AE04E
:103CB0000009012807D0022805D0032803D00428D2
:103CC00001D0072070470870002070470620704719
:103CD00005282AD2DFE800F003070F171F00087835
:103CE00020F0FF001EE0087820F00F00401C20F0BC
:103CF000F000103016E0087820F00F00401C20F093
:103D0000F00020300EE0087820F00F00401C20F07A
:103D1000F000303006E0087820F00F00401C20F062
:103D2000F0004030087000207047072070472DE9F0
:103D3000F043804687B00D464FF000090846FDF776
:103D4000C7FAA8B94046FDF7F9FC060003D0307861
:103D500022280BD104E043F2020007B0BDE8F08353
:103D600035B1B07FC10601D4000703D50820F4E7C0
:103D70001020F2E7F07F000701D50D20EDE70027C6
:103D8000012140460CF09AF9040006D101210022DD
:103D900040460CF08AF9040005D0694600F011FC99
:103DA000009818B901E00420D7E7FFDF009802214E
:103DB000E0344170C0F82480446107810121017121
:103DC000297801F00102017E62F3010101762A786F
:103DD000520862F3820101762A78920862F3C301E5
:103DE00001762A78D20862F3041101762421304644
:103DF000FDF713FB01A900980DF05BFE022801D02E
:103E000000B1FFDF4846A8E72DE9FF4F0E46824983
:103E1000904697B09A4607C914AB4FF0000983E863
:103E200007001798FDF78AFC050006D02878262899
:103E300006D008201BB0BDE8F08F43F20200F9E77E
:103E400026B94046FFF7F2F80028F3D10121179870
:103E50000CF034F9040000D1FFDF852E27D007DCF9
:103E6000EEB1812E1DD0822E1DD0832E08D11CE0F4
:103E7000862E1ED0882E1ED0892E1ED08A2E1ED0B1
:103E80000F2020710F281CD004F020F9D8B1012098
:103E90008DF83400201D0E902079B0B126E100206D
:103EA000EFE70120EDE70220EBE70320E9E705203B
:103EB000E7E70620E5E70820E3E70920E1E70A2035
:103EC000DFE70720B6E71120B4E798F80000D4E94F
:103ED0001D764208A87F002162F3C710A87798F8E2
:103EE00000008208E87F62F30000E87798F800009D
:103EF000C209607862F34100607098F8000002091E
:103F0000207862F34710207098F80000C2086078AB
:103F100062F30000607098F80100607198F800008A
:103F200000F00102B07862F30100B070AA7FD209FC
:103F300062F38200B070EA7F62F3C300B07062780F
:103F400062F30410B0702278C0F3C00052093270DE
:103F50006278C2F34002727098F80220F2707171B8
:103F60003171B978C1F3C00108405FEA000B2ED06F
:103F70005046FDF760F978BBDAF80C00FDF75BF905
:103F800050BBDAF81C00FDF756F928BBDAF80C0034
:103F9000A060DAF81C00E06060787A7842EA5001AC
:103FA00061F341006070B978C0B200EA111161F3A9
:103FB000000060700020207705F117006061681C28
:103FC000A061B07800F00300012806D046E06078D8
:103FD0007A7802EA5001E3E719E0B87800F00300CC
:103FE00001283BD1321D711D404600F099FA31790C
:103FF000387901408DF8281070797A7910408DF861
:10400000300001432AD05046FDF715F930B1102099
:1040100010E70000D4010020E8B001000AF1100010
:1040200004F5AE7304F18C028DE80D0000210AAB9B
:104030005A462046FFF73DF80028E9D104F5B07252
:1040400004F1A403CDF800A0CDE9013201210CABAD
:104050005A462046FFF72DF80028D9D1607880070E
:1040600022D4B078B978C0F38000C1F3800108434E
:104070001AD0307814AA397832F810204B00DA4080
:1040800002F00309B9F1030F01D14FF00209BBF1AE
:10409000000F09D0012801D0042805D1012901D041
:1040A000042901D14FF00409A87F40F08000A877CF
:1040B000E97F6BF30001E9776078800706D503207C
:1040C000A071BBF1000F11D100202CE00220B9F14A
:1040D000020F1AD0B9F1010F19D0B9F1040F2AD08B
:1040E0000020A071A87F20F08000A8772521284615
:1040F000FDF793F90DA904F1E0000DF0BFFC10B13C
:10410000022800D0FFDF002094E6A071DCE7A07158
:104110000D22002104F1200009F035F9207840F04B
:104120000200207001208DF84C0013AA2946179830
:1041300000F020FADAE70120A071D7E72DE9F0437B
:1041400087B09046894604460025FDF7F7FA070038
:1041500004D03878272804D00820FEE543F2020076
:10416000FBE5012120460BF0A9FF040000D1FFDF91
:10417000A6795FEA090005D0012821D0B9F1020F24
:1041800026D110E0B8F1000F22D1012E05D0022E69
:1041900005D0032E05D0FFDF2EE00C252CE00125F5
:1041A0002AE0022528E04046FDF745F8B0B9032E85
:1041B0000ED11022414604F11D0009F0BAF81BE0AF
:1041C000012E02D0022E03D104E0B8F1000F13D06B
:1041D0000720C2E54046FDF72EF808B11020BCE5E7
:1041E0001022002104F11D0009F0CDF806214046FF
:1041F00009F00EF9C4F81D002078252140F00200D6
:1042000020703846FDF709F92078C10713D020F057
:104210000100207002208DF8000004F11D000290C2
:104220008DF804506946C3300DF028FC022803D0F5
:1042300010B1FFDF00E0257700208EE530B587B0B4
:104240000D460446FDF77AFA60B1012120460BF0D5
:1042500035FF04000CD02846FCF7EDFF28B11020F4
:1042600007B030BD43F20200FAE72078400701D4DE
:104270000820F5E7294604F13D002022054609F013
:1042800058F8207840F01000207001070FD520F07A
:104290000800207007208DF80000694604F1E00056
:1042A00001950DF0EBFB022801D000B1FFDF0020EB
:1042B000D6E770B50D460646FDF740FA18B100780E
:1042C000272817D102E043F2020070BD01213046D9
:1042D0000BF0F4FE040000D1FFDFA079022809D121
:1042E0006078C00706D02A4621463046FEF772FFA6
:1042F00010B10FE0082070BDB4F860000E280BD29A
:1043000004F1620102231022081F0BF070FD01214D
:1043100001704570002070BD112070BD70B506465B
:1043200014460D460846FCF786FF18B92046FCF7F0
:10433000A8FF08B1102070BDA6F57F40FF380ED051
:104340003046FDF7FBF938B1417822464B08811C15
:104350001846FDF7CEF907E043F2020070BD204693
:10436000FDF753FF0028F9D11021E01D0FF0EFF900
:10437000E21D294604F1170000F033F9002070BD5A
:104380002DE9F04104468AB015460E46002708463E
:10439000FCF79EFF18B92846FCF79AFF18B11020C9
:1043A0000AB0BDE8F0812046FDF7C8F95FEA0008D1
:1043B00004D098F80000272810D102E043F2020050
:1043C000EEE7012120460BF079FE040000D1FFDF6B
:1043D0002078400702D56078800701D40820DFE705
:1043E000D4E91D01497801B18DB1407800B176B1B1
:1043F000ADB1EA1D06A8E16800F0F3F8102206A9A5
:1044000005F1170008F068FF18B1042707E007203E
:10441000C6E71022E91D04F12D0008F08AFF2EB135
:104420001022F11D04F11D0008F083FF20782521E2
:1044300040F0020020704046FCF7EFFF2078C107F3
:1044400015D020F00100207002208DF8000004F14A
:104450001D000290103003908DF804706946B3304F
:104460000DF00CFB022803D010B1FFDF00E027772E
:10447000002095E770B50D4606460BB1072070BDCC
:10448000FDF75CF9040007D02078222802D3A07F32
:10449000800604D4082070BD43F2020070BDADB1A7
:1044A000294630460AF045FD03F02EFC297C4A08D7
:1044B000A17F62F3C711A177297CE27F61F300023B
:1044C000E277297C890884F8201004E030460AF05D
:1044D00053FD03F019FCA17F21F02001A17770BDED
:1044E00070B50D46FDF72AF9040005D02846FCF703
:1044F000C8FE20B1102070BD43F2020070BD2946F5
:104500002046FEF738FE002070BD04E010F8012BB5
:104510000AB100207047491E89B2F7D201207047C6
:1045200010B5C4780B7864F300030B70C47864088A
:1045300064F341030B70C478A40864F382030B7026
:10454000C478E40864F3C3030B700379117863F350
:104550000001117003795B0863F341011170037965
:104560009B0863F3820111700079C00860F3C301F6
:10457000117010BD70B51546064603F0A7FD040086
:1045800000D1FFDF207820F00F00801C20F0F00029
:104590002030207066802868A060BDE8704003F07D
:1045A00099BD10B5134C94F83000002808D104F1DF
:1045B0002001A1F110000DF0A3FA012084F83000D1
:1045C00010BD10B190F8B9202AB10A4890F8350012
:1045D00018B1002003E0B83001E00648343008602C
:1045E000704708B50023009313460A460BF065FF99
:1045F00008BD0000D4010020F0B5007B059F1E46D9
:1046000014460D46012800D0FFDF0C2030803A20F0
:104610003880002C08D0287A032806D0287B01286F
:1046200000D0FFDF17206081F0BDA889FBE72DE9EE
:10463000F04786B0144691F80C900E9A0D46B9F1E9
:10464000010F0BD01021007B2E8A8846052807D049
:10465000062833D0FFDF06B0BDE8F0870221F2E77D
:10466000E8890C2100EB400001EB4000188033206A
:104670001080002CEFD0E889608100271AE00096B6
:10468000688808F1020301AA696900F086FF06EB59
:104690000800801C07EB470186B204EB4102BDF81D
:1046A000040090810DF1060140460E320DF09EFA95
:1046B0007F1CBFB26089B842E1D8CCE734201080BB
:1046C000E889B9F1010F11D0122148430E3018804A
:1046D000002CC0D0E88960814846B9F1010F00D0B4
:1046E0000220207300270DF1040A1FE00621ECE7E9
:1046F0000096688808F1020301AA696900F04DFF7D
:1047000006EB0800801C86B2B9F1010F12D007EB4E
:10471000C70004EB4000BDF80410C18110220AF16B
:104720000201103008F005FE7F1CBFB26089B8425C
:10473000DED890E707EB470104EB4102BDF8040027
:10474000D0810AF10201404610320DF04FFAEBE73A
:104750002DE9F0470E4688B090F80CC096F80C8012
:10476000378AF5890C20109902F10C044FF0000AE9
:10477000BCF1030F08D0BCF1040F3FD0BCF1070F10
:104780007ED0FFDF08B067E705EB850C00EB4C003F
:10479000188031200880002AF4D0A8F1060000F02B
:1047A000FF09558126E01622002101A808F0EBFD43
:1047B00000977088434601AA716900F0EEFEBDF8CB
:1047C00004002080BDF80600E080BDF808002081CC
:1047D000A21C0DF10A0148460DF008FAB9F1000FCC
:1047E00000D018B184F804A0A4F802A007EB0800D8
:1047F00087B20A346D1EADB2D5D2C3E705EB850C86
:1048000000EB4C00188032200880002ABAD0A8F1B2
:10481000050000F0FF09558137E000977088434696
:1048200001AA716900F0B9FE9DF80600BDF80410F8
:10483000E1802179420860F3000162F341018208BE
:1048400062F38201C20862F3C301020962F3041138
:10485000420962F34511820962F386112171C00990
:104860006071BDF80700208122460DF1090148461C
:104870000DF0BCF918B184F802A0A4F800A000E083
:1048800007E007EB080087B20A346D1EADB2C4D250
:1048900078E7A8F1020084B205FB08F000F10E0CE5
:1048A000A3F800C035230B80002AA6D0558194813F
:1048B000009783B270880E32716900F06EFE61E776
:1048C0002DE9F84F1E460A9D0C4681462AB1607AB2
:1048D00000F58070D080E089108199F80C000C27D9
:1048E0004FF000084FF00E0A0D2872D2DFE800F0FA
:1048F0009D070E1B272F374554697272720021469F
:1049000048460095FFF778FEBDE8F88F207B91467A
:10491000082802D0032800D0FFDF3780302009E0CC
:10492000A9F80A80F0E7207B9146042800D0FFDF39
:10493000378031202880B9F1000FF1D1E4E7207BE6
:104940009146042800D0FFDF37803220F2E7207B39
:104950009146022800D0FFDF37803320EAE7207B32
:104960001746022800D0FFDF3420A6F800A02880D8
:10497000002FC9D0A7F80A80C6E7207B1746042875
:1049800000D0FFDF3520A6F800A02880002FBBD084
:104990004046A7F80A8012E0207B1746052802D07F
:1049A000062800D0FFDF1020308036202880002F1E
:1049B000AAD0E0897881A7F80E80B9F80E00B881F6
:1049C000A2E7207B9146072800D0FFDF3780372001
:1049D000B0E72AE04FF0120018804FF038001700BF
:1049E000288091D0E0897881A7F80E80A7F8108000
:1049F00099F80C000A2805D00B2809D00C280DD0F6
:104A0000FFDF81E7207B0A2800D0FFDF01200AE0DA
:104A1000207B0B2800D0FFDF042004E0207B0C2843
:104A200000D0FFDF052038736EE7FFDF6CE770B55D
:104A30000C460546FCF782FE20B10078222804D2FD
:104A4000082070BD43F2020070BD052128460BF01E
:104A500035FB206008B1002070BD032070BD30B46C
:104A60004880087820F00F00C01C20F0F000903043
:104A700001F8080B1DCA81E81D0030BC03F02ABBF9
:104A80002DE9FF4784B00027824602970798904699
:104A90008946123006F043FB401D20F003060798BC
:104AA00028B907A95046FFF7C2FF002854D1B9F131
:104AB000000F05D00798017B19BB052504681BE092
:104AC00098F80000092803D00D2812D0FFDF46E037
:104AD000079903254868B0B3497B428871439142E6
:104AE00039D98AB2B3B2011D0BF06DF904460780C3
:104AF00002E0079C042508340CB1208810B1032D76
:104B000029D02CE007980121123006F03AFBADF8CD
:104B10000C00024602AB2946504604F0D8F80700C4
:104B200001D1A01C029007983A461230C8F8040040
:104B3000A8F802A003A94046029B06F02FFBD8B1BB
:104B40000A2817D200E006E0DFE800F00709141495
:104B5000100B0D141412132014E6002012E611207D
:104B600010E608200EE643F203000BE6072009E6F4
:104B70000D2007E6032005E6BDF80C002346CDE92D
:104B800000702A465046079900F017FD57B9032DCB
:104B900008D10798B3B2417B406871438AB2011DC6
:104BA0000BF025F9B9F1000FD7D0079981F80C90D7
:104BB000D3E72DE9FE4F91461A881C468A46804667
:104BC000FAB102AB494604F082F8050019D040461C
:104BD000A61C27880BF0B7FB3246072629463B4622
:104BE00000960AF0D6FF20882346CDE900504A46B9
:104BF0005146404600F0E1FC002020800120BDE845
:104C0000FE8F0020FBE710B586B01C46AAB1042336
:104C10008DF800301388ADF808305288ADF80A20BE
:104C20008A788DF80E200988ADF80C1000236A46AA
:104C30002146FFF725FF06B010BD1020FBE770B539
:104C40000D4605210BF03AFA040000D1FFDF29469A
:104C500004F11200BDE8704006F07CBA2DE9F8437B
:104C60000D468046002603F031FA044628781028C5
:104C700078D2DFE800F0773B3453313112313131F3
:104C80000831313131312879001FC0B2022801D0FA
:104C9000102810D114BBFFDF35E004B9FFDF052178
:104CA00040460BF00BFA007B032806D004280BD0FB
:104CB000072828D0FFDF072655E02879801FC0B2DB
:104CC000022820D050B1F6E72879401FC0B2022850
:104CD00019D0102817D0EEE704B9FFDF13E004B9AC
:104CE000FFDF287901280ED1172137E00521404642
:104CF0000BF0E4F9070000D1FFDF07F11201404695
:104D000006F005FA2CB12A4621464046FFF7A7FED9
:104D100029E013214046FDF743FD24E004B9FFDFFD
:104D2000052140460BF0CAF9060000D1FFDF6946B5
:104D300006F1120006F0F5F9060000D0FFDFA988A1
:104D4000172901D2172200E00A46BDF8000082426E
:104D500002D9014602E005E01729C5D3404600F01C
:104D60003CFCD0E7FFDF3046BDE8F883401D20F073
:104D7000030219B102FB01F0001D00E00020104405
:104D8000704713B5009848B1002468460AF0C5FF83
:104D9000002C02D1F74A009911601CBD01240020AB
:104DA000F4E72DE9F0470C46154624220021204661
:104DB00008F0E9FA05B9FFDFA87860732888DFF802
:104DC000B4A3401D20F00301AF788946DAF8000053
:104DD0000AF0C1FF060000D1FFDF4FF00008266097
:104DE000A6F8008077B109FB07F1091D0AD0DAF8AF
:104DF00000000AF0B0FF060000D1FFDF6660C6F8D1
:104E0000008001E0C4F80480298804F11200BDE8A4
:104E1000F04706F06DB92DE9F047804601F1120028
:104E20000D46814606F07BF9401DD24F20F003026B
:104E30006E7B1446296838680AF0B8FF3EB104FB5F
:104E400006F2121D03D0696838680AF0AFFF05202A
:104E50000BF0E0F8044605200BF0E4F8201A0128D6
:104E600002D138680AF06CFF49464046BDE8F04779
:104E700006F054B970B5054605210BF01FF9040082
:104E800000D1FFDF04F112012846BDE8704006F0B2
:104E90003EB92DE9F04F91B04FF0000BADF834B0B2
:104EA000ADF804B047880C460546924605213846C1
:104EB0000BF004F9060000D1FFDF24B1A780A4F8AD
:104EC00006B0A4F808B0297809220B20B2EB111F14
:104ED0007ED12A7A04F1100138274FF00C084FF0E8
:104EE00001090391102A74D2DFE802F073F3F2F1A2
:104EF0008008D3898EA03DDCF4EFB7B7307B022861
:104F000000D0FFDFA88908EBC001ADF80410302104
:104F1000ADF83410002C25D06081B5F80E90002734
:104F20001DE004EBC708317C88F80E10F189A8F861
:104F30000C10CDF800906888042304AA296900F0B9
:104F40002CFBBDF81010A8F8101009F10400BDF8F2
:104F500012107F1C1FFA80F9A8F81210BFB26089E6
:104F6000B842DED80EE1307B022800D0FFDFE989AD
:104F700008EBC100ADF804003020ADF83400287B08
:104F80000A90001FC0B20F90002CEBD06181B5F8E1
:104F90001090002726E000BFCDF80090688869696E
:104FA00003AA0A9B00F0F9FA0A9804EBC7084844E0
:104FB0001FFA80F908F10C0204A90F980CF016FEF4
:104FC00018B188F80EB0A8F80CB0BDF80C1001E0CC
:104FD000D4E0D1E0A8F81010BDF80E107F1CA8F89E
:104FE0001210BFB26089B842D6D8CBE00DA80090AD
:104FF00001AB224629463046FFF719FBC2E0307B61
:10500000082805D0FFDF03E0307B082800D0FFDF51
:10501000E8891030ADF804003620ADF83400002CDB
:105020003FD0A9896181F189A18127E0307B0928DE
:1050300000D0FFDFA88900F10C01ADF80410372182
:10504000ADF83410002C2CD06081E8890090AB8939
:10505000688804F10C02296956E0E889392110308A
:1050600080B2ADF80400ADF83410002C74D0A989DA
:105070006181287A0E280AD002212173E989E18111
:10508000288A0090EB8968886969039A3CE00121CD
:10509000F3E70DA8009001AB224629463046FFF702
:1050A00057FB6FE0307B0A2800D0FFDF1220ADF8FD
:1050B0000400ADF834704CB3A9896181A4F810B034
:1050C000A4F80EB084F80C905CE020E002E031E03F
:1050D00039E042E0307B0B2800D0FFDF288AADF8B2
:1050E00034701230ADF8040084B104212173A98911
:1050F0006181E989E181298A2182688A00902B8A6D
:10510000688804F11202696900F047FA3AE0307BDE
:105110000C2800D0FFDF1220ADF80400ADF8347089
:105120003CB305212173A4F80AB0A4F80EB0A4F88A
:1051300010B027E00DA8009001AB2246294630466A
:10514000FFF75AFA1EE00DA8009001AB224629464F
:105150003046FFF7B5FB15E034E03B21ADF8040025
:10516000ADF8341074B3A4F80690A4F808B084F82D
:105170000AB007E010000020FFDF03E0297A0129D0
:1051800017D0FFDFBDF80400AAF800006CB1BDF82D
:1051900034002080BDF804006080BDF83400392858
:1051A00003D03C2801D086F80CB011B00020BDE837
:1051B000F08F3C21ADF80400ADF8341014B1697AD9
:1051C000A172DFE7AAF80000EFE72DE9F84356885F
:1051D0000F4680461546052130460AF06FFF040051
:1051E00000D1FFDF123400943B46414630466A68E6
:1051F00006F008F9B8E570B50D4605210AF05EFF26
:10520000040000D1FFDF294604F11200BDE8704020
:1052100005F092BF70B50D4605210AF04FFF04005E
:1052200000D1FFDF294604F11200BDE8704005F00F
:10523000B0BF70B5054605210AF040FF040000D15B
:10524000FFDF04F1080321462846BDE87040042230
:10525000AFE470B5054605210AF030FF040000D127
:10526000FFDF214628462368BDE870400522A0E400
:1052700070B5064605210AF021FF040000D1FFDFCA
:1052800004F1120005F04BFF401D20F0030511E072
:10529000011D00880322431821463046FFF789FC90
:1052A00000280BD0607BABB2684382B26068011DFE
:1052B0000AF0D3FD606841880029E9D170BD70B55E
:1052C0000E46054602F002FF040000D1FFDF012078
:1052D000207266726580207820F00F00C01C20F0DC
:1052E000F00030302070BDE8704002F0F3BE2DE9D0
:1052F000F0438BB00D461446814606A9FFF797FB95
:10530000002814D14FF6FF7601274FF420588CB1B6
:1053100003208DF800001020ADF8100007A80590BC
:1053200007AA204604A90CF080FC78B107200BB036
:10533000BDE8F0830820ADF808508DF80E708DF8A8
:105340000000ADF80A60ADF80C800CE00698A1787A
:1053500001742188C1818DF80E70ADF80850ADF848
:105360000C80ADF80A606A4602214846069BFFF7AA
:1053700087FBDCE708B501228DF8022042F6020225
:10538000ADF800200A4603236946FFF73CFC08BD40
:1053900008B501228DF8022042F60302ADF8002084
:1053A0000A4604236946FFF72EFC08BD00B587B006
:1053B00079B102228DF800200A88ADF808204988CA
:1053C000ADF80A1000236A460521FFF759FB07B024
:1053D00000BD1020FBE709B1072314E40720704744
:1053E00070B588B00D461446064606A9FFF71FFBA8
:1053F00000280ED17CB10620ADF808508DF80000D1
:10540000ADF80A40069B6A460821DC813046FFF76A
:1054100037FB08B070BD05208DF80000ADF80850CE
:10542000F0E700B587B059B107238DF80030ADF82B
:105430000820039100236A460921FFF721FBC6E7F4
:105440001020C4E770B588B00C460646002506A9B2
:10545000FFF7EDFA0028DCD106980121123005F0A3
:1054600090FE9CB12178062921D2DFE801F02005C9
:1054700005160318801E80B2C01EE28880B20AB1F1
:10548000A3681BB1824203D90C20C2E71020C0E7F9
:10549000042904D0A08850B901E00620B9E7012909
:1054A00013D0022905D004291CD005292AD00720B1
:1054B000AFE709208DF800006088ADF80800E088AB
:1054C000ADF80A00A068039023E00A208DF80000E0
:1054D0006088ADF80800E088ADF80A00A0680A25E9
:1054E000039016E00B208DF800006088ADF80800EE
:1054F000A088ADF80A00E088ADF80C00A0680B2584
:10550000049006E00C208DF8000060788DF808000B
:105510000C256A4629463046069BFFF7B1FA78E724
:1055200000B587B00D228DF80020ADF808100023DB
:105530006A461946FFF7A4FA49E700B587B071B18A
:1055400002228DF800200A88ADF808204988ADF8BD
:105550000A1000236A460621FFF792FA37E7102067
:1055600035E770B586B0064601200D46ADF8081047
:105570008DF80000014600236A463046FFF780FAA6
:10558000040008D12946304601F006FB00213046D0
:1055900001F020FB204606B070BDF8B51C4615464C
:1055A0000E46069F0AF0BDFE2346FF1DBCB23146E3
:1055B0002A4600940AF0B9FAF8BD30B41146DDE984
:1055C00002423CB1032903D0002330BC04F013BCD9
:1055D0000123FAE71A8030BC704770B50C460546C7
:1055E000FFF72DFB2146284601F0E5FA2846BDE8E5
:1055F0007040012101F0EEBA18B18178012938D14B
:1056000001E010207047018842F60112881A914289
:1056100031D018DC42F60102A1EB020091422AD0FF
:105620000CDC41B3B1F5C05F25D06FF4C050081851
:1056300021D0A0F57060FF381BD11CE001281AD0E2
:1056400002280AD117E0B0F5807F14D008DC0128C9
:1056500011D002280FD003280DD0FF2809D10AE06D
:10566000B0F5817F07D0A0F58070033803D0012802
:1056700001D0002070470F2070470A281FD008DC97
:105680000A2818D2DFE800F0191B1F1F171F231D5F
:105690001F21102815D008DC0B2812D00C2810D0A0
:1056A0000D2816D00F2806D10DE011280BD0842824
:1056B0000BD087280FD003207047002070470520AB
:1056C0007047072070470F2070470420704706205E
:1056D00070470C20704743F20200704738B50C4603
:1056E000050041D06946FEF7D7FA002819D19DF888
:1056F0000010607861F3020060706946681CFEF774
:10570000CBFA00280DD19DF80010607861F3C50038
:105710006070A978C1F34101012903D0022905D0A5
:10572000072038BD217821F0200102E0217841F0E6
:1057300020012170410704D0A978C90861F38610BF
:105740006070607810F0380F07D0A978090961F30C
:10575000C710607010F0380F02D16078400603D592
:10576000207840F040002070002038BD70B504461D
:105770000020088015466068FFF7B0FF002816D1AA
:105780002089A189884211D860688078C0070AD032
:10579000B1F5007F0AD840F20120B1FBF0F200FB26
:1057A0001210288007E0B1F5FF7F01D90C2070BDF1
:1057B00001F201212980002070BD10B50478137812
:1057C00064F3000313700478640864F341031370F6
:1057D0000478A40864F3820313700478E40864F383
:1057E000C30313700478240964F30413137004785A
:1057F000640964F3451313700078800960F386131D
:10580000137031B10878C10701D1800701D501209B
:1058100000E0002060F3C713137010BD42785307F7
:1058200002D002F0070306E012F0380F02D0C2F3F4
:10583000C20300E001234A7863F302024A70407811
:1058400010F0380F02D0C0F3C20005E0430702D0C9
:1058500000F0070000E0012060F3C5024A707047C5
:105860002DE9F04F95B00D00824613D01222002191
:10587000284607F088FD4FF6FF7B05AA0121584610
:1058800007F049FB0024264637464FF420586FF4B2
:10589000205972E0102015B0BDE8F08F9DF81E0071
:1058A00001280AD1BDF81C1041450BD011EB0900AD
:1058B0000AD001280CD002280CD0042C0ED0052CC4
:1058C0000FD10DE0012400E00224BDF81A6008E0C9
:1058D000032406E00424BDF81A7002E0052400E069
:1058E0000624BDF81A10514547D12C74BEB34FF0B1
:1058F000000810AA4FF0070ACDE90282CDE900A8FE
:105900000DF13C091023CDF810904246314658461F
:1059100007F0D1FB08BBBDF83C002A46C0B210A975
:105920000CF064F9C8B9AE81CFB1CDE900A80DF192
:10593000080C0AAE40468CE8410213230022394687
:10594000584607F0B8FB40B9BDF83C00F11CC01E3A
:10595000C0B22A1D0CF04AF910B103209BE70AE0FF
:10596000BDF82900E881062C05D19DF81E00A8721B
:10597000BDF81C00288100208DE705A807F0D7FAA4
:1059800000288BD0FFF779FE85E72DE9F0471C460C
:10599000DDE90978DDF8209015460E00824600D139
:1059A000FFDF0CB1208818B1D5B11120BDE8F08718
:1059B000022D01D0012100E0002106F1140006F0C3
:1059C00073F9A8F8000002463B462946504603F00A
:1059D0007EF9C9F8000008B9A41C3C600020E5E786
:1059E0001320E3E7F0B41446DDE904528DB100233F
:1059F00014B1022C09D101E0012306E00D7CEE0771
:105A000003D025F0010501230D742146F0BC04F0FC
:105A1000F2B91A80F0BC70472DE9FE4F91461A8802
:105A20001C468A468046FAB102AB494603F04FF95C
:105A3000050019D04046A61C27880AF084FC32468F
:105A4000072629463B4600960AF0A3F820882346FD
:105A5000CDE900504A4651464046FFF7C3FF0020BB
:105A600020800120BDE8FE8F0020FBE72DE9F047F4
:105A700086B082460EA8904690E8B000894604AAF7
:105A800005A903A88DE807001E462A462146504670
:105A9000FFF77BFF039901B101213970002818D16C
:105AA000FA4904F1140204AB0860039805998DE8E3
:105AB000070042464946504606F0A9FCA8B109280D
:105AC00011D2DFE800F005080510100A0C0C0E00DA
:105AD000002006B06AE71120FBE70720F9E708205D
:105AE000F7E70D20F5E70320F3E7BDF81010039862
:105AF000CDE9000133462A4621465046FFF772FFA2
:105B0000E6E72DE9F04389B01646DDE910870D463A
:105B100081461C461422002103A807F034FC012012
:105B200002218DF810108DF80C008DF81170ADF871
:105B3000146064B1A278D20709D08DF81600E0880D
:105B4000ADF81A00A088ADF81800A068079008A862
:105B50000095CDE90110424603A948466B68FFF75E
:105B600085FF09B0BDE8F083F0B58BB00024064690
:105B7000069407940727089405A8099401940097B0
:105B80000294CDE903400D4610232246304607F02B
:105B900092FA78B90AA806A9019400970294CDE96F
:105BA0000310BDF8143000222946304607F021F8D2
:105BB000002801D0FFF761FD0BB0F0BD06F0B2BECA
:105BC0002DE9FC410C468046002602F07FFA05468E
:105BD00020780D287ED2DFE800F0BC0713B325BD86
:105BE00049496383AF959B00A848006820B141787C
:105BF00041F010014170ADE0404602F099FAA9E091
:105C0000042140460AF05AFA070000D1FFDF07F1ED
:105C10001401404605F0DDFFA5BB13214046FCF70B
:105C2000BFFD97E0042140460AF048FA070000D182
:105C3000FFDFE088ADF800000020B8819DF800008B
:105C4000010704D5C00602D5A088B88105E09DF8FB
:105C5000010040067ED5A088F88105B9FFDF224605
:105C60002946404601F0C0FC022673E0E188ADF809
:105C700000109DF8011009060FD5072803D006284B
:105C80000AD00AE024E0042140460AF017FA060090
:105C900000D1FFDFA088F0810226CDB9FFDF17E039
:105CA000042140460AF00AFA070000D1FFDF07F19D
:105CB000140006F06EFE90F0010F02D1E0790006AC
:105CC00048D5387C022640F00200387405B9FFDF61
:105CD000224600E03DE02946404601F085FC39E0DF
:105CE000042140460AF0EAF9017C002D01F0020689
:105CF000C1F340016171017C21F002010174E7D11F
:105D0000FFDFE5E702260121404602F043FA21E0E9
:105D1000042140460AF0D2F90546606800902089C7
:105D2000ADF8040001226946404602F054FA287C8E
:105D300020F0020028740DE0002DC9D1FFDFC7E775
:105D4000022600214046FFF765FA002DC0D1FFDF93
:105D5000BEE7FFDF3046BDE8FC813EB50C0009D050
:105D600001466B4601AA002007F02AFA20B1FFF78E
:105D700084FC3EBD10203EBD00202080A0709DF818
:105D8000050002A900F00700FDF7A2FF50B99DF839
:105D9000080020709DF8050002A9C0F3C200FDF7BD
:105DA00097FF08B103203EBD9DF8080060709DF884
:105DB0000500C109A07861F30410A0709DF80510DA
:105DC000890961F3C300A0709DF80410890601D50C
:105DD000022100E0012161F342009DF8001061F30F
:105DE0000000A07000203EBD70B5144606460D466A
:105DF00051EA040005D075B10846FBF760FA78B99E
:105E000001E0072070BD2946304607F040FA10B186
:105E1000BDE8704031E454B12046FBF750FA08B1B8
:105E2000102070BD21463046BDE8704095E7002047
:105E300070BD2DE9FC5F0C469046054600270178B1
:105E40000822007A3E46B2EB111F7DD104F10A010F
:105E500000910A31821E4FF0020A04F1080B0191F1
:105E6000092A72D2DFE802F0EDE005F528287BAAC6
:105E7000CE00688804210AF021F9060000D1FFDF76
:105E8000B08928B152270726C3E00000380200205D
:105E900051271026002C7DD06888A0800120A07199
:105EA000A88900220099FFF79FFF002873D1A889D5
:105EB0002081288AE081D1E0B5F81290072824D10A
:105EC000E87B000621D5512709F1140086B2002C89
:105ED000E1D0A88900220099FFF786FF00285AD157
:105EE0006888A08084F806A0A88920810120A0737A
:105EF000288A2082A4F81290A88A009068884B46CD
:105F0000A969019A01F04CFBA8E0502709F11200A1
:105F100086B2002C3ED0A88900225946FFF764FFC4
:105F2000002838D16888A080A889E080287A0728CE
:105F300013D002202073288AE081E87BC0096073B7
:105F4000A4F81090A88A01E085E082E000906888BB
:105F50004B4604F11202A969D4E70120EAE7B5F83B
:105F60001290512709F1140086B2002C66D068887F
:105F700004210AF0A3F883466888A080A88900223B
:105F80000099FFF731FF00286ED184F806A0A88998
:105F9000208101E052E067E00420A073288A20827B
:105FA000A4F81290A88A009068884B46A969019AC3
:105FB00001F0F6FAA989ABF80E104FE06888FBF7FC
:105FC000BDFB0746688804210AF078F8064607B941
:105FD000FFDF06B9FFDF687BC00702D05127142618
:105FE00001E0502712264CB36888A080502F06D0BD
:105FF00084F806A0287B594601F0E2FA2EE0287BBF
:10600000A11DF9E7FE49A8894989814205D1542794
:1060100006269CB16888A08020E053270BE06888A2
:10602000A080A889E08019E0688804210AF046F879
:1060300000B9FFDF55270826002CF0D1A8F8006032
:1060400011E056270726002CF8D06888A080002091
:1060500013E0FFDF02E0012808D0FFDFA8F80060AE
:106060000CB1278066800020BDE8FC9F57270726DB
:10607000002CE3D06888A080687AA071EEE7401D0C
:1060800020F0030009B14143091D01EB40007047B6
:1060900013B5DB4A00201071009848B1002468460F
:1060A00009F03BFE002C02D1D64A009911601CBDBC
:1060B00001240020F4E770B50D461446064686B06C
:1060C0005C220021284607F05EF904B9FFDFA078C2
:1060D0006874A2782188284601F09DFA0020A881E2
:1060E000E881228805F11401304605F056FD6A4624
:1060F0000121304606F00FFF1AE000BF9DF80300B3
:10610000000715D5BDF806103046FFF72DFD9DF8A8
:106110000300BDF8061040F010008DF80300BDF834
:106120000300ADF81400FF233046059A07F077F816
:10613000684606F0FCFE0028E0D006B070BD10B541
:106140000C4601F1140005F060FD0146627C20461A
:10615000BDE8104001F094BA30B50446A84891B0AB
:106160004FF6FF75C18905AA284606F0D4FE30E037
:106170009DF81E00A0422AD001282AD1BDF81C009B
:10618000B0F5205F03D042F60101884221D1002002
:1061900002AB0AAA0CA9019083E80700072000902F
:1061A000BDF81A1010230022284606F084FF38B9E3
:1061B000BDF828000BAAC0B20CA90BF017FD10B156
:1061C000032011B030BD9DF82E00A04201D1002067
:1061D000F7E705A806F0ABFE0028C9D00520F0E7D8
:1061E00070B50546042109F069FF040000D1FFDF06
:1061F00004F114010C46284605F0EBFC2146284624
:10620000BDE8704005F0ECBC70B58AB00C4606469F
:10621000FBF794FA050014D02878222827D30CB174
:10622000A08890B101208DF80C0003208DF810009B
:1062300000208DF8110054B1A088ADF81800206836
:1062400007E043F202000AB070BD0920FBE7ADF899
:10625000180005900421304609F030FF040000D1F9
:10626000FFDF04F1140005F0E6FC000701D408206C
:10627000E9E701F02BFF60B108A802210094CDE905
:10628000011095F8232003A930466368FFF7EEFB61
:10629000D9E71120D7E72DE9F04FB2F802A08346E5
:1062A00089B0154689465046FBF748FA074604214F
:1062B000504609F003FF0026044605964FF00208F9
:1062C0000696ADF81C6007B9FFDF04B9FFDF414651
:1062D000504603F0DAFE50B907AA06A905A88DE8D2
:1062E00007004246214650466368FFF74EFB44488C
:1062F00007AB0660DDE9051204F11400CDF800904B
:10630000CDE90320CDE9013197F8232059465046C5
:106310006B6805F0D9FC06000AD0022E04D0032ECB
:1063200014D0042E00D0FFDF09B03046BDE8F08F56
:10633000BDF81C000028F7D00599CDE900104246B1
:10634000214650466368FFF74DFBEDE7687840F063
:1063500008006870E8E72DE9F04F99B004464FF067
:1063600000082748ADF81C80ADF82080ADF82480E7
:10637000A0F80880ADF81480ADF81880ADF82C8036
:10638000ADF82880007916460D464746012808D00A
:10639000022806D0032804D0042802D0082019B00F
:1063A000C4E72046FAF747FF70BB2846FAF743FFD9
:1063B00050BB6068FAF78CFF30BB606848B16089F9
:1063C0002189884202D8B1F5007F01D90C20E6E787
:1063D00080460EAA06A92846FFF7C8F90028DED194
:1063E00068688078C0F34100022808D19DF8190040
:1063F00010F0380F03D02869FAF761FF20B904E0E4
:10640000380200201400002022E005A92069FFF7CF
:1064100065F90028C3D1206948B1607880079DF8EC
:10642000150000F0380001D5F0B300E0E0BB9DF8A6
:10643000140080060ED59DF8150010F0380F03D01B
:106440006068FAF73CFF18B96068FAF741FF08B1D5
:106450001020A4E70AA96069FFF740F900289ED13F
:10646000606940B19DF8290000F0070101293CD185
:1064700010F0380F39D00BA9A069FFF72FF90028C9
:106480008DD19DF8280080062FD49DF82C00800621
:106490002BD4A06950B19DF82D0000F0070101290F
:1064A00023D110F0380F00E01FE01ED0E06818B1D3
:1064B0000078D0B11C2818D20FAA611C2046FFF723
:1064C0007CF90121384661F30F2082468DF8521085
:1064D000B94642F603000F46ADF850000DF13F02F9
:1064E00018A928680BF0A1FB08B1072057E79DF811
:1064F000600015A9CDF80090C01CCDE9019100F015
:10650000FF0B00230BF20122514614A806F02EFCCB
:10651000F0BBBDF854000C90FE482A89296900920E
:10652000CDE901106B89BDF838202868069906F07E
:106530001DFC01007ED120784FF0020AC10601D473
:1065400080062BD5CDF80C90606950B90AA906A831
:10655000FFF764F99DF8290020F00700401C8DF832
:1065600029009DF8280008A940F0C8008DF82800EF
:106570008DF8527042F60210ADF8500003AACDF823
:1065800000A0CDE90121002340F2032214A800E07D
:106590001EE00A9906F0EAFB01004BD1DD484D46AA
:1065A00008385B460089ADF83D000FA8CDE90290A0
:1065B000CDF80490CDF810904FF007090022CDF8E7
:1065C0000090BDF854104FF6FF7006F012FB10B1AA
:1065D000FFF753F8E3E69DF83C00000624D5294672
:1065E000012060F30F218DF852704FF42450039571
:1065F000ADF8500062789DF80C00002362F30000B3
:106600008DF80C006278CDF800A0520862F34100CA
:106610008DF80C0003AACDE9012540F2032214A84D
:1066200006F0A4FB010005D1606888B32069A8B911
:1066300005A900E084E006A8FFF7F0F8607880077D
:1066400006D49DF8150020F038008DF8150005E0FF
:106650009DF8140040F040008DF814008DF8527041
:1066600042F60110ADF85000208940F20121B0FB44
:10667000F1F201FB1202606809ABCDF80080CDE9B0
:106680000103002314A8059906F070FB010057D1FF
:106690002078C00728D00395A06950B90BA906A897
:1066A000FFF7BCF89DF82D0020F00700401C8DF886
:1066B0002D009DF82C008DF8527040F040008DF8B0
:1066C0002C0042F60310ADF8500007A903AACDF83C
:1066D00000A0CDE90121002340F2032214A80B9968
:1066E00006F044FB01002BD1E06868B32946012085
:1066F00060F30F218DF8527042F60410ADF850008F
:10670000E068002302788DF8582040788DF8590011
:10671000E06816AA4088ADF85A00E06800798DF864
:106720005C00E068C088ADF85D00CDF80090CDE970
:1067300001254FF4027214A806F018FB010003D0E3
:106740000C9800F0C9FF2AE672480321083801714D
:1067500056B100893080BDF824007080BDF820005B
:10676000B080BDF81C00F080002018E670B501254F
:106770008AB016460B46012802D0022816D104E042
:106780008DF80E504FF4205003E08DF80E5042F675
:106790000100ADF80C005BB10024601C60F30F2415
:1067A00004AA08A918460BF040FA18B107204AE5D8
:1067B000102048E504A99DF820205648CDE9002185
:1067C000801E02900023214603A802F2012206F057
:1067D000CDFA10B1FEF751FF35E54E4808380EB13D
:1067E000C1883180057100202DE5F0B593B00746D2
:1067F00001268DF83E6041F60100ADF83C0012AA7A
:106800000FA93046FFF7B2FF002849D1414C0025BF
:10681000083CEFB31C22002102A806F0B4FD9DF84D
:1068200008008DF83E6040F020008DF8080042F628
:106830000520ADF83C000E959DF83A00119520F02A
:106840000600801C8DF83A009DF838006A4620F05A
:10685000FF008DF838009DF8390009A920F0FF00ED
:106860008DF839000420ADF82C00ADF830000EA8EA
:106870000A9011A80D900FA80990ADF82E5002A80B
:10688000FFF769FD00280BD1BDF80000608100E032
:1068900008E0BDF80400A081401CE08125710020C3
:1068A00013B0F0BD6581A581BDF84800F4E72DE97E
:1068B000F74F1849A0B00024083917940A79A14667
:1068C000012A04D0022A02D0082023B02EE5CA886B
:1068D000824201D00620F8E721988A46824201D1FF
:1068E0000720F2E70120214660F30F21ADF84800B0
:1068F0004FF6FF780691ADF84A808DF86E0042F6AB
:10690000020B8DF872401CA9ADF86CB0ADF8704068
:10691000139101E040020020ADF8508012A806F06B
:1069200035FB00252E462F460DAB072212A9404607
:1069300006F02FFB78B10A285DD195B38EB3ADF880
:106940006450ADF866609DF85E008DF8144019AC97
:10695000012864D06BE09DF83A001FB3012859D19B
:10696000BDF8381059451FD118A809A901940294FF
:10697000CDE9031007200090BDF836101023002247
:10698000404606F098FBB0BBBDF86000042801D07B
:1069900006284AD1BDF82410219881423AD10F200F
:1069A00093E73AE0012835D1BDF83800B0F5205F13
:1069B00003D042F6010188422CD1BAF80600BDF896
:1069C0003610884201D1012700E0002705B19EB1B1
:1069D000219881421ED118A809AA01940294CDE9F8
:1069E0000320072000900D4610230022404606F0A9
:1069F00062FB00B902E02DE04E460BE0BDF86000FE
:106A0000022801D0102810D1C0B217AA09A90BF092
:106A1000EDF850B9BDF8369086E7052055E705A991
:106A200017A8221D0BF001F908B103204DE79DF8CE
:106A300014000023001DC2B28DF814202298009289
:106A4000CDE901401BA8069906F090F910B9022281
:106A50008AF80420FEF711FE37E710B50B46401EFA
:106A600088B084B205AA00211846FEF7A6FE0020D1
:106A70000DF1080C06AA05A901908CE80700072073
:106A800000900123002221464FF6FF7006F0B1F876
:106A90000446BDF81800012800D0FFDF2046FEF7AD
:106AA000ECFD08B010BDF0B5F74F044687B038795B
:106AB0000E46032804D0042802D0082007B0F0BDF9
:106AC00004AA03A92046FEF751FE0500F6D160682E
:106AD0008078C0F3410002280AD19DF80D0010F023
:106AE000380F05D02069FAF7EAFB08B11020E5E776
:106AF000208905AA21698DE807006389BDF8102067
:106B00002068039906F032F910B1FEF7B6FDD5E71B
:106B100016B1BDF814003080042038712846CDE746
:106B2000F8B50C0006460CD001464FF6FF75002361
:106B30006A46284606F044FB28B100BFFEF79DFDDB
:106B4000F8BD1020F8BD69462046FEF7C7FD0028B5
:106B5000F8D1A078314600F001032846009A06F0EB
:106B60005EFBEBE730B587B0144600220DF1080C50
:106B700005AD01928CE82C00072200920A460146DE
:106B800023884FF6FF7006F034F8BDF8141021800A
:106B9000FEF773FD07B030BD70B50D46042109F056
:106BA0008DFA040000D1FFDF294604F11400BDE88E
:106BB000704005F039B870B50D46042109F07EFA31
:106BC000040000D1FFDF294604F11400BDE8704045
:106BD00005F04DB870B50D46042109F06FFA0400B8
:106BE00000D1FFDF294604F11400BDE8704005F034
:106BF00065B870B50546042109F060FA040000D1BB
:106C0000FFDF214628462368BDE870400122FEF7D9
:106C100003BF70B50646042109F050FA040000D104
:106C2000FFDF04F1140004F0F0FF401D20F0030525
:106C300011E0011D00880022431821463046FEF76E
:106C4000EBFE00280BD0607CABB2684382B2A06838
:106C5000011D09F002F9A06841880029E9D170BD41
:106C600070B50546042109F029FA040000D1FFDFC0
:106C7000214628466368BDE870400222FEF7CCBE7C
:106C800070B50E46054601F021FA040000D1FFDF81
:106C90000120207266726580207820F00F00001DB0
:106CA00020F0F00040302070BDE8704001F012BAD2
:106CB00010B50446012900D0FFDF2046BDE8104092
:106CC0000121FEF7A7BA2DE9F04F97B04FF0000A67
:106CD0000C008346ADF814A0D04619D0E06830B15E
:106CE000A068A8B10188ADF81410A0F800A058461B
:106CF000FAF724FD070043F2020961D03878222810
:106D00005CD30421584609F0D9F9050005D103E008
:106D1000102017B0BDE8F08FFFDF05F1140004F07C
:106D200074FF401D20F00306A078012803D002283C
:106D300001D00720EDE7218807AA584606F0EBF8B6
:106D400030BB07A806F0F3F810BB07A806F0EFF871
:106D500048B99DF82600012805D1BDF82400A0F50A
:106D60002451023902D04FF45050D2E7E068B0B15C
:106D7000CDE902A00720009005AACDF804A0049256
:106D8000A2882188BDF81430584605F032FF10B1B2
:106D9000FEF773FCBDE7A168BDF8140008809DF8FC
:106DA0001F00C00602D543F20140B2E70B9838B18C
:106DB000A1780078012905D080071AD40820A8E717
:106DC0004846A6E7C007F9D002208DF83C00A86825
:106DD0004FF00009A0B1697C4288714391420FD9FC
:106DE0008AB2B3B2011D08F0EEFF8046A0F800A001
:106DF00006E003208DF83C00D5F800804FF0010933
:106E00009DF8200010F0380F00D1FFDF9DF8200022
:106E10001E49C0F3C200084497F8231010F8010C73
:106E2000884201D90F2074E72088ADF8400014A9EA
:106E30000095CDE90191434607220FA95846FEF778
:106E400015FE002891D19DF8500050B9A078012876
:106E500007D1687CB3B2704382B2A868011D08F004
:106E6000C6FF002055E770B5064615460C46084695
:106E7000FEF7C2FB002805D12A4621463046BDE870
:106E8000704073E470BD12E538020020F2B00100DA
:106E900070B51E4614460D0009D044B1616831B189
:106EA00038B1FC49C988814203D0072070BD102049
:106EB00070BD2068FEF7A0FB0028F9D132462146BC
:106EC0002846BDE87040FFF746BA70B515460C007D
:106ED00006D038B1EF490989814203D0072070BD3F
:106EE000102070BD2068FEF787FB0028F9D12946E5
:106EF0002046BDE87040D6E570B5064686B00D4622
:106F000014461046FAF7BDF9D0BB6068FAF7E0F90D
:106F1000B0BBA6F57F40FF3803D03046FAF70EFC31
:106F200080B128466946FEF79BFC00280CD19DF8ED
:106F300010100F2008293DD2DFE801F008060606F0
:106F4000060A0A0843F2020006B070BD0320FBE700
:106F50009DF80210012908D1BDF80010B1F5C05FFD
:106F6000F2D06FF4C052D142EED09DF80610012944
:106F70000DD1BDF80410A1F52851062907D200E073
:106F800029E0DFE801F0030304030303DCE79DF8D5
:106F90000A1001290FD1BDF80810B1F5245FD3D034
:106FA000A1F60211B1F50051CED00129CCD00229B1
:106FB00001D1C9E7FFDF606878B9002305AA294637
:106FC000304606F0FDF810B1FEF757FBBCE79DF820
:106FD0001400800601D41020B6E7618822462846B6
:106FE0006368FFF7BFFDAFE72DE9F043814687B047
:106FF000884614461046FAF744F918B1102007B035
:10700000BDE8F083002306AA4146484606F0D8F8BA
:1070100018B100BFFEF731FBF1E79DF81800C0067C
:1070200002D543F20140EAE70025072705A80195AC
:1070300000970295CDE9035062884FF6FF734146F1
:10704000484606F038F8060013D16068FAF719F9D7
:1070500060B960680195CDE90250009704952388D6
:1070600062884146484606F026F80646BDF81400F8
:1070700020803046CEE739B1864B0A889B899A42F8
:1070800002D843F2030070471DE610B586B0814C6C
:107090000423ADF81430638943B1A4898C4201D232
:1070A000914205D943F2030006B010BD0620FBE76C
:1070B000ADF81010002100910191ADF800300221CF
:1070C0008DF8021005A9029104A90391ADF81220D0
:1070D0006946FFF7F8FDE7E72DE9FC4781460D46D5
:1070E0000846FAF7A8F888BB4846FAF727FB5FEA94
:1070F00000080AD098F80000222829D30421484625
:1071000008F0DCFF070005D103E043F20200BDE810
:10711000FC87FFDF07F1140004F08DFD0646287898
:10712000012803D0022804D00720F0E7B0070FD5CC
:1071300002E016F01C0F0BD0A8792C1DC00709D057
:10714000E08838B1A068FAF776F818B11020DEE7C9
:107150000820DCE721882A780720B1F5847F35D024
:107160001EDC40F20315A1F20313A94226D00EDC67
:10717000B1F5807FCBD003DCF9B1012926D1C6E778
:10718000A1F58073013BC2D0012B1FD113E0012B6D
:10719000BDD0022B1AD0032BB9D0042B16D112E08C
:1071A000A1F20912082A11D2DFE802F00B04041040
:1071B00010101004ABE7022AA9D007E0012AA6D0DC
:1071C00004E0320700E0F206002AA0DACDB200F0B7
:1071D0007DFF50B198F82300CDE90005FA892346D8
:1071E00039464846FEF78DFC91E711208FE72DE9DF
:1071F000F04F8BB01F4615460C4683460026FAF723
:107200009DFA28B10078222805D208200BB081E52C
:1072100043F20200FAE7B80801D00720F6E7032F8F
:1072200000D100274FF6FF79CCB1022D73D3204651
:10723000FAF74EF830B904EB0508A8F10100FAF7A7
:1072400047F808B11020E1E7AD1E38F8028CAAB269
:107250002146484606F007F940455CD1ADB20D49DC
:10726000B80702D58889401C00E001201FFA80F889
:10727000F80701D08F8900E04F4605AA41465846DD
:1072800005F049FE4FF0070A4FF00009DCB3204635
:107290000BE0000038020020408810283BD8361D43
:1072A000304486B2AE4236D2A01902884245F3D3AA
:1072B00051E000BF9DF8170002074CD594B304EBD2
:1072C0000608361DB8F80230B6B2102B23D89A192A
:1072D000AA4220D8B8F8002091421CD1C0061CD583
:1072E000CDE900A90DF1080C0AAAA11948468CE8BD
:1072F0000700B8F800100022584605F07AFC20B1CB
:10730000FEF7BBF982E726E005E0B8F80200BDF819
:107310002810884201D00B2078E7B8F802003044EA
:1073200086B207E0FFE7C00604D55846FEF71CFC0E
:10733000002888D19DF81700BDF81A1020F0100021
:107340008DF81700BDF81700ADF80000FF23584670
:10735000009A05F064FF05A805F0E9FD18B9BDF82D
:107360001A10B942A6D90421584608F0A7FE040015
:1073700000D1FFDFA2895AB1CDE900A94D46002313
:1073800021465846FEF7BDFB0028BBD1A5813DE74D
:1073900000203BE72DE9FF4F8BB01E4617000D463E
:1073A0004FF0000412D0B00802D007200FB0B1E4B3
:1073B000032E00D100265DB10846F9F780FF28B9F9
:1073C0003888691E0844F9F77AFF08B11020EDE704
:1073D000C74AB00701D5D18900E00121F0074FF677
:1073E000FF7802D0D089401E00E0404686B206AA4F
:1073F0000B9805F090FD4FF000094FF0070B0DF1D1
:10740000140A38E09DF81B00000734D5CDF804902D
:10741000CDF800B0CDF80890CDE9039A434600229C
:107420000B9805F048FE60BB05B3BDF814103A8810
:1074300021442819091D8A4230D3BDF81E2020F8A6
:10744000022BBDF8142020F8022BCDE900B9CDE9BC
:107450000290CDF810A0BDF81E10BDF81430002227
:107460000B9805F028FE08B103209FE7BDF8140033
:107470002044001D84B206A805F059FD20B10A2859
:1074800006D0FEF7FAF891E7BDF81E10B142B9D95F
:1074900034B17DB13888A11C884203D20C2085E725
:1074A000052083E722462946404605F0DCFF0146D9
:1074B00028190180A41C3C80002077E710B5044601
:1074C000F9F7DFFE08B1102010BD8948C08920807F
:1074D000002010BDF0B58BB00D46064614220021E9
:1074E00003A805F050FF01208DF80C008DF8100066
:1074F00000208DF81100ADF814503046FAF71EF94F
:1075000048B10078222812D30421304608F0D6FD75
:10751000040005D103E043F202000BB0F0BDFFDF31
:1075200004F11400074604F086FB800601D408200D
:10753000F3E7207C022140F00100207409A80094A8
:10754000CDE90110072203A930466368FEF78EFAE1
:1075500020B1217C21F001012174DEE7294630466B
:10756000FDF749FE08A9384604F054FB00B1FFDFDF
:10757000BDF82040172C01D2172000E02046A84279
:1075800001D92C4602E0172C00D2172421463046A0
:10759000FFF711FB21463046FDF751FB0020BCE709
:1075A000F8B51C4615460E46069F08F0BAFE23465F
:1075B000FF1DBCB231462A46009408F0B6FAF8BD69
:1075C00070B50C4605460E220021204605F0DBFE74
:1075D000002020802DB1012D01D0FFDF70BD0620DD
:1075E00000E00520A07170BD10B5488008781346F2
:1075F00020F00F00001D20F0F00080300C460870D5
:107600001422194604F1080005F093FE00F062FD13
:107610003748046010BD2DE9F047DFF8D890491DC8
:10762000064621F0030117460C46D9F8000008F081
:1076300092FB050000D1FFDF4FF000083560A5F890
:1076400000802146D9F8000008F085FB050000D134
:10765000FFDF7560A5F800807FB104FB07F1091D0D
:107660000BD0D9F8000008F076FB040000D1FFDF52
:10767000B460C4F80080BDE8F087C6F80880FAE777
:107680002DE9F0411746491D21F00302194D064628
:1076900001681446286808F089FB2246716828684A
:1076A00008F084FB3FB104FB07F2121D03D0B16860
:1076B000286808F07BFB042008F0ACFC044604209A
:1076C00008F0B0FC201A012804D12868BDE8F04178
:1076D00008F036BBBDE8F08110B50C4605F0EAFBBA
:1076E00000B1FFDF2046BDE81040FDF7C6BF000037
:1076F00038020020140000204FF0E0214FF4004039
:10770000C1F88001BFF34F8FBFF36F8F00F021B836
:1077100010B5044600F01DF8002C09D0124A12489A
:1077200012491432124B012C03D0022C07D0FFDF78
:1077300010BD0224046011604FF0407004E0032487
:10774000046011604FF40000186010BD00B5FFDF49
:1077500000BD054800210160016005494FF06070DF
:10776000091D08607047000000F500404802002035
:1077700004F501402DE9F05FDFF850A44FF0000858
:107780008B4606469AF80940474645469AF80190C6
:1077900008E0284601F00EF8817B407811FB007765
:1077A0006D1CEDB24D45F4D19AF8090020442044F7
:1077B00020440744FF2F01D94FF013083068C01C44
:1077C00020F0030232605BEA080021D1FF48FBB2DF
:1077D000062120300CF0C8F9002408E0062C0FD256
:1077E000DFE804F005030A0A0C05F94800E0F9484F
:1077F0000CF0DAF9054604E0F748F9E7F748F7E74F
:10780000FFDFA54200D0FFDF641CE4B2062CE5D305
:10781000306800EB071030604046BDE8F09F38B597
:107820000C468288817B19B14189914200D90A4670
:107830002280C188121D90B26A4607F081FCBDF813
:107840000000032800D30320C1B2208800F0D1FF3C
:1078500038BD38B50C468288817B19B101899142C7
:1078600000D90A462280C188121D90B26A4607F0EC
:1078700067FCBDF80000022800D30220C1B22088B6
:1078800000F0B7FF401CC0B238BD2DE9FF5F824653
:107890008B46D34814460BF10302D0E90110CDE921
:1078A000021022F0030201A84421019208F035FAE7
:1078B000C64E002C02D1CB49019A8A60019901443D
:1078C0000191B57E05F1010504D1E8B20AF026F96F
:1078D00000B1FFDF019800EB0510C01C20F0030190
:1078E000019144B9727A00200870B08B80B205F023
:1078F00040F900B1FFDF0198F16908440190214689
:1079000001A8FFF737FF80460198C01C20F0030054
:107910000190717A04B1002008F0F5FA0199084449
:107920000190214601A800F06FFFA84800273D46BE
:1079300090F801900CE0284600F03CFF0646817864
:107940008088FDF713FA71786D1C00FB0177EDB2AA
:107950004D45F0D10198C01C20F00300019004B106
:1079600000203946FDF70DFA0199002708440190DF
:1079700096483D4690F801900CE0284600F01AFF2A
:107980000646C1788088FEF77AFB71786D1C00FB93
:107990000177EDB24D45F0D10198C01C20F00300F5
:1079A000019004B100203946FEF772FB01994FF0B7
:1079B00000090844019085484D4647780EE0284666
:1079C00000F0F8FE0646807B30B106F1080002F0B8
:1079D0009DF8727800FB02996D1CEDB2BD42EED1AC
:1079E0000198C01C20F00300019004B100207D49E3
:1079F0004A78494602F08EF80199084401902146E0
:107A000001A800F0B3FE0198C01D20F0070001900E
:107A1000DAF80010814204D3A0EB0B01B1F5803FEE
:107A200004DB4FF00408CAF8000004E0CAF80000C4
:107A3000B8F1000F02D0404604B0EEE674BB6A49CC
:107A40000020019A0CF0FEF9FAF77EFB5F4C207ED5
:107A50000090607E012823D0002318B300225B48E9
:107A600000210C30FBF74AF800B1FFDFE07EFEF7A3
:107A7000BCFE00B1FFDF55484FF4F67200213830EC
:107A800005F081FC51480421383080F8E91180F874
:107A9000EA11062180F8EB11032101710020CBE7E8
:107AA0000123DAE702AADAE770B5484C0646383413
:107AB000207804EB4015E078083598B9A01990F8C3
:107AC000E80100280FD0A0780F2800D3FFDF202284
:107AD0000021284605F057FC687866F302006870BC
:107AE0000120E070284670BD2DE9F04105460C46A6
:107AF00000270078052190463E46B1EB101F00D0CC
:107B0000FFDF287A50B101280ED0FFDFA8F800600F
:107B10000CB1278066800020BDE8F081012709268E
:107B200074B16888A08008E00227142644B16888F0
:107B3000A0802869E060A88A2082287B2072E5E77F
:107B4000A8F80060E7E730B5204C01200021207044
:107B50006170207260726176217621730521A182A5
:107B60001F21E182607321A121610A21A176E076C3
:107B70001C4D4FF4B060E0616868C11C21F0030146
:107B8000814200D0FFDF6868606030BD30B5154CC1
:107B90001568636810339D4202D20420136030BD23
:107BA0000A4B5D785A6802EB051210705170032081
:107BB000D080172090800120D070907000209073AA
:107BC0005878401C58706068103013E0540300204F
:107BD000A11F0000359C0000A9B000000F19010092
:107BE000F8B0010018000020000000206E52463559
:107BF000780000006060002030BD70B50646F8488F
:107C00000024457807E0204600F0D4FD0178B14219
:107C100004D0641CE4B2AC42F5D1002070BDF7B5CD
:107C2000074608780C4610B3FFF7E7FF0546A7F1B3
:107C30002006202F06D0052E19D2DFE806F00F2BE4
:107C40002B151A0000F0C2FD0DB1697800E000218B
:107C5000401AA17880B20844FF2808D8A07830B133
:107C6000A088022824D202E06088172820D20720AA
:107C7000FEBD207AE0B161881729F8D3A1881729C1
:107C8000F5D3A1790029F2D0E1790029EFD040287D
:107C900004D9ECE7242F0BD1207A48B161884FF644
:107CA000FB70814202D8A188814201D90420FEBD27
:107CB00065B9207802AA0121FFF768FF0028F6D1F4
:107CC0002078FFF79AFF050000D1FFDF052E18D2BC
:107CD000DFE806F0030B0E081100A0786870A0889A
:107CE000E8800FE06088A8800CE0A078A87009E028
:107CF000A078E87006E054F8020FA8606068E860B9
:107D000000E0FFDF0020FEBD1A2835D00DDC13286F
:107D100032D2DFE800F01B31203131272723252D17
:107D2000313129313131312F0F00302802D003DCBD
:107D30001E2821D1072070473A3809281CD2DFE8D5
:107D400000F0151B0F1B1B1B1B1B0700002070479F
:107D500043F20400704743F202007047042070476A
:107D60000D2070470F207047082070471120704782
:107D700013207047062070470320704710B5007825
:107D800000F0010007F0D2F9BDE81040BCE710B5E3
:107D9000007800F0010007F0CEF9BDE81040B3E72D
:107DA0000EB5017801F001018DF80010417801F065
:107DB00001018DF801100178C1F340018DF8021026
:107DC0004178C1F340018DF80310017889088DF8DE
:107DD0000410417889088DF8051081788DF8061017
:107DE000C1788DF8071000798DF80800684606F014
:107DF0005DFEFFF789FF0EBD2DE9F84F784CDFF8E7
:107E0000E481383400261FE0012000F048FD012005
:107E1000FFF74AFE054644214746D8F8080007F018
:107E20009AFF686000B9FFDF686806F03BFDA8B103
:107E30002846F9F7F1FD284600F036FD20B9442226
:107E40006968B86807F0B2FF94F9E9010428DBDA41
:107E5000022008F0DFF807460025A6E04422696802
:107E6000D8F8080007F0A2FFF2E7B8F80210404681
:107E7000491C89B2A8F80210B94201D300214180FF
:107E80000221B8F8020008F019F9002865D0B8F806
:107E90000200694607F0C8F8FFF736FF00B1FFDFC0
:107EA0009DF8000078B1B8F8020008F04CFA5FEADB
:107EB000000900D1FFDF484607F0CBFC18B1B8F845
:107EC000020002F0D0F8B8F8020008F02AFA5FEADF
:107ED000000900D1FFDF484607F0B3FCE8BB0321EF
:107EE000B8F8020008F0EAF85FEA000B48D1FFDFBB
:107EF00046E000BFDBF8100010B10078FF2849D041
:107F0000022000F0CCFC0220FFF7CEFD824648465E
:107F100007F0A3FDCAF8040000B9FFDFDAF8040097
:107F200007F06BFE002100900170B8F80210504677
:107F3000AAF8021001F0BAFF484607F060FE00B947
:107F4000FFDF504600F0B0FC18B99AF801000007B6
:107F500004D50099CBF8101012E024E0DBF81000F3
:107F600038B10178491C11F0FF01017008D1FFDF21
:107F700006E000221146484600F0F6FB00B9FFDF9C
:107F800094F9EA01022805DBB8F8020001F055FF78
:107F90000028AFD194F9E901042804DB484607F032
:107FA00092FE00B101266D1CEDB2BD4204D294F9DF
:107FB000EA010228BFF659AF002E7FF423AFBDE8D7
:107FC000F84F032000F06BBC10B5064CE060086869
:107FD0002061AFF2DB1002F0C8FF607010BD00003E
:107FE0005403002018000020F74800210170F748D2
:107FF0000170F7494160704770B505464FF08050F9
:108000000C46D0F8A410491C05D1D0F8A810C943DB
:108010000904090C0BD050F8A01F01F001012970D0
:10802000416821608068A080287830B970BD062141
:1080300020460BF08CFB01202870607940F0C000D6
:10804000607170BD70B54FF080540D46D4F880104B
:10805000491C0BD1D4F88410491C07D1D4F88810DE
:10806000491C03D1D4F88C10491C0CD0D4F88010D2
:108070000160D4F884104160D4F888108160D4F88D
:108080008C10C16002E010210BF061FBD4F890006D
:10809000401C0BD1D4F89400401C07D1D4F89800B0
:1080A000401C03D1D4F89C00401C09D054F8900F18
:1080B000286060686860A068A860E068E86070BDDB
:1080C0002846BDE8704010210BF041BBBE48383057
:1080D0000079E9E470B5BC4C3834E07830B32078EE
:1080E00004EB4010407A00F00700204490F9E801CA
:1080F000002800DCFFDF2078002504EB4010407AE8
:1081000000F00700011991F8E801401E81F8E8012C
:108110002078401CC0B220700F2800D12570A078B4
:10812000401CA0700BF09CF9E57070BDFFDF70BDC6
:108130003EB50546032107F0C1FF0446284608F076
:10814000F0F8054604B9FFDF206918B10078FF2870
:1081500000D1FFDF01AA6946284600F005FB60B99F
:10816000FFDF0AE0002202A9284600F0FDFA00B96C
:10817000FFDF9DF8080000B1FFDF9DF80000411E01
:108180008DF80010EED220690199884201D10020BB
:1081900020613EBD70B50546A0F57F400C46FF3816
:1081A00000D1FFDF012C01D0FFDF70BDFFF78EFF94
:1081B000040000D1FFDF207820F00F00401D20F0E8
:1081C000F000503020706580002020720120207364
:1081D000BDE870407EE72DE9F04116460D460746A2
:1081E000FFF774FF040000D1FFDF207820F00F00BC
:1081F000401D20F0F0005030207067800120207278
:1082000028682061A888A0822673BDE8F04161E754
:108210007FB5FFF7F2FC040000D1FFDF02A9204682
:10822000FFF7FDFA054603A92046FFF712FB8DF87C
:1082300000508DF80100BDF80800001DADF80200E7
:10824000BDF80C00001DADF80400E088ADF8060094
:10825000684606F053FF002800D0FFDF7FBD2DE900
:10826000F05F5A4E8146307810B10820BDE8F09F8B
:108270004846F9F706F808B11020F7E7524C207885
:1082800008B9FFF760FC647A4D4600F09FFAA042FF
:1082900007D2201AC1B22A460020FFF777FC002837
:1082A000E4D171684848C91C002721F003017160BE
:1082B000B3463E463D46BA463C4690F801800AE049
:1082C000204600F077FA4178807B0E4410FB015580
:1082D000641CE4B27F1C4445F2D10AEB870000EB3A
:1082E000C600DBF8041000EB850045185C4601224F
:1082F00029464846FFF7C9FA060013D00020FFF7C9
:108300007CFC05000CD005F11300616820F003002F
:10831000884200D0FFDF2C484178491E41706560DB
:108320003046A3E7002229464846FFF7AEFA00B1DF
:10833000FFDFD9F8000060604FF6FF706080012019
:108340002070002092E72DE9F04104461F481746AF
:108350000E46007810B10820BDE8F0810846F8F715
:108360006AFF08B11020F7E7174D287808B9FFF722
:10837000EAFB601E1E2807D8012C22D13078FE2887
:108380001FD8A8760020E7E7A4F120001F2805D811
:10839000E0B23A463146BDE8F04140E4A4F1400085
:1083A0001F2805D831462046BDE8F04100F0A2BAAA
:1083B000A4F1A0001F2804D80020A02C0AD0A12CD2
:1083C0000DD00720C8E7000054030020180000204B
:1083D00048100020317801F00101E976BCE73168EE
:1083E0000922F82901D38B0701D01046B4E76B7B33
:1083F00003F00303012B04D1EB8AD7339CB28C42E8
:10840000F3D8E961A8E72DE9F04781460E46084612
:10841000F8F737FF48B94846F8F751FF28B909F18E
:10842000030020F00301494502D01020BDE8F08789
:10843000FC484FF0000A817869B14178804600EB32
:1084400041140834378832460021204600F039FABA
:10845000050004D027E0A6F800A00520E6E7B9F162
:10846000000F24D03088B84201D90C251FE0607875
:1084700000F00705284600F012FA08EB050732461F
:1084800097F8E8014946401C87F8E801204607F5BF
:10849000F47700F016FA05463878401E387003204D
:1084A00000F0FDF92DB10C2D01D0A6F800A0284652
:1084B000BCE76078DC4E00F00701012923D00229D7
:1084C0000CD0032933D0FFDF98F801104046491C37
:1084D000C9B288F801100F2934D035E0616821B1A4
:1084E000000702D46088FFF723FE98F8EA014746A8
:1084F000012802D1707802F057FD97F9EA010428AB
:10850000E2DBFFDFE0E7616819B14422B06807F001
:108510004DFC98F8E9014746032802D1707802F033
:1085200043FD97F9E9010428CEDBFFDFCCE7C00665
:1085300002D56088FFF7FCFD98F9EB010628C3DB44
:10854000FFDFC1E780F801A08178491E8170617862
:1085500001F0070101EB080090F8E811491C80F8D0
:10856000E811A4E770B50D460446F8F764FE18B9A3
:108570002846F8F786FE08B1102070BD294620462F
:10858000BDE8704009F002BB70B5054609F021FB5B
:10859000C4B22846F8F793FE08B1102070BD35B17B
:1085A00028782C7018B1A04201D0072070BD204659
:1085B000FDF7D2FD052805D109F00FFB012801D0F8
:1085C000002070BD0F2070BD70B5044615460E46E4
:1085D0000846F8F730FE18B92846F8F752FE08B1F9
:1085E000102070BD022C03D0102C01D0092070BDCA
:1085F0002A463146204609F0F9FA0028F7D005202E
:1086000070BD70B514460D460646F8F714FE38B92D
:108610002846F8F736FE18B92046F8F750FE08B19C
:10862000102070BD22462946304609F0FEFA002887
:10863000F7D0072070BD3EB50446F8F722FE08B11A
:1086400010203EBD684606F0C0F9FFF75DFB00282C
:10865000F7D19DF806002070BDF808006080BDF8D5
:108660000A00A08000203EBD70B505460C460846B5
:10867000F8F725FE20B93CB12068F8F702FE08B1F2
:10868000102070BDA08828B121462846BDE8704062
:10869000FDF7BABD092070BD70B505460C46084609
:1086A000F8F7C9FD30B9681E1E2814D82046F8F71F
:1086B000C2FD08B1102070BD032D01D9072070BD87
:1086C00005B9FFDF594800EB850050F8041C20462F
:1086D000BDE870400847A5F120001F2805D82146B5
:1086E0002846BDE87040F9F7C1BCF02D0AD0BF2D77
:1086F000E4D1A078218800F0010001F08DFA68B182
:10870000002070BDA068F8F796FD0028D2D1204661
:1087100006F04CFDBDE87040FFF7F6BA082070BDCA
:1087200070B504460D460846F8F7ABFD30B9601E3B
:108730001E280FD82846F8F77EFD08B1102070BD1E
:10874000012C03D0022C01D0032C01D1062070BDD6
:10875000072070BDA4F120001F28F9D82946204623
:10876000BDE87040F9F7D0BC07F03AB81CB5002955
:108770001FD104F02AFE2C4800224178C06805F081
:108780001DFF29481030C0788DF8000010B1012875
:1087900002D004E0012000E000208DF800006846CF
:1087A00006F06BF9214824380068019001A806F012
:1087B000BFFA1CBD30B51B4D0446383D6878A04259
:1087C00000D8FFDF686800EB041030BD70B51548B5
:1087D000002538382C46467807E02046FFF7EAFFA8
:1087E0004078641C2844C5B2E4B2B442F5D12846AE
:1087F00070BD021D5143452900D245210844C01CCB
:10880000B0FBF2F0C0B270472DE9FC5F06460548A8
:108810004FF0000838388B464746444690F80190A0
:1088200029E000008C030020180000201CB101008A
:108830002046FFF7BFFF050000D1FFDF68786946DB
:108840003844C7B22846FEF7EAFF824601A9284607
:10885000FEF7FFFF0346BDF804005246001D81B23B
:10886000BDF80000001D80B207F0A6FC6A78641C09
:1088700000FB0288E4B24C45DAD13068C01C20F01D
:1088800003003060BBF1000F00D0002042463946A3
:1088900007F0A0FC316808443060BDE8FC9F5649F1
:1088A00008710020C87070475349CA782AB10A7805
:1088B00001EB42110831814201D0012070470020B4
:1088C00070472DE9F04106460078154600F00F0488
:1088D00000201080601E0F46052800D3FFDF4748A8
:1088E0002A4600EB8400394650F8043C3046BDE887
:1088F000F04118472DE9F0413F4E0C46383E4028E4
:1089000006D041281AD0422822D0432826D11AE086
:1089100020786578012801D913201DE5FF2D08D89E
:1089200009F0F4FA07460AF053FD381A401EA8422F
:1089300001DA122010E5208830810DE0BDE8F04119
:10894000084600F00DB80878022807D8307603E012
:108950000878022802D870760020FDE40720FBE4A6
:1089600038B50446407800F00300012803D00228FF
:108970000BD0072038BD606858B1F8F7A9FCD0B912
:108980006068F8F79CFC20B915E06068F8F753FCC4
:1089900088B969462046FBF77FF90028EAD160785C
:1089A00000F00300022808D19DF8000028B160689B
:1089B000F8F785FC08B1102038BD6189F8290ED878
:1089C000208988420BD8607800F003020A483838C2
:1089D000012A06D1D731C26989B28A4201D209205F
:1089E00038BD94E80E0000F10C0585E80E000AB9C8
:1089F00000218182002038BD8C03002004B10100D9
:108A00002DE9F041074614468846084601F024FD4A
:108A1000064608EB88001C22796802EBC0000D189E
:108A2000688C58B14146384601F025FD014678680A
:108A30000078C200082305F120000CE0E88CA8B102
:108A40004146384601F01EFD01467868082340780B
:108A5000C20005F1240007F000FA38B106212172A6
:108A60006681D0E90010C4E9031009E028780928DC
:108A70000BD00520207266816868E06000202870B5
:108A80002046BDE8F04101F0C8BC07202072668195
:108A9000F4E72DE9F04116460D460746406801EB24
:108AA00085011C2202EBC1014418204601F00CFD97
:108AB00040B10021708865F30F2160F31F4105204C
:108AC0000BF02CF909202070324629463846BDE8C3
:108AD000F04195E72DE9F0410E46074600241C21A0
:108AE000F07816E004EB8403726801EBC303D25CF8
:108AF0006AB1FFF7EBFA050000D1FFDF6F802A466D
:108B000021463046FFF7C5FF0120BDE8F081641C17
:108B1000E4B2A042E6D80020F7E770B5064600248C
:108B20001C21C0780AE000BF04EB8403726801EBEB
:108B3000C303D5182A782AB1641CE4B2A042F3D842
:108B4000402070BD28220021284604F01CFC7068DB
:108B500080892881204670BD70B5034600201C2501
:108B6000DC780CE000EB80065A6805EBC606324460
:108B7000167816B1128A8A4204D0401CC0B28442D0
:108B8000F0D8402070BDF0B5044600201C26E578E2
:108B90000EE000BF00EB8007636806EBC7073B44AD
:108BA0001F788F4202D15B78934204D0401CC0B240
:108BB0008542EFD84020F0BD0078032801D0002086
:108BC0007047012070470078022801D000207047CC
:108BD000012070470078072801D00020704701204D
:108BE00070472DE9F041064688461078F178154621
:108BF000884200D3FFDF2C781C27641CF078E4B295
:108C0000A04201D8201AC4B204EB8401706807EBBB
:108C1000C1010844017821B14146884708B12C7050
:108C200073E72878A042E8D1402028706DE770B53E
:108C300014460B880122A240134207D113430B8034
:108C400001230A22011D07F0D2F8047070BD2DE93E
:108C5000FF4F81B00878DDE90E7B9A4691460E46BB
:108C600040072CD4019807F06EFB040000D1FFDF11
:108C700007F1040820461FFA88F106F0BDFC050044
:108C800000D1FFDF204629466A4606F008FF00981B
:108C9000A0F80370A0F805A0284606F0AEFF017802
:108CA00069F306016BF3C711017020461FFA88F1C2
:108CB00006F0E5FC00B9FFDF019805F027FC06EBA4
:108CC0000900017F491C017705B0BDE8F08F2DE94F
:108CD000F84F0E469A4691460746032107F0EEF9F3
:108CE0000446008DDFF87C85002518B198F8000057
:108CF000B0421ED1384607F026FB070000D1FFDF47
:108D000009F10401384689B206F076FC050010D05E
:108D1000384629466A4606F0C2FE009800210A46F7
:108D20000180817005F067FC0098C01DCAF8000042
:108D300021E098F80000B04216D104F1260734F87B
:108D4000341F012000FA06F911EA090F00D0FFDFF5
:108D50002088012340EA090020800A22391D384674
:108D600007F060F8067006E0324604F1340104F1C1
:108D70002600FFF75CFF0A2188F800102846BDE8AE
:108D8000F88FFEB515460C46064602AB0C220621AE
:108D9000FFF79DFF002827D00299607812220A7001
:108DA000801C487008224A80A070029829880523F8
:108DB00081806988C180A9880181E9884181002575
:108DC0000C20CDE90005062221463046FFF73FFF83
:108DD0002946002266F31F41F02310460AF0F4FEF4
:108DE0006078801C60700120FEBD2DE9FE430C46BA
:108DF000804644E002AB0E2207214046FFF767FFA2
:108E0000002841D060681C2267788678BF1C06EB7A
:108E1000860102EBC10145180298142101704770C8
:108E20000A214180698A0181E98A4181A98881807A
:108E3000A9898181304601F00FFB029905230722A1
:108E4000C8806F700420287000250E20CDE9000531
:108E500021464046FFF7FBFE294666F30F2168F3E3
:108E60001F41F023002205200AF0AEFE6078FE4983
:108E7000801C607062682046921CFFF7B2FE60683A
:108E800080784028B6D10120BDE8FE83FEB50D46AE
:108E9000064638E002AB0E2207213046FFF717FFE7
:108EA000002835D068681C23C17801EB810203EBF0
:108EB000C2028418029815220270627842700A2257
:108EC0004280A2894281A2888281084601F0C4FAC8
:108ED000014602988180618AC180E18A0181A0886F
:108EE000B8B10020207000210E20CDE9000105233B
:108EF000072229463046FFF7AAFE6A68DB49284662
:108F0000D21CFFF76EFE6868C0784028C2D10120ED
:108F1000FEBD0620E6E72DE9FE430C46814644E00F
:108F2000204601F0BBFAD0B302AB08220721484625
:108F3000FFF7CDFE0028A7D060681C22657806796F
:108F4000AD1C06EB860102EBC10147180298B7F889
:108F5000108006210170457004214180304601F0E7
:108F60007BFA0146029805230722C180A0F80480FD
:108F70007D70082038700025CDE90005214648465F
:108F8000FFF765FE294666F30F2169F31F41F023C1
:108F9000002205200AF018FE6078801C607062686C
:108FA000B3492046121DFFF71CFE60680179402975
:108FB000B6D1012068E72DE9F34F83B00D4691E06B
:108FC000284601F06BFA00287ED068681C2290F8D1
:108FD00006A00AEB8A0102EBC1014418514628465B
:108FE00001F050FAA178CB0069684978CA000146BF
:108FF00004F1240006F04DFF07468188E08B4FF016
:109000000009091A8EB208B1C84607E04FF00108FE
:10901000504601F00CFA08B9B61CB6B2208BB0422B
:1090200000D80646B34602AB324607210398FFF745
:109030004EFE060007D0B8F1000F0BD0504601F0ED
:10904000F6F910B106E000203EE60299B8884FF02C
:10905000020908800196E28B3968ABEB09001FFA20
:1090600080F80A4403984E46009207F06CF9DDE957
:109070000021F61D4346009606F08BFDE08B404430
:1090800080B2E083B988884201D1012600E0002641
:10909000CDE900B6238A072229460398FFF7D7FDBA
:1090A000504601F0C4F910B9E089401EE0815EB17C
:1090B000A078401CA0706868E978427811FB02F142
:1090C000CAB20123816900E006E00E3006F08FFE8F
:1090D00080F800A00020E0836A6866492846921D57
:1090E000FFF77FFD6868817940297FF469AF01202F
:1090F000EAE570B5064648680D4614468179402970
:1091000010D104EB84011C2202EBC101084401F0E0
:10911000FCF9002806D06868294684713046BDE80D
:10912000704048E770BDFEB50C460746002645E096
:10913000204601F0B3F9D8B360681C22417901EBF5
:10914000810102EBC1014518688900B9FFDF02AB5C
:10915000082207213846FFF7BAFD002833D00299CC
:10916000607816220A70801C48700420488060686D
:10917000407901F071F901460298052307228180A8
:109180006989C1800820CDE9000621463846FFF7ED
:109190005EFD6078801C6070A88969890844B0F51C
:1091A000803F00D3FFDFA88969890844A8816E81C8
:1091B000626831492046521DFFF713FD606841790E
:1091C0004029B5D10120FEBD30B5438C458BC3F39A
:1091D000C704002345B1838B641EED1AC38A6D1E3C
:1091E0001D4495FBF3F3E4B22CB1008918B1A04201
:1091F00000D8204603444FF6FF70834200D3034655
:1092000013800C7030BD2DE9FC41074616460D4613
:10921000486802EB86011C2202EBC10144186A4631
:1092200001A92046FFF7D0FFA089618901448AB2D5
:10923000BDF80010914212D0081A00D500206081BC
:109240006868407940280AD1204601F054F9002886
:1092500005D06868294646713846FFF764FFBDE8C7
:10926000FC8100002C000020B98B0000C78B00009F
:10927000D58B00000BA50000F7A400002DE9FE4FE0
:109280000F46814615465088032106F017FF0190CE
:10929000B9F8020001F0D3F882460146019801F0C6
:1092A000FDF8002824D001981C2241680AEB8A00AE
:1092B00002EBC0000C18204601F006F9002817D177
:1092C000B9F80000E18A88420ED8A18961B1B8429C
:1092D0000ED100265146019801F0CDF8218C01EB0A
:1092E0000008608B30B114E0504601F0A0F8A0B344
:1092F000BDE8FE8F504601F09AF808B1678308E098
:10930000022FF5D3B9F804006083618A884224D81B
:109310000226B81B87B2B8F80400A28B801A002876
:1093200014DD874200DA38461FFA80FB68886968D6
:109330000291D8F800100A44009206F0F2FFF61DE0
:10934000009A5B460299009606F0EFFBA08B38442A
:1093500080B2A083618B884207D96888019903B0E5
:109360005246BDE8F04F01F0EDB81FD14FF00900B3
:109370002872B9F802006881D8E90010C5E9041024
:10938000608BA881284601F048F85146019801F009
:1093900072F801460198082340680078C20004F181
:1093A000200006F05AFD0020A0836083504601F0A3
:1093B0003EF810B9A089401EA0816888019903B0C9
:1093C0000AF0FF02BDE8F04F1DE72DE9F041064627
:1093D00015460F461C461846F7F72DFF18B92068AA
:1093E000F7F74FFF08B110201AE47168688C09780C
:1093F000B0EBC10F01D3132012E43946304601F01F
:109400003AF80146706808230078C20005F1200090
:1094100006F0EDFCD4E90012C0E90012002005E4DA
:1094200010B50446032106F049FE014600F114027E
:109430002046BDE81040A4E470B50446032106F0C0
:109440003DFE054601462046FFF765FD002816D083
:1094500029462046FFF767FE002810D029462046FF
:10946000FFF714FD00280AD029462046FFF7BDFC6F
:10947000002804D029462046BDE870409BE570BD19
:109480002DE9F0410C4680461EE0E178427811FB60
:1094900002F1CAB2816901230E3006F0DEFC0778C2
:1094A00060681C22C179491EC17107EB87016068A1
:1094B00002EBC10146183946204600F0EFFF18B113
:1094C000304600F0FAFF20B16068C1790029DCD194
:1094D0008AE7FEF7FBFD050000D1FFDF0A202872B6
:1094E000384600F0B9FF68813946204600F0CAFFCF
:1094F0000146606808234078C20006F1240006F0A7
:10950000ACFCD0E90010C5E90310A5F8028028469C
:1095100000F083FFB07800B9FFDFB078401EB07074
:1095200062E770B50C460546032106F0C7FD01460B
:109530004068C2792244C2712846BDE870409FE766
:109540002DE9FE4F8246507814460F464FF0000832
:10955000002850D0012807D0022822D0FFDF206841
:10956000B8606068F860C3E602AB0E22082150467E
:10957000FFF7ADFB0028F2D00298152105230170FA
:10958000217841700A214180C0F80480C0F8088029
:10959000A0F80C80628882810E20CDE900080822A4
:1095A00021E0A678304600F057FF054606EB86011D
:1095B0002C22786802EBC1010822465A02AB114600
:1095C0005046FFF784FB0028C9D00298072101709C
:1095D000217841700421418008218580C680CDE931
:1095E000001805230A4639464FEA0A00FFF72FFB09
:1095F00087F808807CE6A678022516B1022E13D0E3
:10960000FFDF2A1D914602AB08215046FFF75FFBA2
:109610000028A4D002980121022E01702178417007
:109620004580868002D005E00625EAE7A188C18052
:10963000E1880181CDE9009805230822394650468A
:10964000D4E710B50446032106F038FD014600F1C9
:1096500008022046BDE8104072E72DE9F04F0F46A2
:10966000054687B014465088032106F027FD4FF0C9
:1096700000088DF808800646ADF80A80042F5CD3F8
:109680006A78002A59D028784FF6FF794FF01C0AE3
:10969000132815D006DC01286FD006282BD0072808
:1096A00006D16EE0142869D0152868D0162867D036
:1096B000CDF80080CDF8048068788DF8000037E0A0
:1096C000B078904239D13078010736D5062F34D1A1
:1096D00020F0080030706088414660F31F41002090
:1096E0000AF01CFB02208DF80800ADF80C90A88849
:1096F000ADF80E00F4E0082F1FD1A888EF8881464E
:1097000000F09DFE80460146304600F0C7FE18B1CD
:10971000404600F08CFE98B1FA48D0E90010CDE93F
:1097200000106878ADF804908DF80000ADF8067070
:1097300060886A463146FFF703FF07B0BDE8F08F47
:10974000716808EB88002C2202EBC000085AB8426E
:10975000F3D1EC486A46D0E90210CDE900106878F0
:109760008DF8000008F0FF058DF802506088314642
:10977000FFF7E6FE2246294623E097E025E0CEE00B
:1097800023E1082FD9D1B5F80480E88800F057FE0E
:1097900007460146304600F081FE0028CDD007EB99
:1097A000870271680AEBC2000844028A4245C4D1AC
:1097B00001780829C1D1407869788842BDD1F9B2D1
:1097C00022463046FFF765F9B7E70E2F7FF470AFFA
:1097D000E9886F898B46B5F808903046FFF7BCF9E9
:1097E000ABF14001402901D3092048E0B9F1170F3E
:1097F00001D3172F01D20B2041E040280ED000EBFF
:10980000800271680AEBC20008440178012903D183
:1098100040786978884290D00A2030E03046FFF7DF
:109820007CF940282AD000EB800372680AEBC30160
:1098300002EB0108012288F800206A7888F80120EC
:109840007168AA884989B94200D93946AD8903238C
:109850002372A282E7812182A4F80C90658200F035
:10986000FBFD6081A8F81490A8F81870A8F80E50B5
:10987000A8F810B0204600F0D0FD5EE704200521D6
:109880002172A4F80A80E081012121739D49D1E968
:109890000421CDE9002169788DF80010ADF80200AF
:1098A00060886A463146FFF74BFEE3E7062F8BD30D
:1098B000B07890421AD13078010717D520F008000F
:1098C00030706088414660F31F4100200AF026FA9C
:1098D00002208DF80800A888ADF80C00ADF80E90B5
:1098E0006088224602A9F8F785FB26E70421304666
:1098F000FFF749F905464028BFD0022083030090B6
:1099000022462946304600F0E6FD4146608865F370
:109910000F2160F31F4105200AF000FA0DE70E2F1A
:10992000ABD104213046FFF72EF981464028A4D060
:109930004146608869F30F2160F31F4105200AF05A
:10994000EDF9A88906906889009070682F89408990
:10995000B84200D938468346B5F80680A8880190F9
:10996000484600F079FD6081069818B10220009009
:10997000069B24E0B8F1170F1ED3172F1CD3042029
:10998000207200986082E781A4F810B0A4F80C80DF
:1099900009EB890271680AEBC2000D18DDE90002CB
:1099A000A5F81480A5F818B0E8812A82204600F0B6
:1099B00034FD06202870C0E601200B2300902246CB
:1099C0004946304600F087FDB7E6082F8DD1A988BB
:1099D0003046FFF7C1F80746402886D000F027FD43
:1099E00000289BD107EB870271680AEBC20008448C
:1099F000804600F069FD002890D1ED88B8F80E008F
:109A00002844B0F5803F05D360883A46314600F0DF
:109A100099FD92E6002DCED0A8F80E0060883A4657
:109A20003146FFF766FB08202072384600F014FD2F
:109A30006081A5811EE72DE9F05F0C4601281ED04C
:109A4000957992F80480567905EB85011F2202EB87
:109A5000C10121F0030B08EB060111FB05F14FF6E4
:109A6000FF7202EAC10909F1030115FB0611264F35
:109A700021F0031ABB6840B101283ED125E061689E
:109A8000E57891F800804E78DEE75946184606F0F2
:109A900062F9606000B9FFDF5A460021606803F098
:109AA00072FCE5705146B86806F055F96168486186
:109AB00000B9FFDF6068426902EB090181616068FB
:109AC00080F800806068467017E06068524641691F
:109AD000184606F06BF95A466168B86806F066F9F0
:109AE000032006F097FA0446032006F09BFA201A9A
:109AF000012802D1B86806F023F90BEB0A00BDE893
:109B0000F09F000028B101002C0000200246002137
:109B1000022090E7F7B5FF4C0A2016462070009807
:109B200060B100254FEA0D0006F0F7F80021A170A2
:109B30006670002D01D10099A160FEBD01250020B5
:109B4000F2E770B50C46154638220021204603F096
:109B50001AFC012666700A22002104F11C0003F0A1
:109B600012FC05B9FFDF297A207861F3010020702B
:109B7000A87900282DD02A4621460020FFF75BFF58
:109B800061684020E34A88706168C8706168087144
:109B900061684871616888716168288808816168B6
:109BA00068884881606886819078002811D0616853
:109BB0000620087761682888C885616828884886F3
:109BC0006068068560686988928801868186468516
:109BD000828570BDC878002802D0002201202AE7C3
:109BE000704770B50546002165F31F4100200AF05B
:109BF00095F80321284606F061FA040000D1FFDF42
:109C000021462846FEF766FF002804D0207840F061
:109C100010002070012070BD70B505460C46032071
:109C200006F0EAF908B1002070BDBA48857084805A
:109C3000012070BD2DE9FF4180460E460F0CFEF756
:109C400045FA050007D06F800321384606F036FA42
:109C5000040008D106E004B03846BDE8F041132105
:109C6000F8F79EBDFFDF5FEA080005D0B8F1050FE9
:109C700018D0FFDFBDE8FF8120782A4620F00800D9
:109C800020700020ADF8020002208DF800004FF691
:109C9000FF70ADF80400ADF8060069463846F8F7E5
:109CA000A9F9E7E7C6F3072101EB81021C236068ED
:109CB00003EBC202805C042803D008280AD0FFDF2F
:109CC000D8E7012000904FF440432A46204600F098
:109CD00002FCCFE704B02A462046BDE8F041FEF77B
:109CE000D8BE2DE9F05F05464089002790460C4616
:109CF0003E46824600F0A3FB8146287AC01E082813
:109D00006BD2DFE800F00D04192058363C4772276B
:109D10001026002C6CD0D5E90301C4E902015CE0F7
:109D200070271226002C63D00A2205F10C0104F1E1
:109D3000080003F0FEFA50E071270C26002C57D0E3
:109D4000E868A06049E0742710269CB3D5E90301B8
:109D5000C4E902016888032106F0B0F98346FEF7E2
:109D6000B5F902466888508049465846FEF748FED5
:109D700033E075270A26ECB1A88920812DE07627EB
:109D80001426BCB105F10C0004F1080307C883E8F0
:109D9000070022E07727102664B1D5E90301C4E962
:109DA00002016888032106F089F901466888FFF7F7
:109DB00067FB12E01CE073270826CCB168880321FA
:109DC00006F07CF901460078C00606D56888FEF7E3
:109DD00081FE10B96888F7F703FEA8F800602CB17F
:109DE0002780A4F806A066806888A080002086E608
:109DF000A8F80060FAE72DE9FC410C461E4617461C
:109E00008046032106F05AF905460A2C0AD2DFE8FB
:109E100004F005050505050509090907042303E004
:109E2000062301E0FFDF0023CDE900762246294624
:109E30004046FEF70CFFBDE8FC81F8B50546A0F5ED
:109E40007F40FF382BD0284606F06BFA040000D183
:109E5000FFDF204605F001FE002821D001466A46BA
:109E6000204605F01CFE00980321B0F80560284646
:109E700006F024F90446052E13D0304600F0DFFA30
:109E800005460146204600F009FB40B1606805EB3D
:109E900085013E2202EBC101405A002800D001207A
:109EA000F8BD007A0028FAD00020F8BDF8B50446C5
:109EB000408806F036FA050000D1FFDF6A462846E2
:109EC000616800F0A8FA01460098091F8BB230F8CB
:109ED000032F0280428842800188994205D1042ADA
:109EE00008D0052A20D0062A16D022461946FFF7A8
:109EF000C5F9F8BD001D0E4605460146224630460E
:109F0000FBF763F90828F4D1224629463046FCF7CE
:109F1000C2F9F8BD2C000020636864880A46011D60
:109F20002046F9F7C5FBF4E72246001DFFF795FB35
:109F3000EFE770B50D460646032106F0BFF80400B2
:109F400004D02078000704D5112070BD43F2020030
:109F500070BD2A4621463046FEF713FF18B928681F
:109F600060616868A061207840F0080020700020DF
:109F700070BD2DE9F04F0E4691B08046032106F0EA
:109F80009DF80446404606F0DEF90746002007909B
:109F900008900990ADF830000A9002900390049068
:109FA00004B9FFDF0DF10809FFB9FFDF1DE03846F6
:109FB0000BA9002205F014FC9DF82C0000F07F0591
:109FC0000A2D00D3FFDF6019017F491E01779DF83C
:109FD0002C00000609D52A460CA907A8FEF727FE83
:109FE00019F80510491C09F80510761EF6B2DED2E4
:109FF00004F13400F84D04F1260BDFF8E0A304F17E
:10A000002A07069010E05846069900F08DFA064699
:10A0100028700A2800D3FFDF5AF8261040468847E8
:10A02000E08CC05DB04202D0208D0028EBD10A2028
:10A030002870EA4D4E4628350EE00CA907A800F01E
:10A0400073FA0446375D55F8240000B9FFDF55F870
:10A050002420394640469047BDF81E000028ECD128
:10A0600011B0BDE8F08F10B5032106F027F8040009
:10A0700000D1FFDF0A22002104F11C0003F083F964
:10A08000207840F00400207010BD10B50C4603216C
:10A0900006F014F82044007F002800D0012010BDF5
:10A0A0002DE9F84F894615468246032106F006F849
:10A0B000070004D02846F7F7BEF840B903E043F2A2
:10A0C0000200BDE8F88F4846F7F7DBF808B110202A
:10A0D000F7E7786828B169880089814201D90920A9
:10A0E000EFE7B9F800001C2488B100F0A8F9804619
:10A0F0000146384600F0D2F988B108EB880079684B
:10A1000004EBC000085C01280BD00820D9E73846D2
:10A11000FEF703FD8046402807D11320D1E7052034
:10A12000CFE7FDF7D3FF06000BD008EB8800796876
:10A1300004EBC0000C18B9F8000020B1E88910B198
:10A1400013E01120BDE72888172802D36888172854
:10A1500001D20720B5E7686838B12B1D2246414679
:10A160003846FFF732F90028ABD104F10C026946FA
:10A170002046FFF729F8288860826888E082B9F8CD
:10A18000000030B102202070E889A080E889A0B1E9
:10A190002BE003202070A889A0807868817840296E
:10A1A00005D180F8028039465046FEF71EFE404633
:10A1B00000F052F9A9F8000021E07868218B40896D
:10A1C000884200D908462083A6F802A004203072F5
:10A1D000B9F800007081E0897082F181208B3082B3
:10A1E000A08AB081304600F018F97868C17840291B
:10A1F00005D180F8038039465046FEF747FE00201F
:10A200005FE770B50D460646032105F057FF0400D1
:10A210000ED0284600F013F905460146204600F00E
:10A220003DF918B1284600F002F920B1052070BDB3
:10A2300043F2020070BD05EB85011C22606802EB51
:10A24000C101084400F040F908B1082070BD2A4659
:10A250002146304600F076F9002070BD2DE9F0412E
:10A260000C4617468046032105F028FF0546204688
:10A2700000F0E5F8044695B10146284600F00EF9D5
:10A2800080B104EB84011C22686802EBC10146180E
:10A29000304600F019F938B10820BDE8F08143F2EA
:10A2A0000200FAE70520F8E73B46324621462846F9
:10A2B000FFF78BF80028F0D1E2B229464046FEF7BE
:10A2C000A2FF708C0838082803D24348407800F079
:10A2D0006BFE0020E1E72DE9F0410D461746804670
:10A2E000032105F0EBFE0446284600F0A8F80646D8
:10A2F00024B13846F6F79FFF38B902E043F2020076
:10A30000CBE73868F6F797FF08B11020C5E731466C
:10A31000204600F0C3F860B106EB86011C2260689D
:10A3200002EBC1014518284600F0CEF818B108200C
:10A33000B3E70520B1E7B888A98A884201D90C2083
:10A34000ABE76168E88C4978B0EBC10F01D313200B
:10A35000A3E73146204600F095F8014660680823DF
:10A360004078C20005F1240005F041FDD7E9001254
:10A37000C0E90012F2B221464046FEF7BAFE0020C4
:10A380008BE72DE9F0470D461F4690468146032195
:10A3900005F094FE0446284600F051F806463CB10C
:10A3A0004DB13846F6F78BFF50B11020BDE8F0876D
:10A3B00043F20200FAE7606858B1A0F80C8028E088
:10A3C0003146204600F06AF818B1304600F02FF808
:10A3D00030B10520EAE700002C00002040B1010068
:10A3E00006EB86011C22606802EBC1014518284675
:10A3F00000F06AF808B10820D8E7A5F80880F2B2A2
:10A4000021464846FEF7FFFE1FB1A8896989084426
:10A4100038800020CAE705F042BB017821F00F0127
:10A42000491C21F0F00110310170FDF753BE20B935
:10A430004E48807808B101207047002070474B4992
:10A440008988884201D100207047402801D24020ED
:10A4500000E0403880B2704710B50446402800D96B
:10A46000FFDF2046FFF7E3FF10B14048808810BDB2
:10A470004034A0B210BD406842690078484302EB06
:10A48000C0007047C2784068037812FB03F243783B
:10A49000406901FB032100EBC1007047C2788A428A
:10A4A00009D9406801EB81011C2202EBC101405C2B
:10A4B00008B101207047002070470078062801D9B4
:10A4C00001207047002070470078062801D0012045
:10A4D000704700207047F0B401EB81061C274468E8
:10A4E00007EBC6063444049D05262670E3802571DB
:10A4F000F0BCFEF785BA10B5418911B1FFF7DDFF59
:10A5000008B1002010BD012010BD10B5C18C8278AB
:10A51000B1EBC20F04D9C18911B1FFF7CEFF08B169
:10A52000002010BD012010BD10B50C4601230A22E9
:10A53000011D05F092FC00782188012282409143A0
:10A54000218010BDF0B402EB82051C264C6806EB9E
:10A55000C505072363554B681C79402C03D11A713C
:10A56000F0BCFEF7D8BCF0BC704700002C00002007
:10A5700070B50B2000F0BDF9082000F0BAF90021F9
:10A580000B2000F0D4F90021082000F0D0F9F44CA1
:10A5900001256560A5600020C4F84001C4F84401AD
:10A5A000C4F848010B2000F0B5F9082000F0B2F91A
:10A5B0000B2000F091F9256070BD10B50B2000F064
:10A5C00098F9082000F095F9E54801214160816083
:10A5D000E4490A68002AFCD10021C0F84011C0F803
:10A5E0004411C0F848110B2000F094F9BDE8104068
:10A5F000082000F08FB910B50B2000F08BF9BDE8F2
:10A600001040082000F086B900B530B1012806D00E
:10A61000022806D0FFDF002000BDD34800BDD3488C
:10A6200000BDD248001D00BD70B5D1494FF00040BB
:10A630000860D04DC00BC5F80803CF480024046063
:10A64000C5F840410820C43500F053F9C5F83C4135
:10A65000CA48047070BD08B5C14A002128B101285C
:10A6600011D002281CD0FFDF08BD4FF48030C2F8A3
:10A670000803C2F84803BB483C300160C2F84011EF
:10A68000BDE80840D0E74FF40030C2F80803C2F834
:10A690004803B44840300160C2F84411B3480CE0AC
:10A6A0004FF48020C2F80803C2F84803AD48443094
:10A6B0000160C2F84811AD48001D0068009008BD57
:10A6C00070B516460D460446022800D9FFDF002269
:10A6D000A348012304F110018B4000EB8401C1F871
:10A6E000405526B1C1F84021C0F8043303E0C0F85A
:10A6F0000833C1F84021C0F8443370BD2DE9F04162
:10A700001D46144630B1012833D0022838D0FFDF6F
:10A71000BDE8F081891E002221F07F411046FFF73D
:10A72000CFFF012D23D00020944D924F0126687059
:10A730003E61914900203C3908600220091D0860F3
:10A740008D490420303908608B483D34046008206E
:10A750006C6000F0DFF83004C7F80403082000F054
:10A76000BBF88349F007091F08602E70D0E701206D
:10A77000DAE7012B02D00022012005E00122FBE7ED
:10A78000012B04D000220220BDE8F04198E701220D
:10A79000F9E774480068704770B500F0D8F8704C5D
:10A7A0000546D4F840010026012809D1D4F8080351
:10A7B000C00305D54FF48030C4F80803C4F84061E5
:10A7C000D4F8440101280CD1D4F80803800308D53B
:10A7D0004FF40030C4F80803C4F84461012008F0C5
:10A7E00014FAD4F8480101280CD1D4F80803400326
:10A7F00008D54FF48020C4F80803C4F8486102204B
:10A8000008F003FA5E48056070BD70B500F09FF86F
:10A810005A4D0446287850B1FFF706FF687818B102
:10A820000020687008F0F1F95548046070BD0320FD
:10A83000F8E74FF0E0214FF40010C1F80002704734
:10A84000152000F067B84B4901200861082000F08E
:10A8500061B848494FF47C10C1F808030020024653
:10A8600001EB8003C3F84025C3F84021401CC0B26F
:10A870000628F5D37047410A43F609525143C0F305
:10A88000080010FB02F000F5807001EB50207047CB
:10A8900010B5430B48F2376463431B0C5C020C6039
:10A8A000384C03FB0400384B4CF2F72443435B0D58
:10A8B00013FB04F404EB402000F58070401210708C
:10A8C00008681844086010BD2C4840687047294942
:10A8D0000120C1F800027047002809DB00F01F02C8
:10A8E000012191404009800000F1E020C0F80011F2
:10A8F000704700280DDB00F01F0201219140400944
:10A90000800000F1E020C0F88011BFF34F8FBFF34B
:10A910006F8F7047002809DB00F01F020121914072
:10A920004009800000F1E020C0F88012704749071C
:10A93000090E002804DB00F1E02080F800147047C5
:10A9400000F00F0000F1E02080F8141D70470C4863
:10A95000001F00680A4A0D49121D1160704700006F
:10A9600000B0004004B500404081004044B10040C8
:10A9700008F501400080004040850040380000207C
:10A9800014050240F7C2FFFF6F0C01000100000137
:10A9900010B5EFF3108000F0010472B6FC48417866
:10A9A000491C41704078012801D108F081FD002C3C
:10A9B00000D162B610BD70B5F54CA07848B901253C
:10A9C000A570FFF7E5FF08F084FD20B1002008F036
:10A9D0004EFD002070BD4FF08040E570C0F804537C
:10A9E000F7E770B5EFF3108000F0010572B6E84CA0
:10A9F000607800B9FFDF6078401E6070607808B949
:10AA000008F05AFD002D00D162B670BDE04810B5C7
:10AA1000817821B10021C1708170FFF7E2FF002031
:10AA200010BD10B5044608F054FDD9498978084096
:10AA300000D001202060002010BD10B5FFF7A8FF56
:10AA400008F047FD02220123D149540728B1D1481B
:10AA5000026023610320087202E00A72C4F8043322
:10AA60000020887110BD2DE9F84FDFF8249342785B
:10AA7000817889F80420002689F80510074689F8AE
:10AA800006600078DFF810B3354620B1012811D0F8
:10AA9000022811D0FFDF08F02EFD4FF0804498B15E
:10AAA00008F030FDB0420FD1304608F02FFD0028ED
:10AAB000FAD042E00126EEE7FFF76AFF5846016848
:10AAC000C907FCD00226E6E70120E060C4F8045183
:10AAD000B2490E600107D1F84412B04AC1F34231C5
:10AAE00024321160AD49343108604FF0020AC4F8D5
:10AAF00004A3A060AA480168C94341F3001101F111
:10AB00000108016841F01001016001E010F030F926
:10AB1000D4F804010028F9D0304608F0F7FC0028EA
:10AB2000FAD0B8F1000F04D19D48016821F010015E
:10AB30000160C4F808A3C4F8045199F805004E4612
:10AB400080B1387870B908F0C4FC804608F0CAFEBD
:10AB50006FF00042B8F1000F02D0C6E9032001E017
:10AB6000C6E90302DBF80000C00701D008F0ADFC25
:10AB7000387810B13572BDE8F88F4FF01808C4F876
:10AB800008830127A7614FF42070ADF8000000BFD3
:10AB9000BDF80000411EADF80010F9D2C4F80C5108
:10ABA000C4F810517A48C01D08F030FD3570FFF729
:10ABB00044FF67617949307920310860C4F8048323
:10ABC000D9E770B5050000D1FFDF4FF080424FF0AC
:10ABD000FF30C2F808030021C2F80011C2F80411C6
:10ABE000C2F80C11C2F81011694C617008F07DFCBC
:10ABF00010B10120A070607067480068C00701D0E4
:10AC000008F063FC2846BDE870402CE76048007AF5
:10AC1000002800D0012070472DE9F04F61484FF027
:10AC2000000A85B0D0F800B0D14657465D4A5E496B
:10AC3000083211608406D4F8080110B14FF0010801
:10AC400001E04FF0000808F0B4FC78B1D4F824011A
:10AC500000B101208246D4F81C0100B101208146D8
:10AC6000D4F8200108B1012700E00027D4F8000142
:10AC700000B101200490D4F8040100B10120039038
:10AC8000D4F80C0100B101200290D4F8100100B1F9
:10AC900001203F4D0190287800260090B8F1000F68
:10ACA00004D0C4F80861012008F0E1FBBAF1000FFC
:10ACB00004D0C4F82461092008F0D9FBB9F1000FD1
:10ACC00004D0C4F81C610A2008F0D1FB27B1C4F8F5
:10ACD00020610B2008F0CBFB2D48C01D08F09EFC26
:10ACE00000B1FFDFDFF8AC800498012780B1C4F821
:10ACF0000873E87818B1EE70002008F0B8FB287AE5
:10AD0000022805D1032028720221C8F8001027610B
:10AD1000039808B1C4F80461029850B1C4F80C61FA
:10AD2000287A032800D0FFDFC8F800602F72FFF7F1
:10AD300058FE019838B1C4F81061287A012801D171
:10AD400000F05CF86761009838B12E70287A01280D
:10AD500001D1FFF772FEFFF744FE0D48C01D08F059
:10AD600073FC1049091DC1F800B005B0BDE8F08FB3
:10AD7000074810B5C01D08F051FC0549B0B10120CD
:10AD800008704FF0E021C1F80002BDE81040FFE577
:10AD900040000020340C00400C0400401805004026
:10ADA00010ED00E01005024001000001087A0128C2
:10ADB00001D1FFF742FEBDE81040244808F044BC32
:10ADC00070B5224CE41FA07808B908F075FB01208B
:10ADD0008507A861207A0026032809D1D5F80C013F
:10ADE00020B9002008F092FB0028F7D1C5F80C61CB
:10ADF00026724FF0FF30C5F8080370BD70B5134CD4
:10AE0000E41F6079F0B1012803D0A179401E81428E
:10AE100018DA08F05EFB054608F064FD6179012947
:10AE200002D9A179491CA1710DB1216900E0E16845
:10AE3000411A022902DA11F1020F06DC0DB120617C
:10AE400000E0E060BDE87040F7E570BD470000201D
:10AE5000374901200860704770B50D2000F049F8AF
:10AE6000344C0020C4F800010125C4F804530D201F
:10AE700000F050F825604FF0E0216014C1F80001A7
:10AE800070BD10B50D2000F034F82A480121416052
:10AE90000021C0F80011BDE810400D2000F03AB8C4
:10AEA000254810B504682449244808310860214920
:10AEB000D1F80001012804D0FFDF1F48001D046005
:10AEC00010BD1B48001D00680022C0B2C1F800215F
:10AED00008F05FFCF1E710B5164800BFD0F800118C
:10AEE0000029FBD0FFF7DCFFBDE810400D2000F08B
:10AEF00011B800280DDB00F01F020121914040092C
:10AF0000800000F1E020C0F88011BFF34F8FBFF345
:10AF10006F8F7047002809DB00F01F02012191406C
:10AF20004009800000F1E020C0F880127047000066
:10AF300004D5004000D0004010050240010000018F
:10AF40004FF0E0214FF00070C1F8800101F5C071B1
:10AF5000BFF34F8FBFF36F8FC1F80001394B8022D1
:10AF600083F8002441F8800C704700B502460420A5
:10AF7000354903E001EBC0031B792BB1401EC0B281
:10AF8000F8D2FFDFFF2000BD41F8302001EBC00107
:10AF900000224A718A7101220A7100BD2A4A0021E9
:10AFA00002EBC0000171704710B50446042800D3BD
:10AFB000FFDF254800EBC4042079012800D0FFDF23
:10AFC0006079A179401CC0B2814200D060714FF01D
:10AFD000E0214FF00070C1F8000210BD70B50425EB
:10AFE000194E1A4C16E0217806EBC1000279012AAD
:10AFF00008D1427983799A4204D04279827156F815
:10B00000310080472078401CC0B22070042801D352
:10B01000002020706D1EEDB2E5D270BD0C4810B559
:10B0200004680B490B4808310860064890F8000492
:10B030004009042800D0FFDFFFF7D0FF0448001DBF
:10B04000046010BD19E000E07805002054000020E5
:10B0500010050240010000010F4A12680D498A42A2
:10B060000CD118470C4A12680A4B9A4206D101B516
:10B0700008F00AFC08F0DDFEBDE801400749096858
:10B080000958084706480749054A064B704700001B
:10B0900000000000BEBAFECA5800002004000020D4
:10B0A000B00F0020B00F002070B50C46054600F030
:10B0B00045FB21462846BDE8704001F026BC000053
:10B0C000F8B51D46DDE906470E000AD005F03BF94C
:10B0D0002346FF1DBCB231462A46009404F059FDB8
:10B0E000F8BDD0192246194602F023F92046F8BDD2
:10B0F00070B50D4604461022002102F044F9258166
:10B1000017206081A07B40F00A00A07370BD4FF64D
:10B11000FF720A800146022008F000BE70470089D5
:10B120007047827BD30701D1920703D480890880BE
:10B130000020704705207047827B920700D58181EF
:10B14000704701460020098841F6FE52114200D0A6
:10B150000120704700B50346807BC00701D0052061
:10B1600000BD59811846FFF7ECFFC00703D0987B5C
:10B1700040F004009873987B40F001009873002021
:10B1800000BD827B520700D509B140897047172066
:10B190007047827B61F3C302827370472DE9FC5FC5
:10B1A0000E46044601789646012000FA01F14DF65C
:10B1B000FF5201EA020962684FF6FF7B1188594588
:10B1C00002D10920BDE8FC9FB9F1000F05D041F67E
:10B1D000FE55294201D00120F4E741EA090111801E
:10B1E0001D0014D000232B7094F800C00521032209
:10B1F0001F464FF0020ABCF10E0F76D2DFE80CF0CA
:10B20000F909252F47646B77479193B4D1D804206F
:10B21000D8E7616820898B7B9B0767D517284AD3BD
:10B220000B89834247D38989172901D3814242D1AF
:10B2300085F800A0A5F80100328061688881606807
:10B24000817B21F002018173C6E0042028702089EF
:10B25000A5F801006089A5F803003180BCE0208AD0
:10B260003188C01D1FFA80F8414524D3062028707C
:10B270002089A5F801006089A5F80300A089A5F838
:10B2800005000721208ACDE90001636941E00CF047
:10B29000FF00082810D0082028702089A5F8010098
:10B2A0006089A5F8030031806A1D694604F10C002D
:10B2B00006F0BBFC10B15EE01020EDE730889DF891
:10B2C00000100844308087E00A2028702089A5F803
:10B2D0000100328044E00C2028702089A5F801008C
:10B2E0006089A5F8030031803AE082E064E02189BA
:10B2F000338800EB41021FFA82F843453BD3B8F193
:10B30000050F38D30E222A700BEA4101CDE9001057
:10B31000E36860882A467146FFF7D2FEA6F80080EF
:10B320005AE04020287060893188C01C1FFA80F8DC
:10B33000414520D32878714620F03F001230287014
:10B340002089A5F801006089CDE9000260882A46BD
:10B35000E368FFF7B5FEA6F80080287840063BD4E6
:10B3600061682089888037E0A0893288401D1FFAF3
:10B3700080F8424501D204273DE01620287020893C
:10B38000A5F801006089A5F80300A089CDE90001B6
:10B3900060882A4671462369FFF792FEA6F800806E
:10B3A000DEE718202870207A6870A6F800A013E065
:10B3B00061680A88920401D405271CE0C9882289A3
:10B3C000914201D0062716E01E2129703080606866
:10B3D000018821F400510180B9F1000F0BD0618880
:10B3E00078230022022008F0EFFB61682078887043
:10B3F00006E0338003276068018821EA09010180A3
:10B400003846DFE62DE9FF4F85B01746129C0D0048
:10B410001E461CD03078C10703D000F03F00192829
:10B4200001D9012100E000212046FFF7AAFEA84231
:10B430000DD32088A0F57F41FF3908D03078410630
:10B4400001D4000605D5082009B0BDE8F08F07201B
:10B45000FAE700208DF800008DF8010030786B1EAF
:10B4600000F03F0C0121A81E4FF0050A4FF0020921
:10B470004FF0030B9AB2BCF1200F75D2DFE80CF04D
:10B480008B10745E7468748C749C74B574BA74C8D0
:10B4900074D474E1747474F174EF74EE74ED748B9D
:10B4A000052D78D18DF80090A0788DF80400708873
:10B4B000ADF8060030798DF80100707800F03F009B
:10B4C0000C2829D00ADCA0F10200092863D2DFE8A9
:10B4D00000F0126215621A621D622000122824D048
:10B4E00004DC0E281BD01028DBD11BE016281FD04F
:10B4F0001828D6D11FE02078800701E02078400787
:10B50000002848DAEEE020780007F9E72078C00646
:10B51000F6E720788006F3E720784006F0E7207809
:10B520000006EDE72088C005EAE720884005E7E748
:10B5300020880005E4E72088C004E1E72078800740
:10B5400029D5032D27D18DF800B0B6F8010081E090
:10B55000217849071FD5062D1DD381B270780128A7
:10B5600003D0022817D102E0C9E0022000E0102039
:10B5700004228DF8002072788DF80420801CB1FB25
:10B58000F0F2ADF8062092B242438A4203D103970B
:10B59000ADF80890A6E079E02078000776D598B25B
:10B5A00082088DF800A0ADF80420B0EB820F6DD1B9
:10B5B0000297ADF8061095E02178C90666D5022DF0
:10B5C00064D381B206208DF80000707802285DD324
:10B5D000B1FBF0F28DF80400ADF8062092B24243C0
:10B5E0008A4253D1ADF808907BE0207880064DD593
:10B5F000072003E0207840067FD508208DF8000062
:10B60000A088ADF80400ADF80620ADF8081068E099
:10B610002078000671D50920ADF804208DF80000CF
:10B62000ADF8061002975DE02188C90565D5022DA9
:10B6300063D381B20A208DF80000707804285CD3AF
:10B64000C6E72088400558D5012D56D10B208DF82E
:10B650000000A088ADF8040044E021E026E016E0F8
:10B66000FFE72088000548D5052D46D30C208DF82E
:10B670000000A088ADF80400B6F803006D1FADF817
:10B680000850ADF80600ADF80AA02AE035E02088A1
:10B69000C00432D5012D30D10D208DF8000021E0FD
:10B6A0002088800429D4B6F80100E080A07B000740
:10B6B00023D5032D21D3307800F03F001B2818D06C
:10B6C0000F208DF80000208840F40050A4F80000FE
:10B6D000B6F80100ADF80400ED1EADF80650ADF867
:10B6E00008B0039769460598F9F7B8FA050008D03D
:10B6F00016E00E208DF80000EAE7072510E0082587
:10B700000EE0307800F03F001B2809D01D2807D03C
:10B710000220059908F002FB208800F400502080E8
:10B72000A07B400708D52046FFF70BFDC00703D1DB
:10B73000A07B20F00400A073284685E61FB50228F0
:10B7400006D101208DF8000088B26946F9F786FA23
:10B750001FBD0000F8B51D46DDE906470E000AD002
:10B7600004F0F1FD2346FF1DBCB231462A46009489
:10B7700004F00FFAF8BDD0192246194601F0D9FDA0
:10B780002046F8BD2DE9FF4F8DB09B46DDE91B57E4
:10B79000DDF87CA00C46082B05D0E06901F0FEF82E
:10B7A00050B11020D2E02888092140F010002880F4
:10B7B0008AF80010022617E0E16901208871E26929
:10B7C0004FF420519180E1698872E06942F60101ED
:10B7D0000181E069002181732888112140F0200057
:10B7E00028808AF80010042638780A900A203870D9
:10B7F0004FF0020904F118004D460C9001F0C6FB11
:10B80000B04681E0BBF1100F0ED1022D0CD0A9EB98
:10B810000800801C80B20221CDE9001005AB524621
:10B820001E990D98FFF796FFBDF816101A988142E1
:10B8300003D9F74800790F9004E003D10A9808B1C2
:10B8400038702FE04FF00201CDE900190DF1160319
:10B8500052461E990D98FFF77DFF1D980088401BEA
:10B86000801B83B2C6F1FF00984200D203461E99A6
:10B870000BA8D9B15FF00002DDF878C0CDE9032054
:10B8800009EB060189B2CDE901C10F980090BDF81E
:10B89000161000220D9801F00EFC387070B1C0B285
:10B8A000832807D0BDF8160020833AE00AEB09018F
:10B8B0008A19E1E7022011B0BDE8F08FBDF82C0035
:10B8C000811901F0FF08022D0DD09AF801204245A0
:10B8D00006D1BDF82010814207D0B8F1FF0F04D087
:10B8E0009AF801801FE08AF80180C9480068017851
:10B8F000052902D1BDF81610818009EB08001FFA56
:10B9000080F905EB080085B2DDE90C1005AB0F9A54
:10B9100001F03FFB28B91D980088411B4145BFF647
:10B9200071AF022D13D0BBF1100F0CD1A9EB0800A1
:10B93000801C81B20220CDE9000105AB52461E9960
:10B940000D98FFF707FF1D98058000203870002034
:10B95000B1E72DE9F8439C46089E13460027B26BD9
:10B960009AB3491F8CB2F18FA1F57F45FF3D05D0F9
:10B970005518AD882944891D8DB200E0002529198C
:10B98000B6F83C800831414520D82A44BCF8011063
:10B9900022F8021BBCF8031022F8021B984622F87A
:10B9A000024B914604F0BDFC4FF00C0C41464A4658
:10B9B0002346CDF800C004F0B8F8F587B16B00203D
:10B9C0002944A41D2144088003E001E0092700E088
:10B9D00083273846BDE8F88310B50B88848F9C42D6
:10B9E0000CD9846BE018048844B1848824F40044A2
:10B9F000A41D23440B801060002010BD0A2010BD40
:10BA00002DE9F0478AB00025904689468246ADF878
:10BA1000185007274BE0059806888088000446D414
:10BA2000A8F8006007A8019500970295CDE903509A
:10BA30004FF4007300223146504601F03CFB0400F5
:10BA40003CD1BDF81800ADF8200005980488818825
:10BA5000B44216D10A0414D401950295039521F439
:10BA600000410097049541F48043428821465046A6
:10BA700001F0BFF804000BD10598818841F4004122
:10BA8000818005AA08A94846FFF7A6FF0400DCD07C
:10BA90000097059802950195039504950188BDF8D6
:10BAA0001C300022504601F0A4F80A2C06D105AA49
:10BAB00006A94846FFF790FF0400ACD0ADF8185037
:10BAC00004E00598818821F40041818005AA06A937
:10BAD0004846FFF781FF0028F3D00A2C03D0204608
:10BAE0000AB0BDE8F0870020FAE710B50C46896B74
:10BAF00086B051B10C218DF80010A18FADF808105F
:10BB0000A16B01916946FAF75BF800204FF6FF71CF
:10BB1000A063E187A08706B010BD2DE9F0410D4676
:10BB20000746896B0020069E1446002911D0012B80
:10BB30000FD1324629463846FFF762FF002808D168
:10BB4000002C06D0324629463846BDE8F04100F0C8
:10BB500034BFBDE8F0812DE9FC411446DDE9087CE5
:10BB60000E46DDE90A15521DBCF800E092B296457A
:10BB700002D20720BDE8FC81ACF8002017222A7011
:10BB8000A5F80160A5F803300522CDE900423B4647
:10BB90002A46FFF7DFFD0020ECE770B50C4615469E
:10BBA00048220021204601F0EEFB04F1080044F891
:10BBB0001C0F00204FF6FF71E06161842084A58492
:10BBC0001720E08494F82A0040F00A0084F82A0044
:10BBD00070BD4FF6FF720A800146032008F09EB840
:10BBE00030B585B00C460546FFF77FFFA18E28468D
:10BBF00029B101218DF800106946F9F7E1FF002015
:10BC0000E0622063606305B030BDB0F8400070476B
:10BC10005C00002090F84620920703D440880880FA
:10BC20000020F4E70620F2E790F846209207EED5D0
:10BC3000A0F84410EBE70146002009880A0700D568
:10BC4000012011F0F00F01D040F00200CA0501D52B
:10BC500040F004008A0501D540F008004A0501D5EE
:10BC600040F010000905D2D540F02000CFE700B524
:10BC7000034690F84600C00701D0062000BDA3F897
:10BC800042101846FFF7D7FF10F03E0F05D093F88B
:10BC9000460040F0040083F8460013F8460F40F0D9
:10BCA00001001870002000BD90F84620520700D512
:10BCB00011B1B0F84200AAE71720A8E710F8462F04
:10BCC00061F3C3020270A2E72DE9FF4F9BB00E00A3
:10BCD000DDE92B34DDE92978289D24D02878C107B7
:10BCE00003D000F03F00192801D9012100E0002114
:10BCF0002046FFF7D9FFB04215D32878410600F05F
:10BD00003F010CD41E290CD0218811F47F6F0AD179
:10BD10003A8842B1A1F57F42FF3A04D001E01229EE
:10BD200001D1000602D504201FB0C5E5FA491D98CF
:10BD30004FF0000A08718DF818A08DF83CA00FAAEA
:10BD40000A60ADF81CA0ADF850A02978994601F022
:10BD50003F02701F5B1C04F1180C4FF0060E4FF0F1
:10BD6000040BCDF858C01F2A7ED2DFE802F07D7D9B
:10BD7000107D267DAC7DF47DF37DF27DF17DF47D3B
:10BD8000F07D7D7DEF7DEE7D7D7D7D7DED0094F808
:10BD90004610B5F80100890701D5032E02D08DF8B1
:10BDA00018B01EE34FF40061ADF85010608003211D
:10BDB0008DF83C10ADF84000D4E2052EEFD1B5F877
:10BDC00001002083ADF81C00B5F80310618308B1B1
:10BDD000884201D9012079E10020A07220814FF62C
:10BDE000FF702084169801F0D1F8052089F8000032
:10BDF0000220029083460AAB1D9A16991B9801F007
:10BE0000C8F890BB9DF82E00012804D0022089F8C4
:10BE10000100102003E0012089F8010002200590B4
:10BE2000002203A90BA805F000FFE8BB9DF80C0059
:10BE3000059981423DD13988801CA1EB0B018142DB
:10BE400037DB02990220CDE900010DF12A034A46B1
:10BE500041461B98FFF77EFC02980BF1020B801CF9
:10BE600081B217AA029101E09CE228E003A90BA885
:10BE700005F0DBFE02999DF80C00CDE9000117AB3F
:10BE80004A4641461B98FFF765FC9DF80C000AAB3B
:10BE90000BEB00011FFA81FB02991D9A084480B246
:10BEA000029016991B9800E003E001F072F8002858
:10BEB000B6D0BBF1020F02D0A7F800B04FE20A20C3
:10BEC0008DF818004BE200210391072EFFF467AFB5
:10BED000B5F801002083ADF81C00B5F8032062839B
:10BEE00000283FF477AF90423FF674AF0120A07274
:10BEF000B5F8050020810020A073E06900F04EFD38
:10BF000078B9E16901208871E2694FF4205191808C
:10BF1000E1698872E16942F601000881E069002167
:10BF20008173F01F20841E98606207206084169839
:10BF300001F02CF8072089F80000012004900290FD
:10BF40000020ADF82A0028E019E29FE135E1E5E0A4
:10BF500012E2A8E080E043E00298012814D0E069F2
:10BF60008079012803D1BDF82800ADF80E000498AF
:10BF700003ABCDE900B04A4641461B98FFF7EAFB08
:10BF80000498001D80B20490BDF82A00ADF80C00A2
:10BF9000ADF80E00059880B202900AAB1D9A169972
:10BFA0001B9800F0F6FF28B902983988001D05900B
:10BFB0008142D1D20298012881D0E069807901289C
:10BFC00003D1BDF82800ADF80E00049803ABCDE90D
:10BFD00000B04A4641461B98FFF7BCFB0298BDE102
:10BFE000072E02D0152E7FF4DAAEB5F801102183AA
:10BFF000ADF81C10B5F80320628300293FF4EAAEC7
:10C0000091423FF6E7AE0121A1724FF0000BA4F878
:10C0100008B084F80EB0052E07D0C0B2691DE269E1
:10C0200005F0E4FD00287FF44AAF4FF6FF7020844E
:10C0300001A906AA14A8CDF800B081E885032878E4
:10C04000214600F03F031D9A1B98FFF79BFB824699
:10C05000208BADF81C0082E10120032EC3D14021CA
:10C06000ADF85010B5F801102183ADF81C100AAAE4
:10C07000B8F1000F00D00023CDE9020304921D980F
:10C08000CDF80480009038880022401E83B21B98AF
:10C0900001F011F88DF8180090BB0B2089F8000012
:10C0A000BDF8280035E04FF0010C052E9BD1802013
:10C0B000ADF85000B5F801102183B5F803002084D5
:10C0C000ADF81C10B0F5007F03D907208DF81800DB
:10C0D00087E140F47C4222840CA8B8F1000F00D024
:10C0E0000023CDE90330CDE9018C1D9800903888FC
:10C0F000401E83B21B9800F0DEFF8DF8180018B1C7
:10C100008328A8D10220BFE00D2189F80010BDF8D6
:10C110003000401C22E100005C000020032E04D20D
:10C1200048067FF53CAE002018E1B5F80110ADF8E7
:10C130001C102878400602D58DF83CE002E007206C
:10C140008DF83C004FF000080320CDE902081E9B4B
:10C15000CDF810801D980193A6F1030B00901FFAF3
:10C160008BF342461B9800F044FD8DF818008DF8C3
:10C170003C80297849060DD52088C00506D5208B3E
:10C18000BDF81C10884201D1C4F8248040468DF8C7
:10C190001880E3E0832801D14FF0020A4FF4807049
:10C1A000ADF85000BDF81C002083A4F820B01E9804
:10C1B0006062032060841321CDE0052EFFF4EFAD13
:10C1C000B5F80110ADF81C10A28F6AB3A2F57F4339
:10C1D000FE3B29D008228DF83C2000BF4FF0000B19
:10C1E0000523CDE9023BDDF878C0CDF810B01D9AEB
:10C1F00080B2CDF804C040F400430092B5F80320AB
:10C200001B9800F0F6FC8DF83CB04FF400718DF8EF
:10C210001800ADF85010832810D0F8B1A18FA1F507
:10C220007F40FE3807D0DCE00B228DF83C204FF633
:10C23000FE72A287D2E7A4F83CB0D2E000942B466D
:10C2400031461E9A1B98FFF784FB8DF8180008B141
:10C2500083284BD1BDF81C00208353E700942B4664
:10C2600031461E9A1B98FFF774FB8DF81800E8BB47
:10C27000E18FA06B0844831D8DE888034388828882
:10C2800001881B98FFF767FC824668E095F80180FB
:10C29000022E70D15FEA080002D0B8F1010F6AD116
:10C2A00009208DF83C0007A800908DF84080434697
:10C2B000002221461B98FFF730FC8DF842004FF01A
:10C2C000000B8DF843B050B9B8F1010F12D0B8F19E
:10C2D000000F04D1A18FA1F57F40FF380AD0A08FB5
:10C2E00040B18DF83CB04FF4806000E037E0ADF82D
:10C2F00050000DE00FA91B98F9F762FC82468DF8FB
:10C300003CB04FF48060ADF85000BAF1020F06D097
:10C31000FC480068C07928B18DF8180027E0A4F81F
:10C32000188044E0BAF1000F03D081208DF8180086
:10C330003DE007A800904346012221461B98FFF7E5
:10C34000ECFB8DF8180021461B98FFF7CEFB9DF8FB
:10C35000180020B9192189F80010012038809DF8B3
:10C360003C0020B10FA91B98F9F72AFC8246BAF1CC
:10C37000000F33D01BE018E08DF818E031E0207892
:10C38000000712D5012E10D10A208DF83C00E0885C
:10C39000ADF8400003201B9907F0C0FC0820ADF861
:10C3A0005000C0E648067FF5FAAC4FF0040A20883A
:10C3B000BDF8501008432080BDF8500080050BD513
:10C3C000A18FA1F57F40FE3806D11E98E062289823
:10C3D0002063A6864FF0030A5046A5E49DF8180096
:10C3E00078B1012089F80000297889F80110BDF89A
:10C3F0001C10A9F802109DF8181089F804100520E7
:10C4000038802088BDF8501088432080E4E72DE96B
:10C41000FF4F8846087895B0012181404FF209000E
:10C42000249C0140ADF820102088DDF88890A0F50C
:10C430007F424FF0000AFF3A06D039B1000705D518
:10C44000012019B0BDE8F08F0820FAE7239E4FF0D5
:10C45000000B0EA886F800B018995D460988ADF863
:10C460003410A8498DF81CB0179A0A718DF838B0AD
:10C47000086098F8000001283BD0022809D0032862
:10C480006FD1307820F03F001D303070B8F80400D4
:10C49000E08098F800100320022904D1317821F0BF
:10C4A0003F011B31317094F84610090759D505AB8F
:10C4B000B9F1000F13D0002102AA82E80B00072077
:10C4C000CDE90009BDF83400B8F80410C01E83B2ED
:10C4D0000022159800F0EFFD0028D1D101E0F11CF9
:10C4E000EAE7B8F80400A6F80100BDF81400C01C83
:10C4F00004E198F805108DF81C1098F80400012844
:10C5000006D04FF4007A02282CD00328B8D16CE171
:10C510002188B8F8080011F40061ADF8201020D08F
:10C5200017281CD3B4F84010814218D3B4F8441033
:10C53000172901D3814212D1317821F03F01C91C62
:10C540003170A6F801000321ADF83410A4F84400BE
:10C5500094F8460020F0020084F8460065E10525C5
:10C560007EE177E1208808F1080700F4FE60ADF86D
:10C57000200010F0F00F1BD010F0C00F03D038884F
:10C58000228B9042EBD199B9B878C00710D0B96826
:10C590000720CDE902B1CDF804B00090CDF810B07D
:10C5A000FB88BA883988159800F023FB0028D6D17B
:10C5B0002398BDF82010401C80294ED006DC10299D
:10C5C0000DD020290BD0402987D124E0B1F5807F00
:10C5D0006ED051457ED0B1F5806F97D1DEE0C806B0
:10C5E00001D5082000E0102082460DA907AA0520E9
:10C5F000CDE902218DF83800ADF83CB0CDE90496C4
:10C6000008A93888CDE9000153460722214615982C
:10C61000FFF7B8F8A8E09DF81C2001214FF00A0AA6
:10C62000002A9BD105ABB9F1000F00D00020CDE965
:10C6300002100720CDE90009BDF834000493401E24
:10C6400083B2218B0022159800F035FD8DF81C0077
:10C650000B203070BDF8140020E09DF81C20012153
:10C660004FF00C0A002A22D113ABB9F1000F00D011
:10C670000020CDE902100720CDE900090493BDF8A0
:10C680003400228C401E83B2218B159800F013FDDC
:10C690008DF81C000D203070BDF84C00401CADF82A
:10C6A000340005208DF83800208BADF83C00BCE04C
:10C6B0003888218B88427FF452AF9DF81C004FF0E0
:10C6C000120A00281CD1606AA8B1B878C0073FF4EC
:10C6D00046AF00E018E0BA680720CDE902B2CDF815
:10C6E00004B00090CDF810B0FB88BA88159800F01F
:10C6F00080FA8DF81C00132030700120ADF8340052
:10C7000093E000005C0000203988208B8142D2D168
:10C710009DF81C004FF0160A0028A06B08D0E0B36B
:10C720004FF6FF7000215F46ADF808B0019027E09A
:10C7300068B1B978C907BED1E18F0DAB0844821D3D
:10C7400003968DE80C0243888288018809E0B87856
:10C75000C007BCD0BA680DAB03968DE80C02BB884D
:10C76000FA881598FFF7F7F905005ED0072D72D00B
:10C7700076E0019005AA02A92046FFF72DF90146AF
:10C78000E28FBDF80800824201D00029F1D0E08F8D
:10C79000A16B084407800198E08746E09DF81C00E3
:10C7A0004FF0180A40B1208BC8B138882083214649
:10C7B0001598FFF79AF938E004F118000090237EED
:10C7C000012221461598FFF7A8F98DF81C000028D2
:10C7D000EDD1192030700120ADF83400E7E70525D0
:10C7E00021461598FFF781F93AE0208800F400709F
:10C7F000ADF8200050452DD1A08FA0F57F41FE3926
:10C8000001D006252CE0D8F808004FF0160A48B1F0
:10C81000A063B8F80C10A1874FF6FF71E187A0F86C
:10C8200000B002E04FF6FF70A087BDF8200030F4A2
:10C830007F611AD0782300220320159907F0C4F9EC
:10C8400098F8000020712088BDF82010084320804F
:10C850000EE000E007252088BDF8201088432080E6
:10C86000208810F47F6F1CD03AE02188814321801A
:10C870009DF8380020B10EA91598F9F7A1F90546E1
:10C880009DF81C000028EBD086F801A00120307034
:10C89000208B70809DF81C0030710520ADF83400AD
:10C8A000DEE7A18EE1B118980DAB0088ADF8340039
:10C8B0002398CDE90304CDE90139206B0090E36AA8
:10C8C000179A1598FFF700FA054601208DF83800F1
:10C8D0000EA91598F9F774F900B10546A4F834B01B
:10C8E00094F8460040070AD52046FFF7A4F910F057
:10C8F0003E0F04D114F8460F20F004002070189861
:10C90000BDF83410018028469BE500B585B00328AA
:10C9100006D102208DF8000088B26946F9F750F977
:10C9200005B000BD10B5384C0B782268012B02D041
:10C93000022B2AD111E013780BB1052B01D104236E
:10C94000137023688A889A802268CB88D3802268F3
:10C950000B891381498951810DE08B88938022686E
:10C96000CB88D38022680B8913814B8953818B89B3
:10C970009381096911612168F9F722F92268002180
:10C980000228117003D0002800D0812010BD832020
:10C9900010BD806B002800D00120704781780129EC
:10C9A00009D10088B0F5205F03D042F6010188422A
:10C9B00001D10020704707207047F0B587B00024F0
:10C9C00015460E460746ADF8184011E00598008858
:10C9D000288005980194811DCDE902410721049426
:10C9E0000091838842880188384600F002F930B906
:10C9F00005AA06A93046FEF7EFFF0028E6D00A2870
:10CA000000D1002007B0F0BD5C00002010B58B788D
:10CA100083B102789A4205D10B885BB102E08B7931
:10CA2000091D4BB18B789A42F9D1B0F801300C88CE
:10CA3000A342F4D1002010BD812010BD072826D0CC
:10CA400012B1012A27D103E0497801F0070102E081
:10CA50004978C1F3C20105291DD2DFE801F00318AE
:10CA6000080C12000AB10320704702207047042806
:10CA70000DD250B10DE0052809D2801E022808D33E
:10CA800003E0062803D0032803D0052070470020C8
:10CA900070470F20704781207047C0B282060BD4C8
:10CAA000000607D5FA48807A4143C01D01EBD0004B
:10CAB00080B27047084670470020704770B51388F1
:10CAC0000B800B781C0625D5F14CA47A844204D83F
:10CAD00043F010000870002070BD956800F0070654
:10CAE00005EBD0052D78F54065F304130B70137832
:10CAF000D17803F0030341EA032140F20123B1FBA3
:10CB0000F3F503FB15119268E41D00FB012000EB17
:10CB1000D40070BD906870BD37B51446BDF80410E0
:10CB20001180117841F0040111709DF804100A067B
:10CB30001ED5D74AA368C1F30011927A824208D861
:10CB4000FE2811D1D21DD2084942184600F01BFC24
:10CB50000AE003EBD00200F00703012510789D40A6
:10CB6000A843994008431070207820F010002070EE
:10CB70003EBD2DE9F0410746C81C0E4620F00300DB
:10CB8000B04202D08620BDE8F081C14D002034467D
:10CB90002E60AF802881AA72E8801AE0E988491CDB
:10CBA000E980810614D4E17800F0030041EA002016
:10CBB00040F20121B0FBF1F201FB12012068FFF706
:10CBC0006CFF2989084480B22881381A3044A0605B
:10CBD0000C3420784107E1D40020D4E7AC4801228E
:10CBE0000189C08800EB400002EB8000084480B25D
:10CBF00070472DE9FF4F89B01646DDE9168A0F46CA
:10CC0000994623F44045084600F054FB040002D046
:10CC10002078400703D401200DB0BDE8F08F0998BB
:10CC200003F016FA02902078000606D59848817A1B
:10CC30000298814201D88720EEE7224601A9029896
:10CC4000FFF73CFF834600208DF80C004046B8F10A
:10CC5000070F1AD001222146FFF7F0FE0028DBD192
:10CC60002078400611D502208DF80C00ADF8107028
:10CC7000BDF80400ADF81200ADF814601898ADF8D6
:10CC80001650CDF81CA0ADF818005FEA094004D595
:10CC900000252E46A84601270CE02178E07801F017
:10CCA000030140EA012040F20121B0FBF1F280468D
:10CCB00001FB12875FEA494009D5B84507D1A17841
:10CCC000207901F0030140EA0120B04201D3BE42C5
:10CCD00001D90720A0E7A8191FFA80F9B94501D9A1
:10CCE0000D2099E79DF80C0028B103A90998F8F7E1
:10CCF00065FF002890D1B84507D1A0784FEA1921E7
:10CD000061F30100A07084F804901A9800B10580C6
:10CD1000199850EA0A0027D0199830B10BEB060099
:10CD20002A46199900F005FB0EE00BEB0608574662
:10CD3000189E099803F0F5FA2B46F61DB5B2394650
:10CD40004246009502F0F1FE224601A90298FFF743
:10CD5000B5FE9DF80400224620F010008DF8040076
:10CD6000DDE90110FFF7D8FE002055E72DE9FF4F60
:10CD7000DFF81C91824685B0B9F80610D9F800009A
:10CD800001EB410100EB810440F20120B2FBF0F124
:10CD9000174600FB1175DDE9138B4E4629460698B0
:10CDA000FFF77BFE0346FFF719FF1844B1880C30EC
:10CDB000884202D9842009B02FE70698C6B230060F
:10CDC00003D5B00601D50620F5E7B9F80620521CB8
:10CDD00092B2A9F80620BBF1000F01D0ABF80020F9
:10CDE000B00602D5C4F808800AE0B9F808201A4451
:10CDF00092B2A9F80820D9F80000891A0844A06066
:10CE00002246FE200699FFF787FEE77025712078FD
:10CE1000390A61F301002A0AA17840F0040062F3A4
:10CE20000101A17020709AF802006071BAF8000048
:10CE3000E08000252573300602D599F80A7000E0DD
:10CE40000127B00601D54FF000084E4600244FF0F0
:10CE500007090FE0CDE902580195CDF8009004953F
:10CE6000F1882046129B089AFFF7C3FE0028A2D142
:10CE7000641CE4B2BC42EDD300209CE700B5FFF790
:10CE8000ADFE03490C308A88904203D9842000BD4E
:10CE900098050020CA88086802EB420300EB830073
:10CEA000521C037823F004030370CA80002101732D
:10CEB0000846ECE72DE9F047804600F0FBF9070053
:10CEC00005D000264446F74D40F2012916E0012026
:10CED000BDE8F087204600F0EDF90278C17802F055
:10CEE000030241EA0222B2FBF9F309FB13210068B5
:10CEF000FFF7D3FD3044641C86B2A4B2E988601EFB
:10CF00008142E7DCA8F10100E8802889801B2881A4
:10CF100000203870DCE710B5144631B1491E21807D
:10CF200003F096F8A070002010BD012010BD70B570
:10CF30000446DC48C188036801E0401C208020884A
:10CF4000884207D200EB400213EB820202D0157830
:10CF50006D07F2D580B2884216D2AAB15079A0727C
:10CF6000D08820819178107901F0030140EA0120F6
:10CF7000A081A078E11CFFF7A1FD20612088401C62
:10CF80002080E080002070BD0A2070BD0121018258
:10CF900070472DE9FF4F85B04FF6FF798246A3F821
:10CFA000009048681E460D4680788DF80600486857
:10CFB0000088ADF8040000208DF80A00088A0C886B
:10CFC000A04200D304462C8251E03878400708D4B0
:10CFD000641C288AA4B2401C288208F10100C0B257
:10CFE00046E0288A401C2882781D6968FFF70EFDFC
:10CFF000D8BB3188494501D1601E30803188A1EB12
:10D00000080030806888A04238D3B878397900F0B9
:10D01000030041EA002801A9781DFFF7F7FC20BBB7
:10D02000298949452ED0002239460798FFF706FD89
:10D03000D8B92989414518D1E9680391B5F80AC0E2
:10D04000D7F808B05046CDF800C003F06AF9DDF813
:10D0500000C05A460CF1070C1FFA8CFC434603999A
:10D06000CDF800C002F02BFD60B1641CA4B200201A
:10D070008046204600F01EF90700A6D1641E2C82CF
:10D080000A2098E674807879B071F888B080397891
:10D09000F87801F0030140EA01207081A6F80C80C5
:10D0A000504602F0D5FF3A4606F10801FFF706FDAB
:10D0B000306100207FE62DE9FF4F87B081461C4696
:10D0C0009246DDF860B0DDF85480089800F0F2F880
:10D0D000050002D02878400702D401200BB09CE55F
:10D0E000484602F0B5FF2978090605D56D49897AC9
:10D0F000814201D88720F1E7CAF309062A4601A92F
:10D10000FFF7DCFC0746149807281CD000222946AC
:10D11000FFF794FC0028E1D12878400613D50120C0
:10D120008DF808000898ADF80C00BDF80400ADF8C3
:10D130000E00ADF81060ADF8124002A94846F8F7AD
:10D140003DFD0028CAD12978E87801F0030140EAC2
:10D150000121AA78287902F0030240EA022056450C
:10D1600007D0B1F5007F04D9611E814201DD0B209B
:10D17000B4E7864201D90720B0E7801B85B2A542FB
:10D1800000D92546BBF1000F01D0ABF8005017982D
:10D1900018B1B9192A4600F0CCF8B8F1000F0DD03B
:10D1A0003E4448464446169F03F0CDF82146FF1DF5
:10D1B000BCB232462B46009402F0EBFC00208DE717
:10D1C0002DE9F04107461D461646084600F072F864
:10D1D000040002D02078400701D40120D3E438466F
:10D1E00002F036FF2178090605D52E49897A814259
:10D1F00001D88720C7E422463146FFF75FFC65B1BE
:10D200002178E07801F0030140EA0120B0F5007FC9
:10D2100001D8012000E0002028700020B3E42DE9AF
:10D22000F04107461D461646084600F043F8040044
:10D2300002D02078400701D40120A4E4384602F04F
:10D2400007FF2178090605D51649897A814201D858
:10D25000872098E422463146FFF75EFCFF2D14D06C
:10D260002178E07801F0030240EA022040F2012236
:10D27000B0FBF2F302FB130015B900F2012080B2FB
:10D28000E070000A60F30101217000207BE410B51A
:10D290000C4600F00FF810B10178490704D40120C2
:10D2A00010BD000098050020C18821804079A07041
:10D2B0000020F5E70749CA88824209D340B10968CE
:10D2C00000EB40006FF00B0202EB80000844704757
:10D2D000002070479805002070B504460D46214691
:10D2E0002B460AB9002070BD01E0491C5B1C501E92
:10D2F000021E03D008781E78B042F6D008781E7857
:10D30000801BF0E730B50C4601462346051B9542CD
:10D3100006D202E0521E9D5C8D54002AFAD107E02D
:10D3200004E01D780D70491C5B1C521E002AF8D1C8
:10D3300030BDF0B50E460146334680EA030404F0E2
:10D340000304B4B906E002B9F0BD13F8017B01F89B
:10D35000017B521E01F00307002FF4D10C461D463D
:10D3600002E080CD80C4121F042AFAD221462B4647
:10D3700000BF04E013F8014B01F8014B521E002AD4
:10D38000F8D100BFE0E7F0B50C460146E6B204E094
:10D3900002B9F0BD01F8016B521E01F00307002F26
:10D3A000F6D10B46E5B245EA052545EA054501E01B
:10D3B00020C3121F042AFBD2194602E001F8016BB8
:10D3C000521E002AFAD100BFE3E710B506F0F7FEBF
:10D3D000FAF792F906F09CFDBDE8104006F02EBE6B
:10D3E000202801D2012070470020704701224FF011
:10D3F000A043824011B1C3F80C257047C3F808253B
:10D4000070474FF0A04101228240C1F818257047B3
:10D4100070B50346002002466FF02F050EE09C5CBD
:10D42000A4F130060A2E02D34FF0FF3070BD00EB9E
:10D43000800005EB4000521C2044D2B28A42EED359
:10D4400070BD30B50A230BE0B0FBF3F403FB14040A
:10D45000B0FBF3F08D183034521E05F8014CD2B2F7
:10D46000002AF1D130BD30B500234FF6FF7510E032
:10D47000040A44EA002084B2C85C6040C0F303148C
:10D48000604005EA00344440E0B25B1C84EA40108E
:10D490009BB29342ECD330BDF94A137882F88B30BB
:10D4A000A2F88C0082F88A10012082F8880092F895
:10D4B000640008B192F8600082F88E00704710B5E1
:10D4C0000B46114658B11846FFF7E6FFED48806855
:10D4D000008802F026FFBDE8104002F0CDBBBDE899
:10D4E00010404FF6FF70D7E770B50026044646702F
:10D4F000E44D1120207029682022A01C6831FFF71C
:10D5000018FF0121A171286800F8666F8078002853
:10D5100011D1DB48B0F86A20A0F89220AA68537BAA
:10D5200080F8943080F89010108802F0FAFEBDE880
:10D53000704002F0B0BB70BD70B5D24D296891F853
:10D5400096200024012A11D091F89020012A1CD0A5
:10D5500091F86620012A22D091F88820012A21D052
:10D5600091F8A020012A2ED0002070BD447017220F
:10D57000027051F8972FC0F802204A68C0F80620C0
:10D580000A7A827201F8014C1BE044700522027095
:10D59000D1F89220C0F8022081F8904011E0FFF706
:10D5A000A3FF0EE091F86620012AF8D044701422FF
:10D5B000027051F88A2FC0F802208A88C28001F8D0
:10D5C000024C012070BD44701A2200F8022B222266
:10D5D000A131FFF7AEFE286880F8A040F1E7A94826
:10D5E000006890F8661011B1B0F86A0070474FF605
:10D5F000FF70704770B5A34C206800B9FFDF20684A
:10D60000417811B10C25284670BD0025C422294659
:10D61000FFF7B9FE2168FF2008707F2081F83700EE
:10D6200013204884282081F86500012081F85C00DF
:10D63000002081F85F0007F0AFF906F091FCE2E707
:10D6400070B5904C0546206800B9FFDF21680020C6
:10D6500048706560FFF7CEFF002800D0FFDF70BD87
:10D66000884909680978814201D10120704700206A
:10D670007047844800B5016891F82400498CC0F3D4
:10D680008002C0F340031A4400F001001044132943
:10D6900015D004DC102909D0122904D10FE0152976
:10D6A00008D01D2904D0FFDF002000BD764903E02B
:10D6B000764800BD7449083131F8100000BD724948
:10D6C0000839F9E76F4840F271210068806A4843E1
:10D6D00070476C48006890F83600002800D00120A0
:10D6E000704710B5664C207B00F074FD40B1207D82
:10D6F00004F115010BF034FB082801D0012010BD06
:10D70000207B30B1022804D00120BDE8104007F092
:10D71000A6BC0020F9E75A490873704759490968BF
:10D7200081F83000704770B50646554890F82D00D6
:10D730000BF0A4FA050018D010210BF076FD00289C
:10D7400013D1504C012032462168C87628461C313E
:10D7500007F092FCD4E900101C310BF0BFFF6068A9
:10D76000BDE8704001210BF0C8BF70BD2DE9F0414C
:10D77000434C074694F82D000BF0FDFA064694F84A
:10D780002F0004F10E0528B126B194F82D000BF0FE
:10D7900018FAA0B194F83000002824D094F82E0094
:10D7A000002820D0607B294600F025FDA8B10BF0B1
:10D7B0008AFB3A462946BDE8F04107F05DBC0120EE
:10D7C00060733A462946304607F056FC94F82D100F
:10D7D0002846BDE8F0410BF065BB39462846BDE858
:10D7E000F04107F07EBCBDE8F08170B5254C2168A2
:10D7F000087BB0B1022814D0012048730E3107F025
:10D8000018FC2068007B00F0E5FC216881F82F00FF
:10D81000082081F82D00487B0E3100F0E3FC40B970
:10D8200001E00020E9E72168487B0E3100F0E3FCCD
:10D8300000B10120216881F82E0091F82F0018B95D
:10D8400091F82200400706D5087D15310BF088FAC3
:10D85000216881F82D0020680025456004F0ADFDA9
:10D86000216888600020FFF781FF2068C57690F866
:10D87000220040070CD5BDE87040002053E70000AF
:10D88000A405002064000020A0B101008F891300CE
:10D8900070BDFB4A1268137B0370D2F80E0008605B
:10D8A000508A8880704778B5F6490446F44D407B2D
:10D8B00008732A68207810706088ADF8000080B284
:10D8C00000F00101C0F3400341EA4301C0F38003CB
:10D8D00041EA8301C0F3C00341EAC301C0F300136E
:10D8E00041EA0311C0F3401341EA4311C0F3801031
:10D8F00041EA80105084E07D012825D0022825D0FF
:10D90000FFDF286880F85E60217B80F82410418C5E
:10D910001D291DD061688162617D80F83610A17B70
:10D92000C1B1022916D00121017554F80F1FC0F8AA
:10D930001510A188A0F81910217B012900D0002121
:10D9400080F83410002078BD0126DAE70226D8E7F7
:10D950000021E0E70021E7E7C948006890F82200CD
:10D96000C0F38000704700B5FFF7F6FF08B1002054
:10D9700000BD1F2000BD00B5FFF7F5FF002800D057
:10D98000012000BDBE49002209680A664B8C1D2B90
:10D9900002D081F86400704781F864207047B84A6B
:10D9A0000023126882F85D3042F84C1F90800120FD
:10D9B00050747047B24A0023126882F85C30A2F8B3
:10D9C000580042F8541F012010727047AC49096892
:10D9D00081F835007047AA49096881F85F007047EF
:10D9E000A748006890F95F007047A548006890F864
:10D9F000220000F001007047A148006890F8220062
:10DA0000C0F340007047002070479D48006890F8C0
:10DA10002200C0F3C000704701207047012070470A
:10DA20000120704770B500F0FAFB954C2068016E3C
:10DA3000491C016690F83300002530B106F0ACFFB8
:10DA400006F08EFA206880F833502068457090F810
:10DA5000381009B102201AE090F86410B1B1006EDC
:10DA6000814213D8022007F095FF206890F8220029
:10DA7000C00704D0A06843220188012003E04322AC
:10DA80004FF6FF710020BDE8704018E50020BDE8AA
:10DA9000704007F07FBF10B501280DD002280DD0CF
:10DAA00004280FD0FFDF7648006890F85E10BDE8CC
:10DAB0001040252006F0FEBB252000E0262006F0C1
:10DAC000D3FCF0E72720FAE702460020D30701D075
:10DAD000CB0705D0930705D58B0703D402207047E9
:10DAE000012070475207FCD54907FAD4042070473B
:10DAF0002DE9F041624C86B0206800B9FFDF206854
:10DB00004178E9BB0178FF2942D0002580F83150E7
:10DB1000A0F85A50857080F83850284606F09EFECE
:10DB2000182259496846FFF704FC684606F08AFE49
:10DB300006F0CCFB206890F95F0006F085FC5248A7
:10DB40001D3806F087FC5048203806F06CFE6068EF
:10DB500006F087FE2068002190F82400FFF7B4FF4C
:10DB6000FFF799FF206880F82C5006F071FE2068BE
:10DB700090F85E10002006F030FD0F21052000E037
:10DB800006E006F038FC206890F82E1051B902E04B
:10DB90000C2006B027E690F82F1019B990F8220053
:10DBA00040072BD504F009FC804620684146806878
:10DBB00005F004F9354F064690FBF7F007FB1060BF
:10DBC0004142404604F0CDF82168886096FBF7F0AA
:10DBD0004A68104448600BF0BFF821684A689042D8
:10DBE0000CD8C1E901580120FFF7C0FD206890F86A
:10DBF0002200400702D50120FFF795FD2068417BF8
:10DC00000E3006F0EAFB206890F85C1039B1B0F8ED
:10DC10005810A0F84810416D416480F85C5090F8AD
:10DC20005D1041B1B0F85010A0F84010C16C40F840
:10DC30003C1F80F821500BF0FCF8032160680BF0CA
:10DC40002FF9216881F833000020A2E70C49886091
:10DC500070472DE9F0410A4C0746002620683146FE
:10DC6000C57E6068068000F0D1FA2068408C1328D9
:10DC700040D00DDC102861D012280DD15CE00000EE
:10DC800064000020A4050020B0B1010040420F0054
:10DC9000152838D01D2836D0FFDF00BF00F0CAFAA3
:10DCA0002068418C1D2907D0152905D0B0F84820DF
:10DCB000416C60680BF028FD206890F82C1090F8FB
:10DCC0002400FFF701FF05463FB1FFF7E4FE012204
:10DCD0004FF49671002006F01EFD206890F82C107D
:10DCE000294380F82C1090F824208A434FF001013A
:10DCF00029D02DE0002160680BF0C4FC0121606890
:10DD000000F084FACAE7012160680BF0BBFC012136
:10DD1000606800F07BFAD4E9001025B11C310BF0EB
:10DD2000DDFC012104E015310BF0D8FC2068017DF9
:10DD300060680BF0E2FCB1E7062100E002216068B8
:10DD40000BF0A0FCAAE7428C1D2A0BD080F8311002
:10DD50004170418C13290ED007DC10290AD01229FA
:10DD600007D108E080F82C60F2E7152903D01D29BF
:10DD700001D0FFDF37E590F85E20BDE8F0410121DA
:10DD8000084606F05ABEF84810B50068417841B917
:10DD90000078FF2805D00021084600F059FA00203D
:10DDA00010BD00F03CFA0C2010BD2DE9F041EE4D05
:10DDB0000446174628680E4690F8660000B1FFDF5B
:10DDC0002968002F81F868704ED12088A1F86A0078
:10DDD0006088A1F88000A088A1F88200E088A1F8FE
:10DDE000840094F88C0181F8860091F82F0020B10E
:10DDF000487B0E3100F0FFF940B9296891F83000F6
:10DE000060B1487B0E3100F0EDF938B12868D0F8E8
:10DE10000E104167418AA0F8781003E02868476730
:10DE2000A0F878706968FF2E0878C0F380106076DB
:10DE3000D1F80300C4F81A00B1F80710E18314D038
:10DE4000296801F16E02C1F87A00E08BA1F87E002A
:10DE500030466D310AF099FF00B9FFDF286810F8ED
:10DE60006D1F41F002010170BDE42868C0F87A70AE
:10DE7000A0F87E70617E80F86D10D4F81A1040F81A
:10DE80006E1FE18B8180AEE470B5FFF7BEFDB64C2E
:10DE9000012538B13C22FF21A068FFF786FF2068EA
:10DEA00080F86650206890F82200C00704D0A0686F
:10DEB0003C220188012003E03C224FF6FF71002044
:10DEC000FFF7FDFA206880F8385070BDA649096850
:10DED00081F83200704770B5002507F0BAFC50B1E8
:10DEE000A14C20684178012908D0022901D00329DA
:10DEF00036D0FFDF70BDBDE8704093E58178002922
:10DF0000F8D1418C102913D090F8330020B106F0DD
:10DF100019F8402006F02DFD206890F822104907DE
:10DF200010D490F83610012904D0032902D002E061
:10DF3000002119E0102590F85E2045F00E01002028
:10DF400006F07BFD206890F8340008B106F054FD1F
:10DF50000021962006F0B1FC21680220487070BDB7
:10DF600081780029FBD18178BDE87040012000F064
:10DF70006FB957E510B57C4C206890F8340008B1B3
:10DF800000F07AF9206890F8330018B106F004FD2B
:10DF900005F0E6FF07F05DFC88B1206840780228B4
:10DFA00000D0FFDF0021012000F052F92068417805
:10DFB000002903D04078012800D0FFDF10BDBDE864
:10DFC00010402FE510B50AF0CBFE04460AF07DFFA5
:10DFD00038B120460AF052FE18B110210BF025F995
:10DFE00008B1002010BD012010BD2DE9F047DFF879
:10DFF00078910E460746032809D0FFF7F6FC044641
:10E00000D9F8000090F8320020B1012003E0FFF7BA
:10E01000F3FC04460020804606F018FA0546032F5C
:10E020002BD0012734EA080453D0D9F800004C461D
:10E0300090F8330068B10AF0E2FE30700146FF2824
:10E0400007D06068C01C0AF0B7FE30780AF0E1FE25
:10E05000054360680178C1F3801221680B7D9A4204
:10E0600005D10622C01C1531FFF736F938B1002062
:10E070003178FF290BD0D8B903E00227D2E701207D
:10E08000F6E7206890F82D00884211D008E038B1FA
:10E09000616811F8030BC0F38010FFF793FF38B1EC
:10E0A0000020216891F82210490703D5A0B910E09B
:10E0B0000120F6E785B92D4890F8360008B1B8423E
:10E0C00007D1616811F8030BC0F38010FFF77AFFE6
:10E0D00010B10020BDE8F0870120FBE7F8B5224C25
:10E0E0000746002520684078022800D0FFDF20681E
:10E0F00090F8340008B100F0BFF860680BF0E4FA63
:10E1000006460FB306F073F9F0B1052E1DD1606815
:10E1100090F8240000F01F00102816D9206890F80D
:10E12000350090B1FF208DF80000012569460520DB
:10E13000FFF75BFF40B1206880F8A05061682222A1
:10E14000A130C91CFFF7F5F815E060680BF0FCFA88
:10E1500088B1062E0FD2DFE806F00E0E0E030E0B6E
:10E1600000F0CDF806E0000064000020A4050020C7
:10E1700000F091F800B90125206890F8330018B13B
:10E1800006F00AFC05F0ECFE1DB10021012000F0B4
:10E190005FF820684178002906D04178012903D032
:10E1A0004078032800D0FFDFF8BD70B59F4E0546CC
:10E1B0000C463068807800280BD106F02FF8034613
:10E1C0003068214690F85E202846BDE8704007F090
:10E1D000C1BD70BD022803D0032801D000207047C4
:10E1E00001207047012802D14879800901D0002020
:10E1F000704701207047012806D148790121B1EB11
:10E20000901F01D101207047002070470278202321
:10E2100022F0200203EA41110A430270704710B550
:10E2200006F09AFB06F079FB06F0C8FABDE810404C
:10E2300006F0FFBA10B57D4C7D4960680BF048FAD6
:10E240007B480E38417B6068BDE810400BF04CBA4B
:10E25000764A10B5126892F831303BB1508C1D28C7
:10E2600000D1FFDFBDE81040FFF7DCBB002902D181
:10E27000BDE81040EDE410BD10B56C4C206837309F
:10E2800006F0C5FB18B921687F2081F83700BDE88A
:10E29000104006F0A7BB38B5FF208DF8000001251F
:10E2A00069460520FFF7A1FE30B3604C20688078F6
:10E2B00008BB6268A0681278417BC2F3401211402B
:10E2C0004173012100F04AF800229DF80010A06877
:10E2D000FFF76BFD2068012100F8661F82788188B6
:10E2E0000120FFF7ECF8216800204870FFF797FF46
:10E2F000012007F04FFB00E00025284638BD38B567
:10E30000FF208DF80000012569460320FFF76DFE10
:10E31000464C002820681CD090F8341031B190F899
:10E32000960018B99DF8000000F04CF860680021D4
:10E33000018004210BF0A6F9FFF77CFF2068B0F8FC
:10E340004020C16B60680BF0EFF921680320487032
:10E3500002E0807800B90025284638BD70B5334DFD
:10E360000446686850F80F2FC4F80E208288628235
:10E3700082792275C27962750289E282428962805D
:10E380008289A280C289E2800269A260027D227332
:10E39000427D02F01F022276407D400984F88C0104
:10E3A00084F8641084F86510002104F130000BF04B
:10E3B0002AFB286890F8651004F8661F90F85F0043
:10E3C000607070BD70B5194C0122216881F89620EB
:10E3D0000A7881F89720FF280DD001F19902983131
:10E3E0000AF0D3FC00B9FFDF206810F8981F41F055
:10E3F000020101700CE060680278C2F3801281F8BB
:10E400009820D0F8032041F8992FB0F807008880B1
:10E41000256895F837009F357F2800D1FFDF2068F9
:10E4200010F8371F29707F21017070BD6400002033
:10E43000B20500202DE9FC470C460646694600F06F
:10E4400010FF002860D1FFF7CAF8B0425CD0214627
:10E45000304608F0DEFF28BB019D95F82C01703591
:10E4600018B9287F08B1012000E00020814695F806
:10E4700039004FF000084FF0010AA0B195F83A00BA
:10E48000800710D584F8018084F800A084F8028009
:10E49000A68095F83B10A171A98F2181E98F618138
:10E4A00085F839802DE0304601F04DFF070000D19E
:10E4B000FFDF384601F06DF940B184F801800D218D
:10E4C0002170A680E08084F802A01AE0304601F0B6
:10E4D00028FF070000D1FFDFB9F1000F14D0384644
:10E4E00001F0AFF980B1304606F01EFD84F80180DE
:10E4F0000A21217084F80280A680697FA17185F8C5
:10E500001C800120BDE8FC870020FBE71CB56946A4
:10E5100000F0A7FE00B1FFDF684600F0AFFEF9494A
:10E5200000208968A1F8F2001CBD2DE9FC410446D9
:10E530000E46062001F06EFD00250746A84606445B
:10E5400017E02088401C80B22080B04202D34046B1
:10E55000A4F8008080B2B84204D3B04202D20020B6
:10E56000BDE8FC81694600F07CFE0028F8D06D1CF7
:10E57000EDB2AE42E5D84FF6FF7020801220EFE7F3
:10E5800010B506F043FD0AF026FBDF484FF6FF7199
:10E5900000234182818203701B2141804FF4A472C9
:10E5A0008280C180028103228275C2758272042436
:10E5B000C4728181C1810282837610BD70B5D14C55
:10E5C0000D466060217006F0ADFC00F063FEFFF7C1
:10E5D000D7FF207809F09EFD284607F04DFACA487B
:10E5E0002838FFF72DF82178606808F0F6FFBDE8BD
:10E5F00070400AF0F0BA10B501240AB1002010BD35
:10E6000021B1012903D00024204610BD02210BF0C6
:10E61000CBF8F9E7887800B90320C97801B903215C
:10E62000107019700020704730B587B0044600881C
:10E63000694600F016FE002806D1A08830B10128F6
:10E6400004D0022802D0122007B030BD05AB04AAC6
:10E6500021466846FFF7DEFF0400F5D1019901204D
:10E6600081F8C501019991F81012002539B9019975
:10E6700091F8C41119B9019991F8971009B13A2488
:10E6800015E00199039581F8C40101989DF81020C7
:10E6900080F8C621019B9DF8140083F8C7018DF80E
:10E6A0000C208DF80D0003AA01200AF0F4FE019859
:10E6B00080F8C5512046C7E710B504460020A17870
:10E6C00001B90120E2780AB940F0020000F0F6FD3D
:10E6D000002803D12046BDE81040A5E710BD70B565
:10E6E0000D4604460189002380880AF0C9FE696A44
:10E6F00081421DD2401A401CA1884008091A8AB2E2
:10E70000A2802189081A2081668895F86410104635
:10E710000AF08DFE864200D230466080E68895F889
:10E72000651020890AF083FE864200D23046E080E0
:10E7300070BDF0B585B00D46064603A900F091FD09
:10E7400000282AD104990022FB20B1F84E30FB2B7F
:10E7500000D30346B1F85040FB20FB2C00D3044605
:10E76000DFF8A8C19CE8811000900197CDF808C09F
:10E77000ADF80230ADF806406846FFF7B0FF6E8096
:10E78000BDF80400E880BDF808006881BDF802000B
:10E79000A880BDF806002881002005B0F0BD2DE955
:10E7A000F04186B004460088694600F05AFD002812
:10E7B00059D12189E08800F09BFD002853D1A18820
:10E7C000608800F095FD00284DD12189E08800F097
:10E7D00085FD002847D1A188608800F07FFD0600F4
:10E7E00041D1208802A9FFF7A4FF00B1FFDFBDF8E7
:10E7F000101062880920914235D3BDF80C10E288D0
:10E80000914230D3BDF81210BDF80E202389114477
:10E81000A2881A44914226D3019D01274FF0000897
:10E8200085F8BB71019890F8FC0105F5DD7508B11C
:10E830003A2615E0E08868806088E880218940F603
:10E840004800814200D30146A980A188814200D2BC
:10E8500008462881002228460199FFF740FF2F70C3
:10E8600085F80180304606B0BDE8F08197E710B525
:10E870000446FEF761FE002813D0207814280FD13B
:10E88000A07868B1A088062101F018FC40B100888A
:10E8900006F04AFBA088062101F022FC00B1FFDF50
:10E8A000012010BD2DE9F041060000D1FFDF164820
:10E8B000022114308046FFF738FE00B1FFDF124C12
:10E8C0000620A78A01F0A6FB0546A08AA84203D12C
:10E8D0003046FFF7CCFF20B9A08A3146FFF7AAFDEA
:10E8E00030B1304600F012FD0028EED10120BBE728
:10E8F00002214046FFF719FE10B9A08AB842E4D1C0
:10E900000020B1E77000002090060020C8B101008F
:10E9100010B500F083FC08B10C2010BD0AF096F988
:10E92000002010BD10B50446007818B1012801D0B0
:10E93000122010BD00F07DFC20B10AF0FDF908B1F5
:10E940000C2010BD207800F053FCE21D04F11703E9
:10E95000611CBDE810400AF09BB910B5044600F0F8
:10E960005DFC08B10C2010BD207818B1012801D041
:10E97000122010BD00F03CFC611C0AF041F908B106
:10E98000002010BD072010BD10B50AF0D9F908B15C
:10E99000002010BD302010BD10B5044600F049FC29
:10E9A00008B10C2010BD20460AF0C2F9002010BDAD
:10E9B00010B500F03EFC20B10AF0BEF908B10C2001
:10E9C00010BD0AF0A7F9002010BDFF2181704FF69D
:10E9D000FF718180F84949680A7882718A880281CA
:10E9E0004988418101214170002070471CB50024F5
:10E9F00012F1080F15D00CDC12F1280F11D012F112
:10EA0000140F0ED012F1100F0BD012F10C0F0CD10D
:10EA100007E012F1040F04D01AB1032A01D0042A2E
:10EA200003D1012804D0032806D0122420461CBD9F
:10EA30001046FEF7D0FFF9E708461446694600F095
:10EA400010FC08B10224F1E7019880F86740002427
:10EA5000ECE710B5134601220AF003FC002010BDBC
:10EA600010B5044600F0E5FB08B10C2010BD2146AE
:10EA7000002006F0CCFA002010BD10B5044607F0C7
:10EA800095F920B1207807F003F8002010BD0C2084
:10EA900010BD10B5044600F0CCFB08B10C2010BD31
:10EAA0002146012006F0B3FA002010BD38B5044617
:10EAB0004FF6FF70ADF80000A079E179884216D0DA
:10EAC0002079FEF78DFC90B16079FEF789FC70B17A
:10EAD0000022A07911460BF0DBFB40B90022E0795F
:10EAE00011460BF0D5FB10B9207A072801D9122066
:10EAF00038BD07F067F948B900216846FFF715FDF2
:10EB000020B1204605F0ADFB002038BD0C2038BDFB
:10EB10002DE9FC41817804461A2925D00EDC1629FE
:10EB20002DD2DFE801F02C2C2C2C2C212C2C2C2C81
:10EB30002C2C2C2C2C2C2C2C2C2121212A291ED0A5
:10EB40000BDCA1F11E010C2919D2DFE801F0181825
:10EB50001818181818181818180D3A3904290ED250
:10EB6000DFE801F00D020D022088B0F5706F06D2CB
:10EB70000127694600F075FB18B10220F0E412206D
:10EB8000EEE4019D68462E4605F5C87506F291161D
:10EB900000F05AFB08B1287808B10C20E0E42F708F
:10EBA000A0783070684600F069FB0020D8E41CB5FE
:10EBB0000C46694600F055FB002118B12160217117
:10EBC00002201CBD0198024610F1700080F842102E
:10EBD00093682360137B237190F84230002BF5D1AA
:10EBE00000201CBD10B5044600F023FB20B10AF044
:10EBF000A3F808B10C2010BD207800F0F9FAE279F2
:10EC0000611C0AF06EF908B1002010BD022010BD91
:10EC100010B5886E60B1002241F8682F0120CA71DA
:10EC2000897988400BF028FB002800D01F2010BDF8
:10EC30000C2010BD1CB50C46694600F012FB0028E4
:10EC400005D10198B0F87000401C208000201CBD48
:10EC50001CB504460088694600F003FB08B1022099
:10EC60001CBD606828B1DDE90001224600F09CFB74
:10EC70001CBDDDE90001FFF7CBFF1CBD10B500781E
:10EC8000012800D00020FEF7A1FE002010BDF0B545
:10EC900044888188C288038945898089A71F40F6F6
:10ECA0007B46B74215D28F1FB74212D28C4210D882
:10ECB000B2F5FA7F0DD2A3F10A04361FB44208D28E
:10ECC000521C4A43B2EB830F03DA854201D800207D
:10ECD000F0BD3020F0BDF8B515460E46044607F0ED
:10ECE00071F808B10C20F8BD204600F09CFB00280C
:10ECF000F9D1A078C1064FF01100F4D5E17D0329C8
:10ED0000F1D0FEF76DFE3070A07555B9FF208DF87B
:10ED1000000069460020FEF74DFE69460020FEF720
:10ED20003EFE2046BDE8F840FEF7BDBD0022D2E71A
:10ED30000078C10801D01220704720498876002051
:10ED4000704710B504460078C00704D1608810B140
:10ED5000FEF711FE80B12078618800F00102607832
:10ED600000F0ACFB002806D1FEF7FDFD01466088EF
:10ED7000884203D9072010BD122010BD6168FEF73C
:10ED800019FE002010BD10B504460078C00704D15C
:10ED9000608810B1FEF730FE90B12078618800F0F5
:10EDA0000102607800F08AFB002804D16088616865
:10EDB000FEF7F5FD002010BD700000209006002039
:10EDC0001220F8E77CB5044640784225012808D88F
:10EDD000A078FEF745FC20B120781225012802D04A
:10EDE00090B128467CBDFEF710FE20B1A088002817
:10EDF000F7D08028F5D8FEF70FFE60B160780028C4
:10EE0000EFD02078012808D006F07EF9044606F0FD
:10EE100009FE00287FD00C207CBDFEF762FC10B9F3
:10EE2000FEF7F1FD90B306F0CDFF0028F3D1FEF719
:10EE3000D6FBA0F57F41FF39EDD1FEF7D6FCA688C1
:10EE400042F210704643A079FEF79CFDFEF7CDFD1F
:10EE5000F8B10022062101A801F002F9040058D0FF
:10EE6000F7480021846020460AF01EF92046FEF78C
:10EE7000EDFEF44D04F13000AA89E989C2830184D2
:10EE8000FEF7CCFD60B1288A01210DE0FFE71220DA
:10EE90007CBD3146002006F0FEFD88B3FFDF44E074
:10EEA000FEF7BEFD0146288A06F090FE0146A062EC
:10EEB0000022204606F02BF9FEF7B0FD38B9FEF728
:10EEC000AFFD0246214601200AF0E3FAD0B1DD4A47
:10EED0002146163201200AF0DEFAE87A0090AB7A79
:10EEE000EA89A989208801F0A5F900B1FFDF20880F
:10EEF00006F019F83146204606F0CDFD00B1FFDFDF
:10EF000013E008E00621BDF8040001F0E9F800B1C3
:10EF1000FFDF09207CBD44B1208806F005F8208879
:10EF2000062101F0DDF800B1FFDF00207CBD0021EB
:10EF300048E770B50D46062101F0C0F8040003D083
:10EF400094F8930110B10AE0022070BD94F87D009E
:10EF5000142801D0152802D194F8E00108B10C2042
:10EF600070BD1022294604F5CA70FEF7E2F90120AF
:10EF700084F89301002070BD10B5062101F09EF8C1
:10EF800018B190F8931111B107E0022013E790F83F
:10EF90007D10142903D0152901D00C200BE7022184
:10EFA00080F89311002006E72DE9FC410D464BF651
:10EFB00080321221954213D895B1694600F051F97B
:10EFC00000280CD1019EB41C703627882A46394689
:10EFD00030460AF02AF82088B842F6D10020CDE564
:10EFE0000846CBE51CB504460088694600F039F9AF
:10EFF000002808D10199A378084691F82C20703197
:10F000009A4201D10C201CBD7F220A728A72002212
:10F01000CA72E17880F82D10217980F82E10A1783D
:10F0200080F82C1010461CBD1CB50C46694600F03B
:10F0300018F9002806D1019890F88C0000B1012041
:10F04000207000201CBD7CB50D461446694600F0BA
:10F0500008F9002805D1019890F82C00012801D06A
:10F060000C207CBD019890F87810297090F87900F8
:10F07000207000207CBD70B50D461646062101F0BB
:10F080001DF818B381880124C388428804EB410429
:10F09000AC4217D842F210746343A4106243B3FB2E
:10F0A000F2F2521E94B24FF4FA72944200D914460E
:10F0B000A54200D22C46491C641CB4FBF1F24A4321
:10F0C000521E91B290F8CC211AB901E0022070BD15
:10F0D00001843180002070BD10B50C46062100F07F
:10F0E000EDFF48B180F8FF4024B190F8FD1009B160
:10F0F00006F083FD00205EE602205CE6017899B10F
:10F10000417889B141881B290ED381881B290BD3F3
:10F11000C188022908D34B490268283941F8322FA7
:10F1200040684860002070471220704710B506F014
:10F130001EFD00203FE610B506F01CFD00203AE65B
:10F1400070B514460A46064600250121104606F011
:10F150003DFD002800D8284605460121304600F034
:10F160004EF806460121002000F049F8311801222E
:10F1700096318D4206D901F19600691AB1FBF0F083
:10F18000401C82B22280002070BD10B5044600F001
:10F1900050F808B10C200EE6601C09F08FFE2078B4
:10F1A00000F00100FEF7BAFA002004E610B50446AC
:10F1B000062000F021FF08B10C20FCE52078C007F4
:10F1C00010D00022607811460BF062F808B11220CE
:10F1D000F1E5A06808F073FD6078616808F078FDDB
:10F1E0000020E8E5002008F06AFD00210846F5E768
:10F1F00018B1022801D0012070470020704710B5D7
:10F20000012904D0022905D0FFDF2046D3E5C00044
:10F21000503001E080002C3084B2F6E710B506F0E3
:10F22000D1FD20B1FEF755FA08B10120C3E5002059
:10F23000C1E510B506F0C6FD002800D00120BAE5F2
:10F240007000002090060020416891F82C0191F890
:10F250008C1021B918B1042801D00120704700207A
:10F26000704710B50C46062100F028FF606018B109
:10F270000120207000209EE502209CE5416891F865
:10F28000FD20002A05D0002281F8FD20406806F00C
:10F29000B4BC704708B54FF6FF70ADF8000006E04B
:10F2A0000621BDF8000000F01BFF00B1FFDF0021C8
:10F2B0006846FFF73AF90028F2D008BD70B5144649
:10F2C0000546012200F00EF9002806D12146284605
:10F2D000BDE87040002200F005B970BDFB2803D8DE
:10F2E00040F64800814201D9112070470020704744
:10F2F0001B38E12806D2B1F5A47F03D344F2902055
:10F30000814201D912207047002070471FB58E49F5
:10F31000897ECA0702D10278192A0AD08A0702D444
:10F320000278182A24D0490739D40178122933D019
:10F3300035E04088ADF8000002A9FFF792FF00B168
:10F34000FFDF039810F8601F8DF8021040788DF8E9
:10F3500003000020ADF8040001B9FFDF9DF80300B1
:10F3600000B9FFDF6846FFF7A7F9D8B1FFDF19E062
:10F370004088ADF8000040F64800FB21ADF80400DD
:10F38000ADF80800ADF80210ADF806106846FFF7BA
:10F390006DFA38B1FFDF05E0007BC00702D0002026
:10F3A00004B008E50120FBE7F8B50646508914468D
:10F3B0000F4640B1B0F5004F05D20022A0781146AB
:10F3C0000AF066FF08B11220F8BDB86E394607F1A1
:10F3D000700530B1A07891F86E20904201D00C20D9
:10F3E000F8BD012081F86F00A07881F86E00606898
:10F3F00041F8680F608988802089A884002087F8F8
:10F400006F0020886946FFF715FCA88CBDF8001036
:10F41000081A00B2002804DD39463046FFF7F8FB31
:10F42000DDE70020F8BD38B504460078EF2841D864
:10F430006088ADF80000009800F061F888B361883A
:10F44000080708D4D4E90120824233D8202A31D3D6
:10F45000B0F5804F2ED8207B18B307282AD8607BC0
:10F4600028B1012803D0022801D0032822D14A075D
:10F4700003D4022801D0032805D1A07B08B10128BC
:10F4800018D1480707D4607D28B1012803D002288D
:10F4900001D003280ED1C806E07D03D5012809D18B
:10F4A00004E007E0012801D0032803D1E07E18B171
:10F4B000012801D0122038BD002038BD70B50C469F
:10F4C0000546FF2904D8FEF7A9FA18B11F2C01D967
:10F4D000122070BD2846FEF7C3F808B1002070BDA9
:10F4E000422070BD0AB1012200E00222024202D194
:10F4F000880802D109B1002070471120704780B2FE
:10F50000C1060BD401071CD481064FEAC07101D596
:10F51000B9B900E099B1800713D410E0410610D4C6
:10F5200081060ED4C1074FEA807104D0002902DBA6
:10F53000400704D405E0010703D4400701D40120AB
:10F5400070470020704700009006002030B5058805
:10F5500025F4004421448CB24FF4004194420AD275
:10F56000121B92B21B339A4201D2A94307E005F461
:10F570000041214303E0A21A92B2A9431143018042
:10F5800030BD0844083050434A31084480B27047C7
:10F5900070B51D4616460B46044629463046049A69
:10F5A000FFF7EFFF0646B34200D2FFDF282200211B
:10F5B0002046FDF7E8FE4FF6FF70A082283EB0B26D
:10F5C00065776080B0F5004F00D9FFDF618805F1F5
:10F5D0003C00814200D2FFDF60880835401B343890
:10F5E00080B220801B2800D21B2020800020A07722
:10F5F00070BD8161886170472DE9F05F0D46C1885B
:10F60000044600F12809008921F4004620F400484E
:10F6100000F063FB10B10020BDE8F09F4FF0000A3E
:10F620004FF0010BB0450CD9617FA8EB0600401AE2
:10F630000838854219DC09EB06000021058041806D
:10F640001AE06088617F801B471A083F0DD41B2F8A
:10F6500000DAFFDFBD4201DC294600E0B9B2681ADA
:10F660000204120C04D0424502DD84F817A0D2E750
:10F6700009EB06000180428084F817B0CCE770B532
:10F68000044600F12802C088E37D20F400402BB13D
:10F6900010440288438813448B4201D2002070BD7D
:10F6A00000258A4202D30180458008E0891A0904B6
:10F6B000090C418003D0A01D00F01FFB08E0637F10
:10F6C00000880833184481B26288A01DFFF73EFF0E
:10F6D000E575012070BD70B5034600F12804C588AA
:10F6E000808820F400462644A84202D100201882D7
:10F6F00070BD98893588A84206D3401B75882D1A9D
:10F700002044ADB2C01E05E02C1AA5B25C7F204497
:10F710003044401D0C88AC4200D90D809C8924B136
:10F72000002414700988198270BD0124F9E770B5AE
:10F73000044600F12801808820F400404518208A02
:10F74000002825D0A189084480B2A08129886A8830
:10F750001144814200D2FFDF2888698800260844CE
:10F76000A189884212D1A069807F2871698819B166
:10F77000201D00F0C2FA08E0637F2888083318448F
:10F7800081B26288201DFFF7E1FEA681268201205A
:10F7900070BD2DE9F041418987880026044600F1BB
:10F7A0002805B94219D004F10A0800BF21F400402D
:10F7B0002844418819B1404600F09FFA08E0637F71
:10F7C00000880833184481B262884046FFF7BEFEC5
:10F7D000761C6189B6B2B942E8D13046BDE8F08105
:10F7E0002DE9F04104460B4627892830A68827F4E6
:10F7F0000041B4F80A8001440D46B74201D100200F
:10F80000ECE70AB1481D106023B1627F691D1846FC
:10F81000FDF78FFD2E88698804F1080021B18A194F
:10F8200096B200F06AFA06E0637F6288083399199D
:10F8300089B2FFF78BFE474501D1208960813046B0
:10F84000CCE78188C088814201D101207047002027
:10F85000704701898088814201D1012070470020D2
:10F86000704770B58588C38800F1280425F40042EC
:10F8700023F4004114449D421AD08389058A5E19FD
:10F8800025886388EC18A64214D313B18B4211D398
:10F890000EE0437F08325C192244408892B2801AFD
:10F8A00080B22333984201D211B103E08A4201D1E0
:10F8B000002070BD012070BD2DE9F0478846C18849
:10F8C0000446008921F4004604F1280720F400458D
:10F8D00007EB060900F001FA002178BBB54204D914
:10F8E000627FA81B801A002503E06088627F801B6E
:10F8F000801A083823D4E28962B1B9F80020B9F837
:10F9000002303BB1E81A2177404518DBE0893844E2
:10F91000801A09E0801A217740450ADB607FE1897F
:10F920000830304439440844C01EA4F81280BDE8B1
:10F93000F087454503DB01202077E7E7FFE7618299
:10F940000020F4E72DE9F74F044600F12805C088B0
:10F95000884620F4004A608A05EB0A0608B1404553
:10F9600002D20020BDE8FE8FE08978B13788B6F872
:10F97000029007EB0901884200D0FFDF207F4FF0A3
:10F98000000B50EA090106D088B33BE00027A07FB6
:10F99000B9463071F2E7E18959B1607F29440830F6
:10F9A00050440844B4F81F1020F8031D94F82110A7
:10F9B0008170E28907EB080002EB0801E1813080E9
:10F9C000A6F802B002985F4650B1637F30880833D2
:10F9D000184481B26288A01DFFF7B8FDE78121E0DD
:10F9E000607FE18908305044294408442DE0FFE756
:10F9F000E089B4F81F102844C01B20F8031D94F8B8
:10FA00002110817009EB0800E28981B202EB080045
:10FA1000E081378071800298A0B1A01D00F06DF9DF
:10FA2000A4F80EB0A07F401CA077A07D08B1E088AC
:10FA3000A08284F816B000BFA4F812B084F817B002
:10FA400001208FE7E0892844C01B30F8031DA4F88B
:10FA50001F10807884F82100EEE710B5818800F14E
:10FA6000280321F400442344848AC288A14212D08E
:10FA7000914210D0818971B9826972B11046FFF745
:10FA8000E8FE50B91089283220F40040104419795A
:10FA90000079884201D1002010BD184610BD00F148
:10FAA0002803407F08300844C01E1060088808B949
:10FAB000DB1E136008884988084480B270472DE92E
:10FAC000F04100F12806407F1C460830904643185C
:10FAD00008884D88069ADB1EA0B1C01C80B29042F7
:10FAE00014D9801AA04200DB204687B298183A4603
:10FAF0004146FDF7F1FB002816D1E01B84B2B84463
:10FB0000002005E0ED1CADB2F61EE8E7101A80B249
:10FB10000119A94206D8304422464146BDE8F041C9
:10FB2000FDF7DABB4FF0FF3058E62DE9F04100F168
:10FB30002804407F1E460830904643180025088858
:10FB40004F88069ADB1E90B1C01C80B2904212D939
:10FB5000801AB04200DB304685B299182A464046EA
:10FB6000FDF7E7FB701B86B2A844002005E0FF1CF0
:10FB7000BFB2E41EEAE7101A80B28119B94206D872
:10FB8000211832464046FDF7D4FBA81985B2284615
:10FB900024E62DE9F04100F12804407F1E4608309C
:10FBA00090464318002508884F88069ADB1E90B1BE
:10FBB000C01C80B2904212D9801AB04200DB30469D
:10FBC00085B298182A464146FDF7B3FB701B86B2F2
:10FBD000A844002005E0FF1CBFB2E41EEAE7101AAB
:10FBE00080B28119B94206D8204432464146FDF719
:10FBF000A0FBA81985B22846F0E5401D704710B556
:10FC0000044600F12801C288808820F4004319448A
:10FC1000904206D0A28922B9228A12B9A28A9042C1
:10FC200001D1002010BD0888498831B1201D00F0A5
:10FC300064F800202082012010BD637F62880833B1
:10FC4000184481B2201DFFF781FCF2E70021C18139
:10FC500001774182C1758175704703881380C2891D
:10FC600042B1C28822F4004300F128021A440A601B
:10FC7000C08970470020704710B50446808AA0F5FF
:10FC80007F41FF3900D0FFDFE088A082E08900B12A
:10FC90000120A07510BD4FF6FF7181820021817592
:10FCA000704710B50446808AA0F57F41FF3900D126
:10FCB000FFDFA07D28B9A088A18A884201D1002059
:10FCC00010BD012010BD8188828A914201D1807DC2
:10FCD00008B1002070470120704720F4004221F451
:10FCE00000439A4207D100F4004001F400418842E9
:10FCF00001D0012070470020704730B504460088CD
:10FD00000D4620F40040A84200D2FFDF21884FF4C6
:10FD1000004088432843208030BD70B50C00054664
:10FD200009D0082C00D2FFDF1DB1A1B2286800F075
:10FD300044F8201D70BD0DB100202860002070BD6A
:10FD40000021026803E093881268194489B2002AEE
:10FD5000F9D100F032B870B500260D4604460829E6
:10FD600000D2FFDF206808B91EE0044620688188C1
:10FD7000A94202D001680029F7D181880646A9422C
:10FD800001D100680DE005F1080293B2002299420A
:10FD900009D32844491B02608180216809682160D9
:10FDA0000160206000E00026304670BD00230B603B
:10FDB0008A8002680A600160704700234360021D68
:10FDC000018102607047F0B50F46018840881546F2
:10FDD0000C181E46AC4200D3641B3044A84200D924
:10FDE000FFDFA019A84200D9FFDF3819F0BD2DE9C7
:10FDF000F041884606460188408815460C181F4683
:10FE0000AC4200D3641B3844A84200D9FFDFE0199C
:10FE1000A84200D9FFDF70883844708008EB0400E6
:10FE2000BDE8F0812DE9F041054600881E461746E1
:10FE3000841B8846BC4200D33C442C8068883044F4
:10FE4000B84200D9FFDFA019B84200D9FFDF6888A7
:10FE50003044688008EB0400E2E72DE9F0410688B1
:10FE60001D460446701980B2174688462080B84265
:10FE700001D3C01B20806088A84200D2FFDF701928
:10FE8000B84200D9FFDF6088401B608008EB0600A5
:10FE9000C6E730B50D460188CC18944200D3A41AA9
:10FEA0004088984200D8FFDF281930BD2DE9F04185
:10FEB000BF4D04469046A8780E46A04200D8FFDF0A
:10FEC00005EB8607786A50F8240000B1FFDFB868B8
:10FED000002816D0304600F032F90146B868FFF726
:10FEE0003AFF05000CD0786A072E40F8245000D362
:10FEF000FFDFB0484246294650F826302046984752
:10FF00002846BDE8F0812DE9F84305000C46009530
:10FF100024D00026E81C20F00300A84200D0FFDF18
:10FF2000DFF88C820027314688F8007088F801409D
:10FF300088F8024088F8034088F8044088F80540B3
:10FF400088F80640684600F003F900204246009910
:10FF5000C91C21F00301009116B10FE00126D9E779
:10FF600002EB80035962002106E000BFD3F824C0F1
:10FF70004CF82170491CC9B2A142F7D30099401C2A
:10FF800001EB8401C0B200910728E0D3481BBDE813
:10FF9000F88310B50446F1F774F908B1102010BDCC
:10FFA0002078834A618802EB800092780EE0436AF1
:10FFB00053F8213043B14A1C6280A180406A50F856
:10FFC0002100A060002010BD491C89B28A42EED8F1
:10FFD0006180052010BD70B505460C460846F1F756
:10FFE00050F908B1102070BD072D01D3072070BD56
:10FFF00025700020608070BD0EB56946FFF7EBFFED
:020000040001F9
:1000000000B1FFDF6846FFF7C4FF08B100200EBD56
:1000100001200EBD10B50446072800D3FFDF644859
:10002000005D10BD3EB5054600246946FFF7D3FFCD
:1000300018B1FFDF01E0641CE4B26846FFF7A9FFD6
:100040000028F8D02846FFF7E5FF001BC0B23EBDF0
:1000500057498978814201D9C0B27047FF20704763
:100060002DE9F04106291BD1514C00273B464FF6A4
:10007000FF7604EB810514F801C00AE0DC19D5F81D
:1000800024E0A4B25EF824E0BEF1000F04D05B1CB3
:100090009BB29C45F2D8344604802046B44201D13C
:1000A00000202EE7BDE8F04100E7A0F57F43FF3BCD
:1000B00001D0072901D300207047F7E6A0F57F4261
:1000C000FF3A0BD0072909D2394A9378834205D9E0
:1000D00002EB8101496A51F8200070470020704707
:1000E0002DE9F04104460D46A4F57F4143F202009C
:1000F000FF3902D0072D01D3072002E72C494FF02A
:1001000000088A78A242F8D901EB8506726A52F893
:100110002470002FF1D0274839461C3050F8252094
:1001200020469047716A284641F8248000F007F87D
:1001300002463946B068FFF739FE0020E1E61D4966
:10014000383131F810004FF6FC71C01C0840704780
:100150002DE9F843164E8846054600242868C01C41
:1001600020F0030028602046FFF7E9FF315D484397
:10017000B8F1000F01D0002200E02A680146009289
:1001800032B100274FEA0D00FFF7C7FD1FB106E0AF
:1001900001270020F8E706EB8401009A8A602968AD
:1001A000641C0844E4B22860072CD7D3EFE60000B3
:1001B000AC060020D4B1010070B50E461D461146B4
:1001C00000F0D5F804462946304600F0D9F820441E
:1001D000001D70BD2DE9F04190460D4604004FF022
:1001E000000610D00027E01C20F00300A04200D041
:1001F000FFDFE5B141460020FFF78FFD0C3000EB3B
:10020000850617B113E00127EDE7624F04F10C00FA
:10021000AA003C602572606000EB85002060002130
:100220006068FDF7B0F841463868FFF776FD304664
:10023000BDE8F0812DE9FF4F564C804681B0206823
:100240009A46934600B9FFDF2068027A424503D9F7
:10025000416851F8280020B143F2020005B0BDE822
:10026000F08F5146029800F082F886B258460E99F7
:1002700000F086F885B27019001D87B22068A1468B
:1002800039460068FFF767FD04001FD067802580AE
:100290002946201D0E9D07465A4601230095FFF76B
:1002A00077F92088314638440123029ACDF800A01E
:1002B000FFF76EF92088C1193846FFF79AF9D9F887
:1002C00000004168002041F82840C7E70420C5E746
:1002D00070B5304C0546206800B9FFDF2068017A10
:1002E000A9420ED9426852F8251051B1002342F8B4
:1002F00025304A880068FFF759FD216800200A7AF6
:1003000008E043F2020070BD4B6853F8203033B967
:10031000401CC0B28242F7D80868FFF711FD0020E8
:1003200070BD70B51B4E05460024306800B9FFDF74
:100330003068017AA94204D9406850F8250000B11C
:10034000041D204670BD70B5124E0546002430686D
:1003500000B9FFDF3068017AA94206D9406850F839
:10036000251011B131F8040B4418204670BD10B5AA
:100370000A460121FFF705F9C01C20F0030010BD5B
:1003800010B50A460121FFF7FCF8C01C20F003005D
:1003900010BD00007C00002070B50446C2F11005BD
:1003A0002819FCF7C6FF15F0FF0109D0491ECAB293
:1003B0008020A0542046BDE870400021FCF7E3BF38
:1003C00070BD30B505E05B1EDBB2CC5CD55C6C402B
:1003D000C454002BF7D130BD10B5002409E00B78D0
:1003E000521E44EA430300F8013B11F8013BD2B22C
:1003F000DC09002AF3D110BD2DE9F04389B01E4677
:10040000DDE9107990460D00044622D002460846E8
:10041000F949FEF71EFB102221463846FFF7DCFFA4
:10042000E07B000606D5F44A394610231032084610
:10043000FFF7C7FF102239464846FFF7CDFFF87B8C
:10044000000606D5EC4A4946102310320846FFF74D
:10045000B8FF102200212046FCF795FF0DE0103E6A
:10046000B6B208EB0601102322466846FFF7A9FF43
:10047000224628466946FEF7ECFA102EEFD818D02F
:10048000F2B241466846FFF787FF10234A466946A5
:1004900004A8FFF796FF1023224604A96846FFF739
:1004A00090FF224628466946FEF7D3FA09B0BDE818
:1004B000F08310233A464146EAE770B59CB01E46E9
:1004C0000546134620980C468DF808002022194650
:1004D0000DF10900FCF72DFF202221460DF1290026
:1004E000FCF727FF17A913A8CDE90001412302AAB1
:1004F00031462846FFF780FF1CB070BD2DE9FF4F45
:100500009FB014AEDDE92D5410AFBB49CDE90076A4
:10051000202320311AA8FFF76FFF4FF000088DF855
:1005200008804FF001098DF8099054F8010FCDF8BB
:100530000A00A088ADF80E0014F8010C1022C0F3D8
:1005400040008DF8100055F8010FCDF81100A88873
:10055000ADF8150015F8010C2C99C0F340008DF88A
:10056000170006A88246FCF7E4FE0AA8834610227C
:100570002299FCF7DEFEA0483523083802AA40681D
:100580008DF83C80CDE900760E901AA91F98FFF7F0
:1005900033FF8DF808808DF809902068CDF80A00A7
:1005A000A088ADF80E0014F8010C1022C0F3400032
:1005B0008DF810002868CDF81100A888ADF8150056
:1005C00015F8010C2C99C0F340008DF81700504627
:1005D000FCF7AFFE584610222299FCF7AAFE864887
:1005E0003523083802AA40688DF83C90CDE90076A2
:1005F0000E901AA92098FFF7FFFE23B0BDE8F08FF8
:10060000F0B59BB00C460546DDE922101E461746A4
:10061000DDE92032D0F801C0CDF808C0B0F805C03F
:10062000ADF80CC00078C0F340008DF80E00D1F892
:100630000100CDF80F00B1F80500ADF813000878FF
:100640001946C0F340008DF815001088ADF816006B
:1006500090788DF818000DF119001022FCF769FE52
:100660000DF1290010223146FCF763FE0DF139002F
:1006700010223946FCF75DFE17A913A8CDE9000149
:10068000412302AA21462846FFF7B6FE1BB0F0BD63
:10069000F0B5A3B017460D4604461E46102202A828
:1006A0002899FCF746FE06A820223946FCF741FEB1
:1006B0000EA820222946FCF73CFE1EA91AA8CDE967
:1006C0000001502302AA314616A8FFF795FE16989E
:1006D000206023B0F0BDF0B589B00446DDE90E0717
:1006E0000D463978109EC1F340018DF80010317825
:1006F0009446C1F340018DF801101968CDF802103D
:100700009988ADF8061099798DF808100168CDF830
:1007100009108188ADF80D1080798DF80F00102335
:100720006A46614604A8FFF74CFE2246284604A903
:10073000FEF78FF9D6F801000090B6F80500ADF885
:100740000400D7F80100CDF80600B7F80500ADF8B1
:100750000A000020039010236A46214604A8FFF7F0
:1007600030FE2246284604A9FEF773F909B0F0BD11
:100770001FB51C6800945B6801931368029352686C
:100780000392024608466946FEF763F91FBD10B59D
:1007900088B00446106804905068059000200690C8
:1007A000079008466A4604A9FEF753F9BDF8000011
:1007B000208008B010BD1FB51288ADF800201A883F
:1007C000ADF80220002201920292039202460846EE
:1007D0006946FEF73EF91FBD7FB5074B1446054637
:1007E000083B9A1C6846FFF7E6FF22466946284602
:1007F000FFF7CDFF7FBD000022B2010070B50446B7
:1008000000780E46012813D0052802D0092813D1FC
:100810000EE0A06861690578042003F07FFA052DD9
:100820000AD0782300220420616903F0CDF903E0A7
:100830000420616903F072FA31462046BDE8704039
:1008400001F08AB810B500F12D03C2799C78411DE2
:10085000144064F30102C271D2070DD04A795C7969
:1008600022404A710A791B791A400A718278C97844
:100870008A4200D9817010BD00224A71F5E74178A3
:10088000012900D00C21017070472DE9F04F93B081
:100890004FF0000B0C690D468DF820B00978012649
:1008A0000C2017464FF00D084FF0110A4FF00809C1
:1008B0001B2975D2DFE811F01B00C40207031F03D8
:1008C0005E037103A303B803F9031A0462049504D9
:1008D000A204EF042D05370555056005F30536061E
:1008E000390668068406FE062207EB06F00614B1F8
:1008F00020781D282AD0D5F808805FEA08004FD05C
:1009000001208DF82000686A02220D908DF82420C5
:100910000A208DF82500A8690A90A8880028EED042
:1009200098F8001091B10F2910D27DD2DFE801F0C4
:100930007C1349DEFCFBFAF9F8F738089CF6F50061
:1009400002282DD124B120780C2801D00026F0E314
:100950008DF82020CBE10420696A03F0DFF9A88834
:100960000728EED1204600F0F2FF022809D02046E9
:1009700000F0EDFF032807D9204600F0E8FF072824
:1009800002D20120207004E0002CB8D02078012889
:10099000D7D198F80400C11F0A2902D30A2061E0C8
:1009A000C4E1A070D8F80010E162B8F80410218604
:1009B00098F8060084F83200012028700320207087
:1009C00044E00728BDD1002C99D020780D28B8D15B
:1009D00098F8031094F82F20C1F3C000C2F3C002AE
:1009E000104201D0062000E00720890707D198F8BF
:1009F00005100142D2D198F806100142CED194F8E8
:100A0000312098F8051020EA02021142C6D194F86C
:100A1000322098F8061090430142BFD198F80400A4
:100A2000C11F0A29BAD200E008E2617D81427CD868
:100A3000D8F800106160B8F80410218198F8060019
:100A4000A072012028700E20207003208DF8200055
:100A5000686A0D9004F12D000990601D0A900F3016
:100A60000B9022E12875FCE3412891D1204600F04B
:100A70006EFF042802D1E078C00704D1204600F0C0
:100A800066FF0F2884D1A88CD5F80C8080B24FF077
:100A9000400BE669FFF745FC324641465B464E4651
:100AA000CDF80090FFF741F80B208DF82000686A20
:100AB0000D90E0690990002108A8FFF79FFE2078BB
:100AC000042806D0A07D58B1012809D003280AD0F7
:100AD0004AE305202070032028708DF82060CEE1C5
:100AE00084F800A032E712202070EAE11128BCD17E
:100AF000204600F02CFF042802D1E078C00719D06E
:100B0000204600F024FF062805D1E078C00711D167
:100B1000A07D02280ED0204608E0CCE084E072E1FF
:100B200051E124E103E1E9E019E0B0E100F00FFF59
:100B300011289AD1102208F1010104F13C00FCF7C0
:100B4000F8FB607801286ED012202070E078C00792
:100B500060D0A07D0028C8D00128C6D05AE0112856
:100B600090D1204600F0F3FE082804D0204600F083
:100B7000EEFE132886D104F16C00102208F1010169
:100B80000646FCF7D6FB207808280DD014202070EC
:100B9000E178C8070DD0A07D02280AD06278022A29
:100BA00004D00328A1D035E00920F0E708B10128DE
:100BB00037D1C80713D0A07D02281DD00020009097
:100BC000D4E9062133460EA8FFF777FC10220EA9C0
:100BD00004F13C00FCF780FBC8B1042042E7D4E9F3
:100BE0000912201D8DE8070004F12C0332460EA8DF
:100BF000616BFFF770FDE9E7606BC1F34401491ECB
:100C00000068C84000F0010040F08000D7E720787D
:100C1000092806D185F800908DF8209036E32870D9
:100C2000EFE30920FBE79EE1112899D1204600F06F
:100C30008EFE0A2802D1E078C00704D1204600F0D9
:100C400086FE15288CD104F13C00102208F1010128
:100C50000646FCF76EFB20780A2816D01620207076
:100C6000D4E90932606B611D8DE80F0004F15C036B
:100C700004F16C0247310EA8FFF7C2FC10220EA946
:100C80003046FCF729FB18B1F9E20B20207073E223
:100C90002046FFF7D7FDA078216AC0F110020B189B
:100CA00000211846FCF76FFB26E3394608A8FFF73A
:100CB000A5FD06463CE20228B7D1204600F047FEDB
:100CC000042804D3204600F042FE082809D3204619
:100CD00000F03DFE0E2829D3204600F038FE1228F1
:100CE00024D2A07D0228A0D10E208DF82000686AB1
:100CF0000D9098F801008DF82400F5E3022894D1B6
:100D0000204600F024FE002810D0204600F01FFEF0
:100D10000128F9D0204600F01AFE0C28F4D0042057
:100D20008DF8240098F801008DF8250060E2112864
:100D3000FCD1002CFAD020781728F7D16178606AAE
:100D4000022912D05FF0000101EB4101182606EBE9
:100D5000C1011022405808F10101FCF7EAFA042011
:100D6000696A00F0E7FD2670F0E50121ECE70B2849
:100D7000DCD1002CDAD020781828D7D16078616ACD
:100D800002281CD05FF0000000EB4002102000EBB6
:100D9000C2000958B8F8010008806078616A02282A
:100DA0000FD0002000EB4002142000EBC2000958D5
:100DB000404650F8032F0A604068486039E001203F
:100DC000E2E70120EEE71128B0D1002CAED0207868
:100DD0001928ABD16178606A022912D05FF0000156
:100DE00001EB41011C2202EBC1011022405808F125
:100DF0000101FCF79EFA0420696A00F09BFD1A20AD
:100E0000B6E00121ECE7082890D1002C8ED02078A4
:100E10001A288BD1606A98F80120017862F34701A3
:100E20000170616AD8F8022041F8012FB8F8060075
:100E300088800420696A00F07DFD90E2072011E6B9
:100E40003878012894D1182204F114007968FCF74D
:100E500070FAE079C10894F82F0001EAD001E07837
:100E600061F30000E070217D002974D1217803290D
:100E700009D0C00725D0032028708DF82090686A1B
:100E80000D90412008E3607DA178884201D90620B9
:100E9000E8E502262671E179204621F0E001E171C2
:100EA000617A21F0F0016172A17A21F0F001A17262
:100EB000FFF7C8FC2E708DF82090686A0D9007200F
:100EC000EAE20420ABE6387805289DD18DF82000B1
:100ED000686A0D90B8680A900720ADF824000A9857
:100EE0008DF830B06168016021898180A17A8171BB
:100EF00004202070F8E23978052985D18DF820107A
:100F0000696A0D91391D09AE0EC986E80E004121AE
:100F1000ADF824108DF830B01070A88CD7F80C8084
:100F200080B24026A769FFF70EFA41463A4633469B
:100F3000C846CDF80090FEF72CFE002108A8FFF768
:100F40005DFCE07820F03E00801CE07020780528F1
:100F500002D00F200CE04AE1A07D20B1012802D090
:100F6000032802D002E10720BEE584F80080EDE40A
:100F70002070EBE4102104F15C0002F0E8FB606BF0
:100F8000B0BBA07D18B1012801D00520FDE00620EE
:100F90002870F8486063A063C2E23878022894D1D0
:100FA000387908B12875B7E3A07D022802D003285C
:100FB00005D022E0B8680028F5D060631CE06078B6
:100FC000012806D0A07994F82E10012805D0E94810
:100FD00006E0A17994F82E00F7E7B8680028E2D07F
:100FE0006063E078C00701D0012902D0E14803E046
:100FF00003E0F8680028D6D0A06306200FE68DF83D
:101000002090696A0D91E1784846C90709D0617856
:10101000022903D1A17D29B1012903D0A17D032992
:1010200000D00720287033E138780528BBD120781C
:1010300007281ED084F800A005208DF82000686ADB
:101040000D90B8680A90ADF824A08DF830B0032157
:101050000170E178CA070FD0A27D022A1AD00021C0
:101060000091D4E9061204F15C03401CFFF725FA55
:101070006BE384F80090DFE7D4E90923211D8DE8B4
:101080000E0004F12C0304F15C02401C616BFFF7BD
:1010900022FB5AE3626BC1F34401491E1268CA4045
:1010A00002F0010141F08001DAE738780528BDD16E
:1010B0008DF82000686A0D90B8680A90ADF824A0F9
:1010C0008DF830B0042100F8011B102204F15C01FE
:1010D000FCF72FF9002108A8FFF790FB20780928DA
:1010E00001D0132044E70A2020709AE5E078C10778
:1010F00042D0A17D012902D0022927D038E06178B1
:1011000008A8012916D004F16C010091D4E9061257
:1011100004F15C03001DFFF7BBFA0A2028700326C8
:101120008DF82080686A0D90002108A8FFF766FB03
:10113000E1E2C7E204F15C010091D4E9062104F187
:101140006C03001DFFF7A4FA0026E9E7C0F3440191
:1011500014290DD24FF0006101EBB0104FEAB060DE
:10116000E0706078012801D01020BDE40620FFE681
:10117000607801283FF4B6AC0A2050E5E178C90751
:1011800008D0A17D012903D10B202870042030E074
:1011900028702EE00E2028706078616B012818D02E
:1011A00004F15C0304F16C020EA8FFF7E1FA20469B
:1011B000FFF748FBA0780EAEC0F1100230440021CA
:1011C000FCF7E1F806208DF82000686A09960D907A
:1011D0009BE004F16C0304F15C020EA8FFF7C8FA6F
:1011E000E8E73978022903D139790029D0D0297567
:1011F00092E28DF82000686A0D9056E5387807284D
:10120000F6D1D4E909216078012808D004F16C00F6
:10121000CDE90002029105D104F16C0304E004F170
:101220005C00F5E704F15C0304F14C007A680646C3
:10123000216AFFF763F96078012822D1A078216A3A
:10124000C0F110020B1800211846FCF79CF8D4E9F5
:101250000923606B04F12D018DE80F0004F15C039C
:1012600000E05BE204F16C0231460EA8FFF7C8F91A
:1012700010220EA904F13C00FCF72EF808B10B2057
:10128000ACE485F8008000BF8DF82090686A0D906E
:101290008DF824A009E538780528A9D18DF820001B
:1012A000686A0D90B8680A90ADF824A08DF830B047
:1012B00080F80080617801291AD0D4E9092104F16D
:1012C0002D03A66B03910096CDE9013204F16C0366
:1012D00004F15C0204F14C01401CFFF791F900217C
:1012E00008A8FFF78BFA6078012805D015203FE6A3
:1012F000D4E90912631DE4E70E20287006208DF85A
:101300002000686ACDF824B00D90A0788DF82800F0
:10131000CBE438780328C0D1E079C00770D00F2023
:101320002870072065E7387804286BD11422391D0E
:1013300004F11400FBF7FDFF616A208CA1F809009D
:10134000616AA078C871E179626A01F003011172E3
:10135000616A627A0A73616AA07A81F824001620B1
:101360005DE485F800A08DF82090696A50460D91E3
:1013700092E0000022B201003878052842D1B86816
:10138000A8616178606A022901D0012100E0002192
:1013900001EB4101142606EBC1014058082102F07F
:1013A000D6F96178606A022901D0012100E00021AC
:1013B00001EB410106EBC101425802A8E169FFF7C8
:1013C0000BFA6078626A022801D0012000E0002058
:1013D00000EB4001102000EBC1000223105802A9CD
:1013E0000932FEF7EEFF626AFD4B0EA80932A169D1
:1013F000FFF7E1F96178606A022904D0012103E076
:1014000044E18DE0BFE0002101EB4101182606EB2D
:10141000C101A27840580EA9FBF78BFF6178606A82
:10142000022901D0012100E0002101EB410106EB7E
:10143000C1014158A0780B18C0F1100200211846D4
:10144000FBF7A1FF05208DF82000686A0D90A869C0
:101450000A90ADF824A08DF830B0062101706278B2
:10146000616A022A01D0012200E0002202EB42025E
:1014700006EBC202401C89581022FBF75AFF0021DC
:1014800008A8FFF7BBF91220C5F818B028708DF82E
:101490002090686A0D900B208DF8240005E43878C0
:1014A000052870D18DF82000686A0D90B8680A9000
:1014B0000B20ADF824000A98072101706178626A58
:1014C000022901D0012100E0002101EB410310219C
:1014D00001EBC30151580988A0F801106178626AD4
:1014E000022902D0012101E02FE1002101EB41039B
:1014F000142101EBC30151580A6840F8032F4968D1
:10150000416059E01920287001208DF8300074E600
:10151000162028708DF830B0002108A8FFF76EF96A
:10152000032617E114202870AEE6387805282AD162
:101530008DF82000686A0D90B8680A90ADF824A074
:101540008DF830B080F800906278616A4E46022AC9
:1015500001D0012200E0002202EB42021C2303EB37
:10156000C202401C89581022FBF7E3FE002108A8A4
:10157000FFF744F9152028708DF82060686A0D90F7
:101580008DF8246039E680E0387805287DD18DF823
:101590002000686A0D90B8680A90ADF8249009217F
:1015A00001706169097849084170616951F8012F3A
:1015B000C0F802208988C18020781C28A8D1A1E722
:1015C000E078C00702D04FF0060C01E04FF0070CA6
:1015D000607802280AD000BF4FF0000000EB040141
:1015E00001F1090105D04FF0010004E04FF00100C6
:1015F000F4E74FF000000B78204413EA0C030B7063
:1016000010F8092F02EA0C02027004D14FF01B0CF3
:1016100084F800C0D2B394F801C0BCF1010F00D02F
:101620009BB990F800C0E0465FEACC7C04D028F07B
:1016300001060670102606E05FEA887C05D528F0D2
:101640000206067013262E70032694F801C0BCF122
:10165000020F00D092B991F800C05FEACC7804D0B4
:101660002CF001060E70172106E05FEA8C7805D594
:101670002CF002060E701921217000260078D0BBD4
:10168000CAB3C3BB1C20207035E012E002E03878FA
:10169000062841D11A2015E4207801283CD00C28D6
:1016A0003AD02046FFF7EBF809208DF82000686A51
:1016B0000D9031E03878052805D0062038700326D3
:1016C0001820287046E005208DF82000696A0D91E9
:1016D000B9680A910221ADF8241001218DF830106B
:1016E0000A990870287D4870394608A8FFF786F8DF
:1016F000064618202870012E0ED02BE001208DF810
:101700002000686A0D9003208DF82400287D8DF854
:10171000250085F814B012E0287D80B11D202070CE
:10172000172028708DF82090686A0D9002208DF89F
:101730002400394608A8FFF761F806460AE00CB114
:10174000FE2020709DF8200020B1002108A8FFF79E
:1017500055F80CE413B03046BDE8F08F2DE9F043A6
:1017600087B00C464E6900218DF8041001202578C1
:10177000034602274FF007094FF0050C85B1012DF4
:1017800053D0022D39D1FE2030708DF80030606AC0
:10179000059003208DF80400207E8DF8050063E09D
:1017A0002179012925D002292DD0032928D0042907
:1017B00023D1B17D022920D131780D1F042D04D30E
:1017C0000A3D032D01D31D2917D12189022914D3E4
:1017D0008DF80470237020899DF80410884201E080
:1017E0001AB2010018D208208DF80000606A059036
:1017F00057E070780128EBD0052007B0BDE8F083F2
:101800001D203070E4E771780229F5D131780C2978
:10181000F3D18DF80490DDE7083402F804CB94E8A6
:101820000B0082E80B000320E7E71578052DE4D1D3
:101830008DF800C0656A0595956802958DF81010C1
:1018400094F80480B8F1010F13D0B8F1020F2DD035
:10185000B8F1030F1CD0B8F1040FCED1ADF804706D
:101860000E202870207E687000216846FEF7C6FFB3
:101870000CE0ADF804700B202870207E002100F0F1
:101880001F0068706846FEF7B9FF37700020B4E7A4
:10189000ADF804708DF8103085F800C0207E6870B7
:1018A000277011466846FEF7A9FFA6E7ADF8049039
:1018B0002B70207F6870607F00F00100A870A07F0F
:1018C00000F01F00E870E27F2A71C0071CD094F876
:1018D000200000F00700687194F8210000F0070074
:1018E000A87100216846FEF789FF2868F062A88881
:1018F0003086A87986F83200A0694078707528791A
:10190000B0700D203070C1E7A9716971E9E700B5C9
:1019100087B004280CD101208DF800008DF8040058
:10192000002005918DF8050001466846FEF766FF28
:1019300007B000BD70B50C46054602F0EFF9214630
:101940002846BDE870407823002202F03DB908B176
:10195000007870470C20704770B50C0005784FF088
:1019600000010CD021702146F1F757FC694821781D
:10197000405D884201D1032070BD022070BDF1F7A7
:101980004CFC002070BD0279012A05D000220A70AB
:101990004B78012B02D003E0042070470A758A615E
:1019A00002799300521C0271C15003207047F0B5B8
:1019B00087B00F4605460124287905EB800050F8D2
:1019C000046C7078411E02290AD252493A460839FD
:1019D00001EB8000314650F8043C28469847044605
:1019E0000CB1012C11D12879401E10F0FF00287194
:1019F00001D00324E0E70A208DF80000706A05900A
:101A0000002101966846FFF7A7FF032CD4D007B04A
:101A10002046F0BD70B515460A46044629461046D4
:101A2000FFF7C5FF064674B12078FE280BD1207C55
:101A300030B100202870294604F10C00FFF7B7FFF1
:101A40002046FEF71CFF304670BD704770B50E464D
:101A500004467C220021FBF796FC0225012E03D0D0
:101A6000022E04D0052070BD0120607000E065707A
:101A70002046FEF704FFA575002070BD28B1027C4A
:101A80001AB10A4600F10C01C4E70120704710B5F5
:101A9000044686B0042002F041F92078FE2806D0E2
:101AA00000208DF8000069462046FFF7E7FF06B0EA
:101AB00010BD7CB50E4600218DF804104178012937
:101AC00003D0022903D0002405E0046900E0446942
:101AD0000CB1217C89B16D4601462846FFF753FFC2
:101AE000032809D1324629462046FFF793FF9DF887
:101AF0000410002900D004207CBD04F10C05EBE7A4
:101B000030B40C460146034A204630BC024B0C3A26
:101B1000FEF751BE60B201001AB2010070B50D4669
:101B2000040012D08DB1220100212846FBF72BFCC6
:101B3000102255492846FBF7FCFB53480121083881
:101B4000018044804560002070BD012070BD70B5EB
:101B50004D4E00240546083E10E07068AA7B00EB5D
:101B60000410817B914208D1C17BEA7B914204D170
:101B70000C222946FBF7B0FB30B1641C308884424C
:101B8000EBDB4FF0FF3070BD204670BD70B50D46E9
:101B9000060006D02DB1FFF7DAFF002803DB401C5A
:101BA00014E0102070BD384C083C20886288411C2D
:101BB000914201D9042070BD6168102201EB001030
:101BC0003146FBF7B6FB2088401C2080287000209F
:101BD00070BD2D480838008870472B49083908889F
:101BE000012802D0401E08800020704770B51446BE
:101BF0000D0018D0BCB10021A170022802D010281D
:101C000011D105E0288870B10121A170108008E091
:101C10002846FFF79CFF002805DB401CA070A88920
:101C20002080002070BD012070BD70B505461446AF
:101C30000E000BD000203070A878012808D005D9FC
:101C40001149A1F108010A8890420AD9012070BD0A
:101C500024B1287820702888000A5070022008706B
:101C60000FE064B14968102201EB001120461039E1
:101C7000FBF75FFB287820732888000A6073102028
:101C80003070002070BD0000880000202DE9F04178
:101C900090460C4607460025C2EB4811FE48072F28
:101CA00000EB410607D2DFE807F007070707040447
:101CB0000400012500E0FFDF06F81470002D13D0AA
:101CC000F5487C3000EB880191F827001F2803D0ED
:101CD00006EB4000447001E081F8264006EB440228
:101CE0001F20507081F82740BDE8F081F0B51F46F5
:101CF00014460E4605461F2A00D1FFDFE648C7EB13
:101D0000471100EB410CE4490CEB44007C3101EB42
:101D100087021F2E07D00CEB460140784B784870A5
:101D200018461F210AE092F82530407882F82500F5
:101D3000F6E701460CEB410005704078A142F8D16E
:101D400092F827401F2C03D00CEB4404637001E091
:101D500082F826300CEB41041F23637082F82710B1
:101D6000F0BD30B50D46CD4B44190022181A72EB68
:101D7000020100D2FFDFCA48854200DDFFDFC8480C
:101D80004042854200DAFFDFC448401C844207DA43
:101D9000002C01DB204630BDC048401C201830BD5F
:101DA000BE48C043FAE710B504460168407ABD4A10
:101DB00052F82020114450B10220084420F07F4006
:101DC000F8F759FD94F90810BDE81040C9E7042060
:101DD000F3E72DE9F047B04E7C3696F82D50DFF84A
:101DE000B89206EB850090F8264036E0C5EB451129
:101DF00009EB41074FF0070817F81400012806D037
:101E000004282ED005282ED0062800D0FFDF01F0B0
:101E100045F9014607EB4400427806EB850080F85F
:101E2000262090F82720A24202D11F2280F82720E6
:101E3000084601F03EF92A4621460120FFF726FF19
:101E40009948414600EB041002682046904796F8F6
:101E50002D5006EB850090F826401F2CC6D1BDE81A
:101E6000F087022000E003208046D0E710B58A4CBE
:101E70001F217C3484F8251084F8261084F827105C
:101E8000002084F8280084F82D0084F82E10411ECC
:101E9000A16044F8100B2074607420736073A07309
:101EA0008249E07720750870487000217A4A103C1A
:101EB00002F81100491CC9B21F29F9D30120F8F713
:101EC000CAFB0020F8F7C7FB012084F82200F9F7CD
:101ED00037F87748F9F749F8744CA41E2070754814
:101EE000F9F743F86070BDE81040F8F741BB10B552
:101EF000F8F763FB6D4CA41E2078F9F74FF8607873
:101F0000F9F74CF8BDE8104001F000B91F20704708
:101F10000020F8F779BB70B5054601240E46AC40A9
:101F20005AB1FFF7F5FF0146634800EBC500C0F862
:101F30001015C0F81465614801E06048001D046098
:101F400070BD2DE9F34F544D00247C3505EB810A1B
:101F500089B09AF825001F2823D0611E02915249AA
:101F6000009401EB0017391D03AB07C983E8070094
:101F700005F11400A0460189ADF81C10807A8DF897
:101F80001E009DF81500C8B10226464951F82040B0
:101F90000399A219114421F07F41019184B10221DA
:101FA0000FE00120F8F757FB0020F8F754FBF8F793
:101FB00022FB01F0ABF885F82F40A9E00426E4E706
:101FC00000218DF81810022801D0012820D1039893
:101FD00001190998081A801C9DF81C1020F07F40F8
:101FE00001B10221353181420BD203208DF8150059
:101FF0000398C4F13201401A20F07F40322403904C
:102000000CE095F8240018B901F063FA002863D0B9
:10201000322C03D214B101F06DF801E001F076F832
:10202000224A107818B393465278039B121B002162
:102030009DF81840994601281AD0032818D000208E
:102040008DF81E00002A04DD981A039001208DF8F7
:1020500018009DF81C0000B102210398184A20F0D6
:102060007F40039003AB099801F05CF810B110E0D9
:102070000120E5E79DF81D0018B99BF80000032832
:1020800029D08DF81C80CDF80C908DF818408DF873
:102090001E809DF8180015E0DC080020FF7F841EDC
:1020A0000020A10770B20100EC0600209A00002079
:1020B000773A0100D31D010000F0014004F5014012
:1020C000FFFF3F0058B103980123811900221846F1
:1020D000F8F714FB06E000200BB0BDE8F08F0120FC
:1020E000F8F7B9FA97F90C20012300200199F8F7C5
:1020F00005FBF87BC00701D0F8F7E9FB012085F864
:102100002F008AF8288020226946FE48FBF711F943
:102110000120E1E72DE9F05FDFF8E883064608EBF0
:10212000860090F825501F2D21D0A8F17C01C6EB28
:1021300046102C4601EB4007A1F5F879DFF8C8B34B
:1021400005E0A24607EB4A0044781F2C0AD0F8F7B6
:1021500020FB09EB04135A4601211B1D00F0E2FF8E
:102160000028EED0AC4202D0334652461EE0E7488B
:1021700008B1AFF30080F8F70CFB98F82F206AB194
:10218000D8F80C20411C891A0902CA1701EB126108
:102190000912002902DD0020BDE8F09F3146FFF75B
:1021A000D0FE08B10120F7E733462A461F2104205C
:1021B000FFF79CFDEFE72DE9F041D24C2569F8F7D8
:1021C000E8FA401B0002C11700EB1160001200D4B6
:1021D000FFDF94F8220000B1FFDF012784F82270AE
:1021E00094F82E001F2800D1FFDF94F82E601F20E6
:1021F00084F82E00002584F82F5084F8205084F8AD
:102200002150C34825600078022835D0032833D0F8
:1022100000202077A068401C05D04FF0FF30A06060
:102220000120F8F718FA0020F8F715FAF8F711FB73
:10223000F8F709FBF8F7DFF908F0C6F8B5480560CC
:1022400005604FF0E0214FF40040B846C1F880022D
:10225000F0F7B5FE94F82D703846FFF75BFF0028C5
:10226000FAD0A849C7EB47107C3901EB400010F8C1
:102270001600022802D006E00120CAE73A4631469D
:102280000620FFF703FD84F8238004EB870090F815
:1022900026001F2804D09E48801E4078F8F784FE50
:1022A000207F002803D0F8F7C4FA257765771BE56F
:1022B000944910B591F82D20924B0024C2EB4211A5
:1022C0007C3B03EB410100BF11F814302BB1641CBF
:1022D000E4B21F2CF8D31F2010BD8F4901EB04116D
:1022E00008600020C87321460120FFF7CFFC20467C
:1022F00010BD10B5012801D0032800D181B3814A57
:1023000092F82D307F4C0022C3EB43137C3C04EB4E
:10231000430300BF13F812400CB1082010BD521C3B
:10232000D2B21F2AF6D37A4A48B1022807D0072929
:1023300017D2DFE801F01606080A0C0E1000002183
:102340000AE01B2108E03A2106E0582104E0772149
:1023500002E0962100E0B52151701070002010BD00
:10236000FFE70720FBE76A4810B54078F8F783FAE3
:1023700080B2F4E710B51F2815D2624991F82D20DC
:10238000C2EB4213A1F17C0202EB430414F81030BB
:102390004BB191F82D30C3EB431302EB430212F81B
:1023A0001020012A01D00020D9E791F82D20014604
:1023B0000020FFF76BFC0120D1E710B5F8F7E9F931
:1023C000BDE81040F8F757BA2DE9F0410E464D4FE1
:1023D00001781F257C3FC3EB43130C4607EB4303F7
:1023E00003E0254603EB45046478944202D01F2C99
:1023F000F7D108E01F2C06D0A14206D103EB410122
:102400004978017007E000206EE403EB440003EB21
:10241000450140784870414F7EB127B1002140F21C
:102420002D40AFF300803078A04206D127B10021C3
:102430004FF48660AFF30080357027B1002140F281
:102440003540AFF3008001204EE410B542680B68C0
:102450009A1A1202D41702EB1462121216D4497A95
:1024600091B1427A82B92E4A006852F8211012685E
:1024700019441044001D891C081A0002C11700EB02
:1024800011600012322801DB012068E7002066E7B6
:102490002DE9F0478146204EC1EB411006F5F87159
:1024A0009846144601EB400713E000BF06EB041505
:1024B000291D4846FFF7C9FF68B988F80040A97B85
:1024C00099F80A00814201D80020C8E407EB4400D3
:1024D00044781F2CEAD10120C1E42DE9F04782465F
:1024E00008480E4600EB8600DFF82C8090F8254067
:1024F0001F201070C1EB46109946154608F5F8717B
:1025000010E0000058090020FFFF3F00000000001D
:102510009A00002000F50040EC06002000000000BA
:1025200070B2010001EB40070BE000BF08EB0410A4
:102530005146001DFFF789FF28B107EB44002C70BE
:1025400044781F2CF2D1297889F800104B46224696
:1025500031465046BDE8F0479AE72DE9FC410E466A
:1025600007460024FE4D08E09DF8000005EB001032
:102570008168384600F0EAFD01246B4601AA314625
:102580003846FFF7AAFF0028EED02046BDE8FC81C0
:1025900070B50446C0EB44110125F248A54300EB99
:1025A0004101C5EB451200EB42003E22FAF7C1FEA5
:1025B000ED4E26B100214FF49360AFF30080E9485F
:1025C0007C3000EB850100EB8400D0F82500C1F8D9
:1025D000250026B1002140F29C40AFF30080284640
:1025E00070BD8A4203D003460520FFF77FBB1F2939
:1025F00008D0DC4AC0EB401002EB400000EB410089
:1026000040787047D7497C3101EB800090F8250075
:102610007047D34901EB0010001DFFF7C4BB7CB528
:102620001D46134604460E4600F108022146184690
:10263000F8F72EF994F908000F2804DD1F382072EE
:102640002068401C206096B10220C84951F826102D
:10265000461820686946801B20F07F40206094F96E
:1026600008002844C01C1F2803DA012009E00420C8
:10267000EBE701AAF8F70CF99DF8040010B10098F7
:10268000401C00900099206831440844C01C20F090
:102690007F4060607CBDFEB50C46064609786079D7
:1026A000907220791F461546507279B12179002227
:1026B0002846A368FFF7B3FFAA4928467C3191F862
:1026C0002E201F2A0AD00969491D0DE0D4E90223F2
:1026D000217903B02846BDE8F040A0E7A449497835
:1026E000052900D20521314421F07F4100F02EFD63
:1026F00039462846FFF731FFD4E90232217968468E
:10270000FFF78DFF2B4600213046019A00F00AFDAD
:10271000002806D103B031462846BDE8F04000F05D
:1027200015BDFEBD2DE9FE4F814600F0CBFC38B152
:102730005FF0000799F8000020B10020BDE8FE8F8F
:102740000127F7E7874D884C4FF0000A7C3524B10C
:10275000002140F2FF40AFF3008095F82D8085F80E
:1027600023A0002624B1002140F20450AFF30080E2
:102770001FB94046FFF70CFF804624B1002140F20C
:102780000C50AFF30080F8F704F843466A46494618
:10279000FFF781FF24B1002140F21250AFF3008017
:1027A00095F82E001F280CD029690098401A0002C5
:1027B000C21700EB1260001203D5684600F0C6FC99
:1027C000012624B1002140F21C50AFF3008095F89F
:1027D00023000028BBD124B1002140F22250AFF3E6
:1027E0000080F7F7D6FF6B46624A002100F09AFCA2
:1027F0000028A3D027B941466846FFF7AEFE06433E
:1028000026B16846FFF7CFFAC9F8080024B10021C5
:1028100040F23550AFF3008001208FE72DE9F04FF3
:1028200089B08B46824600F04DFC4E4C7C3428B378
:102830009BF80000002710B1012800D0FFDF4A4DAF
:1028400025B1002140F2F750AFF300804449012048
:1028500001EB0A18A94607905FEA090604D0002197
:1028600040F2FF50AFF30080079800F022FC94F88C
:102870002D50002084F8230067B119E094F82E0051
:1028800001271F2800D1FFDF9BF800000028D6D0C9
:10289000FFDFD4E72846FFF77BFE054626B100217F
:1028A00040F20960AFF3008094F823000028D3D1F0
:1028B00026B1002140F21360AFF30080F7F769FF03
:1028C0002B4602AA59460790FFF7E5FE98F80F003D
:1028D0005FEA060900F001008DF8130004D0002122
:1028E00040F21D60AFF300803B462A4602A9CDF8B6
:1028F00000A0079800F035FC064604EB850090F830
:1029000028000090B9F1000F04D0002140F22460AB
:10291000AFF3008000F0C2FB0790B9F1000F04D0C4
:10292000002140F22A60AFF3008094F823000028D1
:1029300092D1B9F1000F04D0002140F23260AFF320
:1029400000800DF1080C9CE80E00C8E90112C8F8DF
:102950000C30BEB35FEA090612D000210CE0000083
:10296000EC060020DC0800200000000070B201002E
:102970009A000020FFFF3F0040F23F60AFF300806D
:102980000098B84312D094F82E001F280ED126B11B
:10299000002140F24460AFF300802846FFF7BAFB05
:1029A00020B99BF80000D8B3012849D0B9F1000F35
:1029B00004D0002140F26160AFF30080284600F0AF
:1029C00066FB01265FEA090504D0002140F26A6037
:1029D000AFF30080079800F06CFB25B1002140F2B6
:1029E0006E60AFF300808EB194F82D0004EB800090
:1029F00090F826001F2809D025B1002140F275600B
:102A0000AFF30080F9484078F8F7CEFA25B10021FD
:102A100040F27A60AFF3008009B03046BDE8F08F35
:102A2000FFE7B9F1000F04D0002140F24C60AFF392
:102A3000008094F82D2051460420FFF727F9C0E7C5
:102A4000002E3FF409AF002140F25760AFF3008041
:102A500002E72DE9F84FE64D814695F82D004FF03D
:102A60000008E44C4FF0010B474624B100214FF41D
:102A7000D160AFF30080584600F01BFB85F823704F
:102A800024B1002140F28D60AFF3008095F82D0055
:102A9000FFF77EFD064695F8230028B1002CE4D010
:102AA000002140F293604DE024B1002140F2976094
:102AB000AFF30080CE49C6EB46107C3901EB4001F4
:102AC00011F81900032856D1334605EB830A4A460C
:102AD0009AF82500904201D1012000E000200090EA
:102AE0000AF125000021FFF76FFC01460098014222
:102AF00003D001228AF82820AF77E1B324B1002166
:102B000040F29C60AFF30080324649460120FFF757
:102B1000BDF89AF828A024B1002140F2A760AFF3D5
:102B2000008000F0BBFA834624B1002140F2AC6083
:102B3000AFF3008095F8230038B1002C95D0002128
:102B40004FF4D660AFF300808FE7BAF1000F07D0E3
:102B500095F82E001F2803D13046FFF7DBFAE0B1CD
:102B600024B1002140F2C460AFF30080304600F091
:102B70008EFA4FF0010824B1002140F2CD60AFF38E
:102B80000080584600F095FA24B1002140F2D1604F
:102B9000AFF300804046BDE8F88F002CF1D0002153
:102BA00040F2BF60AFF30080E6E70120F7F72CBDED
:102BB0008E48007870472DE9F0418D4C94F82E0036
:102BC0001F2821D194F82D6004EB860797F8255033
:102BD0001F2D00D1FFDF8649C6EB46107C3901EB83
:102BE000400000EB4500407807F8250F0120F87001
:102BF00084F82300294684F82E50324602202234DD
:102C0000FFF744F8002020701EE42DE9F0417A4ED1
:102C1000774C012538B1012821D0022879D003282A
:102C20007DD0FFDF10E400F065FAFFF7C4FF207EDF
:102C300000B1FFDF84F821500020F7F70CFDA168F8
:102C4000481C04D0012300221846F7F757FD14F85A
:102C50002E0F217806EB01110A68012154E0FFF7DD
:102C6000AAFF0120F7F7F7FC94F8210050B1A06803
:102C7000401C07D014F82E0F217806EB01110A68CA
:102C8000062141E0207EDFF86481002708F1020878
:102C9000012803D002281ED0FFDFB5E7A777F7F79A
:102CA000C8FD98F80000032801D165772577607D7D
:102CB000524951F8200094F8201051B948B1616888
:102CC0000123091A00221846F7F718FD0220207682
:102CD0009AE7277698E784F8205000F00BFAA07F57
:102CE00050B198F8010061680123091A00221846C2
:102CF000F7F704FD257600E0277614F82E0F2178EB
:102D000006EB01110A680021BDE8F041104700E020
:102D100005E036480078BDE8F041F8F745B9FFF71F
:102D20004AFF14F82E0F217806EB01110A680521DD
:102D3000EAE710B52E4C94F82E001F2800D1FFDFD3
:102D400014F82E0F21782C4A02EB01110A68BDE815
:102D50001040042110477CB5254C054694F82E0000
:102D60001F2800D1FFDFA068401C00D0FFDF94F8CF
:102D70002E00214901AA01EB0010694690F90C00D0
:102D80002844F7F785FD9DF904000F2801DD012097
:102D900000E00020009908446168084420F07F4169
:102DA000A16094F82100002807D002B00123BDE8FB
:102DB000704000221846F7F7A1BC7CBD30B5104A20
:102DC0000B1A541CB3EB940F1ED3451AB5EB940F9A
:102DD0001AD3934203D9101A43185B1C14E095428E
:102DE00010D9511A0844401C43420DE098000020BD
:102DF0005809002000000000EC06002070B201001D
:102E0000FF7F841EFFDF0023184630BD0123002210
:102E100001460220F7F772BC0220F7F71CBCF7F757
:102E2000B8BC2DE9FE4FF24C05468A4694F82E00B8
:102E30001F2800D1FFDFEE4E94F82E10A04620464A
:102E4000A6F51B7202EB01141F218DF8001090F8FB
:102E50002D10376900EB8101D8F8000091F825901A
:102E6000284402AA01A90C36F7F712FD9DF90800C3
:102E7000002802DD0198401C0190A0680199642D92
:102E8000084453D3DB4B00225B1B72EB02014DD392
:102E90006168411A21F07F41B1F5800F46D220F0E0
:102EA0007F40706086F80AA098F82D1044466B4663
:102EB0004A463046FFF7ECFAB8B3A068401C10D081
:102EC000F7F767FCA168081A0002C11700EB116050
:102ED000001202282CDD0120F7F7BDFB4FF0FF3078
:102EE000A06094F82D009DF800201F210F34FFF7FB
:102EF00078FBA17FBE4AC1EB41117C3A02EB410154
:102F0000E27F01EB4201487054F80F0C284444F86A
:102F10000F0C012020759DF800001F2803D0B64833
:102F20004078F8F741F8012008E401E0002005E4CA
:102F30007760FBE72DE9F047AD4C074694F82D008C
:102F4000A4F17C06C0EB401006EB400010F817001F
:102F500000B9FFDF94F82D50A046A84C24B1002101
:102F600040F6E800AFF30080C5EB451040F6F409E9
:102F700040F6FD0A06EB400616F81700012819D0A6
:102F8000042811D005280FD006280DD01CB100212F
:102F90004846AFF3008007F0EBFE002CECD0002198
:102FA0005046AFF30080E7E72A4639460120FEF796
:102FB0006DFEF2E74FF0010A4FF00009454624B1DB
:102FC000002140F60410AFF30080504600F071F885
:102FD00085F8239024B1002140F60910AFF300805A
:102FE00095F82D00FFF7D4FA064695F8230028B18E
:102FF000002CE4D0002140F60F101FE024B1002186
:1030000040F61310AFF3008005EB860000F12701B6
:1030100033463A462630FFF7D7F924B1002140F66F
:103020001710AFF3008000F039F8824695F82300BE
:1030300038B1002CC3D0002140F61D10AFF3008042
:10304000BDE785F82D60012085F82300504600F08B
:1030500030F8002C04D0002140F62A10AFF3008095
:10306000BDE8F08730B5044661480D4690F82D0064
:103070005F49C0EB40107C3901EB400010F81400B0
:1030800000B9FFDF5E4800EB0410C57330BD58493E
:1030900081F82D00012081F82300704710B55948B0
:1030A00008B1AFF30080EFF3108000F0010072B6BA
:1030B00010BD10B5002804D1534808B1AFF300800B
:1030C00062B610BD51480068C005C00D10D0103860
:1030D00040B2002804DB00F1E02090F8000405E095
:1030E00000F00F0000F1E02090F8140D4009704747
:1030F0000820704710B53E4C94F82400002804D1F5
:10310000F7F746FC012084F8240010BD10B5384CB8
:1031100094F82400002804D0F7F763FC002084F81A
:10312000240010BD10B51C685B68241A181A24F01E
:103130007F4420F07F40A14206D8B4F5800F03D22F
:10314000904201D8012010BD002010BDD0E900320E
:10315000D21A21F07F43114421F07F41C0E90031B0
:1031600070472DE9FC418446214815460F46C2EBC5
:1031700045117C38089C00EB410616F81400012824
:1031800004D0022802D00020BDE8FC813B46204A42
:1031900001216046FFF7C6FFF0B101AB6A46294640
:1031A0003846FFF79AF9B8B19DF804209DF8001051
:1031B0002846FFF716FA06EB440148709DF8000018
:1031C0001F280DD006EB400044702A4621460320FC
:1031D000FEF75CFD0120D7E72A4621460420F7E7E9
:1031E0000348012100EB850000F8254FC170ECE792
:1031F00058090020FF1FA1079800002000000000D0
:10320000EC060020000000000000000004ED00E0DB
:10321000FFFF3F002DE9F041044680074FF0000515
:103220004FF001060CD56B480560066000F0DEF932
:1032300020B16948016841F48061016024F0020412
:10324000E0044FF0FF3705D564484660C0F80873C6
:1032500024F48054600003D56148056024F0804464
:10326000E0050FD55F48C0F80052C0F808735E490A
:103270000D60091D0D605C4A04210C32116006616D
:1032800024F48074A00409D558484660C0F8005260
:10329000C0F808735648056024F40054C4F3803025
:1032A000C4F3C031884200D0FFDF14F4404F14D083
:1032B00050484660C0F808734F488660C0F8005216
:1032C000C0F808734D490D600A1D16608660C0F88D
:1032D00008730D60166024F4404420050AD5484860
:1032E00046608660C0F80873C0F8487345480560BA
:1032F00024F4006407F042F84348044200D0FFDFA2
:10330000BDE8F081F0B50022202501234FEA020438
:1033100020FA02F1C9072DD051B2002910DB00BFFD
:103320004FEA51174FEA870701F01F0607F1E02720
:1033300003FA06F6C7F88061BFF34F8FBFF36F8FB4
:103340000CDB00BF4FEA51174FEA870701F01F0659
:1033500007F1E02703FA06F6C7F8806204DB01F103
:10336000E02181F8004405E001F00F0101F1E021C6
:1033700081F8144D02F10102AA42C9D3F0BD10B583
:10338000224C20600846F7F71CFC2068FFF742FF3C
:103390002068FFF7B7FF06F031FC00F088F906F06F
:1033A000EDFF06F02CFFF7F7CBFDBDE8104006F06F
:1033B000D9BC10B5154C2068FFF72CFF2068FFF72B
:1033C000A1FF06F0DBFFF7F7FBFC0020206010BD3B
:1033D0000A207047FC1F00403C17004000C000401E
:1033E00004E50140008000400485004000D000401A
:1033F00004D5004000E0004000F0004000F500402F
:1034000000B0004008B50040FEFF0FFD9C0000200A
:1034100070B526490A680AB30022154601244B6894
:103420005B1C4B600C2B00D34D600E7904FA06F345
:103430000E681E420FD0EFF3108212F0010272B636
:1034400000D001220C689C430C6002B962B6496846
:103450000160002070BD521C0C2AE0D3052070BD15
:103460004FF0E0214FF48000C1F800027047EFF305
:10347000108111F0010F72B64FF0010202FA00F252
:103480000A48036842EA0302026000D162B6E7E735
:1034900006480021016041607047012181400348D6
:1034A0000068084000D0012070470000A000002004
:1034B00001208107086070470121880741600021D1
:1034C000C0F80011184801707047174901200870B2
:1034D00070474FF08040D0F80001012803D0124817
:1034E0000078002800D00120704710480068C0070D
:1034F00000D0012070470D480C300068C00700D094
:10350000012070470948143000687047074910319E
:103510000A68D20306D5096801F00301814201D18E
:103520000120704700207047A800002008040040D8
:103530004FF08050D0F830010A2801D000207047A9
:103540000120704700B5FFF7F3FF20B14FF0805026
:10355000D0F8340108B1002000BD012000BD4FF0BB
:103560008050D0F83001062803D0401C01D0002044
:103570007047012070474FF08050D0F830010D287F
:1035800001D000207047012070474FF08050D0F8E4
:103590003001082801D000207047012070474FF00B
:1035A0008050D0F83001102801D000207047012051
:1035B000704700B5FFF7F3FF30B9FFF7DCFF18B92C
:1035C000FFF7E3FF002800D0012000BD00B5FFF7A2
:1035D000C6FF38B14FF08050D0F83401062803D32D
:1035E000401C01D0002000BD012000BD00B5FFF748
:1035F000B6FF48B14FF08050D0F83401062803D30D
:10360000401C01D0012000BD002000BD0021017040
:10361000084670470146002008707047EFF310819C
:1036200001F0010172B60278012A01D0012200E006
:1036300000220123037001B962B60AB1002070476D
:103640004FF400507047E9E7EFF3108111F0010FDC
:1036500072B64FF00002027000D162B600207047CF
:10366000F2E700002DE9F04115460E46044600271A
:1036700000F0EBF8A84215D3002341200FE000BF73
:1036800094F84220A25CF25494F84210491CB1FB19
:10369000F0F200FB12115B1C84F84210DBB2AB426B
:1036A000EED3012700F0DDF83846BDE8F08172491D
:1036B00010B5802081F800047049002081F8420094
:1036C00081F84100433181F8420081F841004331E3
:1036D00081F8420081F841006948FFF797FF684888
:1036E000401CFFF793FFF7F7B3FBBDE8104000F075
:1036F000B8B840207047614800F0A7B80A460146B4
:103700005E48AFE7402070475C48433000F09DB80A
:103710000A46014659484330A4E740210170002081
:10372000704710B504465548863000F08EF820707A
:10373000002010BD0A460146504810B58630FFF7FC
:1037400091FF08B1002010BD42F2070010BD70B516
:103750000C460646412900D9FFDF4A480068103868
:1037600040B200F054F8C5B20D2000F050F8C0B2DD
:10377000854201D3012504E0002502E00DB1F7F7F1
:10378000AAFB224631463D48FFF76CFF0028F5D0E2
:1037900070BD2DE9F0413A4F0025064617F10407A8
:1037A00057F82540204600F041F810B36D1CEDB2EB
:1037B000032DF5D33148433000F038F8002825D0E8
:1037C0002E4800F033F8002820D02C48863000F036
:1037D0002DF800281AD0F7F754FB2948FFF71EFFF1
:1037E000B0F5005F00D0FFDFBDE8F0412448FFF7EF
:1037F0002BBF94F841004121265414F8410F401C7E
:10380000B0FBF1F201FB12002070D3E74DE7002876
:1038100004DB00F1E02090F8000405E000F00F0068
:1038200000F1E02090F8140D4009704710F8411F96
:103830004122491CB1FBF2F302FB13114078814293
:1038400001D1012070470020704710F8411F4078D7
:10385000814201D3081A02E0C0F141000844C0B21D
:10386000704710B50648FFF7D9FE002803D1BDE820
:103870001040F7F7F1BA10BD0DE000E08809002014
:10388000AC00002004ED00E070B5154D2878401C18
:10389000C4B26878844202D000F0DBFA2C7070BDAC
:1038A0002DE9F0410E4C4FF0E02600BF00F0C6FAC3
:1038B00007F05EFA40BF20BF677820786070D6F8C6
:1038C0000052EDF759FD854305D1D6F8040210B931
:1038D0002078B842EAD000F0ACFA0020BDE8F081D0
:1038E000BC0000202DE9F04101264FF0E022310319
:1038F0004FF000084046C2F88011BFF34F8FBFF36E
:103900006F8F204CC4F800010C2000F02EF81E4DE3
:103910002868C04340F30017286840F01000286072
:10392000C4F8046326607F1C02E000BF07F020FAA1
:10393000D4F800010028F9D01FB9286820F0100041
:103940002860124805686660C4F80863C4F80081FE
:103950000C2000F00AF82846BDE8F08110B50446B6
:10396000FFF7C0FF2060002010BD002809DB00F039
:103970001F02012191404009800000F1E020C0F8C1
:103980008012704700C0004010ED00E008C5004004
:103990002DE9F047FF4C0646FF21A06800EB061218
:1039A00011702178FF2910D04FF0080909EB01119F
:1039B00009EB06174158C05900F0F4F9002807DD5B
:1039C000A168207801EB061108702670BDE8F08729
:1039D00094F8008045460DE0A06809EB05114158B8
:1039E000C05900F0DFF9002806DCA068A84600EB0B
:1039F00008100578FF2DEFD1A06800EB061100EB51
:103A000008100D700670E1E7F0B5E24B04460020A7
:103A100001259A680C269B780CE000BF05EB001787
:103A2000D75DA74204D106EB0017D7598F4204D0C7
:103A3000401CC0B28342F1D8FF20F0BD70B5FFF743
:103A4000EEF9D44C08252278A16805EB02128958BA
:103A500000F0A8F9012808DD2178A06805EB011124
:103A60004058BDE87040FFF7D1B9FFF7A1F8BDE8B5
:103A70007040F7F799BA2DE9F041C64C2578FFF769
:103A8000CEF9FF2D6ED04FF00808A26808EB05169E
:103A9000915900F087F90228A06801DD80595DE0A6
:103AA00000EB051109782170022101EB0511425C40
:103AB0005AB1521E4254815901F5800121F07F41D3
:103AC00081512846FFF764FF34E00423012203EB11
:103AD000051302EB051250F803C0875CBCF1000F20
:103AE00010D0BCF5007F10D9CCF3080250F806C006
:103AF0000CEB423C2CF07F4C40F806C0C3589A1A9D
:103B0000520A09E0FF2181540AE0825902EB4C324B
:103B100022F07F428251002242542846FFF738FFAC
:103B20000C21A06801EB05114158E06850F82720EE
:103B3000384690472078FF2814D0FFF770F9227894
:103B4000A16808EB02124546895800F02BF90128BC
:103B500093DD2178A06805EB01114058BDE8F041E4
:103B6000FFF754B9BDE8F081F0B51D4614460E4686
:103B70000746FF2B00D3FFDFA00700D0FFDF8548FB
:103B8000FF210022C0E90247C57006710170427032
:103B900082701046012204E002EB0013401CE15445
:103BA000C0B2A842F8D3F0BD70B57A4C064665782D
:103BB0002079854200D3FFDFE06840F82560607817
:103BC000401C6070284670BD2DE9FF5F1D468B4686
:103BD0000746FF24FFF723F9DFF8B891064699F866
:103BE0000100B84200D8FFDF00214FF001084FF07C
:103BF0000C0A99F80220D9F808000EE008EB01132E
:103C0000C35CFF2B0ED0BB4205D10AEB011350F869
:103C100003C0DC450CD0491CC9B28A42EED8FF2C47
:103C200002D00DE00C46F6E799F803108A4203D162
:103C3000FF2004B0BDE8F09F1446521C89F8022012
:103C400008EB04110AEB0412475440F802B00421B7
:103C5000029B0022012B01EB04110CD040F8012043
:103C60004FF4007808234FF0020C454513D9E905BD
:103C7000C90D02D002E04550F2E7414606EB413261
:103C800003EB041322F07F42C250691A0CEB0412BA
:103C9000490A81540BE005B9012506EB453103EBD8
:103CA000041321F07F41C1500CEB0411425499F8E8
:103CB00000502046FFF76CFE99F80000A84201D0A2
:103CC000FFF7BCFE3846B4E770B50C460546FFF773
:103CD000A6F8064621462846FFF796FE0446FF282A
:103CE0001AD02C4D082101EB0411A8684158304628
:103CF00000F058F800F58050C11700EBD140401398
:103D00000221AA6801EB0411515C09B100EB4120CA
:103D1000002800DC012070BD002070BD2DE9F047B7
:103D200088468146FFF770FE0746FF281BD0194DD5
:103D30002E78A8683146344605E0BC4206D02646B7
:103D400000EB06121478FF2CF7D10CE0FF2C0AD000
:103D5000A6420CD100EB011000782870FF2804D097
:103D6000FFF76CFE03E0002030E6FFF755F8414610
:103D70004846FFF7A9FF0123A968024603EB041395
:103D8000FF20C854A878401EB84200D1A87001EBAB
:103D9000041001E0540A002001EB061100780870BD
:103DA000104613E6081A0002C11700EB116000125A
:103DB0007047000010B5202000F07FF8202000F0B0
:103DC0008DF84D49202081F80004EDF7D3FA4B49D6
:103DD00008604B48D0F8041341F00101C0F8041307
:103DE000D0F8041341F08071C0F804134249012057
:103DF0001C39C1F8000110BD10B5202000F05DF89D
:103E00003E480021C8380160001D01603D4A481E3F
:103E100010603B4AC2F80803384B1960C2F8000131
:103E2000C2F8600138490860BDE81040202000F069
:103E300055B834493548091F08607047314933483F
:103E4000086070472D48C8380160001D521E02608E
:103E500070472C4901200860BFF34F8F70472DE950
:103E6000F0412849D0F8188028480860244CD4F83C
:103E700000010025244E6F1E28B14046EDF7D4F90D
:103E800040B9002111E0D4F8600198B14046EDF747
:103E9000CBF948B1C4F80051C4F860513760BDE8AF
:103EA000F041202000F01AB831684046BDE8F041EA
:103EB00006F068BFFFDFBDE8F08100280DDB00F0F1
:103EC0001F02012191404009800000F1E020C0F86C
:103ED0008011BFF34F8FBFF36F8F7047002809DB4E
:103EE00000F01F02012191404009800000F1E02014
:103EF000C0F880127047000020E000E0C8060240D1
:103F000000000240180502400004024001000001C8
:103F1000454800210170417010218170704770B5D3
:103F2000054616460C460220F3F7F2FB3E490120F7
:103F3000F61E08703D4806603C4808380560001FC2
:103F4000046070BD10B50220F3F7E2FB3649012092
:103F5000087000F051F836494FF40000086010BDB9
:103F600010B5314C207888B131494FF40000091D5B
:103F7000086000F04AF8002120B1012060702D484F
:103F8000006801E061701020A0702170BDE8104051
:103F90000020F3F7BDBB244810B5017859B126487D
:103FA000D0F8000128B100F030F8002800D001203E
:103FB00010BD022010BD407810BD10B5C824641E8D
:103FC000E4B2FFF7E8FF022803D0012800D0002068
:103FD00010BD002CF3D1FFDFF9E7134810B50178CD
:103FE00041B100F012F818B112480068C0B210BD1B
:103FF000102010BD807810BD0F480021C0F80011BE
:10400000C0F80411C0F8081170470B48D0F800112F
:1040100029B1D0F8041111B1D0F8080108B100207D
:104020007047012070470000BE00002010F50040DE
:1040300004F5014000F4004000F000404748002132
:1040400001704170704770B5064614460D46012058
:10405000F3F75EFB42480660001D0460001D05602A
:1040600070BD70B53D4901250D7040EA02413C4AE2
:1040700041F08071121F11603A4C0026C4F80461AF
:10408000394A4FF04071116058B1012800D0FFDF6C
:10409000C4F80062256034494FF00070091F0860C1
:1040A00070BDC4F80052256070BD2C48017871B114
:1040B0002D4A4FF0407111602A49D1F804210021A6
:1040C0001AB12A4A1268427000E041700170002063
:1040D000F3F71EBB2148017841B12248D0F8040112
:1040E000002802D021480068C0B27047407870476D
:1040F0002DE9F04700282AD01848007800B9FFDFE2
:10410000184DD5F80401002821D10227C5F8047301
:10411000174C2068C04340F30016206840F01000A0
:1041200020604FF400484FF0E029761C04E000BF07
:10413000C9F8808206F01CFED5F804010028F7D0EB
:104140001EB9206820F010002060C5F80873BDE893
:10415000F08704490120886070470000C1000020FA
:1041600008F5004000F0004008F5014000F4004070
:1041700010ED00E010B541F6A474012802D0022829
:1041800002D0FFDF204610BD41F2883010BD38B5A7
:10419000FE4D0024C5F80041C5F80C41C5F810419A
:1041A000C5F80441C5F81441C5F81841FFF70EFAE7
:1041B00008B1C5F82841F6480068009038BD70B5D0
:1041C000F44D00246C702C7000F0D2FD85F8254071
:1041D000EC620922002105F11800AC63F9F7D3F86D
:1041E000ED49601E0860091D0860091D0C60091D6D
:1041F0000860091D0C60091D0860091D0860091D83
:104200000860091D0860091D0860091D0860091D76
:104210000860091D0860091D086070BDDF4800B511
:10422000016801F00F01032905D0006800F00F00BC
:10423000042802D0FFDF012000BD022000BD00B530
:10424000012802D0022800D0FFDF002000BD00B509
:10425000012802D0022802D0FFDF282000BD18204C
:1042600000BD10B5CB4902681839CA4C0A634268D0
:104270004A63007A81F83800207E50B1207FF9F738
:10428000C0F8A07E08B1012100E00021207FF9F7ED
:10429000ADF8607E00280CD0607FF9F7B2F8E07EC0
:1042A00008B1012100E00021607FBDE81040F9F76E
:1042B0009DB810BD00F063BD10B500F060FDB348BF
:1042C000D0F80001002800D0FFDF10BD70B501203C
:1042D00000F030FDB2480025056001260660FFF7BA
:1042E00085F9B04C18B1206840F480602060FFF779
:1042F00036F928B12068AC4920F0770008432060E7
:10430000FFF764F938B1A748001D016821F47F4127
:1043100041F4B0510160A349A4483C310860FFF763
:1043200055F99C4C60B19D490220503184F8210020
:104330000860A0499E48086095481030091F086031
:104340004FF01020806C411C05D094497C310A68E4
:1043500060F317420A60914940F25B6028310860BF
:10436000091F40F203100860081F06608B490320F4
:1043700008608C48EC38066094F8211011B14FF4B5
:10438000C02100E08C498B4A41F46021943A1160CD
:104390008749884A091F083211607D490839121F70
:1043A0001160016821F440710160016841F480717D
:1043B0000160012000F0CFFC74491020C1F8040313
:1043C00084F83150E56270BD76483830016821F0DC
:1043D000010141F08071016070476E4A0368183A2C
:1043E000C2F81A308088D0836A48017270476948E1
:1043F00090F825007047674A517010707047F0B50B
:104400000546840061488B882044C0F820360B782C
:10441000D1F8011043EA0121C0F8001605F10800A7
:104420000127604C07FA00F6FC3C52B1012A00D08B
:10443000FFDF2068304320602068AF4038432060B1
:10444000F0BD2068B043F6E706F0E8B8514890F8B0
:1044500032007047514AC1781432116000684F49E8
:1044600000020C3108607047252807D0262807D0A5
:10447000272807D00A2807D8042206E0022107E0EF
:104480001A2105E0502103E0062202EB4001C9B2E7
:10449000424A083A116041494431086070473D483A
:1044A000817A012917D0022914D1417E002911D027
:1044B000827F0121C37F01FA02F299400A433D49FC
:1044C00094390A6090F820003C4A002102EB8000F9
:1044D000C0F810157047017EE8E72DE9F0472D4C34
:1044E000A17A01290BD0022975D1627E002A72D0EF
:1044F000012906D0677FE17E59B101260AE0227EBC
:10450000F4E7277FA17E09B1012600E000261121F2
:1045100001E000262421DFF898804FF0010AA8F17D
:104520004408C8F84CA0DFF898904518D9F8000066
:10453000A84200D3FFDF0021C8F84C11C9F8005091
:10454000380286F0010140EA015040F0031294F86D
:1045500020101A4800EB8103C3F8102500EB8101FD
:10456000A27F184800EBC203C3F81415164DC3F818
:104570001055E37F00EBC300C0F814150449083957
:10458000C0F810150AFA02F120E024E00010004003
:10459000181100407C0A0020000E00401015004059
:1045A000FC1F00403C170040880000802C00008960
:1045B000448000409CF5014000000404006000407D
:1045C0004C85004000F001404C8100400AFA03F0A5
:1045D0000143F9480160BDE8F0872DE9F0410E463E
:1045E000F64907460320C1F80002F54C94F8210073
:1045F00010B14FF4C02000E0F248EF4D2860304683
:1046000006F036F817B1012F0FD017E0FEF7DEFFE6
:1046100010B1304600F0C9FB0120A072A06B40F43D
:104620008010A0634FF4801007E00220A072A06BFE
:1046300040F40010A0634FF400102860F6F744F92E
:104640003146BDE8F04148E72DE9F05FDB4C074615
:1046500003200E469346C4F80002D94D95F8210078
:1046600010B14FF4C02100E0D649DFF84C93C9F8EF
:104670000010104605F0FCFFDFF83C834FF0010A04
:1046800008F1A808A7B3012F3ED0FFDFCE4806608F
:10469000C949CE48A4310860A86B40F40020A86343
:1046A000D4F800721025C4F808530020C4F80002A2
:1046B000C1494FF48028091DC1F8008004F5007439
:1046C000FFF765FD2760C9F80080C4F80451E903CD
:1046D000C9F80010BE49C1F84CA0BB48001D0068D5
:1046E000B04200D3FFDF59463046BDE8F05FF4E644
:1046F000FFE7FEF76BFF10B1584600F056FBC8F815
:10470000004085F80AA0C1E7AC49091DC8F80010AF
:104710000220A872BAE72DE9F041A94C064690465E
:1047200094F831000F46002500B9FFDF16B1012EC5
:1047300012D01DE094F83100012806D094F8302002
:104740004146384605F0A2FF10E094F8301042468A
:10475000384605F0DCFF09E094F8310094F8301099
:1047600001284246384609D005F0F8FFE16A4518AD
:10477000424629463046BDE8F04165E705F0A8FF0E
:10478000F4E708B5FF208DF800008C480021C0F840
:1047900010110121016104E09DF80010491E8DF8FF
:1047A00000109DF8001019B1D0F810110029F3D0B5
:1047B0009DF80000002800D1FFDF08BD2DE9F04181
:1047C0007E4CD4F8000220F00307D4F804034FF025
:1047D0001008C0F30016C4F808830025C4F800527E
:1047E000774890F8210010B14FF4C02000E07548E0
:1047F000714940F46020091D0860FFF750FEFFF783
:10480000C0FFC4F81051FEF7E1FE08B1C4F828510A
:1048100000F0AEFAC4F80072002E01D0C4F8048390
:10482000BDE8F081ADE700686A4920F07F4008608C
:10483000704710B5012000F07DFABDE8104001205E
:1048400000F089BA01465E4818221838F8F771BDA1
:104850004FF0E0210220C1F8000170475E49087066
:1048600070475C4938390860704770B50546F6F7FF
:104870002BF8534C2844E16A884200D8FFDF01201E
:104880002074F6F721F82844606194F8211041B1B2
:10489000084460614948D0F8001241F04001C0F876
:1048A00000124B490020C1F8440147496069091FC3
:1048B0000860BDE8704000F0A2BA70B5404C0646F2
:1048C00002200D462074FFF7A9FC024694F831003F
:1048D00094F8301001281BD0304605F081FF60614C
:1048E00094F8210048B16169084460613348D0F808
:1048F000001241F04001C0F8001235490020C1F813
:1049000044016169E06A08442F49091F086070BDCD
:104910002B46304605F037FFE1E727494FF480008A
:10492000091D08602648816B21F480018163002104
:10493000017470472A4A10B502EBC002274BC2F837
:104940001035C2F81415012181401B4801601C4834
:10495000826B0A43826310BD1D4801214160C16022
:104960000021C0F844111848001F01601448C162BA
:10497000704710B50446FEF729FE10B1104880F8C4
:1049800021401448243004600C48D0F8001241F053
:104990004001C0F8001210BD084810B5D0F8001250
:1049A00021F04001C0F80012FEF710FE0949243141
:1049B00000B10220086010BD04F501400010004065
:1049C0007C0A002000000404488500404881004023
:1049D000008000403C150040C3000020041100404E
:1049E00000F00140F948D0F8001221F01001C0F8A1
:1049F0000012012181617047F4480021C0F81C11A8
:104A0000D0F8001241F01001C0F800127047EF49D1
:104A100008B5D1F81C21012A01D0002008BDEC4ABC
:104A2000126802F07F02524202700020C1F81C019D
:104A3000E84800680090012008BDF0B517460C005A
:104A4000064600D1FFDFE44DE0072F7302D0012CB2
:104A500000D0FFDF46B102206872EC72012802D05C
:104A6000022800D0FFDFF0BD0120F5E770B5DA4C79
:104A70000021E27A930703D5830701D5430713D4B6
:104A8000D30605D594F8333013B194F835305BB1C3
:104A9000130702D594F8243033B9520702D594F89D
:104AA00025200AB1C00700D00121607A012518B184
:104AB000A1B1BDE8704081E694F8210010B14FF437
:104AC000C02000E0C548C6490860C048D0F80012C0
:104AD00021F00301C0F80012E57270BD012803D077
:104AE000022808D0FFDF70BD00F042F9A5729621C0
:104AF000227B002006E000F03BF90220A072227B1E
:104B000096210120BDE8704005E62DE9F05FDFF851
:104B1000D4B29BF80000042800D3FFDFB248D0F8DD
:104B20004C0108B1FFF7BBFCAB4CAD49A06B086072
:104B30004FF00008C4F8388000F06BF9DFF8AC9251
:104B40000546D9F80010A16294F8210008B1081AAE
:104B5000A062A648001F0068E062FFF75FFB84F8D0
:104B60003000A07ADFF868A2012184F83100AAF1B0
:104B7000440A022808D1607830B1DAF800201278AF
:104B800002402078904310D084F82480924EA807E9
:104B9000A6F1180605D5F5F797FEA16A081A31693E
:104BA0008847E80704D0002709E084F82410EDE7DF
:104BB000A80701D5012702E0280707D50227F5F746
:104BC00083FEE16A7269081A394690479BF8000033
:104BD000C0071CD1DAF800005746007800F00F003B
:104BE000072812D239680622A01C0931F8F774FB95
:104BF00038B9207A39680978B0EBD11F01D101208A
:104C000000E0002084F8250001E084F82580284693
:104C1000FFF72CFFE80701D030682FE0A80726D562
:104C200068071ED4FEF7D2FCD8B9FEF7DFFCC0B986
:104C30006748F4380168001F0068C0F3425CC0F3A5
:104C4000006700F00F03C0F30312C0F3032047B165
:104C50000BB102B128B921B1BCF1030F01D245F06B
:104C6000040545F380007168401C884709E0280767
:104C700001D5B06802E0E80602D5F068804700E0A0
:104C8000FFDFA07A02281BD1207C002818D0564ACA
:104C9000C2F8448102280FD0012800D0FFDFE16A6A
:104CA0006069884200D8FFDFD4F81410C9F80010FA
:104CB000BDE8F05F00F0A3B86169E06A0144F5E780
:104CC000BDE8F09F70B5054641F2643441F66A06CE
:104CD000022806D0012D12D0022D0CD0FFDF304665
:104CE00070BDFEF72FFC0028F6D1FEF738FC002837
:104CF000F2D141F6583441F29A00204470BD42F698
:104D0000CE3070BD324808300168032904D00068F5
:104D1000022801D000207047012070472C4808303D
:104D200001680B2904D000680A2801D000207047D0
:104D30000120704700280DDB00F01F020121914087
:104D40004009800000F1E020C0F88011BFF34F8FD0
:104D5000BFF36F8F7047002809DB00F01F020121AD
:104D600091404009800000F1E020C0F880127047B7
:104D700019480021417281720121C172704730B51A
:104D800000240546012902D002290BD0FFDF184874
:104D900004430F4834380460164805430C48303843
:104DA000056030BD4FF08074F1E7094A4032116868
:104DB00053060228D3F820031ED0C0F3062000BFFC
:104DC00021F4FE4141EA00201060704700100040CD
:104DD000481500401C1100407C0A0020000004041B
:104DE00008F50140C30000200080004044850040D9
:104DF0000801100000000302C0F30660E0E7354838
:104E0000816B41F48001816333494FF48000086075
:104E1000DBE7F8B52F4C314E0020217C19B1D6F8D4
:104E20004411012907D00023A27A2D49012A04D078
:104E3000022A0AD019E00123F6E7D1F80C01012873
:104E400001D0002011E008200FE0D1F80C0101286A
:104E500006D0002223480068012803D0042002E085
:104E60000222F7E7002010431843D1F81021012A4D
:104E70002ED0002505431C48026812F0FF0F03D016
:104E8000D1F81421012A00D0002284F832200068D1
:104E900010F0FF0F03D0D1F81801012800D0002036
:104EA00084F833000F481030006884F83400FFF7AE
:104EB00072F8012800D0002084F83500FFF767F968
:104EC0000020C6F844010948006800902846F8BD53
:104ED0001025CFE77C0A002004F501400080004047
:104EE0000010004000140040401600404481004083
:104EF00010B5444822220021F8F745FA4148002421
:104F0000017821F010010170012104F04DFC3D49B0
:104F10004FF6FF70263981F8224088843A4908808C
:104F2000488010BDE4E7704700F05FB83549016084
:104F30007047354908807047324926398A8CA2F576
:104F40007F43FF3B02D00021016008E091F822205E
:104F50002C492639012A02D0016001207047002027
:104F600070472848263810F8221F012908D001214F
:104F7000017025482349263900888884012070471C
:104F8000002070472049488070471E491E4B263933
:104F90008A8C5B889A4205D191F8222012B1016077
:104FA00001207047002070471648174A2638818C28
:104FB0005288914209D14FF6FF71818410F8221F67
:104FC00019B10021017001207047002070470D4881
:104FD0000D4A2638818C5288914204D190F82200E3
:104FE00008B10020704701207047064926398A8C95
:104FF000824205D1002081F822004FF6FF7088849C
:1050000070470000DE0A0020C400002070473D4ABF
:10501000012338B1012804D1137008689060888892
:105020009081704753700868C2F802008888D08069
:105030007047344A10B1012807D00EE0507860B1B3
:10504000D2F802000860D08804E0107828B1906897
:1050500008609089888001207047002070472949A6
:1050600010B1012802D005E0487800E0087808B1C6
:10507000012070470020704730B50C4605468DB0C2
:105080004FF0030104F1030012B1FEF741FB01E010
:10509000FEF75DFB60790D2220F0C00040F040007B
:1050A0006071002104A8F8F76EF9E0788DF81F0010
:1050B00020798DF81E0060798DF81D001022294698
:1050C0006846F8F736F9684604F036FE9DF82F007A
:1050D00020709DF82E0060709DF82D00A0700DB01E
:1050E00030BD10B5002904464FF0060102D0FEF78E
:1050F0000FFB01E0FEF72BFB607920F0C000607130
:1051000010BD0000C8000020FE48406870472DE92F
:10511000F0410E46074601461446012004F011FDF9
:10512000054697F86500FFF725F84AF2B1210844D3
:105130004FF47A71B0FBF1F1788840F2712250435C
:10514000C1EB4000041BA4F2663402F0BBFD00B1C9
:105150001E3CAE4201D2284600E03046A04204D2B6
:10516000AE4201D22C4600E034467C62BDE8F081BC
:1051700030B502460020002914D0A2FB01104C0AD1
:1051800044EAC054400A641C40F100000021D4F1FC
:10519000FF3240F2A175814100D2FFDF04F5F464D3
:1051A000B4FBF5F030BD2DE9FF4F8BB0044690F80D
:1051B00065008A460990DDE90D1008430890D24841
:1051C0000026007800F004FE054694F88C0100F0FB
:1051D000FFFD284480B2009094F87D000D2804D093
:1051E000002007900D9810B131E00120F9E794F804
:1051F0002C0103282BD1079848B3B4F8AE115145C0
:1052000025D1D4F83401C4F82001608840F2E2418D
:105210004843C4F82401B4F87A01B4F806110844EC
:10522000C4F82801204602F057FDB4F8B201E0822C
:1052300094F8B0016075B4F8B4016080B4F8B601B8
:10524000A080B4F8B801E080022084F82C01D4F8E2
:1052500084010590D4F880010390B4F80681B4F875
:105260007811D4F8740106900D9820B194F840019B
:1052700000287DD108E004F580700290743004901D
:1052800004F5B075001D07E004F5AA700290001D3A
:10529000049004F5A275001D0A90B4F87020AAEBE2
:1052A00002000FFA80F9AAEB010007B2002F05DA1D
:1052B000D4F87001069001204F46089092484FF0B4
:1052C000000B007970B3F5F7A1FC58B3B4F81801DE
:1052D000022827D394F82C01022823D094F8430104
:1052E00000BB94F88C0100F073FD00F5C86080B23B
:1052F000009094F82C01012845D0608840F2E241EA
:1053000048430099FFF734FF08EB0901CA1BD4F8A2
:10531000341180B2431A02FB03BBC4F834010120EC
:1053200084F8430194F82C0100286DD001287DD029
:1053300002287CD003287BD0FFDF00BFA6EB0B0147
:105340000698FCF70EFD0499012640F271220860D0
:105350000A990020A1F800A028702E710498006816
:10536000A8606088D4F834115043C1EB400000E0DD
:10537000BFE16549A0F23630C861896981427DD9B3
:10538000029908607BE194F88000032833D0012162
:10539000002004F0CDF8E18A40F27122514300EB85
:1053A00041000190D4F82401B8340099FFF7E0FEE1
:1053B000A16E226F431AA066DDE9001002FB03BB59
:1053C000FFF7D6FEA16FA067421A34F8B60C40F280
:1053D000E241484393440099FFF7CAFE08EB0901F4
:1053E000226FC91B8A1AE16F521E431A02FB03BBCC
:1053F000E067B83C93E7E08A40F27122D4F82411C8
:10540000504301EB4000CCE7039800B9FFDF0121D6
:10541000002004F08DF80646E08A40F271214843EE
:1054200006EB40000099FFF7A3FE02E0C0E058E061
:10543000DDE0C4F83001608840F2E2414843009961
:10544000FFF796FEC4F8340182B22046A16AFFF746
:105450005EFE14F8650FFEF7F2FE4FF47A7800F264
:10546000E140B0FBF8F1039801EB00092078FEF76A
:10547000E6FE07462078FEF77DFE00E0FDE03844BA
:105480004AF2AB310144B1FBF8F134F84F0C40F271
:105490007122504306EB4000411AD4F8CB0040F291
:1054A000E2430A1A02EB0906227814F8501C11FB99
:1054B00003F1203E00F0B9FC1349801C886114F808
:1054C0006509FEF7BCFE00F2E140B0FBF8F103987D
:1054D0000844301A40F2F6218842BFF42FAFFFDFB4
:1054E0002CE7E08A40F27122D4F82411504301EBFA
:1054F00040000099FFF73CFEC4F83001608840F29C
:10550000E24103E0000B0020D8000020484300994E
:10551000FFF72EFEC4F8340182B22046A16AFFF7DD
:10552000F6FDB8F1000F21D10E98F8B194F865603E
:105530003046FEF71FFE4AF2B12101444FF47A7063
:10554000B1FBF0F0D4F8301140F271230144E08A4D
:10555000D4F82421584302EB4000471A3046FEF7A6
:1055600076FE0599081A3E18203E0AE0E08A40F2CD
:105570007122D4F82411504301EB4000D4F83011CB
:10558000461AD4F82821D4F82011D4F8300140F27A
:10559000E24301FB020094F86520617D11FB03F1F9
:1055A00000F043FCF9498861012084F82C01C5E62C
:1055B000608840F271225043D4F83411D4F8282185
:1055C000C1EB40067E4308EB0900801AD4F8207135
:1055D000D4F83031401E07FB023200FB012094F862
:1055E0006520617D40F2E24311FB03F140E06088F9
:1055F00040F27122D4F834115043C1EB400694F8C4
:105600007C007E43242803D094F87D0024280AD10E
:10561000B4F8AE11AAEB010000B2002803DB94F845
:10562000B10100B109900898D8B1B8F1000F18D1B4
:10563000059808B1039800B9FFDF94F86500FEF7FC
:1056400099FD4AF2B12101444FF47A70B1FBF0F0B8
:10565000361A94F86500FEF7FAFD0599081A064413
:10566000203ED4F8341108EB090048430021099A80
:1056700000F0DBFBC549886160E602980160029892
:10568000616A0068084400F5D370E86002F01AFB14
:1056900010B1E8681E30E8606E71B4F8F010A1EB4C
:1056A0000A0000B2002801DD032068710798002875
:1056B0000E9822D0C0B100BFB4F81811B1B3B4F83D
:1056C0001A0100BFA4F81A0194F81C21401C42439F
:1056D0008A4209D26879401E002805DD6E71B4F84F
:1056E0001A01401CA4F81A010D9830B394F8400137
:1056F000F8B102200FB0BDE8F08F0028DCD194F89B
:105700002C010028F0D0608840F27122D4F83411C6
:105710005043C1EB4001284603F04EFE0004000C4C
:10572000E2D0189901B108800120E3E7FFE70020EB
:10573000C8E794F87C01FDF78CF994F87C012946C0
:1057400000F059FB20B10D9880F0010084F8410170
:105750000020CFE77CB50446FCF72FFE0146D4F8C5
:105760007001FDF72BFB214600F076FB94F87D10CD
:105770000D290AD0B4F87020B4F83E1113189942DC
:1057800006DB491CA4F83E1106E0B4F83E010CE02B
:10579000401C1044A4F83E0194F8420140B9B4F80A
:1057A0003E01B4F8F410884202D1401CA4F83E0136
:1057B000B4F87A0101AE401CA4F87A01B4F89A005A
:1057C000B4F89810401AB4F87010401E084485B21E
:1057D00009E000231A4620460096FFF7E4FCD0B10A
:1057E00001282ED0FFDFB4F83E11681A00B200285D
:1057F000EFDA082084F88D00012084F88C00204620
:1058000001F0F5FE204600F0F8FA60484079BDE866
:105810007C40F5F7C9BBA06E002811D0B4F83E015A
:10582000B4F89420801A01B2002909DD34F86C0F15
:105830000144491E91FBF0F189B201FB0020208553
:105840007CBDB4F83E01BDF804100844A4F83E0144
:10585000C9E770B54E4C607A08B1002070BD94F86D
:10586000300030B1616B606A884202D9F8F70CFBF6
:10587000F3E7A06AC8B1F7F725FF0546F7F7F9FE89
:10588000284442F210714618FCF797FD0546294658
:10589000E06AFDF793FAE562A16A8219914202D2A9
:1058A0000120A062E2E7081AA062012070BD70B575
:1058B000374C012500202575207494F8300004F140
:1058C000100650B14FF47A71A069FCF74AFAA06152
:1058D0000021304603F070FD10E0002000F00DFBC9
:1058E0000546F7F7EFFE05442946A069FCF739FAAB
:1058F000A0612946304603F05FFD451C208C411C09
:105900000A2901D228442084606828B1208C401CD8
:105910000A2801D3022000E003206075FFF799FFF9
:1059200038B1207B314600F066FA002800D1FFDF55
:1059300070BD00F0DAFA15484079BDE87040F5F71F
:1059400033BB38B50025044680F82C51A0F87851B7
:105950002B462A4629460095FFF725FC00B1FFDFBC
:10596000C4F828510120C4F8205184F82C01A4F86F
:105970003E51A4F83C5184F8425134F8700F401E57
:1059800024F8B80B0020A4F8525038BDD8000020ED
:10599000000B002010B530B1F749012807D00228CC
:1059A0000BD0FFDF10BDBDE8104000F0EABA486A36
:1059B000BDE81040002100F0B5BA002081F83000A9
:1059C000FCF7F9FBED484079BDE81040F5F7ECBA7B
:1059D0002DE9F0410646E8480F460178E74D0329D6
:1059E00009D1017BB14206D1406868613846BDE803
:1059F000F04100F0EEBA304600F0F3F90621FAF774
:105A00005DFB040000D1FFDF304600F0EAF9218899
:105A1000884200D0FFDF214638466C61BDE8F04186
:105A200000F027BA10B5D44C207848B1012060723C
:105A3000F8F74CFA2078032804D0207A002800D008
:105A40000C2010BD207BFDF704F8207BFDF772FAD7
:105A5000207BFCF78FFC00B9FFDF0020207010BD19
:105A600010B5FFF7DFFF00F0F1FAC348002180F81E
:105A70003010C172084610BDC049487100208870BE
:105A800001220A7048700A71C870BB490870E7E7C4
:105A9000BA49087070472DE9F047B74C07460E46E3
:105AA000207800284BD1B648FCF702FC20731F2851
:105AB00045D04FF00309676084F8009000256572B7
:105AC000257287B1012107F58E70FDF740FE062093
:105AD000FAF7A0FA97F81C11B1FBF0F200FB1210D4
:105AE000401C87F81C01FCF73EFC40F2F65188424E
:105AF00000D2084600F23F101FFA80F8F7F7B9FD10
:105B0000E061F7F7DFFD0127E0B1A772FCF755FC74
:105B10008246002000F0F1F900EB08015046FCF746
:105B200020F9A061C4E90A6A277584F815909249A2
:105B30002574207B103100F05EF990B910E00C2044
:105B4000BDE8F087FCF739FC4146FCF70AF9A06193
:105B5000A57284F83070A6F28B566663A562E3E7FF
:105B6000FFDF25840020F8F7B1F90020E8E783493A
:105B7000487070478149087170472DE9F0417F4CAA
:105B80000746E088401CE080D4E902516078D7F8ED
:105B9000806120B13246284603F036FC0546A068F5
:105BA000854205D02169281A08442061FDF7D3F801
:105BB000A560AE4205D897F82C01012801D0E07805
:105BC00010B10020BDE8F0810120FBE710B50446CC
:105BD0000846FEF7CFFA4AF2B12108444FF47A7131
:105BE000B0FBF1F040F2E2414C4300F23630844227
:105BF00001D9201A10BD002010BD7CB5044600203C
:105C000084F8400194F8FE0000283FD194F82C015C
:105C100003283BD1FCF7D1FB0146D4F87001FDF716
:105C2000CDF8002832DD214600F016F9411CB4F809
:105C300070000144A4F83C11B4F83C11B4F8F4200D
:105C4000511A09B2002921DD012184F84211B4F86A
:105C50009A10B4F8982001AE891A491E084485B2FA
:105C60000EE00096B4F83C11002301222046FFF715
:105C70009AFA00280AD0012809D0022806D0FFDFAE
:105C8000B4F83C01281A00B20028EADA7CBDB4F866
:105C90003C01BDF804100844A4F83C01F0E738B515
:105CA00000250446012902D13448C07868B1042097
:105CB00084F82C01FCF77FFAA4F87A51B4F870004C
:105CC000A4F83E0184F842515FE60095B4F8F41060
:105CD000012300222046FFF766FA0028EAD0FFDF02
:105CE000E8E710B5062916D2DFE801F00509030C34
:105CF0000C0D002100E00121BDE81040CFE7032199
:105D000080F82C1110BDB0F834118AB2816ABDE858
:105D10001040FFF7FCB9FFDF10BD70B5174CA1783C
:105D2000022916D1E188002913D16569C5F88401DB
:105D300095F86500FEF78BFAD5F88411081AA1686A
:105D40000144A160E1680844E060BDE8704000F0F3
:105D5000A9B970BD70B5054608488478022C11D0E9
:105D6000054C243401B34FF47A7601290ED0022970
:105D700010D0FFDF70BD0000000B0020D800002015
:105D8000D1590100446904F5C074EBE71846FEF7E9
:105D900056FA02E01046FEF795FF00F2E140B0FB34
:105DA000F6F0281A2060E5E72560E3E7FE4810B525
:105DB000007808B1002010BD0620FAF71DF980F028
:105DC000010010BDF8480078002800D0012070477D
:105DD00010B504460C2800D3FFDFF44830F8140057
:105DE00010BD10B504461F2800D3FFDFEE48383041
:105DF00030F8140010BDFCF711BD70B5044600204A
:105E000084F82C0194F87C514FF6FF761F2D00D3B7
:105E1000FFDFE548383020F8156094F87C01FCF786
:105E2000A9FA1F2084F87C01A4E770B505460C464A
:105E300016461046FEF79EF94AF2B12108444FF487
:105E40007A71B0FBF1F000EB450004443046FEF7F8
:105E5000FEF9204460308DE7002809D0D1F83421C4
:105E6000498840F271235943C2EB4101B0FBF1F084
:105E700070472DE9F04101250226CD4F0C46082838
:105E800031D2DFE800F0040E161611301A23204636
:105E900000F0ADF9204600F064F984F84051BE707E
:105EA00090E601F00AFF01E0FEF72FFE84F8405172
:105EB00088E62046BDE8F0414CE4FEF7B3FCFEF76F
:105EC00024FE4FF0E020C0F880627BE694F82C01BD
:105ED000042800D0FFDF2046FFF78FFF7879BDE868
:105EE000F041F5F761B8FFDF6CE610B5AE4C207BF2
:105EF000FCF740FA0020207010BD08B500284FF0D4
:105F00000101684602D0FDF703FC01E0FDF7F6FB56
:105F10009DF8000042F210710002B0FBF1F201FBAB
:105F2000120008BD2DE9F0419F4C0746002084F87F
:105F30003000A669E07220700120207201216068A3
:105F400003F0B2F86068C0F87061257B80F87C517E
:105F5000C0F88071C0F8746106881F2D00D3FFDF80
:105F60009148383020F815606068FFF7EAFC00B10E
:105F7000FFDFFCF720F98E484079BDE8F041F5F7E6
:105F800013B870B5884C0025A07A18B10120FFF72E
:105F9000B4FF0546F7F796FB4119A069FBF7E1FE50
:105FA000A061002525740320607501202075607AAA
:105FB00030B97D49207B1031FFF71DFF00B9FFDFAD
:105FC0002584FCF7F8F87A484079BDE87040F4F78A
:105FD000EBBF70B5744D04462878032800D0FFDF6E
:105FE000082C31D2DFE804F0040E2A2A2630302DA6
:105FF00000206862F7F77CFD00B1FFDF6C490320E9
:106000008870B7E6F7F735FBE9690446A14206D286
:10601000601A0421FCF705FFEC6108B906E0E861AD
:10602000F7F7B1FE0028ECD0FFDFA3E6BDE8704033
:106030000020AFE4BDE87040FEF767BDBDE87040EA
:1060400035E4BDE8704050E7FFDF93E6FEB5584CFD
:106050000120E0704FF6FF750CE00621FAF72EF8EC
:10606000060000D1FFDF96F87C01FCF763FF3046A5
:10607000FFF7C3FE69460620F9F7ADFF50B1FFDF19
:1060800008E0029830B190F82C1119B10088A842AC
:10609000E3D104E06846F9F77CFF0028F1D0002046
:1060A000E070FEBD2DE9F0474148446994F8431182
:1060B000002955D094F82C11032951D194F86590FA
:1060C0000078FFF785FE054694F88C01FFF780FE07
:1060D000284486B294F88C01FFF77AFE00F5C86078
:1060E0001FFA80F84846FEF7B2F8D4F884110D1A6A
:1060F0004846FEF73FF84FF47A7A00F2E730B0FBFB
:10610000FAF02D1A4846FEF7A2F8D4F800110F1A3B
:106110004846FEF72FF84AF2B1210144B1FBFAF0EC
:106120003A1AA2F160007043B0FBF8F1292000EBAD
:1061300052006031A0EB510200EB5100AA4201D89D
:10614000854201D3F4F714FE608840F2E2414843EF
:106150003146FFF70DF8C4F83401002084F84301FC
:10616000EEE470B50446FCF7FEF8054694F86500C9
:10617000FEF700F84AF2B12108444FF47A71B0FBFF
:10618000F1F0D4F8341140F2712201446088504398
:10619000C1EB4006303EB72D00D8B725214601207F
:1061A00003F0CFFC284405E0000B002088B201007A
:1061B000D8000020351A21460120A5F21B3503F036
:1061C000C0FC616A9C30814201D9081A00E00020BD
:1061D0002C49A842CD6000D328468860D4F86C01D1
:1061E000A0F5D3700861BDE87040FCF7B4BD10B5F0
:1061F000044624490020C4F88001C880C4F8840102
:1062000094F8410138B9FCF7D8F8D4F84C11FCF7F0
:10621000D5FD002813DCB4F83E11B4F870008142BB
:1062200001D1B4F8F410081AA4F8F600A4F870101C
:10623000D4F86801C4F84C01C4F870011CE0B4F84B
:106240003C01B4F87010401AA4F8F600B4F83C0110
:10625000A4F87000D4F84C01C4F86801C4F87001C7
:10626000D4F85401C4F80001D4F85801C4F87401FA
:10627000B4F85C01A4F878012046BDE8104001F0B4
:1062800006BC0000D80000202DE9F0410E4604466F
:1062900003F06FFB0546204603F06DFB044603F058
:1062A000FDF8FB4F010015D0386990F864208A4250
:1062B00010D090F8C4311BB190F8C63123421FD0E2
:1062C0002EB990F85D30234201D18A4218D890F857
:1062D000C401A8B1284603F0E1F870B1396991F81A
:1062E0006520824209D091F8C40118B191F8C70124
:1062F000284205D091F8C40110B10120BDE8F08119
:106300000020FBE730B5E24C85B0E06900285ED0A4
:10631000142200216846F7F736F8206990F86500E6
:10632000FDF728FF4FF47A7100F5FA70B0FBF1F534
:10633000206990F86500FDF78AFF2844ADF8060053
:1063400020690188ADF80010B0F87010ADF80410A5
:106350004188ADF8021090F8A60130B1A069C11CC7
:10636000039103F01FFA8DF81000206990F8A50141
:106370008DF80800E169684688472069002180F8A7
:10638000A61180F8A5110399002920D090F8A41136
:1063900000291CD190F87C10272918D09DF81010E6
:1063A000039A002913D013780124FF2B11D0072B57
:1063B0000DD102290BD15178FF2908D180F8A441D1
:1063C0000399C0F8A8119DF8101080F8A71105B026
:1063D00030BD1B29F2D9FAE770B5AD4C206990F8B1
:1063E0007D001B2800D0FFDF2069002580F8A75022
:1063F00090F8D80100B1FFDF206990F8A81041B1F2
:1064000080F8A8500188A0F8DC1180F8DA510C213E
:1064100008E00188A0F8DC1180F8DA51012180F849
:10642000DE110B2180F8D8110088F9F77AFFF9F70F
:1064300023FC2079F4F7B8FD206980F87D5070BD09
:1064400070B5934CA07980072CD5A078002829D16D
:1064500062692046D37801690D2B01F170005FD08D
:106460000DDCA3F102034FF001050B2B19D2DFE87D
:1064700003F01A1844506127182C183A6400152BA1
:106480006FD008DC112B4BD0122B5AD0132B62D0BB
:10649000142B06D166E0162B71D0172B70D0FF2B72
:1064A0006FD0FFDF70BD91F87F200123194602F005
:1064B00038FF0028F6D12169082081F87F0070BDDF
:1064C0001079BDE8704001F0A2BC91F87E00C007D1
:1064D00000D1FFDF01F05AFC206910F87E1F21F087
:1064E0000101017070BD91F87D00102800D0FFDF20
:1064F0002069112180F8A75008E091F87D00142848
:1065000000D0FFDF2069152180F8A75080F87D10AA
:1065100070BD91F87D00152800D0FFDF172005E041
:1065200091F87D00152800D0FFDF1920216981F83E
:106530007D0070BDBDE870404EE7BDE8704001F0E1
:106540003ABC91F87C200123002102F0EAFE00B958
:10655000FFDF0E200FE011F87E0F20F0040008701E
:106560001DE00FE091F87C200123002102F0D9FE0C
:1065700000B9FFDF1C20216981F87C0070BD12E0AA
:106580001BE022E091F87E00C0F30110012800D04A
:10659000FFDF206910F87E1F21F010010170BDE8B7
:1065A000704001F0F3BB91F87C200123002102F040
:1065B000B8FE00B9FFDF1F20DDE791F87D0021283C
:1065C00001D000B1FFDF2220B0E7BDE8704001F04C
:1065D000E9BB2F48016991F87E20130702D50121FC
:1065E0008170704742F0080281F87E208069C0788F
:1065F00081F8E10001F0C1BB10B5254C21690A8882
:10660000A1F81A2281F8180291F8640001F0A9FBA0
:10661000216981F81C0291F8650001F0A2FB216953
:1066200081F81D02012081F81602002081F8C401C2
:106630002079BDE81040F4F7B7BC10B5144C052123
:106640002069FFF74EFB206990F85A10012908D005
:1066500000F5F77103F048FA2079BDE81040F4F72F
:10666000A3BC022180F85A1010BD10B5084C0123BC
:106670000921206990F87C20703002F052FE48B168
:106680002169002001F8960F087301F81A0C10BD5B
:10669000F80000200120A070F9E770B5FE4D01233D
:1066A00029462869896990F87C2009790E2A01D148
:1066B000122903D000241C2A03D004E0BDE8704056
:1066C000D3E7142902D0202A07D008E080F87C40C4
:1066D00080F8A240BDE87040AFE7162906D0262A10
:1066E00001D1162902D0172909D00CE000F87C4FFF
:1066F00080F82640407821280CD01A2017E090F826
:106700007D20222A07D0EA69002A03D0FF2901D17F
:1067100080F8A63132E780F87D4001F037FB286928
:1067200080F8974090F8C4010028F3D00020BDE81D
:10673000704061E72DE9F843D74C206990F87C1050
:10674000202909D05FF0000790F87D10222905D09C
:106750007FB300F17C0503E00127F5E700F17D053B
:1067600010F8B01F41F004010170A06903F007F9AF
:106770004FF00108002608B33946A069FFF784FDF1
:10678000E0B16A46A169206902F096FE90B3A06963
:1067900003F0F3F82169A1F8AE01B1F8701001F02F
:1067A000C6FA40B32069282180F88D1080F88C80CB
:1067B00048E0FFE70220A070BDE8F883206990F868
:1067C000C40110B11E20FFF717FFAFB1A069216906
:1067D000C07881F8E20008FA00F1C1F3006000B966
:1067E000FFDF20690A2180F87C1090F8A20040B9F0
:1067F000FFDF06E009E01AE02E7001F0C7FAFFF7AC
:10680000E8FE206980F89760D6E7206990F8C40117
:1068100018B10020FFF7F0FE2E70206900F17D0115
:1068200080F897608D420DD180F87D600AE0206984
:106830009DF8001080F8B0119DF8011080F8B1119A
:1068400024202870206900F17D018D4203D1BDE82C
:10685000F84301F09BBA80F8A260ADE770B58E4CAA
:1068600001230B21206990F87D20703002F059FD42
:10687000202650BB20690123002190F87D20703034
:1068800002F04FFD0125F0B1206990F87C0024282A
:106890001BD0A06903F063F8C8B1206990F8B0106C
:1068A00041F0040180F8B010A1694A7902F00702B2
:1068B00080F85D20097901F0070180F85C1090F8FC
:1068C000C5311BBB06E0A57058E6A67056E6BDE8CC
:1068D00070407EE690F8C431C3B900F164035E787D
:1068E0008E4205D11978914202D180F897500DE07F
:1068F00000F504710D7002884A8090F85C200A71DE
:1069000090F85D0048712079F4F74EFB2169212051
:1069100081F87D00BDE8704001F02FBAF8B55E4CFB
:10692000206990F87E0010F0300F04D0A07840F07D
:106930000100A070F8BDA06902F0FAFF50B3A06991
:1069400002F0F0FF0746A06902F0F0FF0646A069DA
:1069500002F0E6FF0546A06902F0E6FF0146009757
:10696000206933462A46303003F046F8A079800784
:1069700003D56069C07814280FD0216991F87C0094
:106980001C280AD091F85A0001280ED091F8BB01BA
:1069900058B907E0BDE8F8401BE62169012081F8FD
:1069A0005A0002E091F8BA0130B1206910F87E1F58
:1069B00041F0100101700EE091F87E0001F5FE72C9
:1069C00040F0200081F87E0031F8300B03F080F8B1
:1069D0002079F4F7E9FABDE8F84001F0CEB970B5D6
:1069E0002D4C206990F87E10890707D590F87C20FF
:1069F00001230821703002F094FCE8B1206990F87E
:106A0000AA00800712D4A06902F073FF216981F8FF
:106A1000AB00A06930F8052FA1F8AC204088A1F8A0
:106A2000AE0011F8AA0F40F002000870206990F83B
:106A3000AA10C90703D00FE00120A0709EE590F8CE
:106A40007E00800700D5FFDF206910F87E1F41F02F
:106A50000201017001F091F92069002590F87C1085
:106A6000062906D180F87C5080F8A2502079F4F7EE
:106A70009BFA206990F8AC110429DFD180F8AC5161
:106A80002079F4F791FA206990F87C100029D5D18B
:106A900080F8A25072E50000F800002070B5FE4CAE
:106AA00001230021206990F87D20703002F039FC2C
:106AB000012578B9206990F87D20122A0AD0012397
:106AC0000521703002F02DFC10B10820A07055E5B2
:106AD000A57053E5206990F8A80008B901F04DF9B8
:106AE0002169A06901F5847102F0F1FE2169A069B4
:106AF000D83102F0F2FE206990F8E00100B1FFDF2A
:106B000021690888A1F8E20101F5F271A06902F09B
:106B1000D6FE2169A06901F5F67102F0D5FE206963
:106B200080F8E051142180F87D102079BDE8704094
:106B3000F4F73ABA70B5D84C01230021206990F8D7
:106B40007D20703002F0EDFB0125A8B1A06902F0B4
:106B50008CFE98B1A0692169B0F80D00A1F8AE01D2
:106B6000B1F8701001F0E3F858B12069282180F8DD
:106B70008D1080F88C5001E5A570FFE4BDE87040F1
:106B800027E5A0692169027981F8B021B0F80520D4
:106B9000A1F8B22102F060FE2169A1F8B401A06958
:106BA00002F05DFE2169A1F8B601A06902F05AFE6B
:106BB0002169A1F8B8010D2081F87D00DEE47CB5E3
:106BC000B54CA079C00738D0A06901230521C5784C
:106BD000206990F87D20703002F0A3FB68B1AD1EF3
:106BE0000A2D06D2DFE805F00909050509090505A2
:106BF0000909A07840F00800A070A07800281CD1F6
:106C0000A06902F0FFFD00287AD0A0690226C578AD
:106C10001DB1012D01D0162D18D1206990F87C00EE
:106C200002F067FB90B1206990F87C101F290DD00D
:106C3000202903D0162D16D0A6707CBD262180F801
:106C40007C10162D02D02A20FFF7D6FC0C2D58D030
:106C50000CDC0C2D54D2DFE805F033301D44A7A71F
:106C6000479E57A736392020A0707CBD0120152DE6
:106C700075D008DC112D73D0122D69D0132D64D07E
:106C8000142D3DD178E0162D7CD0182D7DD0FF2D10
:106C900036D183E020690123194690F87F207030B7
:106CA00002F03FFBF8B9A06902F007FE216981F804
:106CB0009201072081F87F0078E001F044F975E047
:106CC000FFF738FF72E001F01EF96FE0206990F8DD
:106CD0007D10112901D0A67068E0122180F87D1086
:106CE00064E0FFF7DBFE61E0206990F87D00172883
:106CF000F1D101F04BF821691B2081F87D0055E0AE
:106D000052E0FFF76CFE51E0206990F87E00C0076A
:106D100003D0A07840F001001FE06946A06902F0AE
:106D2000EAFD9DF8000000F02501206900F8B01F81
:106D30009DF8011001F04101417001F01EF8206939
:106D400010F87E1F41F0010114E0FFF78EFC2DE0EA
:106D5000216991F87E10490705D5A07026E00EE064
:106D600016E00FE011E001F008F8206910F87E1F2E
:106D700041F00401017019E0FFF7D0FD16E001F0C9
:106D80008AF813E0FFF76AFD10E0FFF7D3FC0DE08F
:106D900001F060F80AE0FFF780FC07E0E16919B153
:106DA000216981F8A60101E0FFF713FC2069F0E9F1
:106DB0003012491C42F10002C0E900127CBD70B5DE
:106DC000354CA07900074AD5A078002847D1206922
:106DD00090F8E400FE2800D1FFDF2069FE210025A5
:106DE00080F8E41090F87D10192906D180F8A7509A
:106DF00000F0CCFF206980F87D50206990F87C106D
:106E00001F2902D0272921D119E090F87D0002F036
:106E100070FA78B120692621012380F87C1090F85F
:106E20007D200B21703002F07CFA78B92A20FFF720
:106E3000E3FB0BE02169202081F87C0006E00121C2
:106E400080F8A51180F87C5080F8A250206990F855
:106E50007F10082903D10221217080F8E41059E441
:106E600010B50D4C216991F8B0210AB991F8642050
:106E700081F8642091F8B1210AB991F8652081F870
:106E8000652010B10020FFF7B7FB206902F0D4FDA8
:106E9000002809D0206901E0F8000020BDE810407A
:106EA00000F5F77102F020BE10BD70B5FC4C06462F
:106EB0000D46206990F8E400FE2800D0FFDF22692B
:106EC000002082F8E46015B1A2F8A40022E422F8C0
:106ED0009E0F012010711DE470B5F14C01230021BB
:106EE000206990F87C20703002F01BFA002869D0ED
:106EF000206990F8BA1111B190F8BB1139B190F82E
:106F0000C41100295DD090F8C51111B359E090F873
:106F10007D1024291BD090F87C10242917D0002341
:106F200000F5D87200F5DD7102F058FD21690020EE
:106F300081F8BA0101461420FFF7B7FF216901F17A
:106F40003000C28A21F8E62F408B48803FE00123C1
:106F5000E6E790F87D2001230B21703002F0E1F983
:106F600078BB206990F8640000F0FBFE05462069BC
:106F700090F8650000F0F5FE0646206990F8C6110D
:106F8000284600F0E0FE50B1206990F8C711304665
:106F900000F0D9FE18B10020FFF72EFB11E02069A8
:106FA0000123032190F87D20703002F0BAF940B936
:106FB00020690123022190F87D20703002F0B1F9A0
:106FC00008B1002080E400211620FFF76EFF0120A9
:106FD0007AE410B5F0BBB24C206990F87E10CA0775
:106FE00002D00121092051E08A070AD501210C2095
:106FF000FFF75BFF206910F8AA1F41F00101017043
:1070000046E04A0702D5012113203FE00A0705D5D3
:1070100010F8E11F41710121072037E011F0300F16
:107020003AD090F8BB11A9B990F8BA11D9B190F83B
:107030007D1024292ED090F87C1024292AD00023FA
:1070400000F5D87200F5DD7102F0C8FC216911F875
:107050007E0F00E020E020F0200040F010000870DB
:10706000002081F83C01206990F87E10C90613D5F4
:1070700002F0E2FCFFF7E1FA216901F13000C28A77
:1070800021F8E62F408B488001211520FFF70DFFE6
:10709000012010BD0123D3E7002010BD70B5804C46
:1070A000206990F8E410FE2978D1A178002975D1E3
:1070B00090F87F2001231946703002F032F9002841
:1070C0006CD1206990F8901149B10021A0F89C1072
:1070D00090F8911180F8E610002102205BE090F812
:1070E0007D2001230421703002F01BF90546FFF7D3
:1070F00070FF002852D1284600F089FF00284DD1AA
:1071000020690123002190F87C20703002F009F9F9
:1071100078B120690123042190F87D20703002F0BD
:1071200000F930B9206990F8960010B100211220C2
:1071300031E0206990F87C200A2A0DD0002D2DD155
:1071400001230021703002F0ECF878B1206990F84A
:10715000AC1104290AD105E010F8E21F01710021E9
:10716000072018E090F8AA00800718D0FFF7B4FEB7
:10717000002813D120690123002190F87C20703071
:1071800002F0CFF8002809D0206990F8A401002867
:1071900004D00021FF20BDE8704086E609E0002110
:1071A0000C20FFF782FE206910F8AA1F41F00101B0
:1071B000017043E43EB505466846FDF7BDFE00B9E3
:1071C000FFDF222200210098F6F7DDF80321009866
:1071D00002F0FFFA0098017821F0100101702946B1
:1071E00002F01DFB2E4C0D2D40D00BDCA5F102054D
:1071F0000B2D19D2DFE805F01F184719191F185673
:1072000018192400152D5ED008DC112D25D0122D63
:107210000BD0132D09D0142D06D154E0162D29D0F2
:10722000172D69D0FF2D73D0FFDFFDF79AFE0028E0
:1072300000D1FFDF3EBD2169009891F8E61017E00C
:10724000E26800981178017191884171090A817191
:107250005188C171090A0172E7E70321009802F021
:10726000A6FB0621009802F0A6FBDEE700980621A7
:107270000171DAE70098216991F8C621027191F84D
:10728000C7114171D1E72169009801F5887102F0B9
:1072900028FB21690098DC3102F028FBC5E70000DB
:1072A000F8000020F849D1E90001CDE90101206989
:1072B00001A990F8B00000F025008DF804000098B6
:1072C00002F048FBB1E72069B0F84810009802F0DE
:1072D00017FB2069B0F8E810009802F015FB206950
:1072E000B0F84410009802F013FB2069B0F8E610E3
:1072F000009802F011FB98E7216991F8C401002879
:107300000098B9D111F8642F02714978B9E7FFE705
:10731000206990F8A721D0F8A811009802F08DFA02
:1073200083E7DA4810B5006990F8821041B990F807
:107330007D2001230621703001F0F3FF002800D0EA
:10734000012010BD70B5D14D286990F8801039B179
:10735000012905D0022906D0032904D0FFDF0AE461
:10736000B0F8F41037E090F87F10082936D0B0F864
:107370009810B0F89A2000248B1C9A4206D3511A18
:10738000891E0C04240C01D0641EA4B290F896103F
:1073900039B190F87C2001230921703001F0C1FF40
:1073A00040B3FFF7BEFF78B129690020B1F8902003
:1073B000B1F88E108B1C9A4203D3501A801E00D055
:1073C000401EA04200D284B20CB1641EA4B228694F
:1073D000B0F8F4102144A0F8F01040E5B0F898108F
:1073E0000329BDD330F8701F428D1144491CA0F809
:1073F000801034E50024EAE770B50C4605464FF4EA
:10740000087200212046F5F7BEFF258027E5F8F732
:107410005FBF2DE9F0410D4607460621F8F74EFE05
:10742000041E3ED094F8CC010026B8B16E7007203F
:1074300028700DE0268484F8CC61D4F8CE01C5F81C
:107440000200D4F8D201C5F80600B4F8D60168816C
:1074500094F8CC010028EDD1AE70B6E094F8D801D4
:1074600090B394F8D8010B2813D00C2801D0FFDF7B
:10747000ABE02088F8F755FF0746F8F712FC78B91B
:107480006E700C20287094F8DA01A8702088A8800B
:1074900014E02088F8F745FF0746F8F702FC10B122
:1074A0000020BDE8F0816E700B20287094F8DA019E
:1074B000A8702088A88094F8DE01A87184F8D861AB
:1074C0003846F8F7E8FB80E0FFE794F80E0230B1A9
:1074D0006E700E20287084F80E626F8075E094F84C
:1074E000E00180B16E700820287020886880D4F890
:1074F000E4116960D4F8E811A960B4F8EC01A8813E
:1075000084F8E06161E094F8080270B16E701620B2
:10751000287005E084F80862D4F80A02C5F8020071
:1075200094F808020028F5D14FE094F8EE01B0B1CC
:107530006E70122028700DE084F8EE61D4F8F0012E
:10754000C5F80200D4F8F401C5F80600D4F8F80133
:10755000C5F80A0094F8EE010028EDD135E094F862
:10756000FC0180B16E701820287084F8FC61D4F89A
:10757000FE01C5F80200D4F80202C5F80600B4F80E
:107580000602688121E094F8100240B119202870A9
:1075900084F81062D4F81202C5F8020015E094F8DD
:1075A000160200283FF47DAF6E701320287008E0AB
:1075B00084F81662D4F81802C5F80200B4F81C0268
:1075C000E88094F816020028F2D1012069E72F48DC
:1075D0000021C16101620846704730B52B4D0C4651
:1075E000E860FFF7F4FF00B1FFDF2C7130BD002130
:1075F00080F87C1080F87D1080F8801090F8FE10E4
:1076000009B1022100E00321FEF76BBB2DE9F04137
:107610001E4C0546206909B1002104E0B0F80611AE
:10762000B0F8F6201144A0F8061190F8901139B97D
:1076300090F87F2001231946703001F072FE30B1BE
:10764000206930F89C1FB0F85A201144018020694D
:1076500090F8A23033B1B0F89E10B0F8F620114483
:10766000A0F89E1090F9A670002F06DDB0F8A410C7
:10767000B0F8F6201144A0F8A41001213D263DB138
:1076800080F88D6018E00000A0B20100F800002032
:107690002278022A0AD0012A11D0A2782AB380F8CF
:1076A0008C1012F0140F0DD01E2113E090F8E6207C
:1076B000062A3CD016223AE080F88C1044E090F87C
:1076C000922134E0110702D580F88D603CE09106EC
:1076D00003D5232180F88D1036E0900700D1FFDF1D
:1076E00021692A2081F88D002AE02BB1B0F89E2074
:1076F000B0F8A0309A4210D2002F05DDB0F8A420D7
:10770000B0F8A0309A4208D2B0F89C30B0F89A2075
:10771000934204D390F890310BB1222207E090F805
:1077200080303BB1B0F89830934209D3082280F8FA
:107730008D20C1E7B0F89820062A01D33E22F6E753
:10774000206990F88C1019B12069BDE8F0414EE72E
:10775000BDE8F0410021FEF7C4BA2DE9F047FF4C27
:1077600081460D4620690088F8F7EDFD060000D13E
:10777000FFDFA0782843A070A0794FF000058006B5
:10778000206904D5A0F8985080F8045103E030F83F
:10779000981F491C0180FFF7C4FD012740B3E08812
:1077A000000506D5206990F8821011B1A0F88E501E
:1077B0001EE02069B0F88E10491C89B2A0F88E1026
:1077C000B0F890208A4201D3531A00E00023B4F8A5
:1077D00008C00CF1050C634501D880F89670914201
:1077E00006D3A0F88E5080F80E722079F3F7DCFBF8
:1077F000A0794FF0020810F0600F0ED0206990F8C9
:10780000801011B1032908D102E080F8807001E0F6
:1078100080F880800121FEF764FA206990F88010DA
:10782000012904D1E188C90501D580F88080B9F12A
:10783000000F71D1E188890502D5A0F8185104E044
:10784000B0F81811491CA0F8181100F0A7FBFEF7BA
:1078500059FDFFF723FC00F0B2FD0028206902D09B
:10786000A0F8F85003E030F8F81F491C018000F040
:10787000A9FD38B1206990F80411022907D8491CE4
:1078800080F80411206990F80401022804D92069C5
:1078900020F8F85F4580057320690123002190F8E6
:1078A0007D20703001F03DFD20B9206990F87D0009
:1078B0000C286AD120690123002190F87C207030C7
:1078C00001F02FFD48B320690123002190F87F20AB
:1078D000703001F026FD00B3206990F88010022975
:1078E00053D190F80401C0B93046F7F7AAFFA0B110
:1078F000216991F8E400FE2847D1B1F8F20001288F
:1079000043D981F8FD70B1F89A20B1F89800931E20
:10791000984203DB012004E043E036E0101A401EE9
:1079200080B2B1F8F82023899A4201D3012202E003
:107930009A1A521C92B2904200D91046012801D1E5
:1079400081F8FD5091F86F206AB98A6E5AB1B1F88A
:107950009420B1F87030D21A12B2002A03DD90429E
:1079600000DB104680B291F8892192B1B1F8FA207B
:10797000B1F88A118A4201D3012102E0891A491C17
:1079800089B2884205D9084603E02169012081F8BF
:10799000FD502169B1F870201044A1F8F400FFF700
:1079A000D1FCE088C0F340214846FFF72FFE206954
:1079B00080F8FE50BDE8F047FDF7F6BA6749024689
:1079C0008878CB78184312D10846006942B189798A
:1079D000090703D590F87F00082808D001207047D8
:1079E000B0F84C10028E914201D8FEF7C6B80020C4
:1079F000704770B5594C05460E46E0882843E08034
:107A0000A80703D5E80700D0FFDF6661EA074FF05B
:107A100000014FF001001AD0A661F278062A02D0C8
:107A20000B2A14D10AE0226992F87D30172B0ED16F
:107A30000023E2E92E3302F8370C08E0226992F8BD
:107A40007D30112B03D182F8811082F8A800AA079B
:107A500018D56269D278052A02D00B2A12D10AE021
:107A6000216991F87D20152A0CD10022E1E930220C
:107A700001F83E0C06E0206990F87D20102A01D123
:107A800080F88210280601D50820E07067E42DE90F
:107A9000F84F324C00254FF00108E580A570E570E5
:107AA0004146257061F3070220619246814680F8C5
:107AB000FE800088F8F747FC070000D1FFDF20694F
:107AC0000088FDF736FA20690088FDF75BFA206927
:107AD000B0F8F21071B190F8E410FE290FD190F8CF
:107AE000901189B190F87F2001231946703001F080
:107AF00018FC78B1206990F8E400FE2804D02069D1
:107B000090F8E400FFF756FB206990F8FF1089B168
:107B1000258118E02069A0F89C5090F8911180F818
:107B2000E61000210220FFF7C0F9206980F8FD501F
:107B30000220E7E790F8CC1119B9018C82889142B4
:107B400000D881882181B0F8F610491E8EB2B0F8B5
:107B5000F8103144A0F8F81002E00000F80000200E
:107B600090F8FC1021B1A0F8FA5080F8FC5004E025
:107B7000B0F8FA103144A0F8FA1030F8981F3144E8
:107B80000180FFF7CEFB20B1206930F88E1F314411
:107B900001802069B0F8F210012902D8491CA0F830
:107BA000F2100EB180F8045190F8FD10A1B1B0F8B8
:107BB000F800218988420FD23846F7F742FE58B1C3
:107BC000206990F8891139B1B0F8FA10B0F88A013B
:107BD000814201D300F0F9FB206980F8FD5090F854
:107BE0007D100B2901D00C2916D1B0F87020B0F807
:107BF000AE31D21A12B2002A0EDBD0F8B011816079
:107C000090F8B4110173032101F04EFA206980F855
:107C10007D5080F8B28026E0242910D1B0F8701091
:107C2000B0F8AE21891A09B2002908DB90F8C40126
:107C3000FFF716F9206900F87D5F857613E090F86C
:107C40007C10242901D025290DD1B0F87010B0F88E
:107C5000AE01081A00B2002805DB0120FFF700F989
:107C6000206980F87C5020690146B0F8F620703019
:107C700001F0C8FA206990F8891109B1A0F8FA500A
:107C8000F6480090F64BF74A4946504600F0DEFAB7
:107C9000216A11B16078FCF74DFE206901230521AE
:107CA00090F87D20703001F03CFB002803D0BDE847
:107CB000F84F00F038BABDE8F88F00F045BBEA494C
:107CC000C8617047E848C069002800D001207047AB
:107CD000E54A50701162704710B50446B0F8B421FF
:107CE0004388B0F8B611B0F8B8019A4205D1A3881C
:107CF000994202D1E38898420FD02388A4F8D0316A
:107D0000A4F8D221A4F8D411A4F8D601012084F853
:107D1000CC01D5480079F3F747F90221204601F05C
:107D2000C3F9002004F87D0F0320E07010BD401A55
:107D300000B247F6FE71884201DC002801DC012018
:107D4000704700207047012802D0022805D102E0C8
:107D5000012904D001E0022901D000207047012050
:107D6000704710B5012804D0022804D0FFDF204658
:107D700010BD0124FBE70224F9E7BB48002100699C
:107D800020F8A41F8178491C81707047B64800B55F
:107D9000016911F8A60F401E40B20870002800DAF1
:107DA000FFDF00BDB0482721006980F87C1000216A
:107DB00080F8A411704710B5AB4C206990F8AC1155
:107DC000042916D190F87C2001230021703001F0A5
:107DD000A8FA00B9FFDF206990F8AA10890703D438
:107DE000062180F87C1004E0002180F8A21080F8C1
:107DF000AC11206990F87E00800707D5FFF7C6FF19
:107E0000206910F87E1F21F00201017010BD964913
:107E100010B5096991F87C200A2A09D191F8E2206D
:107E2000824205D1002081F87C0081F8A20010BDBB
:107E300091F87E20130706D522F0080081F87E0015
:107E4000BDE81040A2E7FF2801D0FFDF10BDBDE86C
:107E50001040A7E710B5844C206910F8B01F41F01E
:107E600004010170A06901F0A4FD162806D1206963
:107E700090F87C00202802D0262805D010BDA069EB
:107E800001F09BFDFEF7B8FB2169002081F87C0022
:107E900081F8A20010BDF8B5734C01230A212069B6
:107EA00090F87C20703001F03CFA38B3A06901F002
:107EB0003FFDC8B1A06901F035FD0746A06901F09A
:107EC00035FD0646A06901F02BFD0546A06901F0CD
:107ED0002BFD01460097206933462A46303001F0D9
:107EE0008BFD206901F0A8FD2169002081F8A20026
:107EF00081F87C00BDE8F840FEF79FBBA07840F019
:107F00000100A070F8BD10B5574C01230021206975
:107F100090F87D20703001F004FA30B1FFF72DFFAA
:107F20002169102081F87D0010BD20690123052101
:107F300090F87D20703001F0F4F908B1082000E0DD
:107F40000120A07010BD70B5474C012300212069AD
:107F500090F87D20703001F0E4F9012588B1A06926
:107F600001F0A8FC2169A1F8AE01B1F87010FFF78B
:107F7000DEFE40B12069282180F88D1080F88C50F9
:107F800084E5A57082E52169A06901F5D87101F049
:107F90008CFC21690B2081F87D0077E510B5FEF798
:107FA0000EFFFEF70CFE304CA079400708D5A078F4
:107FB00030B9206990F87F00072801D10120207096
:107FC000FEF73EFAA079C00609D5A07838B9206935
:107FD00090F87D100B2902D10C2180F87D10E078FB
:107FE00000070ED520690123052190F87D2070300F
:107FF00001F097F930B10820A0702169002081F8C4
:10800000D80110BDBDE81040002000F016BB10B52F
:10801000154C216991F87D2040B3102A06D0142A0E
:1080200007D0152A23D01B2A35D123E001210B20AC
:1080300022E0FBF769FB0C2820D32069082100F51A
:108040008870FBF765FB28B120690421DC30FBF761
:108050005FFB00B9FFDF012104200DE05B77010029
:10806000BD790100F3790100F800002008E000F07C
:1080700017F803E001210620FEF717FF012010BDCD
:10808000212A08D191F8970038B991F8C40110B1AC
:1080900091F8C50108B1002010BD01211720EBE7C0
:1080A00070B5184C0025206990F8931101290AD069
:1080B000022925D190F8A810A9B1062180F8E61070
:1080C0000121022017E090F8D811002918D100F101
:1080D000C80300F58471002200F5CA7001F0C1F8F0
:1080E0000121052007E090F8B000400701D51120DC
:1080F00000E00D200121FEF7D8FE206980F89351A1
:10810000C4E40000F8000020F9480078002800D0FE
:108110000C20704710B50446FFF7F6FF00B1FFDFF3
:10812000F348047210BDF2490120C871704770B560
:108130000C460546082B01D0194600E004211046E4
:1081400001F075F9844200D220460DB1001D80B2C5
:10815000C0B270BD70B5E64934314C6804F17005A9
:1081600060B1628F218F94F86530A87CFFF7DFFF44
:1081700094F86510BDE87040FCF79EB8FF2094F8B5
:108180006410F7E72DE9F0478146D9483430446858
:10819000002004F17005628F218F94F86530FFF79D
:1081A000C6FFD34F0646D34878620120FFF7D2FFBF
:1081B000A87C4FF0000840B305F15801CE4891E883
:1081C0000E1000F1080A8AE80E10A96EC0F82110FE
:1081D000E96EC0F82510FE38FCF743FBC6480121C4
:1081E00008300176D5E91412C0E90412A0F58372B3
:1081F000796AFBF728FF94F8650000F0A7FB0246B8
:1082000031460120FBF72DFF04E0786AFCF729FBDB
:10821000FBF74BFFB9F1000F03D141469620FCF765
:108220004CFB94F8642001210020FCF706FC94F834
:108230002C00012801D1FCF7DFFB02203870FCF78D
:1082400061FD002800D0FFDFBDE8F0872DE9F04395
:10825000A74D87B0804628780E9F1C461646894653
:1082600010B90EB104B107B9FFDFEF61C5E90564CC
:108270000020C5E90D89E871A871E870A87028711F
:108280009B4F6871A8813437E8817E68344636F8A0
:10829000700BF8F758F8E8622088F8F742F828637E
:1082A000FCF714F894F96700FCF7CEF804F112001B
:1082B000FCF7B9FA04F10E00FCF7CCF80120FCF74A
:1082C000CDFA18228D496846F5F733F88C480490AA
:1082D0006846FCF7B7FAF07EFCF7C6F8FCF7B8FA88
:1082E00094F86F0078B9A06E68B1B08C318888427C
:1082F00009D1B4F86C1001220844B08494F86E00DF
:10830000A16EF9F708FE628F218F94F86530B07C7A
:10831000FFF70DFF94F865402146FBF7CDFF786825
:1083200090F8880108B1FCF74FF821460120FCF7CE
:1083300054F97868D0F80001FCF797FA0120FFF7AC
:1083400021FF07B0BDE8F083694800B50078022836
:1083500000D0FFDF00BD664810B534304468FCF73C
:10836000FBFAFCF7DAFAFCF729FAFCF762FAFBF7FA
:108370009CFE94F82C00012801D1FCF733FB94F803
:108380006F0038B9A06E28B1002294F86E00114633
:10839000F9F7C1FD564CE08900F0E2FAE269A179F3
:1083A000A07890470020207010BD514810B500788B
:1083B000022800D0FFDFBDE81040CCE7CBE74C48F7
:1083C000007970474A48C078704749490120487190
:1083D00070472DE9FC474648454E3430A0F114075C
:1083E00044684FF0000A254694F875004FF00108E4
:1083F000703458B3012868D002286AD0032876D098
:10840000FFDF316AB1460826087820F008000870BE
:10841000A37906EAC303184320F004000870E37947
:10842000042606EA8303184320F0100008706779D9
:10843000D9F82C00F7F715FA0646FCF7C8FD022F0D
:1084400067D0012F65D0032F66D068E000F094FA62
:10845000AA8E0146104600F0EAFF298E814200D222
:1084600008464C21ADF8040048533846FCF78DFD12
:1084700048B14FF48060316A00F077FA03206071F0
:1084800084F80380BDE76A4601A9F06A00F05CFA4F
:10849000306210B194F8371029B13846FCF746FD28
:1084A00084F80580ADE79DF8001031B9A0F800A070
:1084B00080F802A0012101F08CF9BDF80410306AA7
:1084C00001F07DFA022060719BE73846FCF72EFD33
:1084D00097E7B5F84C00ADF804006A4601A9F06AC8
:1084E00000F032FA306200288BD1FFDF89E709E023
:1084F0001C010020780B0020780D0020A8B201009C
:108500001B5D01003846FCF740FD0028BAD1FFDFB3
:1085100077E7B04301D002E00EB1012100E0002175
:10852000D9F820004E46027842EA01110170617CC0
:1085300051B36179012927D004F15801F7488EC958
:1085400000F1080989E88E00A16EC0F82110E16EE3
:10855000C0F82510FE38FCF784F9F048083080F8A0
:1085600018A0D4E91212C0E90412A0F58371326A8E
:10857000FBF769FD95F8640000F0E8F90246FB217D
:108580000020FBF76EFD03E0FCF76BF9FBF78DFDB8
:10859000012195F865200846FCF74FFA86F804801B
:1085A000316A0A8832828978B17486F80080FCF7D3
:1085B000B5FB002800D0FFDFBDE8FC8770B5D84CC4
:1085C000054639B9012D05D1E078401CC0B2E070F4
:1085D000012820D8A16928468847E0B16179D148AF
:1085E00031B1012D04D1417811B90178C90612D5F4
:1085F000A17981B98DB9CA4910310978CA0602D466
:108600000078C00607D5A08928B9A06A28B9608972
:1086100018B1C80601D4012070BD002070BD10B58E
:10862000BF4CA06A00B9FFDF6289D4E90910D21CEF
:10863000F4F77FFEA06A606210BD2DE9F0470600E6
:10864000B748B74D00F134004468686A04F170041B
:10865000477801D0012E03D1296B02F0EDF8687044
:1086600068784FF000084FF0010938B1012816D0A2
:1086700002282FD0032844D0FFDFE5E5012E30D0BB
:10868000FFF7CDFF39460122286BF7F75BF926E0AB
:1086900084F8078030E000BF84F807902CE0012EBA
:1086A00008D0FFF7BCFF39460022286BF7F74AF9DC
:1086B000022EE2D0D4E91401401C41F10001C4E9CA
:1086C0001401E079012802D084F80790BCE584F811
:1086D0000780B9E5012E04D0286BF7F7B7FA022E10
:1086E000CBD0D4E91401401C41F10001C4E91401CC
:1086F000E0790128D0D1CBE7287ABDE8F047F2F73E
:1087000053BC012EB9D0286BF7F7A0FAF4E770B587
:108710008349834A343100264C68516A01257034FC
:108720000B7803F00303012B14D0022B12D0032B80
:1087300003D0907940F0040023E0A570D08940F484
:108740000060D081012000F010F91CE0E67170BDDE
:10875000E57170BD4978B1B1D38943F40063D38129
:10876000936A002BF5D0FB2908D8D17921B1BDE857
:108770007040802000F0F4B8057070BD907940F032
:108780001000907170BDE0790128E1D1DEE770B58D
:108790006348634D3430446828787034012800D031
:1087A000FFDFA07838B10020A0700146042000F05F
:1087B000DCF801202071296A0878C043800705D1C0
:1087C000A889400502D5022000F0CFF80121002041
:1087D000FFF7F4FE10B1BDE87040BCE5BDE87040A5
:1087E0000020CFE42DE9F84F4D4F4D4C3437002693
:1087F0007D6882468DF8006020787035022800D0B0
:10880000FFDFE08940F40070E0810020FFF7A2FC68
:10881000A87CBAF1000F5BD0FBF76AFCFBF75AFCAF
:108820004FF0010968B9A87C58B1606A417841B13C
:108830000078E979C0F3C000884202D184F8029040
:1088400059E0606A4178618121B1206BF7F734F813
:10885000A06200E0A662E089B84640F02000E08116
:10886000E670786800F17007064690F82C00012841
:1088700016D1FCF7B7F83946304600F010FD78B154
:10888000D8F804003188A0F80A12397A80F80C125E
:10889000797A80F80D1280F80892207AF2F784FB3A
:1088A000606AA9790078C0F38000884205D000F0A2
:1088B00094F8E08940F48070E081606AE97900789A
:1088C000C0F3C00088420AD16846FFF720FF06E0E7
:1088D00008B1FBF73EFCE08940F04000E0815146E2
:1088E0000120FFF76BFE00289DF8000007D010B1B3
:1088F0000020FFF7A2FEFFF72EFDBDE8F88F10B1B4
:108900000120FFF79AFEFFF764FD9DF800000028A4
:10891000F3D00220FFF791FEEFE70000780D002072
:108920001C010020780B002070B5064654480D4607
:108930004468FBF773FC034694F8642029463046EC
:10894000BDE87040FDF706BAF6F7C5BE00B50128D0
:1089500002D0022802D0FFDF002000BD012000BDB0
:10896000474A0021343A52691047454A343A9389BC
:108970000343938152691047414810B5446804F19C
:108980007001087B24280ED0497B24290BD01F2896
:108990000CD020280AD0222912D094F86400042890
:1089A00000D1082010BD94F8B01106E0222907D0AC
:1089B00094F8C60100F04FF8014694F8640008E00E
:1089C00094F8C60114F85D1F084000F044F8014611
:1089D000E079BDE8104000F048B870B52848446818
:1089E00094F875007034002832D0022810D1244D3C
:1089F000343DE86AF6F79BFE00B9FFDFD4E91201C7
:108A0000401C41F10001C4E91201287AF2F7CCFAC6
:108A100000256571207920B1257100211020FFF714
:108A2000A4FFE07878B1E570FCF7BEFA00B9FFDF8B
:108A300000210820FFF799FFD4E91201401C41F101
:108A40000001C4E91201A079012802D00120A0711F
:108A500070BDA57170BDC10701D0012070478007AE
:108A600001D50220704700207047002904D001285A
:108A700003D0012901D00220704701207047000077
:108A8000500100202DE9F0410F4606460024FE4D1E
:108A90000FE000BF05EBC40090F85311B14206D1BE
:108AA0000622394600F5AA70F4F716FC38B1641CAA
:108AB000E4B22878A042EDD81020BDE8F08120462D
:108AC000FBE7F0B50746F04816460478621C0270D2
:108AD00000EBC4050868C5F854018888A5F858015A
:108AE000102C00D3FFDF85F8537185F85A612046BA
:108AF000F0BD70B5054600F017FA10281CD1E24C05
:108B00002078401EC0B22070A84215D004EBC002ED
:108B100004EBC50102F58070D2F85321C1F853214E
:108B2000D0F85700C1F85701207800F0FDF910285F
:108B300002D0204480F8035170BD2DE9F047D24C9B
:108B40000646A719A078401EC5B2A57097F8038104
:108B5000AE422AD004EB051A04EB06190AF1030110
:108B600009F103001022F4F7E4FB0AF1830109F193
:108B700083001022F4F7DDFB601905EB450290F845
:108B8000031187F8031106EB460104EB420204EBE4
:108B90004101D2F80B31C1F80B31B2F80F21A1F825
:108BA0000F2190F83B0187F83B0104EBC80090F8D7
:108BB0005A01C00703D14046BDE8F04799E7BDE838
:108BC000F087B1498A78824203D9084490F843017A
:108BD00070470020704710B540F2D3120021AA4818
:108BE000F4F7D1FB0822FF21A848F4F7CCFBA748F3
:108BF00000210C38417081704FF46171818010BD8B
:108C000070B50D460646FFF73DFF9F4C102807D074
:108C100004EBC00191F85A11C90701D0012070BDC1
:108C20006178082910D2102808D004EBC000012177
:108C300080F85A116078401C6070EFE701222946E5
:108C40003046FFF73EFFF5E7002070BD70B58E4D52
:108C50002878401E44B20AE005EBC40090F85A019F
:108C6000C00702D0E0B200F070F9641E64B2002CBC
:108C7000F2DA864900200C39887070BD82498A7802
:108C8000824203D901EB0010C01C704700207047DE
:108C90002DE9F047984691460C460546FFF7F2FE4F
:108CA0000646102805D000F03FF9102801D0122008
:108CB00085E7754FB87808282AD2102E05D10022F2
:108CC00021462846FFF7FDFE0646BC781022601CB0
:108CD000B87007EB0415E81C494600F0B5FA05F139
:108CE00083001022414600F0AFFA1021404600F008
:108CF0009CFA3C44102184F84301484604F59674DC
:108D000000F093FAE07704F8296C0020E07356E74E
:108D1000072054E75C4810B58078401E44B204E058
:108D2000E0B2FFF70AFF641E64B2002CF8DA10BD4F
:108D300056490C394870704754480C384078704791
:108D400040B14AF2B811884204D850490C398880A1
:108D500001207047002070474C480C3880887047CD
:108D600010B5FFF78FFE102803D000F0DDF81028B3
:108D700000D1082010BD44498A78824203D901EB12
:108D8000001083307047002070473F4B10B59C782F
:108D900084420FD9184490F8030103EBC00090F807
:108DA00053310B70D0F854111160B0F85801908015
:108DB000012010BD002010BD334A114491F8032159
:108DC00032490C390A700268C1F80620808848814F
:108DD000704770B52D4B0C3B5B7873B12A4B9C7878
:108DE0005CB1451821460AB1D81C01E02648833001
:108DF0002A46FBF794F8012070BD002070BD10B525
:108E0000FBF7DBF818B1BDE81040FBF7E6B8FF2030
:108E100010BD1D498A78824209D9084490F803019F
:108E200001EBC00090F85A0100F0010070470020EB
:108E300070472DE9F04100242546134E2CE02846CA
:108E400000F072F88046FFF719FF06EBC50797F8A8
:108E50005A11C9071ED060B1B8F1100F05D006EB4A
:108E6000080191F83B11012903D0102100F0DDF930
:108E700080B10649204601F80480641C97F853210C
:108E800007F5AA71E4B203E0A80D002064010020F8
:108E9000FBF7B5FA6D1CEDB23078A842CFD80CE6DE
:108EA000012296E72E4A01EB410102EB41010268E3
:108EB000C1F80B218088A1F80F01704701461022EC
:108EC000284800F0C1B92748704725498A7882426E
:108ED00003D9084490F83B0108B1002070470120F5
:108EE00070472DE9F0410E460746154606213046EB
:108EF00000F09BF91A4C58B1002004E02118401CE6
:108F000081F83B51C0B2A1788142F7D80120D4E565
:108F100031463846FFF724FF082803D0204480F864
:108F20003B51F3E70020C8E50D4910B5034600208A
:108F30008A7806E00C1894F803419C4204D0401C47
:108F4000C0B28242F6D8102010BD05494A78521EA0
:108F50004A7001EBC001002281F85A21C9E50000E6
:108F6000A80D00207B0F002000F00101400800F058
:108F700001021144400800F001021144400800F0D1
:108F800001021144400800F001021144400800F0C1
:108F900001021144400800F00102114401EB5000AD
:108FA000704710B500240485848DDB004C43B3FB6F
:108FB000F2F394FBF2F45B1C84859BB203FB02F496
:108FC0004385B4F5C84F01DD5B1E43854FF4FA437A
:108FD000B3FBF2F35B1C0386438C02EBC3035B1E03
:108FE000B3FBF2F30384C38B4B43B3FBF2F1C183B6
:108FF00010BD70B50546087B0E4600F01F000873D3
:109000000020687604463019007AFFF7ADFF291971
:10901000641C0875697EE4B208446876052CF2D3B6
:10902000C0B2252800D9FFDF70BD0023C38342846E
:1090300001EBC202521EB2FBF1F101847047F0B5A0
:109040006FF01F02010C02EA90261F25A1F5AA402D
:1090500054380DD0A1F5AA40553809D0A1F52850B3
:10906000AA3805D0A1F52A40AA3801D0012000E095
:10907000002000221346144682EA0107FF431F43E3
:109080007F1C0FD006F00107520842EAC73205F0F4
:1090900001075B0876086D08641C43EAC733162C89
:1090A000EAD3F0BD0020F0BD2DE9F04101260446D1
:1090B000002500F1700751B1012974D0022971D047
:1090C00003296CD101463846BDE8F04191E7802282
:1090D00000213846F4F757F9BD71FD713D737D737A
:1090E000FD733D747D71BD76FD76212087F84000CB
:1090F000412087F84100FE2087F8740027887022FD
:1091000000212046F4F73FF9278084F8646084F852
:109110006560282084F8660004F1300000210746CD
:1091200000F071FC1B21F9833984A4F85210A4F8D3
:1091300054104FF4A470A4F85600A4F858006673B5
:109140004FF448606080A4F8F050A4F8F250A4F8FE
:10915000F450A4F8F650A4F8F850A4F8FA5084F8A3
:10916000FD5084F8FF50A4F8065184F80451A4F887
:109170001851A4F81A5184F8BA5184F8BB5184F8F4
:10918000C45184F8C55184F8895184F8905184F809
:10919000935184F8AC51C4F8A451C4F8A851BDE867
:1091A000F08100E025E0A4F8065184F8FE506188C3
:1091B000FE480A460844B0FBF1F0A4F890004BF6D4
:1091C0008030A4F89200E3883846FFF7EAFE214693
:1091D0003846FFF70EFFFAF7F9F920B1D4F80E0080
:1091E000FFF72DFF10B184F88851D8E784F8886123
:1091F000D5E74188B4F8B831B4F8B4213846BDE8B1
:10920000F041CEE6437E0BB1252B01D912207047E9
:109210002AB14B7B2BB1012B05D01F2070470020BA
:10922000704700F0EEB900F092B910B500231A466D
:1092300003E0845C2343521CD2B28A42F9D30BB1BF
:10924000002010BD012010BD30B5134606E0CC183B
:10925000D51A14F8014C5B1E4455DBB2002BF6D135
:1092600030BD70B50E468CB0144601461D46102226
:109270006846FFF7E9FF1022314604A8FFF7E4FF34
:10928000684600F059FD08A94FF0100228461CB1AD
:10929000FFF7DAFF0CB070BDF4F74BF8FAE738B51A
:1092A00005460C466846FBF7B2FB002820D09DF926
:1092B00000002072E17E617294F90A100022411AC6
:1092C00000D5494295F82D308B4210DCFF2B0ED093
:1092D000E17A491CC9B2E17295F82E30994202D860
:1092E000A17A7F2903D1A0720020E07201221046EA
:1092F00038BD0C2813D00B2811D00D280FD01F28F3
:109300000DD020280BD0212809D0222807D02328CF
:1093100005D0242803D0262801D000207047012042
:10932000704710B5A2F10F030C2941D2DFE801F01C
:1093300006080D1215181C40243E272EAAB337E04C
:10934000072A37D0082A35D032E00C2A32D00B2A2F
:1093500030D02DE00D2A2DD02AE00C2B2AD927E081
:10936000103A0B2A26D923E0032B23D990F8380092
:10937000F0B11B2A1ED91BE0062A1BD018E01C2ABC
:1093800018D01D2A16D01E2A14D011E01F2A11D081
:10939000202A0FD0212A0DD0222A0BD0232A09D02F
:1093A000242A07D0262A05D002E003E00E2A01D0A5
:1093B000002010BD012010BD2DE9F0410C460546EE
:1093C00040F23577866805E0F8F7F7FF3946F8F799
:1093D000C8FCA8602846F9F7A5F90028F4D08CB19C
:1093E0003046A968F9F7EAFC00280BDD2044401E4E
:1093F000B0FBF4F707FB04F13046F8F7B2FCA860C5
:109400003846CCE60020CAE670B5044690420BD23E
:10941000101B642800D2642025188D4205D8042131
:10942000F9F7FFFC08B1284670BD204670BD11F069
:109430000C0F19D04A074FF41671002A03DA00BF47
:109440004FF0100201E04FF0400201DA4FF09601B8
:1094500001F5BC71A0EB0103884202D993FBF2F045
:1094600000E0002080B27047022904D06FF00D01A7
:1094700001EBD000F6E76FF00E0101EB9000F1E791
:109480000844184498300AB1042100E0002108443F
:10949000704701207047106808667047C10701D007
:1094A00001207047810701D502207047400701D590
:1094B00008207047002070472DE9F0410546164608
:1094C00088460124084600F054FA0746404600F05A
:1094D00052FA0346FFF7E2FF02463846FFF7DEFF87
:1094E00052EA000100D10024990700D10022B907F7
:1094F00000D1002095F86410914200D10022327012
:1095000095F86510814200D10020707072B968B979
:10951000404600F032FAB5F87010401A00B247F633
:10952000FE71884201DC002800DC0024204636E67B
:1095300010B540F6C4125410012903D0022902D0FC
:10954000FFDF02E008B1104610BD204610BDF0B5A7
:109550000C7C8B7BCD7B5C404B7C02886B4044EA6F
:109560000324467E62400023D5B2120A95FAA5F57F
:1095700092FAA2F22D0E120E45EA022202EB02121C
:109580005B1C2244DBB292B2032BEDD36240252355
:10959000B2FBF3F403FB142301EBD304837603F053
:1095A00007070125247A05FA07F701E0FFDB05002C
:1095B0003C4201D0C3761AE05643320C521CD2B260
:1095C000002403191B7D934213D300230E19367A0E
:1095D00005FA03F73E4201D0521ED2B222B15B1C03
:1095E000DBB2082BF4D306E003EBC401C176002004
:1095F000F0BDD21AD2B2641CE4B2052CE1D31F2014
:10960000F0BDF0B5837E0C7E012504FB02322523DC
:10961000B2FBF3F403FB142201EBD204827602F0D6
:109620000703247A05FA03F31C4201D0C2761EE038
:10963000437EB2FBF3F403FB1422521CD2B200238C
:10964000C418247D944214D30024CE1896F80860E0
:1096500005FA04F73E4201D0521ED2B222B1641C78
:10966000E4B2082CF4D306E004EBC301C176002079
:10967000F0BD121BD2B25B1CDBB2052BE0D31F2066
:10968000F0BD000030B50546007801F00F0220F073
:109690000F0010432870092912D2DFE801F00507F6
:1096A00005070509050B0F0006240BE00C2409E053
:1096B000222407E001240020E87003E00E2401E0EA
:1096C0000024FFDF6C7030BD007800F00F007047A1
:1096D0000A6840F8032F8988818070470A6840F83B
:1096E000092F8988818070470278402322F0400248
:1096F00003EA81110A4302707047027822F0800267
:1097000042EAC1120270704770B514460E46054613
:109710001F2A00D9FFDF2246314605F10900F3F781
:1097200008FEA41D6C7070BD70B514460E4605464B
:109730001F2A00D9FFDF2246314605F10900F3F761
:10974000F8FDA41D6C7070BD30B5017801F00F01FB
:10975000032920D0052921D14578B0F81910B0F897
:109760001B40B0F81730827D222D17D1062915D362
:109770004FF44865A94211D8B4F5FA7F0ED26AB108
:10978000082A0BD88A4209D28B4207D8B0F81D00AC
:10979000A84205D902E040780C2801D0002030BD55
:1097A000012030BD4078704700B5027801F0030316
:1097B00022F003021A430270012905D0022903D0C6
:1097C000032903D0FFDF00BD002100E0012141702B
:1097D00000BD00B5027801F0030322F003021A4332
:1097E0000270012905D0022903D0032903D0FFDF2D
:1097F00000BD002100E00121417000BD007800F0B3
:1098000003007047417841B1C078192803D2704AEB
:10981000105C884201D1012070470020704730B5AC
:1098200001240546C170192902D26948445C02E04E
:10983000FF2900D0FFDF6C7030BD70B514460E46B6
:1098400005461B2A00D9FFDF6C7022463146E81C12
:10985000BDE87040F3F76DBDB0F807007047B0F891
:1098600009007047B0F80B00704770B5B0F80720DA
:10987000B0F80940B0F805300179951F40F67A46F6
:10988000B54210D8B4F5FA7F0DD261B108290AD8D3
:10989000914208D2934206D8B0F80B00B0F5486F59
:1098A00001D8012070BD002070BD42680A60007AB6
:1098B00008717047B0F80900704700797047426836
:1098C0000A6080684860704780890880704750F857
:1098D0000E2F0A60406848607047D0F81600086094
:1098E00070470A6842604968816070470968C160D2
:1098F00070470079704742680A6080684860704726
:109900000171090A417170478171090AC17170477B
:109910000172090A417270478172090AC172704767
:1099200080887047C08870470089704740897047B9
:1099300001891B290CD341894FF4A472914207D3AA
:1099400081881B2904D3C088904201D3012070472D
:10995000002070470A684260496881607047017959
:10996000490704D04079400701D00120704700200A
:1099700070470079704740797047C08870470CB5D0
:1099800014A2D2E90012CDE900120179407901F068
:10999000070269461DF80220012A04D800F00700DA
:1099A000085C012801D900200CBD01200CBD01710B
:1099B000704700797047417170474079704730B502
:1099C0000C460546FB2900D9FFDF6C7030BD000056
:1099D000C0B20100000101020102020310B58C882F
:1099E0000A894B88C988A0F84430A0F84810A0F82C
:1099F0004640A0F84A2010BD10B5029C8181C2816A
:109A00000382448210BD1B2202838282C281828132
:109A100042800281028042848284828300290AD1AA
:109A20004FF4A4714183C18241820182C18041818E
:109A30008180C18401857047F0B5B0F84830818FCE
:109A4000458EC48E8B4200D30B46B0F84A10B0F856
:109A50004020914200D20A464386C286068F478F35
:109A600000F130019E4200D21E46974200D21746B6
:109A70000E814F81AB4201D1A24201D0012400E00E
:109A80000024B0F84420C38F068E858E9A4200D3FE
:109A90001A46B0F84670B0F842309F4200D23B46BA
:109AA00090F85A70022F08D1964200D232469D4259
:109AB00000D22B46002780F85A700A808B80B24271
:109AC00001D1AB4201D0012000E000202043F0BDD5
:109AD000508088899080C889D080088A1081488AFF
:109AE000508101201070704770B502884A80048E42
:109AF0008C80838ECB80428E0A81C58E4D81B0F8DA
:109B00005660AE420BD1B0F85250954207D1B0F832
:109B100058509D4203D1B0F85430A34201D00123E4
:109B200000E000230B73A0F852204A89A0F85620C9
:109B30008A88A0F85420CA88A0F85820012008700C
:109B400070BD70B50C46088E91F8641000F016F8E0
:109B5000A18E0546A94200D20D46208F94F86510CB
:109B600000F00CF8618F814200D208460146284679
:109B7000BDE8704000221346FFF782BC11F00C0FC5
:109B800004D04FF4747101EB801006E0022902D07A
:109B9000C000703001E080003C3080B270470000AF
:109BA0002DE9F0410C4612490D68114A114908325D
:109BB0001160A0F12001312901D301200CE04128DE
:109BC00010D040CC0C4F94E80E0007EB8000241F0F
:109BD00050F8807C3046B84720600548001D05607D
:109BE000BDE8F081204601F0B9F8F5E7062070479E
:109BF0001005024001000001DCB2010010B555481B
:109C0000F9F704FD00B1FFDF5248401CF9F7FEFCF4
:109C1000002800D0FFDF10BD2DE9F14F4E4E82B07D
:109C2000D6F800B001274B48F9F7F8FCDFF824819B
:109C300020B9002708F10100F9F706FD474C00257F
:109C40004FF0030901206060C4F80051C4F80451CA
:109C5000029931602060DFF808A11BE0DAF800000B
:109C6000C00617D50E2000F068F8EFF3108010F052
:109C7000010072B600D001200090C4F80493D4F81B
:109C8000000120B9D4F8040108B901F071F8009876
:109C900000B962B6D4F8000118B9D4F8040100285C
:109CA000DCD0D4F804010028CCD137B1C6F800B01C
:109CB00008F10100F9F7B2FC11E008F10100F9F731
:109CC000ADFC0028B6D1C4F80893C4F80451C4F818
:109CD00000510E2000F031F81E48F9F7B5FC0020C5
:109CE000BDE8FE8F2DE9F0438DB00D4606460024F9
:109CF0000DF110090DF1200818E000BF04EB440736
:109D0000102255F827106846F3F713FB05EB870779
:109D1000102248467968F3F70CFB6846FFF77CFF92
:109D200010224146B868F3F704FB641CB442E5DB3B
:109D30000DB00020BDE8F0836EE7002809DB00F0DD
:109D40001F02012191404009800000F1E020C0F88D
:109D5000801270476C01002004E5004000E00040E4
:109D600010ED00E0B64900200870704770B5B54DA1
:109D700001232B60B44B1C68002CFCD0002407E0AE
:109D80000E6806601E68002EFCD0001D091D641CB4
:109D90009442F5D30020286018680028FCD070BDDC
:109DA00070B5A74E0446A94D3078022800D0FFDFD9
:109DB000AC4200D3FFDF7169A548012903D847F2FF
:109DC0003052944201DD03224271491C7161291B0A
:109DD000C1609F49707800F030F9002800D1FFDFA2
:109DE00070BD70B5964C0D466178884200D0FFDF9B
:109DF000964E082D4BD2DFE805F04A041E2D4A4A44
:109E00004A382078022800D0FFDF03202070A07895
:109E1000012801D020B108E0A06800F041FD04E075
:109E200004F1080007C8FFF7A1FF05202070BDE876
:109E30007040F8F7C0B9F8F7C0FA01466068F8F763
:109E4000BDFFB04202D2616902290BD30320F9F7AA
:109E50000EFB12E0F8F7B1FA01466068F8F7AEFFC2
:109E6000B042F3D2BDE870409AE7207802280AD0C9
:109E7000052806D0FFDF04202070BDE8704000F008
:109E8000D2B8022000E00320F9F7F1FAF3E7FFDF90
:109E900070BD70B50546F8F790FA694C606020789F
:109EA000012800D0FFDF6A490120087000200871F6
:109EB00004208D6048716548C86002202070607879
:109EC00000F0BBF8002800D1FFDF70BD10B55C4C7E
:109ED000207838B90220F9F7E0FA18B90320F9F729
:109EE000DCFA08B1112010BD5A48F8F7E1F96070AA
:109EF0001F2804D0012020700020606110BD0320C5
:109F000010BD2DE9F0471446054600EB84000E46CF
:109F1000A0F1040800F0D7FC07464FF0805001691B
:109F20004F4306EB8401091FB14201D2012100E039
:109F3000002189461CB10069B4EB900F02D90920B9
:109F4000BDE8F0872846E7F76FF990B9A84510D328
:109F5000BD4205D2B84503D245EA0600800701D0CC
:109F60001020EDE73046E7F75FF910B9B9F1000FBF
:109F700001D00F20E4E7384838490068884205D00E
:109F8000224631462846FFF7F1FE1AE0FFF79EFF12
:109F90000028D5D12A4800218560C0E9036481707A
:109FA000F9F7DDFA08B12E4801E04AF2F870604393
:109FB0004FF47A7100F2E730B0FBF1F01830FFF7A0
:109FC00068FF0020BCE770B505464FF0805004697B
:109FD0006C432046E7F728F908B10F2070BD00F068
:109FE00072FCA84201D8102070BD1B481B490068B4
:109FF000884203D0204600F053FC10E0FFF766FFD4
:10A000000028F1D10E48012184608170F9F7A7FA88
:10A0100008B1144800E014481830FFF73AFF002058
:10A0200070BD00F053BE10B5054C6078F8F7A2F98A
:10A0300000B9FFDF0020207010BDF8F7EFBB000073
:10A040007001002004E5014000E40140105C0C00B8
:10A050008C0F0020E39D010058000020BEBAFECA0C
:10A0600050280500645E0100A85B01007149096881
:10A070000160002070476F4908600020704701218F
:10A080008A0720B1012804D042F20400704791678A
:10A0900000E0D1670020704767490120086042F264
:10A0A0000600704708B50423634A1907103230B11F
:10A0B000C1F80433106840F0010010600BE0106834
:10A0C00020F001001060C1F808330020C1F8080139
:10A0D0005A4800680090002008BD011F0B2909D8CC
:10A0E000554910310A6822F01E0242EA4000086019
:10A0F0000020704742F205007047000100F18040E7
:10A10000C0F8041900207047000100F18040C0F839
:10A11000081900207047000100F18040D0F80009C4
:10A12000086000207047012801D907207047444A81
:10A1300052F8200002680A4302600020704701289C
:10A1400001D9072070473E4A52F8200002688A432E
:10A15000026000207047012801D907207047384A63
:10A1600052F820000068086000207047020035495E
:10A170004FF0000003D0012A01D0072070470A6089
:10A18000704708B54FF40072510510B1C1F80423AF
:10A1900008E0C1F808230020C1F8240127481C303A
:10A1A00000680090002008BD08B58022D10510B1DC
:10A1B000C1F8042308E0C1F808230020C1F81C01FD
:10A1C0001E48143000680090002008BD08B54FF408
:10A1D0008072910510B1C1F8042308E0C1F808238A
:10A1E0000020C1F8200115481830006800900020B8
:10A1F00008BD10493831096801600020704770B50A
:10A200004FF080450024C5F80841F9F7B4F910B9BA
:10A21000F9F7BBF928B1C5F82441C5F81C41C5F8C8
:10A2200020414FF0E020802180F800140121C0F887
:10A23000001170BD0004004000050040080100400E
:10A24000A0B30100780500406249634B0A68634986
:10A250009A42096801D1C1F31001016000207047E2
:10A260005C495D4B0A685D49091D9A4201D1C0F302
:10A2700010000860002070475649574B0A6857493C
:10A2800008319A4201D1C0F31000086000207047E5
:10A2900030B5504B504D1C6842F20803AC4202D01E
:10A2A000142802D203E0112801D3184630BDC300A0
:10A2B0004B481844C0F81015C0F81425002030BDD4
:10A2C0004449454B0A6842F209019A4202D00628E5
:10A2D00002D203E0042801D308467047404A012116
:10A2E00042F83010002070473A493B4B0A6842F26E
:10A2F00009019A4202D0062802D203E0042801D3C1
:10A3000008467047364A012102EBC0004160002038
:10A31000704770B52F4A304E314C156842F2090330
:10A3200004EB8002B54204D0062804D2C2F800181B
:10A3300007E0042801D3184670BDC1F31000C2F82D
:10A340000008002070BD70B5224A234E244C1568C9
:10A3500042F2090304EB8002B54204D0062804D27D
:10A36000D2F8000807E0042801D3184670BDD2F8DF
:10A370000008C0F310000860002070BD174910B538
:10A380000831184808601120154A002102EBC0036B
:10A39000C3F81015C3F81415401C1428F6D3002078
:10A3A00006E0042804D302EB8003C3F8001807E09A
:10A3B00002EB8003D3F80048C4F31004C3F800484C
:10A3C000401C0628EDD310BD04490648083108603A
:10A3D0007047000058000020BEBAFECA00F50140D8
:10A3E00000F001400000FEFF814B1B6803B198475D
:10A3F000BFF34F8F7F4801687F4A01F4E06111434A
:10A400000160BFF34F8F00BFFDE710B5EFF3108081
:10A4100010F0010F72B601D0012400E0002400F01A
:10A42000DDF850B1E6F7A4FFF7F761FDF8F7C1FFDB
:10A43000F9F7E2FC71490020086004B962B6002017
:10A4400010BD2DE9F0410C460546EFF3108010F0E9
:10A45000010F72B601D0012600E0002600F0BEF820
:10A4600020B106B962B60820BDE8F08100F006FD13
:10A47000E6F782FF0246002001234709BF0007F1EB
:10A48000E02700F01F01D7F80071CF40F9071BD07B
:10A49000202803D222FA00F1C90727D141B20029AE
:10A4A00004DB01F1E02191F8001405E001F00F0157
:10A4B00001F1E02191F8141D4909082916D203FA87
:10A4C00001F717F0EC0F11D0401C6428D5D3F9F731
:10A4D00071FC4B4A4B490020F9F7B4FC47494A4804
:10A4E00008602046E6F7A7FE60B904E006B962B648
:10A4F00041F20100B8E73E4804602DB12846E6F776
:10A50000E7FE18B1102428E0404D19E02878022811
:10A5100002D94FF4805420E007240028687801D045
:10A52000D8B908E0C8B1202817D8A878212814D8AD
:10A53000012812D001E0A87878B9E8780B280CD867
:10A54000E6F71AFF2946F8F71AFFF7F78FFC00F035
:10A55000EDF92846E6F7DAFE044606B962B61CB104
:10A56000FFF753FF20467FE700207DE710B5044644
:10A5700000F034F800B101202070002010BD244903
:10A5800008600020704770B50C4622490D682149CB
:10A59000214E08310E60102807D011280CD0122847
:10A5A0000FD0132811D0012013E0D4E90001FFF7E8
:10A5B00048FF354620600DE0FFF727FF00252060AB
:10A5C00008E02068FFF7D2FF03E011492068086027
:10A5D000002020600F48001D056070BD07480A4933
:10A5E0000068884201D101207047002070470000B8
:10A5F000880100200CED00E00400FA05580000205E
:10A600004810002000000020BEBAFECAA8B3010016
:10A6100004000020100502400100000100B585493A
:10A6200010F1080F19D00CDC10F1280F1DD010F11B
:10A63000140F18D010F1100F13D010F10C0F08D117
:10A640000DE010F1040F06D080B103280ED00428CD
:10A650000CD0FFDF00BDFC2008E0F82006E0F4206D
:10A6600004E0F02002E0EC2000E0D820086000BD0B
:10A67000704900B5091D012803D0022803D0FFDF6F
:10A6800000BD032000E00420086000BD2DE9F0417A
:10A6900005460C4617461046F9F76CFD4FF47A76DE
:10A6A000022C10D0012C10D040F63401441838464A
:10A6B000F9F7C5FD204449F679710844B0FBF6F07E
:10A6C000281ABDE8F0813146F0E74FF4C861EDE7A4
:10A6D00070B505460C460846FAF7F4FA022C10D07D
:10A6E000012C11D04FF4AF5149F6CA62511A0844F7
:10A6F0004FF47A7100F2E140B0FBF1F0281A801EAD
:10A7000070BD40F24C41EFE740F63401ECE770B524
:10A71000064615460C460846FAF7D4FA4FF47A7105
:10A7200040F63402022D11D0012D11D01346022C17
:10A7300011D0012C01D04FF4AF529A1A104449F6AF
:10A74000FC621044B0FBF1F0301A70BD0B46EEE72E
:10A750004FF4C863EBE740F24C42EEE770B50446B5
:10A760000E460846F9F706FD05463046F9F767FD3F
:10A7700028444AF2AB3108444FF47A71B0FBF1F04F
:10A78000201A801E70BD2DE9F04106461D460C467C
:10A790001746104600F045F806EB4601C1EBC6111E
:10A7A00000EBC100022C15D0012C16D04FF4AF5194
:10A7B00046182046FAF786FA301A4FF47A7100F6F6
:10A7C000B730B0FBF1F43846F9F741FD2044284496
:10A7D000401D76E740F24C41EAE740F63401E7E7F6
:10A7E00070B5044615460E460846F9F7C3FC04EB5F
:10A7F0004401C1EBC411C0EBC1043046F9F71FFDA1
:10A80000241A284600F00DF820444FF47A7100F61F
:10A81000B730B0FBF1F42846F9F719FD2044401D8C
:10A8200070BD082803D0042801D0F9F7A3BC4EF668
:10A83000283070470C150040F0B585B00C46054631
:10A84000FEF7DCFF07466E78204603A96A46F5F757
:10A8500004FA81198EB258B1012F02D0032005B03D
:10A86000F0BD204604AA0399F5F719F9049D01E00B
:10A87000022F0FD1ED1C042E0FD32888BDF8001035
:10A88000001D80B2884201D8864202D14FF00000FC
:10A89000E5E702D34FF00200E1E74FF00100DEE709
:10A8A0000B4A022111600B490B68002BFCD0084BAE
:10A8B0001B1D186008680028FCD000201060086884
:10A8C0000028FCD070474FF080504069704700006E
:10A8D00004E5014000E4014002000B464FF0000097
:10A8E000014620D0012A04D0022A04D0032A0DD127
:10A8F00003E0012002E0022015E00320072B05D22F
:10A90000DFE803F00406080A0C0E10000720704769
:10A91000012108E0022106E0032104E0042102E015
:10A92000052100E00621F7F7E4BC0000E24805211C
:10A9300081700021017041707047E0490A78012A56
:10A9400005D0CA681044C8604038F8F704BA8A686D
:10A9500010448860F8E7002819D00378D849D94A0C
:10A9600013B1012B0ED011E00379012B00D06BB98C
:10A9700043790BB1012B09D18368643B8B4205D22B
:10A98000C0680EE00379012B02D00BB100207047A4
:10A9900043790BB1012BF9D1C368643B8B42F5D2EB
:10A9A00080689042F2D801207047C44901220A70A1
:10A9B000027972B100220A71427962B104224A71AD
:10A9C000826852328A60C068C860BB4902208870C1
:10A9D00070470322EFE70322F1E770B5B74D044655
:10A9E00000202870207988B100202871607978B122
:10A9F0000420B14E6871A168F068F7F7B2F9A86059
:10AA0000E0685230E8600320B07070BD0120ECE7D0
:10AA10000320EEE72DE9F04105460226F8F7C5F8D8
:10AA2000006800B1FFDFA44C01273DB12878B8B120
:10AA3000012805D0022811D0032814D027710DE079
:10AA40006868C82808D30421F8F7EBF920B16868D2
:10AA5000FFF773FF012603E0002601E000F014F980
:10AA60003046BDE8F08120780028F7D16868FFF70C
:10AA700072FF0028E2D06868017879B1A0780428D4
:10AA800000D0FFDF01216868FFF7A7FF8B49E0785E
:10AA900000F003F90028E1D1FFDFDFE7FFF785FFD2
:10AAA0006770DBE72DE9F041834C0F46E17888427F
:10AAB00000D0FFDF00250126082F7DD2DFE807F058
:10AAC000040B28283D434F57A0780328C9D00228FB
:10AAD000C7D0FFDFC5E7A078032802D0022800D046
:10AAE000FFDF0420A07025712078B8BB0020FFF79D
:10AAF00024FF72480178012906D08068E06000F0E8
:10AB0000F9F82061002023E0E078F7F782FDF5E70F
:10AB1000A078032802D0022800D0FFDF207880BB75
:10AB2000022F08D05FF00500F8F7A1FCA0780328F9
:10AB300040D0A57095E70420F6E7A078042800D05F
:10AB4000FFDF022004E0A078042800D0FFDF01200E
:10AB5000A1688847FFF75EFF054633E003E0A07871
:10AB6000042800D0FFDFBDE8F04100F08DB8A078E8
:10AB7000042804D0617809B1022800D0FFDF2078D2
:10AB800018B1BDE8F04100F08AB8207920B1062064
:10AB9000F8F76DFC25710DE0607840B14749E07829
:10ABA00000F07BF800B9FFDF65705AE704E007208A
:10ABB000F8F75DFCA67054E7FFDF52E73DB1012DC9
:10ABC00003D0FFDF022DF9D14BE70420C0E70320BB
:10ABD000BEE770B5050004D0374CA078052806D133
:10ABE00001E0102070BD0820F8F757FC08B11120D3
:10ABF00070BD3548F7F75CFBE0701F2806D00121D7
:10AC0000F8F730FA0020A560A07070BD032070BD79
:10AC1000294810B5017809B1112010BD81780529A6
:10AC200006D0012906D029B101210170002010BDF4
:10AC30000F2010BD00F033F8F8E770B51E4C054644
:10AC4000A07808B1012809D155B12846FFF783FE45
:10AC500040B1287840B1A078012809D00F2070BDFC
:10AC6000102070BD072070BD2846FFF79EFE03E050
:10AC700000212846FFF7B1FE1049E07800F00DF8FA
:10AC800000B9FFDF002070BD0B4810B5006900F06F
:10AC900029F8BDE81040F7F78EBAF7F7BFBD0648B0
:10ACA00010B5C078F7F766FB00B9FFDF0820F8F7AA
:10ACB000DEFBBDE8104039E68C0100209C0F00202F
:10ACC0003D860100FF1FA107A5AA010010B5134C86
:10ACD0002060201D0160114810300260001D0360DB
:10ACE000002010BD0E490A6848F202139A4302433D
:10ACF0000A6070470A4A116848F2021301EA030029
:10AD0000994311607047054B02465B421020134483
:10AD1000FC2B01D8116000207047000000060040A5
:10AD2000C806024070477047704700001EF0040FCD
:10AD30000CBFEFF30880EFF30980014A10470000D1
:10AD40005F3E010001B41EB400B5F8F7A9FD01B4DF
:10AD50000198864601BC01B01EBD0000826903490E
:10AD600081614FF0010010447047000045AD0100C3
:10AD70000FF20C0000F10000694641F8080C20BFFA
:10AD800070470000FEDF18490978F9B904207146C0
:10AD900008421BD10699154A914217DC06990229EF
:10ADA00014DB02394878DF2810D10878FE2807D054
:10ADB000FF280BD14FF001004FF000020C4B184759
:10ADC00041F201000099019A094B1847094B002BE9
:10ADD00002D01B68DB6818474FF0FF3071464FF018
:10ADE0000002034B1847000028ED00E000C00100FE
:10ADF000E9A3010004000020174818497047FFF735
:10AE0000FBFFE6F7CBF900BD1548164909688842F3
:10AE100003D1154A13605B68184700BD20BFFDE7EA
:10AE20000F4810490968884210D1104B18684FF03C
:10AE3000FF318842F2D080F308884FF02021884209
:10AE400004DD0B48026803210A4302600948804779
:10AE500009488047FFDF0000B00F0020B00F00203E
:10AE600000100000000000200400002000C00100CD
:10AE700014090040DD2F000009AE0100F0B4404687
:10AE8000494652465B460FB402A0013001B5064860
:10AE9000004700BF01BC86460FBC804689469246EB
:10AEA0009B46F0BC70470000091100000420714669
:10AEB000084202D0EFF3098101E0EFF308818869CD
:10AEC00002380078102813DB20280FDB2C280BDB3E
:10AED0000A4A12680A4B9A4203D1602804DB094AE5
:10AEE0001047022008607047074A1047074A10477A
:10AEF000074A12682C3212681047000058000020E0
:10AF0000BEBAFECA7D130000A19B010087A5010007
:10AF1000040000200D4B0E4908470E4B0C49084712
:10AF20000D4B0B4908470D4B094908470C4B084985
:10AF300008470C4B064908470B4B054908470B4B84
:10AF4000034908470A4B02490847000019AC0000B2
:10AF500059B00000A52F00000BA8000099A7000021
:10AF6000A1AE0000991300004D7700001DB0000055
:10AF70002DAD01005F8200000784000065850000A0
:10AF8000C98500000386000037860000698600003E
:10AF90009986000021870000478300008985000012
:10AFA00013120000C12100000B2200006F220000DC
:10AFB000F522000011240000D32400000525000024
:10AFC000E3250000CB2600001F270000A12700007A
:10AFD000C1270000B92D0000DD2D0000FD2C000070
:10AFE000592D00000F2E0000A32E00002F3D000061
:10AFF000093E00003D4100003D420000B342000018
:10B000001D4300008143000017120000754400003A
:10B01000E1440000E3270000E927000017120000C8
:10B02000171200001712000017120000F32700008B
:10B030002B280000A12800001712000017120000A2
:10B040002D22000087290000A9290000F529000011
:10B05000131200001312000013120000131200005C
:10B06000EF5200007553000091530000AD530000F3
:10B070003B550000D7530000E1530000235400006B
:10B0800045540000215500006355000013120000D4
:10B0900013120000676E0000876E0000916E0000C2
:10B0A000CB6E0000F96E0000E96F000077700000C1
:10B0B0008B700000D9700000EF71000095730000E4
:10B0C000BD740000E95D0000D5740000131200009B
:10B0D00013120000A1A0000003A200005DA2000066
:10B0E000D7A2000083A30000100110013A02000063
:10B0F0001A0200040506000007000000FFFFFFFF22
:10B100000000FFFFE39C0000BF1C0000934E000006
:10B11000335E0000E97A000000000000A17D00001D
:10B120007D7D00008F7D0000000002000000000017
:10B13000000200000000000000010000000000000C
:10B14000136C0000F36B0000616C00007152000092
:10B150003352000053520000219400003994000043
:10B160004396000041370000816C000000000000A1
:10B17000B16C0000BF5200000000000000000000A1
:10B18000000000002395000000000000C13700000F
:10B19000555555D6BE898E0000006406640C6412B5
:10B1A00000000803AC055008000054044408340CA7
:10B1B00075DF0000DDE00000D7DE000073DF000077
:10B1C0001B5D0100ABE1000000000000480800002A
:10B1D0004808000051350000513500009B21000057
:10B1E000439B0000B7600000A34D0000F97301000D
:10B1F0008135000081350000BF210000D59B000093
:10B200003F610000174E00000F74010070017001D3
:10B21000400038005C002400200200000300656C40
:10B220007462000000000000000000000000000048
:10B230000000870000000000000000000000000087
:10B240000000BE83605ADB0B376038A5F5AA9183F6
:10B25000886C0000010000008B0801005D170100F0
:10B2600000000001020603040500000007000000C2
:10B2700000000000060000000A000000320000008C
:10B2800073000000B4000000F401FA0096006400AE
:10B290004B0032001E0014000A00050002000100ED
:10B2A0000041000000000000AB830100E5870100C1
:10B2B0008F870100BD830100000000002989010083
:10B2C0000C0802170D010102090901010602091803
:10B2D00018030101090903030500000049A2010048
:10B2E00061A2010079A2010091A20100C1A20100A6
:10B2F000E9A2010013A3010047A30100C79F0100B9
:10B30000039F010023A0010007AD01000D360100DD
:10B310001D360100493601001B37010023370100AB
:10B32000353701007FA0010099A001006DA0010048
:10B3300077A00100A5A00100DBA00100ED9B0100AA
:10B34000FBA0010009A1010017A1010027A1010034
:10B350003FA1010057A101006DA10100ED9B01007B
:10B3600000000000B7A900000DAA000023AA0000F9
:10B37000D9A80100199C0100E59C0100D3AB010094
:10B3800011AC01003BAC0100113401005D3901003A
:10B3900083A10100A9A10100CDA10100F3A1010039
:10B3A0001C0500402005004000100200CCB3010045
:10B3B00008000020980100004411000000B40100C2
:10B3C000A0010020100E00008011000001150545AD
:10B3D000481000200519A40500203601000100884E
:10B3E0003720FB349B5F80041F8000100D9DCB092C
:10B3F0000020880900200E0A0020024810000000EA
:10C0000000000220859B0300AD9B0300AF9B030053
:10C01000B19B0300B39B0300B59B0300000000002D
:10C02000000000000000000000000000B79B0300BB
:10C03000B99B030000000000BB9B0300BD9B0300F5
:10C04000BF9B030051F00200259A0300E999030009
:10C05000FD990300BF9B0300A9810300CD6E03007F
:10C0600099950300A1950300A9950300BF9B0300C8
:10C07000BF9B0300BF9B0300BF9B0300BF9B03004C
:10C08000BF9B030061A50300BF9B0300BF9B030090
:10C09000BF9B0300BF9B030085DC0300BF9B030025
:10C0A000BF9B0300BF9B0300B1950300B99503003C
:10C0B000BF9B0300BF9B03000000000000000000C6
:10C0C000BF9B0300BF9B0300BF9B0300119A0300AB
:10C0D000BF9B0300BF9B0300BF9B0300BF9B0300EC
:10C0E0004D9A030000000000000000000000000066
:10C0F00000000000BF9B030000000000399A03000D
:10C10000000000000000000000000000000000002F
:10C11000000000000000000000000000000000001F
:10C12000000000000000000000000000000000000F
:10C1300000000000000000000000000000000000FF
:10C1400000000000000000000000000000000000EF
:10C1500000000000000000000000000000000000DF
:10C1600000000000000000000000000000000000CF
:10C1700000000000000000000000000000000000BF
:10C1800000000000000000000000000000000000AF
:10C19000000000000000000000000000000000009F
:10C1A000000000000000000000000000000000008F
:10C1B000000000000000000000000000000000007F
:10C1C000000000000000000000000000000000006F
:10C1D000000000000000000000000000000000005F
:10C1E000000000000000000000000000000000004F
:10C1F000000000000000000000000000000000003F
:10C200002DE9F04F85B003910778A7F10903042BBE
:10C21000044607F07F0200F10100F5D9202AF3D08F
:10C220002B2F04BF677804462D2F75D09FED427BDE
:10C230008DED007B4FF000084FF000099FB34FF0E9
:10C24000000C25464FF0000ADFF8FCB0644619E008
:10C2500028F09AF880468946304628F02BF8424666
:10C260004B4627F0DBFE5246804689465B46DDE9B9
:10C2700000013CB328F0B2F9CDE90001A44615F85D
:10C28000017F7FB1A7F13006092E52465B4640463A
:10C290004946DDD9CCB92E2F17D115F8017F0124DD
:10C2A000002FEFD12C4642464B46DDE9000128F035
:10C2B0006BF880468946039B404649461C6005B0A2
:10C2C000BDE8F08F4FF0010CD9E72C46BCF1000F10
:10C2D00029D042464B46DDE9000128F055F807F029
:10C2E000DF07452F80468946E5D10399681C0A225D
:10C2F00027F062FE14490246002028F0A5FB024602
:10C300000B464046494628F03FF88046894640465D
:10C31000494605B0BDE8F08F9FED097B67788DED4C
:10C32000007B013486E7DFF824904FF00008404698
:10C33000494605B0BDE8F08F000000000000F03F66
:10C34000000000000000F0BF000024400000F87F63
:10C350002DE9F0470023144600228046894628F044
:10C3600085FA28B109F1004399462D232370013441
:10C37000002200234046494628F06EFA28B13022B8
:10C38000002322706370BDE8F0874046494625F0DF
:10C390004BFB28F0A9FA73A3D3E9002307464946CB
:10C3A000404628F063FA00284ED170A3D3E9002359
:10C3B0004046494628F078FA002845D10E2F07F16B
:10C3C000010540F3B980A7F10E063246002062490C
:10C3D00028F03AFB02460B464046494628F0FEF854
:10C3E00000225E4B27F01AFE28F06AFB002DA7F111
:10C3F0000F0E4FF0010C4DDD594FDFF8788101220F
:10C4000045F6F3294FF02E0A494508BF40454FF045
:10C4100030030AD3B0EB080061EB0901494508BFBE
:10C42000404503F10103F5D2DBB2237050EA01036A
:10C4300004F101084AD1954252DD0132102A4FD051
:10C44000444677E90289DFE7002F33DB3A460020D4
:10C45000414928F0F9FA02460B464046494628F081
:10C46000BDF83BA3D3E90023804689460125002679
:10C470004046494627F088FF0022384B27F0CEFD82
:10C4800028F01EFB002DBC464FF0FF3E37464FF014
:10C490000006B1DC234630224FF02E0803F8022BB1
:10C4A00084F80180FC4345D01C4403F8012BA342CF
:10C4B000FBD1A1E77A420020274928F0C5FA0246BD
:10C4C0000B464046494627F05FFFCAE7954202F116
:10C4D000010204BF84F801A004F10208102AAFD1C0
:10C4E0006EB14246302102F8011BC2F101037344D0
:10C4F0004344002BF7DC2EEAEE7301339844BCF181
:10C50000010F12D0BCF1000F4FF0650388F8003026
:10C51000C5BF2B2388F8013008F1010108F10201A1
:10C520006046BDE8F04712F07BBF002388F800307A
:10C53000BDE8F0871C465FE7C7F10E020020064900
:10C5400028F082FA3E4602460B46012790E700BFDC
:10C550000000901EC4BCD642000024400000E03F12
:10C56000785704008DEDB5A0F7C6B03E50EFE2D687
:10C57000E41A4B4400407A1070B54FF0FF3005F0DC
:10C5800037FE04466FF07F4005F032FE0646204637
:10C5900027F080FE00220C4B27F0F6FE04463046C2
:10C5A0000D4627F077FE06A3D3E9002328F016F8FE
:10C5B00002460B462046294627F030FD70BD00BFDD
:10C5C0000000E0DFFFFF6F430000F03D00000000CF
:10C5D0004389DA0700F121822DE9F04F43F001038E
:10C5E0004FF080424381D2F80034C74A9DB00546DF
:10C5F0000B92002B00F000821368013313600024BB
:10C60000092219A905F5D360CDE919448DF86C40CC
:10C610001DF0C4F805F1D0031E460A9310F024F96A
:10C620002146284611F014FA3046B84C13F0E6F9CA
:10C6300004F1F00654F8043F184613B11B681B6858
:10C640009847A642F6D1284609F03CFBB04B0A9F1A
:10C650000024CDE9133413AB93E8030010268DE8D2
:10C660000300224602962B4640F2FD31384611F077
:10C670009BF9A84BCDE9153415AB93E80300C02313
:10C680008DE80300029364222B4640F2FD313846C8
:10C6900011F08AF9A04BCDE9173417AB93E80300EA
:10C6A00022468DE8030002962B464FF47F713846F0
:10C6B00011F07AF96889994BA021602240F4C040BA
:10C6C000E02780266881402483F8097383F80A13E1
:10C6D00083F81A2383F81B2383F8071383F81C13AA
:10C6E00083F8216383F8222305F6A40217460792F4
:10C6F00005F6180083F8016383F8024383F80643C4
:10C700000AF03AF83846864916F0B4FB3C468549AB
:10C710000746204616F0AEFB2B68834A5B680990FB
:10C72000934240F07681642013F09EFB0B9B4FF008
:10C73000000A1B68089305F10C0B0FF2BC19D9E92C
:10C74000008954465B465646A3469A46089B032BEF
:10C7500000F0938005F6641016F0A0FA002840F06F
:10C76000A280002F00F0E280FF233246214605F62A
:10C77000041019F0C5F92B685B6814206A4A9342CB
:10C7800040F08D8013F070FB0134E4B2052C0BF106
:10C79000010B02D1731CDEB20024BBF1190F00F0B3
:10C7A0009180002FD2D05E49079816F097FC38464A
:10C7B00028F022FB099828F01FFB0B9A0023136036
:10C7C00009F0CAFA01460DA819F00CFD1CF080FF13
:10C7D00042464B46CDE9040128F01EF90FA8114648
:10C7E00019F0ECFC42464B46DDE9040128F014F94F
:10C7F00042464B4628F010F910AB1146184619F086
:10C80000DDFC3FA3D3E90023DDE9040128F004F9AE
:10C81000014611A819F0D2FC10AA11A912A819F00A
:10C820006FFD0FAA12A90EA819F06AFD12A819F03F
:10C83000A5FC11A819F0A2FC10A819F09FFC0FA8E4
:10C8400019F09CFC079A01230DA9CDE9002350465D
:10C850000A9B0EAA0EF004F90EA819F08FFC0DA881
:10C8600019F08CFC05F6641205F6F40150460DF043
:10C87000BDFE089B032B7FF46DAFBBF1180F25DCC9
:10C88000FF233246214605F6041019F039F92B68CA
:10C89000254A5B6893424FF00A003FF473AF0146AC
:10C8A0002846984770E705F6881016F0F7F9002833
:10C8B0003FF457AFBBF1180F7FF756AF002F7FF44F
:10C8C00053AF05E0002F3FF472AF6CE7002FD7D1D4
:10C8D000099B7BB3FF233246214605F6041019F06D
:10C8E0000FF9089A2B68032A14BF14200A205B68EA
:10C8F00044E700BFAFF3008000CA9A3B000000008D
:10C90000000064A7B3B6E00D30200020083B0020F3
:10C910004DD5020039D50200EDD5020000E100E05E
:10C92000946A0400506C0400E9D40200099B002BB7
:10C930007FF41AAF09F010FA01460DA819F052FC65
:10C940001CF0C6FE38A3D3E9002306460F4628F0A4
:10C9500063F80FA8114619F031FC33A3D3E9002383
:10C960003046394628F058F82FA3D3E9002328F0A1
:10C9700053F810A8114619F021FC2DA3D3E9002388
:10C980003046394628F048F8014611A819F016FC3F
:10C9900010AA11A912A819F0B3FC0FAA12A90EA887
:10C9A00019F0AEFC12A819F0E9FB11A819F0E6FB8A
:10C9B00010A819F0E3FB0FA819F0E0FB0024079B77
:10C9C00000930EAA0A9B01940DA950460EF048F858
:10C9D0000EA819F0D3FB0DA819F0D0FB10F080FDC4
:10C9E0002B680F4A5B6893420CD10A2013F03CFA83
:10C9F00020461DB0BDE8F08F4FF47A70136013F03D
:10CA0000B3FDFCE528460A21984720461DB0BDE845
:10CA1000F08F64212846984788E60248704700BF97
:10CA2000E9D4020016FCFFFF00CA9A3B0000000098
:10CA3000000064A7B3B6E00D2DE9F04F2DED028B99
:10CA4000044683B0C06827F035FC804620698946DB
:10CA500027F030FC824660698B4627F02BFC0246AB
:10CA600001F1004306460F464046494624F090FE39
:10CA700027F082FFE062054624F042FD019028463F
:10CA800024F0F2FC019B0546184627F025FC42469F
:10CA90004B4627F079FC80462846894627F01CFC47
:10CAA00032463B4627F070FC02460B46404649465C
:10CAB00027F0B2FA02460B465046594624F068FE6B
:10CAC00027F05AFF002208EE100A002330463946AC
:10CAD00027F0EAFE28B3B5EEC08AF1EE10FA1CDDAD
:10CAE00011A7D7E9006718EE100A27F0F5FB0246F8
:10CAF0000B463046394627F08FFA32463B4627F040
:10CB00008DFA27F039FFA062E38843F00203E38047
:10CB100003B0BDEC028BBDE8F08F05A7D7E9006735
:10CB2000E1E784ED0A8AEFE7EA2E4454FB21F93F5E
:10CB3000EA2E4454FB21F9BF494A21F000439342B5
:10CB40002DE9704304460D4649DC464A93420E46A1
:10CB50000EDC3FA3D3E9002327F060FA0022424B0A
:10CB600027F0A2FE00284AD020462946BDE870835F
:10CB70003E4A934239DCB3F1804F40DD24F062FB42
:10CB80002246804689462B462046294627F0FCFB54
:10CB90000022354B27F042FA25F002FC42464B4674
:10CBA00027F03CFA02460B4600202F4927F016FDDD
:10CBB000424604460D464B464046494627F02EFA6B
:10CBC00002460B462046294627F028FA01F0A0FE2F
:10CBD000002E08DC01F100431946BDE870830246CF
:10CBE0000B4627F01BFABDE8708324F02BFB01F005
:10CBF0008FFE19A3D3E9002327F010FAE8E72246B5
:10CC00002B462046294627F0BFFB80468946204612
:10CC1000294624F017FB002204460D46124B4046DD
:10CC2000494627F0FBF925F0BBFB00220E4B27F00D
:10CC3000F5F902460B464046494627F0CFFC22460E
:10CC40002B4627F0EBF900F0A7FAC1E7AFF300801D
:10CC50009C7500883CE4377EEF39FAFE422EE63FB1
:10CC6000FFFFEF7FFFFF2F3E0000F03F0000B041CD
:10CC70002DE9F84FBE4B21F000469E4204460D467A
:10CC80008A460EDDBB4B9E4200F3B18000F0AC80C3
:10CC9000BAF1000F40F3EA8099A1D1E90001BDE8A3
:10CCA000F88FB54B9E4200F3BA80A3F1DE739E422B
:10CCB00040F3A5804FF0FF3B22462B4620462946F5
:10CCC00027F062FB02460B468046894627F05CFB54
:10CCD0008DA3D3E9002306460F4627F055FB8CA30E
:10CCE000D3E9002327F09AF932463B4627F04CFB64
:10CCF00089A3D3E9002327F091F932463B4627F078
:10CD000043FB87A3D3E9002327F088F932463B464B
:10CD100027F03AFB84A3D3E9002327F07FF93246BA
:10CD20003B4627F031FB82A3D3E9002327F076F9B5
:10CD300042464B4627F028FB7FA3D3E900238046D9
:10CD400089463046394627F01FFB7DA3D3E90023EF
:10CD500027F062F932463B4627F016FB7AA3D3E967
:10CD6000002327F059F932463B4627F00DFB78A304
:10CD7000D3E9002327F050F932463B4627F004FB65
:10CD800075A3D3E9002327F047F932463B4627F045
:10CD9000FBFA02460B464046494627F03FF9224639
:10CDA0002B4627F0F1FABBF1FF3F02460B4661D05C
:10CDB000724B734E4FEACB0B5B44D3E9002327F051
:10CDC0002BF922462B4627F027F9B34402460B469F
:10CDD000DBE9000127F020F9BAF1000F0DDA01F1CB
:10CDE00000431946BDE8F88F00283FF451AF2246B2
:10CDF0002B462046294627F011F9BDE8F88F58A3A5
:10CE0000D3E9002327F00AF900225E4B27F04CFDFE
:10CE100000283FF44FAF20462946BDE8F88F24F0A4
:10CE200011FA594B9E4204460D4629DCA3F55023C6
:10CE30009E424EDC02460B4627F0F0F80022514B92
:10CE400027F0EAF8002206460F464FF080432046BE
:10CE5000294627F0E3F802460B463046394627F0CC
:10CE6000BDFB4FF0000B04460D4625E73EA1D1E97E
:10CE70000001C2E72046294627F0CEF8BDE8F88F2A
:10CE8000424B9E421ADC0022414B27F0C5F800229B
:10CE900006460F463E4B2046294627F075FA0022EB
:10CEA000384B27F0BBF802460B463046394627F090
:10CEB00095FB4FF0020B04460D46FDE602460B467D
:10CEC0000020344927F08AFB4FF0030B04460D463F
:10CED000F2E600222B4B27F09FF8002206460F4671
:10CEE000284B2046294627F099F802460B46304643
:10CEF000394627F073FB4FF0010B04460D46DBE685
:10CF0000182D4454FB21F93F11DA22E33AAD903F4A
:10CF1000EB0D76244B7BA93F513DD0A0660DB13F70
:10CF20006E204CC5CD45B73FFF8300922449C23FD8
:10CF30000D5555555555D53F2F6C6A2C44B4A2BF9D
:10CF40009AFDDE522DDEAD3F6D9A74AFF2B0B33F65
:10CF5000711623FEC671BC3FC4EB98999999C93FDD
:10CF60009C7500883CE4377E182D4454FB21F9BFA2
:10CF7000FFFF0F440000F07FFFFFDB3FA0570400DE
:10CF8000805704000000F03FFFFFF23FFF7F0340A7
:10CF90000000F83F0000F0BF2DE9F041C1F30A574F
:10CFA000A7F2FF35132D02460B460C46884606466F
:10CFB00020DC002D4ADB364F2F4101EA070C5CEAEA
:10CFC000000C1CD030A3D3E9002327F027F800225F
:10CFD000002327F069FC48B1002C04DD4FF48013D6
:10CFE00043FA05F5A84428EA0704002621463046FE
:10CFF000BDE8F081332D06DDB5F5806F38D01046E1
:10D000001946BDE8F081A7F213474FF0FF3C2CFA18
:10D0100007F70742F3D01CA3D3E9002326F0FEFF55
:10D020000022002327F040FC0028DFD0002C09DD7F
:10D03000142D22D00123C5F1340503FA05F5AE19EC
:10D0400028BF984426EA07064446CFE70EA3D3E953
:10D05000002326F0E3FF0022002327F025FC002810
:10D06000C4D0002C0CDB264305D00026094CBDE7BC
:10D0700026F0D4FFC5E73446B8E704F10108E1E73C
:10D0800000264FF00044B1E79C7500883CE4377EF1
:10D09000FFFF0F000000F03F2DE9F041C1F30A57F8
:10D0A000A7F2FF35132D02460B460C46884606466E
:10D0B0001DDC002D3CDB364F2F4101EA070C5CEAFA
:10D0C000000C19D030A3D3E9002326F0A7FF0022DB
:10D0D000002327F0E9FBC8B3002C04DA4FF48013D7
:10D0E00043FA05F5A84428EA070400262EE0332D6C
:10D0F00006DDB5F5806F2DD010461946BDE8F081EC
:10D10000A7F213474FF0FF3C2CFA07F70742F3D082
:10D110001DA3D3E9002326F081FF0022002327F07E
:10D12000C3FB98B1002C21DB26EA070644460DE03C
:10D1300015A3D3E9002326F071FF0022002327F076
:10D14000B3FB18B1002C08DB0026344621463046DC
:10D15000BDE8F08126F062FFD0E724F000430D4ADD
:10D160001E43002E18BF14460026EFE7142D08D0EA
:10D170000123C5F1340503FA05F5AE1928BF98441B
:10D18000D2E704F10108CFE79C7500883CE4377EC4
:10D19000FFFF0F000000F0BF2DE9F04FD84B994280
:10D1A00087B08046894643DDD64B99420E4600F350
:10D1B000F480D54B994240F32D819FEDBB7B8DEDE3
:10D1C000047B4FEA215A0446AAF2FF3ACF4BC6F33A
:10D1D00013069E4246F07F5500F3128145F4401538
:10D1E000204629460022CA4B26F016FF002204469C
:10D1F0000D46C84B27F0C8F822462B4627F0C4F846
:10D20000A046CDE90201A946CDE90001002E3AD1A0
:10D21000002200232046294627F01EFB002800F0AC
:10D220001B81BAF1000F40F0858100200021B8E099
:10D23000B94B21F000449C420A460FDD0022B74B57
:10D2400027F00AFB002800F0AF8000220023002016
:10D25000B34927F0C3F907B0BDE8F08FB14B9C424A
:10D2600040F3AF80B04B1A449A4240F2D380002280
:10D27000A84B27F089F842464B4627F085F8CDE9C0
:10D2800000014FF0000A00224FF08043404649461B
:10D2900026F0C4FE02460B464046494627F09EF95A
:10D2A00002460B4606460F4627F06EF880A3D3E9E8
:10D2B000002304460D4627F067F87FA3D3E9002337
:10D2C00026F0ACFE22462B4627F05EF87CA3D3E97D
:10D2D000002326F0A3FE22462B4627F055F87AA31A
:10D2E000D3E9002326F09AFE22462B4627F04CF87D
:10D2F00077A3D3E9002326F091FE22462B4627F0A0
:10D3000043F875A3D3E9002326F088FE22462B4676
:10D3100027F03AF872A3D3E9002326F07FFE2246D5
:10D320002B4627F031F8DDE9002326F077FE324660
:10D330003B4627F029F804460D46BAF1000F00F0ED
:10D34000A880504626F0B6FF67A3D3E900238246A3
:10D350008B4627F019F866A3D3E9002306460F464B
:10D360005046594627F010F8DDE9042326F056FE12
:10D3700022462B4626F052FE02460B46DDE900010E
:10D3800026F04AFE42464B4626F046FE02460B4633
:10D390003046394626F040FE03E002460B4626F0B2
:10D3A0003DFE07B0BDE8F08F42464B464046494639
:10D3B00026F032FE02460B4627F010F907B0BDE812
:10D3C000F08F0022594B26F029FE0022002327F07F
:10D3D0006BFA10B1564B9C4262DD42464B464046CA
:10D3E000494626F0D1FF00224A4B26F0CDFF0246E7
:10D3F0000B464046494626F00FFE07B0BDE8F08FC9
:10D4000045F40015C6F5801620462946B6100AF1E7
:10D41000010AE7E600223E4B4046494626F0FEFD63
:10D420004FEA215AAAF2FF3ABAF1000F04460D461C
:10D430000E4640F3BD8042464B4626F0EDFD0246C7
:10D440000B460020324926F0E7FD22462B4627F006
:10D45000C5F8CDE90401B9E627A3D3E900232046A6
:10D46000294626F091FF02460B460020284926F067
:10D47000D3FDDDE9022326F087FF06460F46BAF109
:10D48000000F75D102460B462046294626F0C4FD02
:10D4900087E702460B46DDE9000126F0BDFDA6E761
:10D4A000404649467DE700BF000000000000000044
:10D4B00044523EDF12F1C23F9FC678D0099AC33F63
:10D4C000DE03CB966446C73FAF788E1DC571CC3F57
:10D4D000599322942449D23F04FA97999999D93FB4
:10D4E000935555555555E53F0000E0FE422EE63F69
:10D4F000763C7935EF39EA3D555555555555E53F5B
:10D500007982DA3FFFFFEF7FFFFF3F439DA00600D8
:10D510000000F03F0000E03FFFFFEF3F0000F0BFE2
:10D52000000050C3FFFF1F3E3C412D400000504310
:10D53000FFFF8F3C504626F0BDFE24A3D3E9002315
:10D5400006460F4626F020FFDDE9042326F066FD9F
:10D5500020A3D3E9002304460D463046394626F081
:10D5600013FF02460B462046294626F057FD18E7D2
:10D57000504626F09FFE17A3D3E9002382468B4630
:10D5800026F002FF11A3D3E90023804689465046C6
:10D59000594626F0F9FEDDE9042326F03FFD024658
:10D5A0000B463046394626F037FD22462B4674E7B7
:10D5B0000022054B26F030FD02460B464046494608
:10D5C00026F02AFD41E700BF0000F03F763C7935A8
:10D5D000EF39EA3D0000E0FE422EE63F0000000089
:10D5E00008B524F0A3F904A3D3E9002326F0F6FF3D
:10D5F00008BD00BFAFF30080EF39FAFE422EE63FD0
:10D600002DE9F043DFF8B4808BB004460D4600F0FE
:10D6100057FF98F90030013306460F462CD02246BA
:10D620002B462046294627F049F9814620BB204653
:10D63000294623F007FE1FA3D3E9002327F034F97E
:10D64000D0B1194A98F90030CDF820900321CDE9E6
:10D650000445CDE90245CDE9001293B113490020FC
:10D66000022BCDE9060111D126F04EFC22230360E6
:10D67000089B9BB9DDE90667304639460BB0BDE82B
:10D68000F0830B4B4FF06042CDE90623684626F04D
:10D69000E7F80028E8D0089B002BEBD026F034FCFC
:10D6A000089B0360E6E700BF4C8004000000F07FA9
:10D6B000FFFFEF477DF8B98FCE338640322300203D
:10D6C0002DE9F043DFF8E4808BB004460D4600F00E
:10D6D000A7FF98F90030013306460F4633D02046A5
:10D6E000294626F0B7F870B32CA3D3E900232046CF
:10D6F000294627F0D9F8814650BB2AA3D3E9002355
:10D700002046294627F0B2F8E8B198F90030204ABF
:10D71000CDF82090002000210426022BCDE90445FD
:10D72000CDE902450096CDE90601019229D068466F
:10D7300026F096F828B3089B1BB126F0E5FB089B62
:10D740000360DDE90667304639460BB0BDE8F0837B
:10D750000F4A98F90030019203210022CDE90445D7
:10D76000CDE90245009108922BB90A4B4FF0604277
:10D77000CDE90623DBE708490020022BCDE90601AD
:10D78000D5D126F0C1FB22230360D4E7AFF300809C
:10D7900054800400FFFFEF470000F07FEF39FAFEEE
:10D7A000422E864051302DD5104987C032230020AB
:10D7B0002DE9F84FC44E21F00043B34204460D4614
:10D7C0000DDD03F1404303F58013034340F0B980BE
:10D7D000002940F3408100200021BDE8F88FBB4EB6
:10D7E000B34208DCBA4A934200F3B5809CA1D1E968
:10D7F0000001BDE8F88F0029C0F2708102460B4697
:10D800000020B44926F008FC0022B34B26F0BCFDF2
:10D8100004460D4624F0C4FD93A3D3E900238946B2
:10D8200080462946204626F0AFFD91A3D3E9002388
:10D8300026F0F4FB22462B4626F0A6FD8EA3D3E964
:10D84000002326F0E9FB22462B4626F09DFD8CA303
:10D85000D3E9002326F0E2FB22462B4626F094FD76
:10D8600089A3D3E9002326F0D7FB22462B4626F0D6
:10D870008BFD87A3D3E9002326F0D0FB22462B465D
:10D8800026F082FD84A3D3E9002382468B462046FE
:10D89000294626F079FD82A3D3E9002326F0BCFBBC
:10D8A00022462B4626F070FD7FA3D3E9002326F005
:10D8B000B5FB22462B4626F067FD7DA3D3E9002366
:10D8C00026F0AAFB22462B4626F05EFD0022814B65
:10D8D00026F0A4FB02460B465046594626F07EFE33
:10D8E00042464B4626F050FD002682468B46324685
:10D8F0004B463046494626F047FD02460B46204639
:10D90000294626F089FB324604460D464B464046E2
:10D91000494626F083FB02460B462046294626F060
:10D920005DFE02460B465046594626F077FB3246CE
:10D930004B4626F073FB02460B4626F06FFBBDE814
:10D94000F88F02460B4626F067FB02460B4626F090
:10D9500045FEBDE8F88F02460B4626F015FD42A3B2
:10D96000D3E9002306460F4626F00EFD40A3D3E977
:10D97000002326F053FB32463B4626F005FD3EA32E
:10D98000D3E9002326F048FB32463B4626F0FCFC58
:10D990003BA3D3E9002326F041FB32463B4626F069
:10D9A000F3FC39A3D3E9002326F036FB32463B468D
:10D9B00026F0EAFC36A3D3E9002326F02FFB3246FB
:10D9C0003B4626F0E1FC34A3D3E900238046894698
:10D9D0003046394626F0D8FC31A3D3E9002326F09F
:10D9E0001BFB32463B4626F0CFFC2FA3D3E9002396
:10D9F00026F014FB32463B4626F0C6FC2CA3D3E9A6
:10DA0000002326F009FB32463B4626F0BDFC0022EF
:10DA1000304B26F003FB02460B464046494626F0B3
:10DA2000DDFD22462B4626F0AFFC02460B4622A126
:10DA3000D1E9000126F0F0FA02460B4620462946BD
:10DA400026F0EAFA02460B4605A1D1E9000126F0CC
:10DA5000E3FABDE8F88F1AA1D1E9000179E700BF28
:10DA6000182D4454FB21F93F09F7FD0DE13D023F1C
:10DA700088B20175E0EF493F3B8F68B52882A43F2B
:10DA80005544880E55C1C93F7D6FEB0312D6D43F74
:10DA9000555555555555C53F82922EB1C5B8B33F22
:10DAA00059018D1B6C06E63FC88A599CE52A004047
:10DAB0004B2D8A1C273A0340075C143326A6913C61
:10DAC000182D4454FB210940FFFFEF3FFFFFDF3FCC
:10DAD0000000603C0000F03F0000E03F00225C4B93
:10DAE00026F09CFA00225B4B26F04EFC40A3D3E9C3
:10DAF000002304460D4626F047FC3FA3D3E900234C
:10DB000026F08CFA22462B4626F03EFC3CA3D3E9B5
:10DB1000002326F081FA22462B4626F035FC3AA354
:10DB2000D3E9002326F07AFA22462B4626F02CFC75
:10DB300037A3D3E9002326F06FFA22462B4626F0BE
:10DB400023FC35A3D3E9002326F068FA22462B46AE
:10DB500026F01AFC804689462046294624F020FCFF
:10DB60002FA3D3E9002306460F462046294626F078
:10DB70000BFC2DA3D3E9002326F04EFA22462B46B8
:10DB800026F002FC2AA3D3E9002326F047FA224616
:10DB90002B4626F0F9FB28A3D3E9002326F03CFA14
:10DBA00022462B4626F0F0FB0022294B26F036FABF
:10DBB00002460B464046494626F010FD32463B469B
:10DBC00026F0E2FB1EA3D3E9002326F025FA324615
:10DBD0003B4626F023FA02460B4626F01FFA024681
:10DBE0000B4619A1D1E9000126F016FAB1E600BFF3
:10DBF00009F7FD0DE13D023F88B20175E0EF493FB5
:10DC00003B8F68B52882A43F5544880E55C1C93F53
:10DC10007D6FEB0312D6D43F555555555555C53F2D
:10DC200082922EB1C5B8B33F59018D1B6C06E63FF9
:10DC3000C88A599CE52A00404B2D8A1C273A03408C
:10DC4000075C143326A6913C182D4454FB2109404F
:10DC50000000F03F0000E03F414A91422DE9F843C7
:10DC600004460D4637DD3F4A91420B4608DD02F17E
:10DC7000795291423DDD024626F0D0F9BDE8F883A5
:10DC800001F1404202F5801202432ED0B1F1804FE3
:10DC900037DC0022344B26F0BFF902460B4604461F
:10DCA0000D4626F0BBF9224606460F462B46204677
:10DCB000294626F069FB02460B463046394626F0D7
:10DCC000ADF924F06DFB22462B4626F0A7F9BDE8FE
:10DCD000F843FFF761BA02460B4626F09DF902466B
:10DCE0000B4626F07BFCBDE8F88300200021BDE850
:10DCF000F88300F00DFE18A3D3E9002326F08EF977
:10DD0000F1E7024626F040FB0022174B26F084F98B
:10DD100024F046FB2246804689462B46204629466B
:10DD200026F07CF9224606460F462B4640464946D9
:10DD300026F074F902460B4600200B4926F04EFCF3
:10DD40000B4602463946304626F066F9BDE8F843F0
:10DD500000F0DEBDAFF30080EF39FAFE422EE63F61
:10DD6000FFFFEF3FFFFFAF410000F03F000000006A
:10DD70002DE9F04FAE4B21F000479F4287B004469B
:10DD80000D4611DD07F1404707F5801703463B4379
:10DD900021D002460B4626F03FF902460B4626F0FC
:10DDA0001DFC07B0BDE8F08FA24B9F420E4629DC58
:10DDB000B7F1795F80F2468181A3D3E9002326F091
:10DDC0002DF900229C4B26F06FFDD8B12046294644
:10DDD00007B0BDE8F08F7CA3D3E9002326F0D4FA86
:10DDE0007BA3D3E9002306460F462046294626F0AA
:10DDF000CBFA02460B463046394626F00FF907B0FB
:10DE0000BDE8F08F2046294623F01CFA02460B4657
:10DE10000020894926F000F90022884B26F0B4FA48
:10DE20006DA3D3E9002304460D4626F0ADFA6CA39A
:10DE3000D3E9002326F0F2F822462B4626F0A4FA76
:10DE400069A3D3E9002326F0E7F822462B4626F003
:10DE50009BFA67A3D3E9002326F0E0F822462B467D
:10DE600026F092FA64A3D3E9002326F0D5F82246DF
:10DE70002B4626F089FA62A3D3E9002326F0CEF8D8
:10DE800022462B4626F080FA5FA3D3E90023CDE992
:10DE900000012046294626F077FA5DA3D3E9002346
:10DEA00026F0BAF822462B4626F06EFA5AA3D3E99A
:10DEB000002326F0B3F822462B4626F065FA58A335
:10DEC000D3E9002326F0A8F822462B4626F05CFA78
:10DED000594B002226F0A2F882468B46204629465E
:10DEE000CDE902AB24F05CFA554B9F42804689464F
:10DEF00000F3198102460B4626F090F8DDE9022373
:10DF0000CDE90401DDE9000126F068FB02460B467D
:10DF1000DDE9040126F038FA4FF0000ACDE90001EE
:10DF200052464B465046494626F02EFA02460B46CC
:10DF30002046294626F070F8524604460D464B46C8
:10DF40004046494626F06AF802460B4620462946D6
:10DF500026F044FB02460B4626F060F802460B46CC
:10DF60001BA1D1E9000126F057F802460B46DDE976
:10DF7000000126F051F8524604460D464B465046E5
:10DF8000494626F04BF802460B4627A1D1E900018D
:10DF900026F042F802460B462046294626F03CF879
:10DFA00002460B4620A1D1E9000126F035F8002EEB
:10DFB0003FF7F7AE01F100431946F2E6AFF30080F8
:10DFC0009C7500883CE4377E182D4454FB21F93FB2
:10DFD000075C143326A6913C09F7FD0DE13D023F95
:10DFE00088B20175E0EF493F3B8F68B52882A43FB6
:10DFF0005544880E55C1C93F7D6FEB0312D6D43FFF
:10E00000555555555555C53F82922EB1C5B8B33FAC
:10E0100059018D1B6C06E63FC88A599CE52A0040D1
:10E020004B2D8A1C273A0340182D4454FB21E93F0D
:10E03000FFFFEF3FFFFFDF3F0000F03F0000E03F4A
:10E040003233EF3F02460B4626F09EF94BA3D3E94D
:10E05000002306460F4626F097F94AA3D3E900238A
:10E0600025F0DCFF32463B4626F08EF947A3D3E984
:10E07000002325F0D1FF32463B4626F085F945A323
:10E08000D3E9002325F0CAFF32463B4626F07CF94F
:10E0900042A3D3E9002325F0BFFF32463B4626F0DA
:10E0A00073F940A3D3E9002325F0B8FF32463B467D
:10E0B00026F06AF93DA3D3E900238046894630461D
:10E0C000394626F061F93BA3D3E9002325F0A4FFEC
:10E0D00032463B4626F058F938A3D3E9002325F011
:10E0E0009DFF32463B4626F04FF936A3D3E9002385
:10E0F00025F092FF32463B4626F046F900221E4BA1
:10E1000025F08CFF02460B464046494626F066FA4B
:10E1100022462B4626F038F922462B4625F07EFF74
:10E1200007B0BDE8F08F52465B46DDE9000126F0FE
:10E1300055FA42464B4626F027F942464B4625F013
:10E140006DFF02460B4625F069FF07A3D3E90023C4
:10E1500025F062FF02460B4605A1D1E9000125F03A
:10E160005BFF24E7AFF30080075C143326A6913CE5
:10E17000182D4454FB21F93F0000F03F09F7FD0D35
:10E18000E13D023F88B20175E0EF493F3B8F68B542
:10E190002882A43F5544880E55C1C93F7D6FEB03CB
:10E1A00012D6D43F555555555555C53F82922EB17F
:10E1B000C5B8B33F59018D1B6C06E63FC88A599C10
:10E1C000E52A00404B2D8A1C273A0340000000003E
:10E1D0002DE9F84F1D465342134325F00049DFF85F
:10E1E000C8C149EAD3736345144606460F4626D88C
:10E1F000C0F1000848EA000821F0004A4AEAD8784D
:10E20000E04503468B461AD805F1404808F58018CA
:10E2100058EA0208AE4643D04FEAA57808F0020853
:10E220005AEA030348EAD17811D1B8F1020F55D068
:10E23000B8F1030F09D14AA1D1E9000105E0324646
:10E240003B462046294625F0E9FEBDE8F88F59EA0D
:10E25000020329D0E1452ED0E24525D0AAEB0909D9
:10E260004FEA2959B9F13C0F3CDC002D3EDA19F197
:10E270003C0F3BDA00200021B8F1010F4ED0B8F17D
:10E28000020F3ED0B8F1000FDFD037A3D3E900234F
:10E2900025F0C2FE36A3D3E9002325F0BDFED4E766
:10E2A000BDE8F84FFEF7E4BCBBF1000F12DB32A172
:10E2B000D1E90001C9E7CA4534D0B8F1020F0DD049
:10E2C000B8F1030FB7D0B8F1010F4FF0000036D00E
:10E2D0000021BAE72AA1D1E90001B6E724A1D1E9DA
:10E2E0000001B2E724A1D1E90001C5E722462B468F
:10E2F0003046394626F072F922F0A4FFFEF7B8FC4A
:10E30000BAE719A3D3E9002325F086FE02460B469F
:10E3100017A1D1E9000125F07FFE96E701F1004346
:10E32000194692E7B8F1020F14D0B8F1030F0DD0DF
:10E33000B8F1010F06D014A1D1E9000185E74FF033
:10E34000004182E712A1D1E900017EE712A1D1E9E3
:10E3500000017AE712A1D1E9000176E7AFF300806E
:10E36000182D4454FB2109C0075C143326A6A13C98
:10E37000182D4454FB210940182D4454FB21F93F2A
:10E38000182D4454FB21F9BF182D4454FB21E93FBB
:10E39000182D4454FB21E9BFD221337F7CD902C020
:10E3A000D221337F7CD902400000F07F00000000C2
:10E3B00043422DE9F047034321F000463C4A46EA38
:10E3C000D373934204460D462AD8964240D0394B27
:10E3D0009E428A462EDD384B9E4235463FDD33460F
:10E3E0000246314625F01AFE224606460F462B46C7
:10E3F00000202F4925F010FE02460B4630463946D4
:10E4000026F0ECF8FEF7C8FE00222C4B25F0BCFFEE
:10E41000BAF1000F0CDA01F100431946BDE8F087AC
:10E4200002460B4625F0F8FD02460B4626F0D6F8CC
:10E43000BDE8F0871CA3D3E9002325F0EFFD0022FF
:10E44000002326F031FA48B120462946BDE8F0877E
:10E450000022002326F0C2F8BDE8F08735462246A8
:10E460002B462046294625F0D9FD22462B46064656
:10E470000F4625F089FF2246804689462B4600201C
:10E480000B4925F0C9FD02460B464046494626F099
:10E49000A5F832463B4625F0C1FDFEF77DFE002281
:10E4A000064B25F071FFB3E79C7500883CE4377E8E
:10E4B0000000F03FFFFF2F3EFFFFDF3F0000E03F87
:10E4C0002DE9F8434E4B21F000449C4206460F468E
:10E4D0001BDC4C4B9C4222DD4B4B9C4254DD4B4B96
:10E4E0009C4246DD4A4B9C426FDD01339C4269D021
:10E4F00041A3D3E900231046194625F045FF0646FF
:10E500000F4630463946BDE8F88302460B4625F0F3
:10E510003BFF06460F4630463946BDE8F88322F0F9
:10E5200091FE01F0F9FE00223A4B8046894625F023
:10E5300075FDB4F1725F06460F46ECDB42464B4672
:10E540004046494625F020FF32463B4604460D46EC
:10E550003046394625F062FD02460B4620462946E4
:10E5600026F03CF800222B4B25F058FD06460F46BE
:10E57000D1E722F067FE00F053F80022264B25F089
:10E5800003FF06460F46C6E722F05CFE00F048F89F
:10E590000022214B06460F4625F0F6FE3246044681
:10E5A0000D463B4600201C4926F018F802460B4653
:10E5B0002046294625F032FD06460F4630463946AC
:10E5C000BDE8F883154B984292D83046394622F080
:10E5D00039FE0022104B25F0D7FE00F021F8002272
:10E5E00004460D460C4B25F0CFFE22462B4625F067
:10E5F000CBFE06460F468EE79C7500883CE4377ECE
:10E60000FFFFEF7F422ED63FFFFF3540412E864071
:10E61000CD3386400000F03F0000E03F7DF8B98F29
:10E620002DE9F047B04F21F00042BA4284B00446D1
:10E630000D464FEAD17610D9AC4FBA4240F28A80EB
:10E64000C1F313030343024640F0F180002E7ED055
:10E650000020002104B0BDE8F087A54B9A4200F2EB
:10E66000B680A44B9A4240F2D1804FF0000A224675
:10E670002B462046294625F087FE85A3D3E90023B3
:10E6800006460F4625F080FE83A3D3E9002325F03C
:10E69000C3FC32463B4625F077FE81A3D3E9002335
:10E6A00025F0BCFC32463B4625F06EFE7EA3D3E946
:10E6B000002325F0B1FC32463B4625F065FE7CA3E5
:10E6C000D3E9002325F0AAFC32463B4625F05CFE48
:10E6D00002460B462046294625F09EFC02460B4684
:10E6E00006460F462046294625F04EFE80468946BE
:10E6F000BAF1000F00F0AB8032463B4600204FF0ED
:10E70000804125F089FC02460B464046494625F0EB
:10E7100065FF02460B46DDE9020125F07DFCDDE9DF
:10E72000002325F079FC0B4602467349002025F0B2
:10E7300073FC6FF47F739A4580F2A3800AF57A7AAE
:10E7400001EB0A5100224FF0B87325F01DFE04B012
:10E75000BDE8F08758A3D3E9002326F0A5F80028E8
:10E760006BD157A3D3E900232046294626F07EF833
:10E7700000287FF46DAF614953A3D3E9002301EB77
:10E78000C6062046294625F0FFFDD6E9002325F0E0
:10E7900045FC26F0A9F8824625F08CFD4CA3D3E970
:10E7A000002306460F4625F0EFFD02460B462046A5
:10E7B000294625F031FC48A3D3E90023CDE9000127
:10E7C0003046394625F0E0FDCDE9020115E04C4B1D
:10E7D0009A42D0D84B4BF4002344D3E9002325F0D0
:10E7E0001BFC494B234493ED007BCDE900018DEDEB
:10E7F000027BC6F1010AAAEB060ADDE90223DDE984
:10E80000000125F009FC04460D4630E734A3D3E9A6
:10E81000002325F003FC0022374B26F045F8A8B36F
:10E82000204629460022344B25F0F8FB8FE70B46A3
:10E8300025F0F4FB04B0BDE8F08729A3D3E9002359
:10E840001046194625F0A0FD04B0BDE8F08730461B
:10E85000394600224FF0804325F0DEFB02460B468E
:10E860004046494625F0BAFE22462B4625F0D4FB09
:10E8700002460B460020204925F0CEFB04B0BDE83F
:10E88000F08701EB0A5104B0BDE8F0878246EEE65E
:10E89000D0A4BE726937663EF16BD2C541BDBB3EA6
:10E8A0002CDE25AF6A56113F93BDBE166CC1663F84
:10E8B0003E5555555555C53FEF39FAFE422E864017
:10E8C00051302DD5104987C0FE822B654715F73F83
:10E8D0000000E0FE422EE63F763C7935EF39EA3D16
:10E8E0009C7500883CE4377E412E8640FFFFEF7F19
:10E8F000422ED63FFFFF2F3E0000F03FC0570400DE
:10E90000B1A2F03FD0570400E0570400000000001F
:10E910002DE9F04FB1F5801F85B006460F460B4636
:10E9200080F2D08021F00042024300F0DA8000291A
:10E93000C0F2E9800022D64B25F026FDD54A0B46D1
:10E94000934206460F466FF0350E00F3C180C3F3C5
:10E95000130505F5152C0CF6647C0CF4801C8CF06A
:10E960007F5282F440121C1542EA0507A4F2FF34DC
:10E9700074440022C84B3046394604EB1C5425F041
:10E980004BFBAB1CC3F31303022B82468B464FF0A9
:10E99000000240F3AF804FF0804325F03FFB02467A
:10E9A0000B465046594625F019FE064620460F46AE
:10E9B00025F080FC3246CDE902013B46304639461F
:10E9C000CDE9006725F0E0FC02460B46804689460B
:10E9D00025F0DAFC9AA3D3E9002306460F4625F07A
:10E9E000D3FC99A3D3E9002325F018FB32463B461C
:10E9F00025F0CAFC96A3D3E9002325F00FFB32468D
:10EA00003B4625F0C1FC94A3D3E9002325F006FB87
:10EA100042464B4625F0B8FC91A3D3E9002380463B
:10EA200089463046394625F0AFFC8FA3D3E9002351
:10EA300025F0F4FA32463B4625F0A6FC8CA3D3E938
:10EA4000002325F0EBFA32463B4625F09DFC0B46B1
:10EA500002464946404625F0E1FAA5F5C223C5F530
:10EA6000D725A3F27A4351351D43002D06460F46A4
:10EA700040F387800022894B5046594625F084FC9C
:10EA800052465B4625F080FC02460B46804689468E
:10EA90003046394625F0C2FADDE9002325F074FC42
:10EAA00006460F46002C40F0818002460B46404649
:10EAB000494625F0B1FA02460B465046594625F024
:10EAC000ABFA0BE0734A93424FF0000E7FF73FAF73
:10EAD00032463B463046394625F0A0FA05B0BDE83F
:10EAE000F08F0022002300206D4925F077FD05B04E
:10EAF000BDE8F08F002325F0AFFE60B1002C7CD183
:10EB000000200021EAE7024625F086FA00220023D1
:10EB100025F064FDE2E758A3D3E9002350465946A7
:10EB200025F032FC02460B4600205C4925F074FAC1
:10EB3000524606460F465B465046594625F024FC91
:10EB400002460B463046394625F01EFC06460F4667
:10EB50002CB3204625F0AEFB49A3D3E90023804621
:10EB6000894625F011FC48A3D3E9002304460D464D
:10EB70004046494625F008FC02460B4630463946D9
:10EB80002CE002460B465046594625F045FADDE991
:10EB9000002325F0F9FB06460F46002C47D13246EC
:10EBA0003B465046594625F037FA97E734A3D3E958
:10EBB0000023DDE9020125F0E7FB33A3D3E90023BD
:10EBC00004460D46DDE9020125F0DEFB32463B46F8
:10EBD00025F024FA02460B464046494625F01CFA29
:10EBE00052465B4625F018FA02460B462046294657
:10EBF00025F012FA05B0BDE8F08F204625F05AFB4B
:10EC00001FA3D3E9002306460F4625F0BDFB1EA334
:10EC1000D3E9002304460D463046394625F0B4FBBF
:10EC200002460B462046294625F0F8F956E7DDE96D
:10EC3000028913A3D3E900234046494691E700BF68
:10EC400044523EDF12F1C23FDE03CB966446C73F1B
:10EC5000599322942449D23F935555555555E53F34
:10EC60009FC678D0099AC33FAF788E1DC571CC3F3F
:10EC700004FA97999999D93F555555555555D53F0A
:10EC80000000E0FE422EE63F763C7935EF39EA3D62
:10EC900000005043FFFFEF7F0000F03F0000E03F27
:10ECA000000050C300000000B1F5801F2DE9F843BB
:10ECB00004460D460B4619DA21F00042024359D0B2
:10ECC00000295FDB00223A4B25F05EFB394A0D46F6
:10ECD0002B46934204466FF035010CDD22462B464D
:10ECE0002046294625F09AF9BDE8F883314A934237
:10ECF0004FF00001F2DC1815A0F2FF3008444FEA93
:10ED0000D0794844C3F3130825F0D4FAC9F57F73CA
:10ED1000033348EA035506460F4620462946FFF7C7
:10ED2000F7FD1DA3D3E900238046894630463946C6
:10ED300025F02AFB1AA3D3E9002304460D464046DA
:10ED4000494625F021FB02460B462046294625F080
:10ED500065F915A3D3E9002304460D46304639462C
:10ED600025F012FB02460B462046294625F056F9AF
:10ED7000BDE8F8830022002300200F4925F02EFC77
:10ED8000BDE8F883024625F047F90022002325F06C
:10ED900025FCA9E7AFF30080362BF111F3FE593DB6
:10EDA0000EE526157BCBDB3F00609F501344D33F1D
:10EDB00000005043FFFFEF7F000050C30000000041
:10EDC0002DE9F047CA4B21F000479F4290B08046A2
:10EDD000894640F38F80C74B9F420C46924626DC03
:10EDE0000029B9A3D3E9002340F38F8025F014F95B
:10EDF000C14B9F4204460D4600F04781B4A3D3E9BE
:10EE0000002325F009F902460B46CAE900232046F3
:10EE1000294625F001F9AEA3D3E9002325F0FCF83B
:10EE20000125CAE90201284610B0BDE8F087B34BBE
:10EE30009F4240F38980B24B9F4200F31C813D15F5
:10EE4000A5F21645A7EB055319461F46064625F0C1
:10EE50004BFD25F02FFA8046894642464B46304608
:10EE60003946CDE90A8925F0D7F80022A54B25F0CF
:10EE70008BFA8946804625F037FD25F01BFA0646B9
:10EE80000F4632463B4640464946CDE90C6725F0E1
:10EE9000C3F800229B4B25F077FA00220023CDE92E
:10EEA0000E0125F0D9FC002800F0608100233046D7
:10EEB0003946002225F0D0FC002814BF012302238C
:10EEC000914A019202212A4600910AA8514600F077
:10EED00087FB002C054614DADAF80420DAF80C3047
:10EEE00002F1004203F100434542CAF80420CAF887
:10EEF0000C3006E000200021C2E90089C2E90201CD
:10EF00000025284610B0BDE8F08725F087F87A4B39
:10EF10009F4204460D4600F00B816DA3D3E9002308
:10EF200025F07CF802460B46CAE900232946204614
:10EF300025F072F866A3D3E9002325F06FF84FF0AF
:10EF4000FF35CAE90201DCE722F07CF962A3D3E9CC
:10EF500000238046894625F017FA00226B4B25F0E6
:10EF60005DF825F0C1FC054625F0A4F956A3D3E9C8
:10EF70000023CDE9060125F007FA02460B4640467C
:10EF8000494625F049F852A3D3E900238046894633
:10EF9000DDE90601CDE9028925F0F6F91F2D0246CB
:10EFA0000B46CDE9042340F3B380DDE90423DDE91A
:10EFB000020125F031F8804689463F15C9F30A530E
:10EFC000FB1A102B40F3B18045A3D3E90023DDE900
:10EFD000060125F0D9F98046894602460B46DDE94F
:10EFE000020125F019F802460B46DDE90201CDE9E0
:10EFF000082325F011F842464B4625F00DF83AA3B8
:10F00000D3E9002380468946DDE9060125F0BCF9F5
:10F0100042464B4625F000F80B46CDE90401024676
:10F02000DDE9080124F0F8FFC1F30A53FF1A312F7C
:10F030008046894600F39C809DED087BCAE90089E3
:10F040008DED027B42464B46DDE9020124F0E4FFF0
:10F05000DDE9042324F0E0FF002CCAE90201BFF639
:10F0600050AF09F1004401F100436D42CAE9008448
:10F07000CAE9020345E702460B4624F0CDFF00250E
:10F08000CAE90201CAE900013BE715A3D3E900235D
:10F0900024F0C2FF14A3D3E900230D46044624F054
:10F0A000BBFF02460B46CAE900232946204624F04E
:10F0B000B3FF0DA3D3E9002324F0AEFF0125CAE975
:10F0C00002011EE7AFF3008000004054FB21F93F2E
:10F0D0003163621A61B4D03D83C8C96D305FE43FCB
:10F0E0000000601A61B4D03D7370032E8A19A33BEF
:10F0F000FB21E93F7BD90240FB21F93FFB2139414C
:10F10000FFFFEF7F00007041148104000000E03F2A
:10F110004046494624F080FF394B6A1E804653F82A
:10F120002230BB4289463FF448AFCAE9008989E7EB
:10F130002BA3D3E9002324F071FF2BA3D3E90023F1
:10F140000D46044624F06AFF02460B46CAE9002336
:10F150002946204624F060FF23A3D3E9002324F0AE
:10F160005DFF4FF0FF35CAE90201CAE60323A7E6B7
:10F170001FA3D3E90023DDE9060125F005F90646C2
:10F180000F4602460B46DDE9080124F045FF8046A4
:10F19000894602460B46DDE90801CDE9028924F0E3
:10F1A0003BFF32463B4624F037FF13A3D3E900234D
:10F1B00006460F46DDE9060125F0E6F832463B46F5
:10F1C00024F02AFF02460B4640464946CDE9042377
:10F1D00024F022FF80468946A7E700BFAFF30080F6
:10F1E0000000601A61B4D03D7370032E8A19A33BEE
:10F1F0000000002E8A19A33BC14920259A837B3940
:10F200009480040000000000574A2DE9F84F21F0D7
:10F210000048904506460F462CDC544B0029B4BFED
:10F22000534D544D98454FF0000411DC524B984516
:10F2300026DC4BA3D3E9002324F0F0FE00224F4B41
:10F2400025F032FB002840D030463946BDE8F88F23
:10F250004B4B984530DD4B4B984568DD0133984565
:10F2600062D0304639463EA3D3E9002325F08CF81E
:10F27000BDE8F88F02460B4624F0D0FEBDE8F88FBB
:10F2800021F0E0FF01F048F83F4B984506460F4655
:10F2900023DD0022394B24F0C1FE02460B463046E6
:10F2A000394625F09BF932463B4624F0B7FE22460C
:10F2B0002B4625F069F8E1E721F0C4FFFFF7B0F92C
:10F2C00022462B4625F060F8D8E73046394621F033
:10F2D000B9FF01F021F806460F4632463B4630465C
:10F2E000394624F09BFE324682468B463B463046EA
:10F2F000394625F049F80022804689461F4B3046A2
:10F30000394624F08BFE02460B464046494625F01E
:10F3100065F902460B465046594624F07DFE2246CA
:10F320002B4625F031F8A9E7184B984299D830467A
:10F33000394621F087FF00220E4B25F025F8FFF714
:10F340006FF906460F4602460B462046294625F031
:10F350001BF832463B4625F017F88FE7AFF30080E5
:10F360003374AC3C1F7BAC7FFFFFEF7FFFFF35406A
:10F370000000E0BF0000E03FFFFF2F3E0000F03F35
:10F38000412E8640CD338640FFFFEF3F7DF8B98F99
:10F390002DE9F04F21F00048B8F1795F85B00646BD
:10F3A0000F4692469B466BDA25F09EFA002800F045
:10F3B000E18032463B463046394624F0E5FF74A3EF
:10F3C000D3E9002304460D4624F0DEFF72A3D3E9FF
:10F3D000002324F023FE22462B4624F0D5FF70A301
:10F3E000D3E9002324F018FE22462B4624F0CCFF5C
:10F3F0006DA3D3E9002324F011FE22462B4624F00E
:10F40000C3FF6BA3D3E9002324F006FE22462B465C
:10F4100024F0BAFF68A3D3E9002324F0FFFD2246BD
:10F420002B4624F0B1FFCDE900010022664B2046B7
:10F43000294624F0A9FFDDE90023804689462046BD
:10F44000294624F0A1FF524604460D465B4630464D
:10F45000394624F099FF02460B462046294624F0FF
:10F46000DBFD02460B464046494624F0D5FD0246E8
:10F470000B460020554924F0CFFD05B0BDE8F08FC4
:10F4800002460B4624F080FF41A3D3E90023044643
:10F490000D4624F079FF40A3D3E9002324F0BEFDFC
:10F4A00022462B4624F070FF3DA3D3E9002324F02D
:10F4B000B3FD22462B4624F067FF3BA3D3E900238C
:10F4C00024F0ACFD22462B4624F05EFF38A3D3E99E
:10F4D000002324F0A1FD22462B4624F055FF36A33D
:10F4E000D3E9002324F09AFD2B46224624F04CFF5A
:10F4F000374B9845CDE9000197DD364B98453EDC0A
:10F50000A8F500130022002030499046994624F0C7
:10F5100083FDCDE9020100222B4B2046294624F031
:10F5200033FF42464B4624F077FDDDE90023804659
:10F5300089462046294624F027FF524604460D46B8
:10F540005B463046394624F01FFF02460B462046F4
:10F55000294624F061FD02460B464046494624F008
:10F560005BFD02460B46DDE9020124F055FD05B0C6
:10F57000BDE8F08F1549002005B0BDE8F08F9FED84
:10F58000107B4FF000088DED027BDFF84C90C2E756
:10F59000D43888BEE9FAA8BDC4B1B4BD9EEE213E00
:10F5A000AD529C804F7E923E9015CB19A001FA3E41
:10F5B0007751C1166CC1563F4C5555555555A53F11
:10F5C000000000000000E73F0000E03F0000F03FC7
:10F5D0003233D33F0000E93F0000D23F000000007B
:10F5E0002DE9F04FADF5197DBE4CA29EBE4D54F8ED
:10F5F00026600793D41E85FB0475E417C4EBA504AD
:10F6000024EAE4741D46631CA3EB8303013D02EB73
:10F61000C3030593731904960994019503900B9104
:10F62000A4EB05071AD43B44002400255E1C0DF111
:10F630008008DDF88C9208E059F8270024F03AFEA3
:10F640000137B742E8E8020108D0002FF4DA0137A9
:10F6500020462946B742E8E80201F6D1049B002B78
:10F66000079B4FEAC30302932ADB039A20A902EB0C
:10F67000030801EB0309049B72AA02EBC30B0DF50F
:10F68000E07A019B002B4FF000064FF0000711DBE2
:10F69000039C4D4675E90223F4E8020124F074FE50
:10F6A00002460B463046394624F0B8FC444506462F
:10F6B0000F46EFD1EAE80267DA4509F10809E0D11F
:10F6C000DDE90204049920448B0082460BA8A3F1D3
:10F6D0000802C31808930CAB13440A938B4698ABEB
:10F6E00003EBCB03BBF1000F53E9284529DD70ABD9
:10F6F00003EBCB080DF1300900227C4B2046294654
:10F7000024F042FE25F0F0F824F0D4FD0022784BDE
:10F7100006460F4624F038FE02460B462046294690
:10F7200024F07AFC25F0E0F878E9022349F8040B8C
:10F730003946304624F072FC70AB984504460D46BD
:10F74000DAD1DDF81490204629464A4601F030F817
:10F7500000224FF07F5304460D4624F015FEFDF7BE
:10F760009BFC0022634B24F00FFE02460B46204612
:10F77000294624F051FC0D46044625F0B5F8804694
:10F7800024F098FD0B4602462946204624F044FC0E
:10F790004B46002B06460F4640F3E1800BF1FF324B
:10F7A0000CA9C9F1180351F8225045FA03F101FAE6
:10F7B00003F30CA8EB1A40F82230C9F1170588446E
:10F7C00043FA05F5002D2CDDBBF1000F08F101080F
:10F7D00040F381820C9C002C40F0A780BBF1010F0C
:10F7E0000AD00CA9012251F8044F531C002C40F000
:10F7F0009E809B451A46F6D1059B002B0EDD012B02
:10F8000000F0D980022B09D10BF1FF320CAB0CA90F
:10F8100053F82230C3F3150341F82230022D00F0D3
:10F82000AF80002200233046394625F015F8002825
:10F8300000F05382049B0BF1FF394B4510DC0BF1B8
:10F8400080430CAA013B089802EB8303002253F883
:10F850000419834242EA0102F9D1002A40F0B6803D
:10F86000049B0CAA013B52F82330002B40F0A180EE
:10F870000A9A012352F8041901330029FAD05B4493
:10F880000BF10109994506934CDC099A079909EB9C
:10F89000020801EB0B0508F1804802EB030BA39B68
:10F8A00008F1FF3803EB880870AB03EBC909A39B91
:10F8B00020A903EB8B0301EBC505029358F8040F55
:10F8C00024F0F8FC0B4601990246002905F1080BCB
:10F8D000C5E900234FF000064FF000071CDB039C36
:10F8E0000CE000BFB4850400ABAAAA2A0000703E59
:10F8F000000070410000204075E90223F4E8020195
:10F9000024F042FD02460B463046394624F086FB81
:10F91000544506460F46EFD1029B9845E9E8026739
:10F920005D46CBD1DDF818B0D9E6012300220CA941
:10F93000C4F180749B4541F822400EDD51F823202C
:10F9400001EB8B0001EB83036FF07F4100E01A684D
:10F950008A1A43F8042B8342F9D101244CE706D1DB
:10F960000BF1FF330CAA52F82350ED152AE70022C1
:10F970007B4B24F08FFF002840F0A381054650E721
:10F9800032463B460020774924F046FB06460F46A8
:10F99000002C3FF446AF059A7249002000F008FFA2
:10F9A00002460B463046394624F036FB06460F46E3
:10F9B00037E7012363E70BF1FF320CAB0CA953F8D7
:10F9C0002230C3F3160341F8223027E70CAB059A27
:10F9D00053F82930183ACDE9068505926BB909F13B
:10F9E0008043013B0CA901EB830353F8041909F18F
:10F9F000FF39183A0029F8D00592059A5949002094
:10FA000000F0D6FEB9F1000F04460D46C0F2C081E9
:10FA10004FEAC90370AA02EB030808930CAB03EB8F
:10FA20008906DFF844B14FF0000A08F108070436F0
:10FA300056F8040D24F03EFC22462B4624F0A4FC8C
:10FA40005B4667E9020152462046294624F09CFCA9
:10FA50000CAB9E4204460D46EAD148AB039301939A
:10FA6000CDF8149009F10103DDF810900293C3461C
:10FA70004FF0000AB9F1000FC0F22A81DFF8EC80E4
:10FA80005D4635A3D3E9002300260027002403E0C8
:10FA9000544510DCF8E80223F5E8020124F074FC78
:10FAA00002460B463046394624F0B8FA0134A145E7
:10FAB00006460F46ECDA019BE3E802670193029BDE
:10FAC0000AF1010A9A45ABF1080BD3D1A29BDDF8EC
:10FAD0001490032B39D8DFE813F0D9000600060094
:10FAE0004D0048AB0393B9F1000F4FF000004FF009
:10FAF000000109DB039D05EBC904083474E9022306
:10FB000024F08CFAA542F9D1079B002B40F01E810E
:10FB10000B9BC3E900010B4603990246D1E90001A2
:10FB200024F07AFAB9F1000F0CDD4AAD012401345A
:10FB3000F5E8022324F072FAA145F8DA079B002BBE
:10FB400040F014810B9BC3E90201069B03F0070000
:10FB50000DF5197DBDE8F08F00000040FB21F93F55
:10FB60000000E03F0000F03F0000703E0858040035
:10FB700048AB0393B9F1000F40F32781039ACDF806
:10FB800010904FEAC9030193D318D3E900AB09F1F0
:10FB90000053013B02EBC9080293914678E90267E2
:10FBA00052465B463046394624F038FA04460D4644
:10FBB00002460B463046394624F02EFA52465B4642
:10FBC00024F02CFAC145A246AB46C8E90201C8E9B7
:10FBD0000045E3D1DDF81090B9F1010F40F3F58055
:10FBE000019B039A02991344C900D3E9006701F10C
:10FBF000080A019192440DF5947B7AE90289324614
:10FC00003B464046494624F009FA04460D46024662
:10FC10000B464046494624F0FFF932463B4624F065
:10FC2000FDF9D34526462F46CAE90201CAE9004537
:10FC3000E3D1019C039B1034002000211C4403F1FC
:10FC4000100574E9022324F0E9F9A542F9D1039CD7
:10FC5000079ED4E90023D4E90245002E00F08A80F3
:10FC600003F1004701F100430B99C1E90403069B2E
:10FC70002646944605F1004403F00700C1E900C799
:10FC8000C1E902640DF5197DBDE8F08F089C039D64
:10FC90000834002000212C4474E9022324F0BEF92A
:10FCA000A542F9D1079B13B101F1004319460B9B03
:10FCB000C3E90001069B03F007000DF5197DBDE8BF
:10FCC000F08FBBF1000F08F1010874DD022581E51A
:10FCD00000260027EFE600248EE5CDE90685059D88
:10FCE000304639466A4200F063FD0022384B064632
:10FCF0000F4624F0CFFD00B30022364B3046394684
:10FD000024F042FB24F0F0FD044624F0D3FA002254
:10FD10002F4B24F039FB0B4602463946304624F07F
:10FD20007BF924F0E1FD0BF101090CAB183543F828
:10FD30002B00059543F829405FE63046394624F00C
:10FD4000D3FD0CABD94643F82B0056E60B9C01F1D2
:10FD50000043C4E900030B4603990246D1E90001C0
:10FD600024F05AF9B9F1000F3FF7DFAE01F100437B
:10FD70001946E7E60B9EC6E90023069BC6E9040187
:10FD800003F00700C6E902450DF5197DBDE8F08FC7
:10FD9000A29B032B3FF6D9AE01A252F823F000BF7D
:10FDA000B1FD0100E3FA0100E3FA010071FB01007B
:10FDB0000020002176E732463B460020064924F029
:10FDC0002BF9022506460F462BE5002000213EE7D1
:10FDD000000070410000703E0000F03F0000000095
:10FDE0002DE9F04F21F00046B6F1795F85B0044669
:10FDF0000D469046994604DA24F076FD002800F07E
:10FE0000858022462B462046294624F0BDFA064628
:10FE10000F4602460B462046294624F0B5FA41A378
:10FE2000D3E9002382468B463046394624F0ACFAAB
:10FE30003EA3D3E9002324F0EFF832463B4624F0FA
:10FE4000A3FA3CA3D3E9002324F0E8F832463B466A
:10FE500024F09AFA39A3D3E9002324F0DDF83246DE
:10FE60003B4624F091FA37A3D3E9002324F0D6F8D7
:10FE70000E9BCDE900019BB30022294B4046494629
:10FE800024F082FADDE90023CDE90201504659460B
:10FE900024F07AFA02460B46DDE9020124F0BCF8B0
:10FEA00032463B4624F070FA42464B4624F0B4F802
:10FEB00019A3D3E9002306460F465046594624F0BD
:10FEC00063FA02460B463046394624F0A7F802464C
:10FED0000B462046294624F09FF805B0BDE8F08F78
:10FEE00002460B463046394624F04EFA0AA3D3E9BF
:10FEF000002324F091F852465B4624F045FA22464E
:10FF00002B4624F08BF805B0BDE8F08F204629463B
:10FF100005B0BDE8F08F00BF495555555555C53F53
:10FF20000000E03F7CD5CF5A3AD9E53DEB9C2B8AC7
:10FF3000E6E55A3E7DFEB157E31DC73ED561C119C6
:10FF4000A0012A3FA6F810111111813F0000000006
:10FF50002DE9F04FC04C21F0004687B0A642824602
:10FF60008B460F46CDE900231ADC24F0BDFC0028A7
:10FF70003FD1109B524601331343334300F0B78106
:10FF8000109B012B00F0C0815B460020B34924F098
:10FF900025FB04460D462046294607B0BDE8F08FF4
:10FFA000AF4B9E4225DD002909DADDE900452246F6
:10FFB00005F10043CDE900230BF100418B46524689
:10FFC0005B4685A1D1E9000124F026F8DDE9002394
:10FFD00004460D4682A1D1E9000124F01DF89FEDF1
:10FFE000827B22462B468DED007B24F017F882465B
:10FFF0008B4652465B465046594624F0C5F90246A8
:020000040002F8
:100000000B468046894624F0BFF9424604460D4619
:100010004B465046594624F0B7F975A3D3E900235F
:10002000CDE902012046294624F0AEF972A3D3E9B6
:10003000002323F0F3FF22462B4624F0A5F970A3FA
:10004000D3E9002323F0EAFF22462B4624F09CF953
:100050006DA3D3E9002323F0E1FF22462B4624F0D1
:1000600093F96BA3D3E9002323F0D8FF22462B4654
:1000700024F08AF968A3D3E9002323F0CFFF424696
:100080004B4624F081F966A3D3E90023CDE90401AE
:100090002046294624F078F963A3D3E9002323F00E
:1000A000BDFF22462B4624F06FF961A3D3E900235C
:1000B00023F0B4FF22462B4624F066F95EA3D3E971
:1000C000002323F0ABFF22462B4624F05DF95CA30E
:1000D000D3E9002323F0A2FF22462B4624F054F953
:1000E00059A3D3E9002323F099FF02460B46DDE92B
:1000F000040123F093FFDDE9022324F045F9DDE953
:10010000004522462B4623F089FF42464B4624F009
:100110003BF922462B4623F081FF4DA3D3E9002370
:1001200004460D46DDE9020124F02EF922462B4655
:1001300023F074FF0B4602468046894650465946D6
:1001400023F06CFF464B9E4204460D4600F38C8024
:10015000109B012B3BD002460B4600203F4924F068
:100160003DFA002406460F462046294652465B4685
:10017000CDE90067CDE90201009423F04DFFDDE9F0
:1001800000AB02460B464046494623F045FF524627
:100190005B4624F0F9F8524604460D465B46DDE91D
:1001A000020124F0F1F800222E4B23F037FF024623
:1001B0000B462046294623F031FF32463B4624F0C9
:1001C000E3F852465B4623F029FF04460D462046DD
:1001D000294607B0BDE8F08F182D4454FB21E93FB4
:1001E000075C143326A6813C0000000000000000DC
:1001F000D47ABF74702AFB3EE9A7F0320FB8123FE1
:1002000068108D1AF726303F1583E0FEC8DB573F94
:1002100093846EE9E326823FFE41B31BBAA1AB3F54
:10022000735360DBCB75F3BEA69237A0887E143F74
:100230000165F2F2D844433F280356C9226D6D3F51
:1002400037D60684F464963F7AFE10111111C13F2F
:10025000635555555555D53FFFFF2F3E0000F0BF64
:100260002794E53F0000F03F109824F023F8224641
:10027000CDE900012B462046294624F085F8DDE92A
:100280000023CDE902012046294623F0C7FE02469D
:100290000B46DDE9020124F0A1F942464B4623F06A
:1002A000BBFE02460B465046594623F0B5FE0246B9
:1002B0000B4623F0B3FE02460B46DDE9000123F0B6
:1002C000ABFE0446B81700F00200C0F101000D4675
:1002D00023F0F0FF02460B462046294624F054F84E
:1002E00004460D462046294607B0BDE8F08F50462B
:1002F000594620F0A7FF02460B460020044924F08F
:100300006DF904460D4662E754465D465FE700BF5F
:100310000000F03F000000002DE9F04FCC4A21F032
:100320000043934285B082468B460C4620D9C94A89
:10033000934200F2D780002C80F2A481ACA3D3E9D1
:1003400000235046594623F069FE0022002324F082
:100350008DFA002840F0D180A7A3D3E900235046AE
:10036000594624F011F802460B460020BA4994E1A0
:10037000BA4A934200F2E580B94A934240F22E8194
:10038000002301930022B74B5046594623F0FCFF4F
:1003900006460F4602460B465046594623F0F4FFE8
:1003A00097A3D3E9002304460D4623F0EDFF96A35F
:1003B000D3E9002323F032FE22462B4623F0E4FF4C
:1003C00093A3D3E9002323F027FE22462B4623F0F4
:1003D000DBFF91A3D3E9002323F020FE22462B4626
:1003E00023F0D2FF8EA3D3E9002323F015FE22468B
:1003F0002B4623F0C9FF00229B4B23F00FFE8046C3
:10040000894602460B463046394623F0BDFF024678
:100410000B460020954923F0FFFD064602460B4699
:100420000F464046494623F0F7FD3246804689464E
:100430003B465046594623F0A7FF02460B46002094
:100440008B4923F0E9FD02460B464046494624F01D
:10045000C5F822462B4623F097FF019E02460B4625
:10046000002E4DD0DDE9026732463B4623F0D4FD35
:1004700052465B4623F088FF32463B4623F0CCFDD4
:100480002B46224623F0C8FD019B013306460F464A
:1004900000F02381019B012B7BD0019A531C392B47
:1004A0004FEA025500F22881019A132A40F3558140
:1004B000019BC3F57F7403340022230523F0AEFDB6
:1004C00002460B465046594623F0A6FD0022664BD5
:1004D00023F0A4FD824605EB010B5046594605B0BA
:1004E000BDE8F08F634A93421BD9C1F31303034362
:1004F000024640F012810029EFDA00205E490DE04B
:100500005046594623F040FF22462B4623F084FDF7
:1005100002460B465046594623F07EFD05B0BDE825
:10052000F08F41A3D3E9002324F0BEF900283FF463
:1005300002AF3FA3D3E900231046194623F024FF5E
:10054000ECE74E4A934200F2EC8000293AA3D3E94B
:10055000002339DA23F062FD39A7D7E900674FF0AD
:10056000FF3380468946019332463B464046494622
:1005700023F052FD02460B4682468B4640464946D2
:1005800023F04AFD32463B4623F046FDCDE9020109
:10059000F8E600223A4B5046594624F067F9002805
:1005A00000F0CC805046594600222E4B23F036FDF9
:1005B00002460B463046394623F02EFD00224FF00E
:1005C000404323F0E1FEA9E723F026FD0123804606
:1005D000894601931CA7D7E90067C5E714A3D3E9AF
:1005E000002323F01BFD02460B468FE7AFF300808C
:1005F00059F3F8C21F6EA501FE822B654715F73F20
:100600002DC3096EB7FD8ABE3952E686CACFD03EE9
:10061000B7DBAA9E19CE143F8555FE19A0015A3F9B
:10062000F41011111111A13FEF39FAFE422E86404C
:100630009C7500883CE4377E0000E0FE422EE63FD9
:10064000763C7935EF39EABD763C7935EF39EA3DCC
:1006500079684340412E86400000E0BF422ED63FDD
:10066000FFFF8F3C0000E03F0000F03F000008402B
:1006700000001840FFFFEF7F0000F0BFB1A2F03F85
:100680000000D0BF44A3D3E900235046594623F0CD
:100690007BFE02460B460020414923F0BFFC24F0BC
:1006A00023F9019023F006FE37A3D3E90023064681
:1006B0000F4623F069FE02460B465046594623F08A
:1006C000ABFC33A3D3E90023804689463046394644
:1006D00023F05AFE06460F4646E702460B465046B2
:1006E000594623F099FC00222D4B23F04DFE0022A9
:1006F0002B4B23F091FC11E752465B4623F08CFC18
:1007000002460B460020274923F086FC6B18194649
:100710000022244B23F080FC00E70B4623F07EFCF4
:10072000FCE61DA3D3E9002323F02EFE002C024695
:100730000B464FF00000AFDA1B49AEE732463B46AE
:100740005046594623F068FC02460B4623F066FCEF
:100750000022144B23F062FCE0E64FF4001343FA4E
:1007600002F452465B4623F057FCC4F17F57002643
:1007700007F5401702460B463046394623F04CFC3D
:10078000A8E600BFAFF300800000E0FE422EE63F87
:10079000763C7935EF39EA3DFE822B654715F73F08
:1007A0000000E03F0000F03F0000E0BF000000005C
:1007B000F8B5C1F30A5304460D460E4617460BBB67
:1007C00021F00046034633431BD0354B002223F073
:1007D000DBFD344B9F4204460D4635DBC1F30A5323
:1007E0000E46363B3B4440F2FE72934232DC002B15
:1007F00011DD26F0FF4626F4E00646EA03552046C2
:100800002946F8BD40F2FF729342EBD102460B46F7
:1008100023F004FCF8BD13F1350F28DA4CF2503305
:100820009F4222462B460ADD19A1D1E9000123F09F
:100830004FFB17A3D3E9002323F0A6FDF8BD16A1B3
:10084000D1E9000123F044FB13A3D3E9002323F0F3
:100850009BFDF8BD22462B460DA1D1E9000123F0F6
:1008600037FB0BA3D3E9002323F08EFDF8BD26F060
:10087000FF4626F4E006363346EA0355204629466D
:100880000022094B23F080FDF8BD00BFAFF30080CC
:100890009C7500883CE4377E59F3F8C21F6EA501B1
:1008A00000005043B03CFFFF0000903C10B5054CE9
:1008B000237833B9044B13B10448AFF3008001230C
:1008C000237010BD88390020000000003487040028
:1008D00008B5034B1BB103490348AFF3008008BDC3
:1008E000000000008C39002034870400154B002BD9
:1008F00008BF134B9D46A3F5803A00218B460F4657
:100900001348144A121A24F0D9FA0F4B002B00D0C6
:1009100098470E4B002B00D0984700200021040080
:100920000D000D48002802D00C4805F0A9FB23F06B
:1009300005FB2000290004F087FE23F0EBFA00BF3E
:10094000000008000000022000000000000000007D
:1009500000240020A044002081600200000000006C
:100960000120704701EB810100EB4100203070470E
:10097000F0B5044685B00D4600F10C060AF09EFA6B
:10098000144B2360A56004F12000002509F0EAF96A
:100990002046E56025616561A561E5610E490AF0C3
:1009A000ABFA20464FF2E6510AF0BAFA20460B495C
:1009B0000AF0A2FA082714222046CDE90127009266
:1009C000334629464FF2E6520AF0BAFA204605B0FD
:1009D000F0BD00BF485804008C5804007C58040047
:1009E0002DE9F04F83B0884617461C4606460AF0AC
:1009F00037FB60B3002F2ADD002C06F10C0314BF77
:100A00006FF07F0B6FF03F0B06F10D0A019300258D
:100A10007C1B132CA8BF13244BEA0403224608EBCB
:100A200005013373504624F025FA336800211B6911
:100A300030469847814630460AF000FB254401467F
:100A400014234846019A09F0A7F9AF42E0DC03B04D
:100A5000BDE8F08F10B5382024F0D5F9044A3C23C6
:100A6000116B3D2204460CF05DFA024B1C6010BD78
:100A700000250020A839002070B50B4E34680D46C3
:100A80003CB12046AA88A91D0023BDE87040FFF7AD
:100A9000A7BF2C2024F0B7F9044B0446196BFFF7CD
:100AA00067FF3460EDE700BFA43900200025002077
:100AB00008B5282024F0A7F9034BD3F82C2A196B8A
:100AC000BDE8084009F0CCB80025002008B520207A
:100AD00024F099F9024B196BBDE808400AF0C4BD37
:100AE0000025002008B57C2024F08DF9034AA2F5EA
:100AF0005173196BBDE808400AF0E0BF442800209C
:100B000008B5482024F07FF9034AA2F6F403196BD4
:100B1000BDE808400BF0A6B9F42D002008B524204C
:100B200024F071F9034AA2F61823196BBDE80840B6
:100B30000CF066B8182F002008B5402024F063F9A7
:100B4000034BD3F8302A196BBDE808400BF0CEBB3D
:100B500000250020024B1B6803B17047FFF77ABFE6
:100B6000A839002070B50C4E346882B005467CB1BF
:100B7000B5F90420A91D01A815F078FB01A90222EE
:100B800020460CF0FDFA01A815F0F8FA02B070BD8D
:100B9000FFF760FF3468EBE7A839002070B5124E0C
:100BA000346882B00546DCB1B5F90420A91D684659
:100BB00015F05CFB6A460223214601A80CF048FBB5
:100BC0000198B0F90210043001F0DCFA044601A8E3
:100BD00015F0D4FA684615F0D1FA204602B070BD7F
:100BE000FFF738FF3468DFE7A839002070B5084DFB
:100BF0002B68044643B16268184604F108010223D9
:100C0000BDE870400CF014BAFFF724FF2B68F2E740
:100C1000A839002070B51B4D286870B30CF0E0FBBC
:100C20000146002001F0B0FA044600F1080603F086
:100C300047F931462868626802230CF0ABFA011EBE
:100C400011DB63688B4208D0304601F09DFA0546FF
:100C5000204603F043F9284670BD2046254603F0A0
:100C60003DF9284670BD0021084601F08DFA054681
:100C7000204603F033F9284670BDFFF7EBFE2868E5
:100C8000CCE700BFA8390020F0B5104E346883B01F
:100C900005460F46B4B1B5F90420A91D01A815F009
:100CA000E5FA01A9002220460CF0BCFA01A815F0D3
:100CB00065FA3A46102301214FF4966001F046F997
:100CC00003B0F0BDFFF7C6FE3468E4E7A8390020A2
:100CD0000246102301214FF47A7001F037B900BFAA
:100CE0000246102302214FF47A7001F02FB900BFA1
:100CF000704700BF704700BF80F30301014809F04F
:100D000081BA00BF0C250020014809F027BB00BFB5
:100D10000C25002010B4054C0A4610230146B4F8F7
:100D200050055DF8044B01F011B900BF002500200B
:100D300008B5034817F08CF9003018BF012008BD32
:100D4000482A002080F30801014804F04FBD00BF8D
:100D5000482F0020014804F055BD00BF482F002057
:100D60000146014804F058BD482F002008B5064848
:100D700006F044FF50EA010301D1002008BD0348FA
:100D8000BDE8084004F01EBE502F0020482F002070
:100D900007EE900AF8EEE77A024817EE901A06F08E
:100DA0000DBF00BF502F0020792810B50C4609D187
:100DB0000748A4F10101B1FA81F14909BDE81040E9
:100DC00017F0E6B803F054FC0028F2D110BD00BFC4
:100DD000482A002008B501F0ADFDFCF701FCBDE894
:100DE000084001F0FFBA00BF08B501F0A3FDFCF711
:100DF00067FCBDE8084001F0F5BA00BF08B501F096
:100E000099FD20F095FABDE8084001F0EBBA00BF6B
:100E100008B501F08FFD20F087FEBDE8084001F025
:100E2000E1BA00BF08B501F085FDFCF7E9FBBDE8BC
:100E3000084001F0D7BA00BF08B501F07BFD20F0F3
:100E4000A9FCBDE8084001F0CDBA00BF08B501F02B
:100E500071FDFBF771FEBDE8084001F0C3BA00BFA9
:100E600008B501F067FD20F0EBFBBDE8084001F09C
:100E7000B9BA00BF10B584B00C46014603A814F0FF
:100E80000DFE002303A900931A460194034811F0B4
:100E90002BFD03A814F0ECFD04B010BD302E002093
:100EA00010B50129B8BF012182B00C4690B18288EB
:100EB00082B1012A17D0811D12B201A815F0D6F90E
:100EC000224601A90C4811F06FFD01A815F056F952
:100ED00002B010BD094807F0F7F904EB84000EF0EA
:100EE000C3FF02B010BD01EB81028179024811F00D
:100EF000D1FC02B010BD00BF302E0020F42D002028
:100F0000014814F0F3BD00BF042E002010B584B0DA
:100F10000C46014603A814F0C1FD0023224603A994
:100F2000CDE900330448052311F0A8FD03A814F00F
:100F30009FFD04B010BD00BF302E002000B585B06D
:100F4000014602A814F0AAFD02A903A814F09EFD10
:100F5000002303A9CDE900331A46064811F0C4FC6A
:100F600003A814F085FD02A814F082FD05B05DF819
:100F700004FB00BF302E002000F068BB0EF074BFF1
:100F800070B5049E96420C4624DB15466BB9042AC4
:100F900019D0022A02D110F0010310D001462A46CE
:100FA000204623F067FF002070BD10440D4410F868
:100FB000013D01F8013B8D42F9D1002070BD02884E
:100FC0000A80184670BD10F00303E7D102680A607A
:100FD000184670BD0846002123F070FF4FF0FF3027
:100FE00070BD00BF0830704740B1002905DB436881
:100FF0008B4202DD0844007A70470020704700BF32
:1010000030B1002904DB43688B42C4BF4018027230
:10101000704700BF40B1002905DB4368994202DAFE
:101020000844007A70470020704700BF830704D14E
:10103000030F0CBF0120002070470120704700BF44
:1010400030B1002904DB43689942BCBF40180272EA
:10105000704700BFF8B5002B20DB00291EDB466877
:101060008E421BDB5468761AE51AB542A8BF354696
:10107000002D13DB824202F108070C4600F108063E
:101080002A4605D0F918301923F0F4FE0020F8BDE7
:10109000F118381923F0F9FE0020F8BD4FF0FF30A9
:1010A000F8BD00BF4068704710B4141E10DB4268E2
:1010B000A2420DDB33EA230328BF1346121B08307C
:1010C0009A422044A8BF1A465DF8044B23F0F6BEAE
:1010D0005DF8044B704700BF10B443688B4200F1C9
:1010E00008041846A8BF084632EA220128BF19465C
:1010F0001B1A99422044A8BF19465DF8044B01F021
:1011000043B800BF70B5002BBCBF43689B1A002AD0
:101110000E4620DB44689918A1421CDC91421ADB80
:10112000CBB136F0004116D05942B14214DAB34285
:1011300012DD0830002E00EB020515DB9C1B224659
:10114000A919284623F0A1FE324628190021BDE83E
:10115000704023F0B3BE70BD002211464FF0FF3344
:10116000BDE87040FFF7A0BF74429A1929462819BC
:1011700023F08BFE224628460021BDE8704023F074
:101180009DBE00BF03460830596800F0FBBF00BF9A
:1011900070B5054600206968490000F0CFFF6B6814
:1011A000002B14DD0A4EEB1D02465C782411991FBA
:1011B000345D94715C7804F00F04491B345DD47184
:1011C0006C688C4202F1020203F10103EDDC70BD98
:1011D0009C580400002BBCBF43689B1A002A30DBDC
:1011E00070B445689C18AC4229DC944227DB33B3C9
:1011F00031F0004423D00029B8BF01EB032191FB5B
:10120000F3F403FB1411002900F10800B8BFC9185A
:10121000024411448A42134411D00C4604E08A422D
:1012200004460FD094420AD02046157810F8016B7E
:1012300002F8016B83422570F1D10C46F2E770BCD5
:10124000704770470146EDE700B583B04FF0FF33BC
:1012500000930023FFF7FEFE03B05DF804FB00BF20
:1012600010B50C1E0EDD4168083002F0ABF91F2CE2
:1012700007DC0123A34020FA04F4013B444004EAC4
:10128000030010BD002010BD0146002000F07CBF0F
:1012900003460630998800F077BF00BF30B5013AA9
:1012A00083B004460D460F2A13D8DFE802F0141469
:1012B00008086114141B1B734A2554675A381846D2
:1012C00001F0CAFB012D04DD80B2E20754BF20808B
:1012D000208003B030BD184601F0BEFB002DF8DDC4
:1012E0002070F6E7184601F0B7FB012DF1DDC0F3E1
:1012F000072360702370ECE7184601F043FB032DD1
:101300000090E6DD9DF800009DF801109DF8022098
:101310009DF803302370E070A1706270D9E7184621
:1013200001F008FB072DCDE90001D2DD0DF1FF3200
:1013300004F1080312F8011F03F8011D9C42F9D1C2
:10134000C7E7184601F01EFB032DC2DDA3070CBF43
:1013500020602060BDE7184601F016FC032DF5DC87
:10136000B7E7184601F010FC032D0090CADCB0E787
:10137000184601F071FB032DE8DCAAE7184601F0DE
:10138000D9FA072DCDE90001A3DD6B4603CB206020
:1013900061609EE7184601F05FFB032D0090B1DC11
:1013A00097E700BF30B4141E07DB456808300A46D3
:1013B0002044291B30BCFFF771BF30BC704700BF11
:1013C00000B5013A85B00F2A00F28880DFE802F00C
:1013D0001623303D4A56595C5F62657174808308FC
:1013E0000091012308220DEB0201FFF7C9FDDDE9A1
:1013F000020100F0F7FF05B05DF804FB0091002347
:10140000012202A9FFF7BCFD9DF9080001F0E0F8F8
:1014100005B05DF804FB00910023012202A9FFF74B
:10142000AFFD9DF8080001F0D3F805B05DF804FBAE
:1014300000910023022202A9FFF7A2FDBDF90800D6
:1014400001F0C6F805B05DF804FB0091002302220C
:1014500002A9FFF795FDBDF8080001F0B9F805B045
:101460005DF804FB00910023042202A9FFF788FD28
:10147000029801F0ADF805B05DF804FB012300917E
:10148000BEE701230091C8E700910123D2E7009154
:101490000123DCE700910123E6E700910023042209
:1014A00002A9FFF76DFD029801F09CF805B05DF808
:1014B00004FB00910123F2E700910023042202A91A
:1014C000FFF75EFD029801F07BF805B05DF804FBC4
:1014D0000091002386E700910123EFE700208AE7CF
:1014E000131E09DB10B4446808300A461844E11A98
:1014F0005DF8044BFFF764BF002001F069B800BF3E
:10150000054B1A6810B4146B0023A4461A461946FA
:101510005DF8044B604700BFFC39002030B585B052
:101520006C4684E80F0094E80F000A4C089D84E89C
:101530000F00BDF8020001F04BF8074B1A68146B5E
:10154000002301461A462846A44605B0BDE83040AF
:10155000604700BF48390020FC390020034B8268F7
:101560009A4200D07047C06802F0B8BC1D15020056
:1015700008B502F0B3FCBDE808400EF00BBD00BF9B
:1015800008B5064E054632680023146B19461A4604
:101590002846A04714200EF067FCF4E7FC39002031
:1015A00010B5034B0360044615F03AFD204610BD0C
:1015B000B858040010B5054B0360044615F030FD23
:1015C000204623F019FC204610BD00BFB858040087
:1015D0000A4602230146014810F016B87C2C002070
:1015E00010B504460EF0B6F9034638B100200CB130
:1015F00044F820301B6A0130002BF8D110BD00BF29
:10160000044608B518F05AF803F070FF204604F0BD
:10161000F3FB00BF08B50A48FAF7DAFF01200EF025
:10162000EDFD40F20443984200D808BD01200EF0C1
:10163000E5FDBDE80840A0F5806002F0C1B900BF3B
:10164000002500200EF0A6BC0EF090BF50B110B5E2
:10165000044602F035FC2146034A0448BDE8104028
:101660000EF0F6BA704700BFC9FF020081150200F4
:1016700050B110B5044602F023FC2146034A044849
:10168000BDE810400EF0E4BA704700BF71150200CB
:101690000115020089B280B20EF00CBC08B5074BF0
:1016A000074AC3F8D820042004F0A0FB6FF00040E4
:1016B00004F044FBBDE8084000F088BD0025002090
:1016C0005D150200074B10B51C6800F0DDFF4FF000
:1016D000805213691269013B23441844524210405E
:1016E00010BD00BFFC390020024B1B7803B17047CE
:1016F000FFF76EBF60440020024B186800B1406ADB
:10170000704700BFFC3B0020014B1B6858627047CC
:10171000FC3B00202DE9F04FDFF8DC80D8F80030EA
:1017200085B0002B52D00EF015F90346002857D093
:1017300000241B6A0134002BFBD14FEA840A504677
:101740000EF0BCFD0190FFF74BFFA04239D1002CF9
:101750002FDD019BA3F10409CA4459F8047F7E6A76
:101760002EB30436D8F8003034689F4227D038684A
:10177000D7F808B017F0F6FFD8F800207568ABEB83
:1017800000009742044407D03868D7F808B017F033
:10179000E9FFABEB00000544A54205D954F8040B62
:1017A00002F0B8F8AC42F9D3B668002EDAD1CA45D7
:1017B000D3D1019805B0BDE8F04F0EF0A5BD756816
:1017C000EAE74FF44B70FFF71BFFC0E701200EF074
:1017D00075FD0390039805B0BDE8F04F0EF094BD81
:1017E0000EF06CFD0190FFF7FBFE0028E1D04FF4F6
:1017F0004B70FFF705FFDCE7FC3B002010B5074C02
:1018000020460BF03DFF2046054A064923F0F6FA34
:101810000548BDE8104014F0F1B800BF00250020D5
:10182000402000202D18020048390020684B2DE987
:10183000F04703F13C02044600F59D50C4E9003234
:101840000830644F644E04F023FD002504F6482060
:1018500004F0DAF804F61820C4F8187AA4F81E5A2E
:101860000DF054FF04F51F60C4F8F079A4F8F659A0
:101870000DF04CFF04F6BC1012F0EEFB574BC4F811
:10188000AC3904F6AC100EF08DFE04F6881011F0A1
:1018900031F904F6641011F02DF904F6F40004F0A7
:1018A00009FC04F6940006F07FFA04F6680005F0DF
:1018B0005DFA04F6180004F0FDFCC4F8FC6704F2BD
:1018C000FC7015F0ADFBC4F8E46704F2E47015F0A9
:1018D000A7FB04F27C7017F0F5F904F55170A4F839
:1018E0004A53C4F844730DF011FF3D4BC4F8043360
:1018F00004F5417012F0ACFD3A4BC4F8F8302833CF
:10190000C4F8003104F1F80904F53D7804F53F7698
:1019100000E02E46351F284614F09EFBA845F8D15E
:10192000DFF8C8A0243E04F58A7846F81CAC3C3D9C
:10193000304612F02DFE05F10C0014F08DFBA84589
:10194000A6F13C06F1D100254846C4F8F870A4F889
:10195000FE500DF0DBFE04F1D00011F0B5FF04F1F4
:10196000980010F043FC04F17C00A4F88250E76773
:101970000DF0CCFE04F16400A4F86A5067660DF027
:10198000C5FE04F14C00A4F85250E7640DF0BEFE11
:10199000264604F13400658767630DF0B7FE124BED
:1019A00046F80C3F04F1200014F0E8FB04F11C00A1
:1019B00014F0E4FB30466582E7600DF0A7FE201DC1
:1019C000658167600DF0A2FE2046BDE8F08700BF8C
:1019D000246E0400F46F0400B858040080730400FF
:1019E000447E0400787C0400B46A0400487C04004F
:1019F0002DE9F84F684B40F8043C0446A0F1040878
:101A00003C3308F59D502360083004F041FC634FDF
:101A1000634E002504F6442003F0F6FF04F614207C
:101A2000C4F8147AA4F81A5A0DF070FE04F6EC10FB
:101A3000C4F8EC79A4F8F2590DF068FE04F6B81079
:101A400012F00AFB574BC4F8A83904F6A8100EF0A0
:101A5000A9FD04F6841011F04DF804F5166011F09C
:101A600049F804F50F6004F025FB04F5096006F061
:101A70009BF904F6640005F079F904F6140004F00B
:101A800019FCC4F8F86704F5FF6015F0C9FAC4F84A
:101A9000E06704F5FC6015F0C3FA04F5EF6017F099
:101AA00011F904F55070A4F84653C4F840730DF0D2
:101AB0002DFE3D4BC4F8003304F5407012F0C8FC15
:101AC0003A4BC4F8F4302833C4F8FC3004F1F4097C
:101AD00004F53C7A04F53E7600E02E46351F284694
:101AE00014F0BAFAAA45F8D1DFF8C8A0243E04F5EC
:101AF000887B46F81CAC3C3D304612F049FD05F1B0
:101B00000C0014F0A9FAAB45A6F13C06F1D1002572
:101B10004846C4F8F470A4F8FA500DF0F7FD04F14B
:101B2000CC0011F0D1FE04F1940010F05FFB04F141
:101B30007800A4F87E50A7670DF0E8FD04F160007E
:101B4000A4F8665027660DF0E1FD04F14800A4F802
:101B50004E50A7640DF0DAFD264604F13000E5860C
:101B600027630DF0D3FD124B46F8083F04F11C002B
:101B700014F004FB04F1180014F000FB3046E5817A
:101B8000A7600DF0C3FD2046E58027600DF0BEFD87
:101B90004046BDE8F88F00BF246E0400F46F0400D7
:101BA000B858040080730400447E0400787C04006C
:101BB000B46A0400487C04002DE9F84F694B40F8F2
:101BC000043C0446A0F104083C3308F59D50236012
:101BD000083004F05DFB644F644E002504F6442099
:101BE00003F012FF04F61420C4F8147AA4F81A5A69
:101BF0000DF08CFD04F6EC10C4F8EC79A4F8F25961
:101C00000DF084FD04F6B81012F026FA584BC4F813
:101C1000A83904F6A8100EF0C5FC04F6841010F0E4
:101C200069FF04F5166010F065FF04F50F6004F01D
:101C300041FA04F5096006F0B7F804F6640005F00F
:101C400095F804F6140004F035FBC4F8F86704F5C1
:101C5000FF6015F0E5F9C4F8E06704F5FC6015F0E5
:101C6000DFF904F5EF6017F02DF804F55070A4F8D3
:101C70004653C4F840730DF049FD3E4BC4F80033A1
:101C800004F5407012F0E4FB3B4BC4F8F430283309
:101C9000C4F8FC3004F1F40904F53C7A04F53E760E
:101CA00000E02E46351F284614F0D6F9AA45F8D193
:101CB000DFF8CCA0243E04F5887B46F81CAC3C3D04
:101CC000304612F065FC05F10C0014F0C5F9AB4587
:101CD000A6F13C06F1D100254846C4F8F470A4F8FA
:101CE000FA500DF013FD04F1CC0011F0EDFD04F1FC
:101CF000940010F07BFA04F17800A4F87E50A767F6
:101D00000DF004FD04F16000A4F8665027660DF0A4
:101D1000FDFC04F14800A4F84E50A7640DF0F6FC59
:101D2000264604F13000E58627630DF0EFFC134BE7
:101D300046F8083F04F11C0014F020FA04F11800E2
:101D400014F01CFA3046E581A7600DF0DFFC204658
:101D5000E58027600DF0DAFC404623F04DF8404660
:101D6000BDE8F88F246E0400F46F0400B858040036
:101D700080730400447E0400787C0400B46A04008C
:101D8000487C0400694B2DE9F04703F13C0204460E
:101D900000F59D50C4E900320830654F654E04F0EF
:101DA00077FA002504F6482003F02EFE04F61820EA
:101DB000C4F8187AA4F81E5A0DF0A8FC04F51F60A8
:101DC000C4F8F079A4F8F6590DF0A0FC04F6BC10A4
:101DD00012F042F9584BC4F8AC3904F6AC100EF0CE
:101DE000E1FB04F6881010F085FE04F6641010F094
:101DF00081FE04F6F40004F05DF904F6940005F0A9
:101E0000D3FF04F6680004F0B1FF04F6180004F0F4
:101E100051FAC4F8FC6704F2FC7015F001F9C4F83B
:101E2000E46704F2E47015F0FBF804F27C7016F03D
:101E300049FF04F55170A4F84A53C4F844730DF0F7
:101E400065FC3E4BC4F8043304F5417012F000FB0E
:101E50003B4BC4F8F8302833C4F8003104F1F809DA
:101E600004F53D7804F53F7600E02E46351F284600
:101E700014F0F2F8A845F8D1DFF8CCA0243E04F520
:101E80008A7846F81CAC3C3D304612F081FB05F1E7
:101E90000C0014F0E1F8A845A6F13C06F1D10025AC
:101EA0004846C4F8F870A4F8FE500DF02FFC04F179
:101EB000D00011F009FD04F1980010F097F904F139
:101EC0007C00A4F88250E7670DF020FC04F1640068
:101ED000A4F86A5067660DF019FC04F14C00A4F8F0
:101EE0005250E7640DF012FC264604F13400658779
:101EF00067630DF00BFC134B46F80C3F04F1200018
:101F000014F03CF904F11C0014F038F930466582F5
:101F1000E7600DF0FBFB201D658167600DF0F6FBAF
:101F2000204622F069FF2046BDE8F087246E0400B9
:101F3000F46F0400B858040080730400447E040069
:101F4000787C0400B46A0400487C04002DE9F04168
:101F50004FF0000C8CB04FF0100E1FFA81F887B2D2
:101F6000CDE900CE05461C463946174B164602A859
:101F700042460EF011FA02A9144811F007FC02A81B
:101F80000EF026FA0F2DA4B201D1C02C0FD12820BB
:101F900022F039FF39460546CDE9006442460A4B36
:101FA0000EF0FAF92946094811F076FB28B93046B7
:101FB00001F086FF0CB0BDE8F08128460EF008FA6B
:101FC000284622F019FFF2E71D150200D025002057
:101FD00008B510F00DF908BD08B510F019F920F09A
:101FE000404008BDFFF744BBFFF754BB03F0FABE07
:101FF000704700BFC117FFF727BB00BF00B585B012
:10200000D3B28AB281B2684613F0D8FC05B05DF84D
:1020100004FB00BF002B08BF1023FFF797BF00BFD2
:10202000014B5888704700BF48390020014B986821
:10203000704700BF4839002008B503F08DFE4FF00F
:10204000FF31BDE8084000F09DB800BF00B583B087
:102050000E49684604F0C4FABDF80430A3F51943EC
:10206000033B032B10D8DFE803F002020D0D002321
:10207000074A52F823004FF0FF3103B05DF804EB3C
:1020800000F080B80123F3E70223F1E7182D0020C8
:102090004420002003F05CBE0821014800F074B821
:1020A00060000010704700BF084619B189880630EB
:1020B000FFF71ABB704700BF08B511F0ADFD08BDB2
:1020C000704700BF704700BF014820F06040704774
:1020D00000000220012001F0BDBC00BF08B50220B5
:1020E00001F0B8FC40F29330BDE80840FFF788BA31
:1020F000014B1860704700BFAC390020704700BF2B
:102100000020704780880A3080087047063070478A
:102110008088704783888B4226BF06304018002095
:10212000704700BF0320704740680B30800870473D
:1021300080887047704700BF704700BF70B50C1EA5
:10214000064603DB3CB90D4D284670BD22F0F2FE79
:102150000446002CF7D0E01D01F0AEFD054608B1A5
:10216000074B0360AC8026B131462246A81D22F001
:1021700081FE2C440023A371284670BDC059040081
:1021800004590400FFF7DABF70B50D1E12DD0646D4
:1021900005F1080001F090FD044608B1094B036009
:1021A000656004F108002A46314636B122F062FE2D
:1021B000204670BD044C204670BD22F07FFE2046B4
:1021C00070BD00BF34590400B4590400014B1860BD
:1021D000704700BF50200020034A044B116803FBE6
:1021E00000F048401060704750200020CB5725CAAF
:1021F00030B40E4D2A68044621460020930983EA34
:10220000D273534083EA121383EA92035208534075
:1022100042EAC37202F00103490843EA4000EDD1EB
:102220008442E9D32A6030BC704700BF50200020B0
:1022300000487047C059040000B583B002AB0022CB
:10224000ADF8042003F8040D01211846FFF776FFCE
:1022500003B05DF804FB00BF2DE9F0410D4688B1E5
:102260001C4B39B198422BD09D4204460FD12046D9
:10227000BDE8F081984221D08688174D0446311D73
:10228000042707E0144CF9B1124B9D42EFD0A68809
:10229000AF88F1190020FFF751FF04F10608831DF4
:1022A000044641461846324622F0E4FD3A463044A0
:1022B000A91D22F0DFFD2046BDE8F081064CD6E7DF
:1022C0000C462046BDE8F081042725463E460821FD
:1022D000E0E700BFC0590400145A0400884212D03D
:1022E00030B48B88828806309A4228BF1A4605315E
:1022F000034613F8015B11F8014FA54205D009D33D
:10230000012030BC7047002070471C1A9442F0D95D
:102310000020F6E74FF0FF30F3E700BF80887047FA
:10232000002A1ADD10B484880029BCBF631823EA90
:10233000E371631A934206DC002B03DC08485DF866
:10234000044B70471A46A1423ABF0630401800209D
:1023500011465DF8044BFFF7F1BE0148704700BF1E
:10236000C059040078B371B32DE9F047858822EA9B
:10237000E272AA4223D200F1060818EB0204A5EB90
:1023800002058F881BD0BD4219D391F806A001F138
:10239000060902E0AF42344611D82378534505F1CF
:1023A000FF3504F10106F5D13A464946204622F0B0
:1023B00052FD0028EED1A4EB0800BDE8F0874FF0F5
:1023C000FF30BDE8F0874FF0FF30704708B5FFF7EA
:1023D000C9FF013018BF012008BD00BF80F0010017
:1023E000704700BF0A1E38B511D138B302460B46FC
:1023F00004460D4622F062FA002841D10C2001F07B
:102400005BFC08B11F4B0360C0E9014538BDC2F356
:102410000A54A4F2FF331D2B12D8142B054618DCE6
:102420000028E3D1A4F2F33412FA04F4DED1D0028E
:10243000C3F11F0340F00040D8401AE0012038BD2E
:102440001E2BD3D10028D1D10F4B9A42CED10F48A9
:1024500038BDA4F2134410FA04F4C7D1D002C3F17A
:102460001F0140F00040C3F13403C84025FA03F3D4
:102470001843002AB8BF4042400040F0010038BD78
:102480000E2038BD645904000000D0C10100008056
:102490002DE9F04182B0063001A9F9F7B1FE002222
:1024A000002306460F4622F0D7F960BB27F000450F
:1024B000304629464FF0FF321F4B34464FF001089B
:1024C00022F0FCF938B94FF0FF321B4B3046294659
:1024D00022F0EAF9F0B118F0FF0F1FD100224FF4FB
:1024E0008013204629464FF0010822F0E7F938B959
:1024F0002046294600224FF4801322F0B7F9B0B1EC
:1025000018F0FF0F0AD130463946FFF76BFF02B0D3
:10251000BDE8F081804618F0FF0FDFD0074F00269E
:1025200030463946FFF75EFF02B0BDE8F0818046D5
:1025300018F0FF0FE7D0F1E7FFFFEF7F0000F87F13
:1025400008B521F0B7FEBDE80840FFF74BBF00BF5C
:1025500001448879400040F00100704720B1002913
:1025600002DB8288914201DB0F48704710B582B0D0
:10257000FFF7EEFF0E2804460DD0C3070ED502A8C4
:1025800000236410ADF80430012100F8044DFFF77A
:10259000D5FD02B010BD044802B010BD40F271304C
:1025A000FFF72EF8EBE700BFC059040020B1002967
:1025B00002DB8288914201DB0E207047FFF7C8BF23
:1025C00008B521F089FEBDE80840FFF70BBF00BF4A
:1025D0004300B0EB630F01D0FFF7B2BF43F001003F
:1025E000704700BFB0F1804F08B503D2400040F003
:1025F000010008BD21F04EFEBDE80840FFF7F2BE25
:10260000002814BF42200A20704700BF08B5F9F720
:10261000B3FFBDE80840FFF7E5BE00BF01FB00F0D7
:10262000704700BF90FBF1F0704700BF10B50C2061
:1026300001F042FB044608B102F0A4FC204610BDA4
:1026400000897047043002F039BC00BF03460A46D7
:102650000430198902F012BC043002F03FBC00BF04
:1026600003894268994234BF52F821000020704724
:10267000043002F003BC00BF043002F03DBC00BFD8
:10268000043002F05DBC00BF024B1B68588CC000D8
:10269000704700BFFC390020704700BF0020704722
:1026A00038B51C4B1B688BB15C6AACB1236898428F
:1026B0002DD08BB1002300E072B1023354F82320F7
:1026C0008242F9D101339B00E05838BD124B1C689F
:1026D00044F21022944216D00D460446FFF7DEFF66
:1026E00078B103689C4210D05BB1002300E042B196
:1026F000023350F82320A242F9D101339B00C05885
:1027000038BD284638BD5B68CEE70423F7E70423CD
:10271000DAE700BFFC390020A05104004068704790
:102720004160704710B5082001F0C6FA044608B1B0
:1027300002F030FC204610BD70B50C1E0546164652
:102740000EDB83889C420BDA05EB8404E36823B13B
:102750000B2140F2863002F061FCE660284670BD35
:102760000A2140F2863002F059FCEDE7FEF748BF3F
:1027700018B1024B984208BF00207047C0590400AE
:10278000003018BF0120704710B5142001F094FAF2
:10279000044608B102F006FC204610BD10B5044600
:1027A00002F00AFC002806DB238AE268984202D283
:1027B00052F8200010BD002010BD00BF2E4B1B683A
:1027C0002DE9F047DF6ABA683B68824203F1FF31C6
:1027D00007F1040703D857F82120824230D200299C
:1027E00045DD5B1057F82320904226D0B0F80490C6
:1027F0004FF0010C00F105080DE034BF03F1010CAE
:1028000003F1FF318C4532DC0CEB01035B1057F810
:102810002320824211D094884C4528BF4C46063272
:1028200026464546144614F801AB15F801EFF2456B
:10283000E3D1A4EB020E7645F5D21846BDE8F08749
:10284000002914DD5B1057F823209042F5D00124B5
:1028500003E057F823208242EFD090428CBF5C1CEB
:1028600003F1FF310B19A1424FEA6303F1DA0023B0
:102870001846BDE8F08700BFFC390020034B1B68F9
:102880000131DB6A53F82110FFF788BFFC390020C3
:10289000F8B504460F46164602F08EFB011E04F101
:1028A0000C0505DB32462846BDE8F84002F0E6BAE2
:1028B0003A462189201D02F0E1FA3246218A284653
:1028C000BDE8F84002F0DABA034B1B680131DB6A5D
:1028D00053F82110FFF7DCBFFC390020014B1868CA
:1028E000704700BFF8390020704700BF820708B565
:1028F00008D130B1036823F00103DA78F92A13D143
:10290000987808BD0028FCD0C3070FD40E280DD03E
:1029100042280DD00A280BD0062805D040F22130DD
:10292000FEF76EFE042008BD042008BD022008BD8D
:10293000012008BD0E281FD010B5044670B915E05F
:10294000FFF7D4FF0346022B204612D0032B0DD1F4
:10295000FFF79EFD0E28044608D03CB1A307204691
:10296000EED000F00FF821F0A5FC10BD00200449C6
:1029700010BDD4E9010110BD00200149704700BF1E
:102980000000F87FC107034651D4820704D59B0994
:1029900014BF01200020704700284AD02DE9F041E3
:1029A000FFF7C8FF21F000450F464FF0FF322946E0
:1029B000274B064604464FF0010821F07FFF40B93F
:1029C0004FF0FF32224B3046294621F06DFF00B90F
:1029D000804618F0FF0F2ED100224FF480132046BE
:1029E00029464FF0010821F069FF40B920462946E9
:1029F00000224FF4801321F039FF00B9804618F00F
:102A0000FF0F18D1304639461EF002FD0022114B4F
:102A10001EF02CFF0022002304460D4621F026FF65
:102A200060B92046294621F087FFBDE8F0814010BB
:102A30007047002070470020BDE8F08120462946FD
:102A40000022044B21F0EAFA04460D46E9E700BFF4
:102A5000FFFFEF7F0000F041FFF794BF38B50D4650
:102A6000FFF790FF04462846FFF78CFF00F01F0099
:102A700004FA00F04300B0EB630F03D0BDE8384028
:102A8000FFF75EBD43F0010038BD00BF38B50D460D
:102A9000FFF778FF04462846FFF774FF00F01F0099
:102AA00044FA00F04300B0EB630F03D0BDE83840B8
:102AB000FFF746BD43F0010038BD00BF38B50D46F5
:102AC000FFF760FF04462846FFF75CFF60404300C5
:102AD000B0EB630F03D0BDE83840FFF731BD43F0E2
:102AE000010038BD38B50D46FFF74CFF04462846B7
:102AF000FFF748FF20434300B0EB630F03D0BDE86E
:102B00003840FFF71DBD43F0010038BD08B5FFF7A1
:102B100039FFC0434300B0EB630F03D0BDE808406A
:102B2000FFF70EBD43F0010008BD00BF38B50D46EC
:102B3000FFF728FF04462846FFF724FF2040430004
:102B4000B0EB630F03D0BDE83840FFF7F9BC43F0AA
:102B5000010038BD38B50D46FFF714FF044628467E
:102B6000FFF710FF00F01F0024FA00F0B0F1804FD3
:102B700003D2400040F0010038BD21F08BFBBDE8DE
:102B80003840FFF72FBC00BF0E2816D008B503460B
:102B9000C0B19B0708D0FFF7F5FE07EE900AF8EEEC
:102BA000E77A17EE900A08BDFFF7C4FE21F0E4FEB5
:102BB00007EE900A17EE900A08BDDFED057A17EED2
:102BC000900A7047DFED027A17EE900A08BD00BF49
:102BD0000000C07F70B50E46FFF7ACFE04463046DD
:102BE0000D46FFF7A7FE02460B462046294621F078
:102BF00015FABDE87040FFF7F5BB00BF70B50E4693
:102C0000FFF798FE044630460D46FFF793FE024656
:102C10000B462046294621F0FFF9BDE87040FFF73A
:102C2000E1BB00BF01F00103184203D0C31301331D
:102C3000012B12D9D0B50C46FFF77CFE0646204684
:102C40000F46FFF777FE02460B463046394621F025
:102C50009BFBBDE8D040FFF7C5BBCB130133012B75
:102C6000E8D84310481000FB03F04300B0EB630FBB
:102C700002D143F001007047FFF762BC032912D074
:102C8000D0B50C46FFF756FE064620460F46FFF726
:102C900051FE02460B463046394621F09FFCBDE806
:102CA000D040FFF79FBB7047F8B50C46C1070346FD
:102CB00003D5E20701D5620811D11846FFF73AFEA5
:102CC000064620460F46FFF735FE0B4602463946BC
:102CD00030461EF0CBFDBDE8F840FFF783BBFFF7A1
:102CE00051FE05462046FFF74DFE95FBF0F303FB32
:102CF00010504300B0EB630F03D0BDE8F840FFF77E
:102D00001FBC43F00100F8BD2DE9F0410C468046A0
:102D1000FFF710FE064620460F46FFF70BFE04465F
:102D20000D46FAF7B9F922462B4621F095FD28BB4E
:102D3000002200233046394621F0B6FD80B900223A
:102D400000233046394621F087FD20B3204629462E
:102D50000022002321F08AFD28BB4046BDE8F08117
:102D6000304639461EF0E2FD22462B4621F00CFB90
:102D7000FAF7A6FCBDE8F041FFF734BB2946204630
:102D800021F0B2FD39460246304621F05DFEBDE835
:102D9000F041FFF727BB304639461EF0C7FDBDE8BE
:102DA000F041FFF71FBB0C2000F086FF08B1034B7A
:102DB0000360034B0022C0E90123CFE764590400FC
:102DC0000000F07FC2072DE9F8430C460BD5CB0776
:102DD00009D540104C10844241DB3DD1640044F0E1
:102DE0000100BDE8F883FFF7A5FD064620460F4623
:102DF000FFF7A0FD04460D4602460B463046394615
:102E000021F052FD90B922462B463046394621F03A
:102E100023FD28B130463946BDE8F843FFF7E2BA52
:102E200022462B4634463D4616461F46F9F7A4FB7C
:102E30002246804689462B463046394621F0ECF83A
:102E400042464B4621F0A0FA22462B4621F0E6F8F6
:102E5000BDE8F843FFF7C6BA234604461846001BF0
:102E6000FFF7C6F920444400B0EB640F02D144F0F0
:102E70000100B6E7BDE8F843FFF762BB08B5FFF70E
:102E800059FD1EF053FDBDE80840FFF7ABBA00BF87
:102E900008B5FFF74FFD1EF0C7FDBDE80840FFF77E
:102EA000A1BA00BF08B5FFF745FDFAF7F5F8BDE890
:102EB0000840FFF797BA00BF08B5FFF73BFDFAF7E8
:102EC0006BF8BDE80840FFF78DBA00BF08B5FFF703
:102ED00031FD1EF09DFABDE80840FFF783BA00BF40
:102EE00008B5FFF727FD054B002221F097F8FAF708
:102EF000D3F8BDE80840FFF775BA00BF0000E03F17
:102F00000E280BD00E2909D08842F8B5044618D0F7
:102F100001F00102104216D00020F8BD00207047D9
:102F2000A288A888A31D904228BF1046691D1A4692
:102F300012F8014B11F8015FA542EDD1D41A844279
:102F4000F6D90120F8BD0D46FFF7D0FC064628460D
:102F5000FFF7CCFC8642DFD144EA05039B07DBD1B7
:102F6000032EDDD0022ED7D12046FFF7E3FC064624
:102F700028460F46FFF7DEFC0B4602463946304630
:102F800021F06AFC4FF0010300B90346D8B2F8BD46
:102F900008B5FFF7B5FF002814BF42200A2008BD7E
:102FA00008B5FFF7ADFF00280CBF42200A2008BD7E
:102FB0000E281AD00E29F8B50C4614D0062805465E
:102FC00015D042283FD00A281CD00629034600F01D
:102FD0009080422C11D00A2C37D09C4210D004F0A3
:102FE00001031D4211D00020F8BD002070470629C2
:102FF00006D0422C4FF00003EDD10322934204D1BE
:103000000120F8BD0123062CE3D12846FFF76EFC12
:1030100006462046FFF76AFC032E22D003282FD055
:10302000012E14D0012821D08642DCD145EA0403C8
:103030009B07D8D1032847D0022828D0601BB0FABC
:1030400080F04009F8BD0323DDE70122D6E7062D15
:1030500033D0422D4FF0020634D00A2DE2D10125A3
:10306000E0E7022813D00328DCD1DFE7062C4FF07D
:10307000020020D0422C23D00A2CD5D10124D3E742
:10308000022E04D0012EAED1062DE2D1ABE72846A8
:10309000FFF750FC064620460F46FFF74BFC024662
:1030A0000B463046394621F0D7FB4FF0010400B9FA
:1030B0000446E0B2F8BD0024B6E702260025B1E7D9
:1030C0000324B1E70325ADE7AC4299D0AB88A288D1
:1030D000A81D9A4228BF1A460534034613F8011B5F
:1030E00014F8015F8D427FF47EAF191A9142F5D931
:1030F00086E7002282E700BFFFF75ABF08B5FFF757
:1031000057FF002814BF42200A2008BD08B5FFF76A
:103110004FFF00280CBF42200A2008BDF8B50789E0
:1031200045687FB10E46043D002402E00134A74209
:1031300008D0314655F8040FFFF73AFF0028F5D0C4
:103140002046F8BD4FF0FF30F8BD00BF10B500229B
:103150000446FFF7E3FF011E04DB201D01F0CCFE57
:10316000012010BD002010BD38B58307044608D1EA
:1031700048B1FFF7BBFB032812D0022814D001206E
:1031800038BD0A2801D1002038BD0028FBD00E2808
:10319000F9D00628F7D010F1FF3018BF012038BD54
:1031A0000C4B9C42EBD1EEE72046FFF7C3FB0246F7
:1031B0000B4604460D4621F081FB0028E3D1204652
:1031C00029460022002321F047FBB0FA80F0400995
:1031D00038BD00BFC0590400422805D00A2801D0DC
:1031E000FFF7C2BF00207047012070470E2857D05C
:1031F0000E2955D0F8B50C460546FFF777FB064675
:103200002046FFF773FB032E2FD0A5422BD0284674
:10321000FFF790FB064620460F46FFF78BFB324632
:1032200004460D463B463046394621F047FBA0BBDD
:1032300022462B462046294621F040FB68BB224609
:103240002B463046394621F011FB18BB22462B464F
:103250003046394621F028FB003018BF0120F8BD68
:10326000D01A81420DD20020F8BD0328CDD1A5424D
:10327000F9D0AA88A188AB1D914228BF1146053418
:103280001A4612F8015B14F8010F8542E8D028BFF6
:103290000120E4D24FF0FF30F8BD6FF00100F8BD1F
:1032A0006FF00100704700BF38B501F0010313EA69
:1032B000000404D08842ACBF0020012038BDFFF7D5
:1032C00095FF831C14BFC00F204638BD10B501F018
:1032D0000104204203D0884207DC422010BDFFF7E2
:1032E00085FF831C01D00028F7DD0A2010BD00BF38
:1032F00010B501F00104204203D0884207DA4220D1
:1033000010BDFFF773FF831C01D00028F7DB0A20F4
:1033100010BD00BF10B501F00104204203D0884267
:1033200005DB422010BDFFF761FF0028F9DA0A2013
:1033300010BD00BF10B501F00104204203D0884247
:1033400005DD422010BDFFF751FF0028F9DC0A20FF
:1033500010BD00BFF0B591B00446FFF7C7FA0328CF
:103360003DD002280FD0052848D0002C4CD00A2C84
:1033700042D00E2C45D0422C55D02C4B2C48062C3C
:1033800008BF18462CE0E3072CD40E2C39D0204679
:10339000FFF7D0FA21F000450F464FF0FF322946E3
:1033A000244B064621F08AFA38B9304629464FF0B8
:1033B000FF32204B21F064FA40B332463B463046A0
:1033C000394621F07BFAE0B9304639466A46F8F7CB
:1033D000BFFF68464FF0FF31FEF7B0FE00E0204629
:1033E00011B0F0BD694660100CF01AF868464FF055
:1033F000FF31FEF7A3FEF3E70F48F1E70F4811B0E6
:10340000F0BD0F4811B0F0BD0E48E9E7002330468B
:103410003946002221F02AFA0B4C0C4B002814BF2D
:1034200020461846DCE70A48DAE700BF145A0400D1
:10343000385A0400FFFFEF7F2C5A0400485A04005A
:10344000F8590400A4590400045A0400E85904007F
:10345000205A040010B50446FFF748FA04280ED19C
:1034600064B1A3070AD12368074A23F001035B690B
:10347000934203D02046BDE81040184710BD2046B7
:10348000BDE81040FFF766BF5534020008B5FFF7EE
:103490002DFA052810D8DFE800F0030507090B0D09
:1034A000084808BD084808BD084808BD084808BDC8
:1034B000084808BD084808BD40F22230FEF7A0F8D1
:1034C000002008BDD8590400945904005C5A040037
:1034D0007C5A04006C5A0400C8590400062808D01D
:1034E00008B5FFF703FABDE8084000F57570FEF770
:1034F00087B840F2DD30FEF783B800BF4FF4647048
:10350000FEF77EB810B5FEF7F7F80446102000F07D
:103510007FFC22690260206110BD00BF38B5FEF754
:10352000EBF80469054634B123682B612046BDE8F9
:10353000384000F0ADBB40F25330FEF761F8F3E7DE
:10354000F0B585B00746FEF7D7F8046906468CB19A
:1035500094E80F006D46306185E80F00204600F0CA
:1035600097FB084B77611B68284631469B6B984751
:1035700005B0F0BD3846FFF76DFF40F2E730FEF7CB
:103580003FF8E5E7FC39002010B5FEF7B5F84469CF
:1035900012239C42436101D0204610BD40F25330BB
:1035A000FEF72EF8204610BD08B5FEF7A5F84369D2
:1035B000122B05D0FFF7E8FFBDE80840FFF7C0BFBA
:1035C00008BD00BF79B110B4084B094C014410F894
:1035D000012B04FB03F3884283EA0203F7D1184668
:1035E0005DF8044B7047014B18467047C59D1C8120
:1035F0009301000138B5046834F00304054612D085
:10360000A30F15D12846E369984705462DB140F62A
:10361000BE239D4205D9002C03DB40F24930FDF763
:10362000EFFF284638BD40F25130FDF7E9FFE9E7EA
:10363000C4F39905EAE700BFF8B54FF480400CF0F9
:103640003DFE194C194B1A4D1A4E002787611A4F2F
:103650008760D3E901122768C76000F10807276077
:1036600000F58054013106343460596043F6F87433
:103670002968446022449A6079B188420DD30A686F
:1036800072B1904203D20BE0984203D31A461368FA
:10369000002BF9D103601060F8BD01602860F8BD0F
:1036A00013460A46F6E700BFE8390020CC3900206F
:1036B000B8390020C0390020F83F008038B5144BDD
:1036C0009A881B6892B1551E53F8251088421AD06B
:1036D000023A03EB82032A4602E0216881420BD0C2
:1036E000013A511C1C46A3F10403F6D14FF4527069
:1036F000BDE83840FDF784BF954204D0044801F08E
:1037000067FB206038BD0248BDE8384001F060BB6F
:10371000C439002018210148FEF736BDCC390020FD
:10372000036823F0010318888008704730B338B568
:10373000C5680446A5B155E901326868A9686260A8
:103740005A0F032AC4E9020105D040F24930FDF7BF
:1037500057FF55F8043C43F0004345F8043C38BD9E
:1037600050F8043C5A0F032A09D143F0004344F8AF
:10377000043C0020BDE83840FDF7C6BF704740F26A
:103780004930FDF73DFF54F8043CEEE738B550F8FA
:10379000043CDB070546A0F104041CD4104B1B6855
:1037A00073B103F108029442F9D359680A44944270
:1037B000F5D255F8043C43F0010345F8043C38BD0C
:1037C00040F24A30FDF71CFF55F8043C43F001037A
:1037D00045F8043C38BD40F24F30FDF711FFDDE7FE
:1037E000B8390020830709D140B1030F06D0016822
:1037F000114B194202D1CB78F92B00D070470F4BF7
:1038000010B504461B688BB103F108029442F9D34A
:10381000586802449442F5D2094841F00101216000
:1038200022468188BDE8104001F0BABA40F24A3021
:10383000FDF7E6FE2168EFE703000040B8390020FD
:10384000B039002000294DD02DE9F84F0F468046B1
:10385000DFF89CB0DFF89CA0DFF88C90061F0025F5
:1038600002E00135AF423BD056F8044FA307F8D130
:10387000002CF6D0230FF4D0206810EA0B0FF0D103
:10388000C378F92BEDD1DAF8003053B103F1080118
:103890008C4203D35A680A44944207D31B68002B16
:1038A000F4D140F24A30FDF7ABFE2068B9F80410BD
:1038B00040F00100206022460B4801F071FAB9F88F
:1038C0000430642BCDD90C200CF0F8FC0135074AEC
:1038D00008EB85037D1BC0E90135116801601060AC
:1038E000BDE8F88F704700BFB0390020BC39002018
:1038F00003000040B839002038B505684DB10446D2
:103900002846FFF743FFA1882846BDE83840FFF767
:1039100099BF38BD830709D140B1030F06D00168B4
:10392000234B194202D1CB78F92B00D07047214BA1
:103930002DE9F04104461B68002B33D003F1080247
:103940009442F8D3586802449442F4D221F003031D
:1039500041F001019B6921600BB120469847164D4B
:10396000164C2F46AB8883B923681846C3B1D3E9F8
:103970000026D3F8088022600CF0C6FC4146304691
:10398000FFF760FFAB88002BEED0384601F020FA3D
:10399000036823F003039B69002BE3D09847E1E71A
:1039A000BDE8F08140F24A30FDF72AFE2168CDE7FC
:1039B00003000040B8390020B0390020BC39002095
:1039C000F8B505460CF07AFC0446A5F1080083071B
:1039D00060602ED11B4A1C4F556891681B4EC31C5A
:1039E00023F00043014423F00303013543F0004377
:1039F000C2E901513A68A360E26004F10803144A85
:103A000031683B6003EB9000106079B18C420DD3BC
:103A10000A68A2B1944203D211E09C4203D31A4631
:103A20001368002BF9D123601460F8BD2160346065
:103A3000F8BD4FF45270FDF7E3FD6068CAE7134626
:103A40000A46F0E7CC390020E8390020B8390020D8
:103A5000C03900202DE9F04F834B1B7806469807AC
:103A600083B005D54FF45270FDF7CAFD7E4B1B782D
:103A70007E4A146895887C4A43F0020313706DB146
:103A800004EB850554F8040B20F0010310F0010F3E
:103A900018BF1868FFF73EFFA542F3D1744C3046BB
:103AA000FDF738FE23688BB1724B1B685E8D01F009
:103AB000C3FA256805EB8605861B07D00024013470
:103AC00055F8040BFFF726FFA642F8D16A4A6B4B64
:103AD00016781D683EB10024013455F8040BFFF739
:103AE00019FFA642F8D16649664A0B681768013388
:103AF0000B60654B00221A60002F00F0B180CDE909
:103B00000022904691467B68019A07F108059B08C0
:103B100005EB83061A44B542019248D22B6813F094
:103B200001017DD11A0F062A7AD0AE4240F2888078
:103B3000AA4601E0DAF80030002B4FEA13720FDBDF
:103B4000D90714D4062A12D05A0009D4DB78F92BED
:103B500040F2493001D0FDF753FD504601F012F913
:103B60005046FFF747FD0AEB800A5645E2D8AAEB1C
:103B700005044FEAA40CE0454FEA8C024FF0FF0128
:103B8000284642F0004BB8BFE046E14421F096F9E8
:103B9000042CC5F800B04CDD00236B60009B002BAB
:103BA00049D0009B00955D605546AE42B6D83F684F
:103BB000002FA8D1354901980B684FEA890202EB22
:103BC000091780004FEA88047F009BB12E4B1D68C7
:103BD0004FEA590975B12B68C3F39906B14506D26E
:103BE00036E02B68C3F399031E44B14531D36D68A9
:103BF000002DF6D122494B69C1E903246BB19342F0
:103C00000BD8B84201D3FFF717FD174A137823F0FA
:103C10000203137003B0BDE8F08F194B5A61F0E74F
:103C200023F001032B602846FFF7E4FC05EB800539
:103C3000BBE75546B9E7144B00951D605546B4E700
:103C40004FF00043B8F1000F2B60AEDA8846ACE7C6
:103C500033469944A9EB060305EB83030B60C9E7E0
:103C60003C4638463A46C5E761440020C439002046
:103C7000F8390020FC39002062440020E43900209B
:103C8000CC390020B8390020E8390020C0390020A4
:103C900050F8043C5A0F032A10B5044605D040F2F0
:103CA0004930FDF7ADFC54F8043C43F0004344F8C0
:103CB000043C204610BD00BF2DE9F84F42F6F82322
:103CC000C71C98424FEA97077CDC444BDFF810A1F1
:103CD0005B68C3F30803002B5ED19AF80030180725
:103CE0005AD143F001038AF80030FDF705FD10B109
:103CF0004368002B6DD0DFF8ECB0DFF8EC900026C5
:103D0000DBF80040002C4ED04FF0000803E0A04646
:103D10001C46002B47D040F251301EB9D9F8003074
:103D2000A34248D3A10701D1230F01D1FDF768FCBD
:103D30002568002D40F24B3001DBFDF761FCC5F337
:103D40009905ED1B002D6368E1DB0AD0AA0042F063
:103D5000004244F8272004EB8707012D1CBF7B603D
:103D60003B46B8F1000F31D0C8F804300022226081
:103D70004BB15B683BB19A0701D11B0F03D14FF4E4
:103D80005470FDF73DFC9AF8003023F001038AF8E7
:103D900000302046BDE8F88F40F29230FDF730FC4D
:103DA0009AF800309DE736B1012E08D01520FDF7B6
:103DB00027FC0136A4E70020FFF74CFEF9E7FFF7E8
:103DC0003BFCF6E71620FDF71BFC7EE7CBF8003046
:103DD000CCE740F24E30FDF713FC8CE700ED00E03D
:103DE00061440020E8390020C0390020033010B5BC
:103DF00020F00304201DFFF75FFFE31D23F0804345
:103E000023F0030343F0804340F8043B10BD00BFA0
:103E100008B538B1FFF7EAFF50F8043C43F000530F
:103E200040F8043C08BD00BFF8B5214B5B68C3F304
:103E3000080306460F46002B34D1FDF75DFC1D4DEF
:103E40001D4AF31B9B102B7004461760A8B10C2071
:103E5000FFF7CCFF50F8043C6268026043F0005367
:103E6000A26840F8043CE368C0E90123E060002355
:103E7000A6602B7063602046F8BD1820FFF7B6FFE0
:103E80000E4A50F8043C1268026043F000531222BC
:103E900040F8043C00234261C0E903330446FDF7C7
:103EA00033FCE4E740F29230FDF7AAFBC5E700BF20
:103EB00000ED00E062440020E4390020F8390020E1
:103EC000830702D108B1030F00D17047024B0246AD
:103ED0009988184600F064BFC43900208207034661
:103EE00002D108B11B0F00D17047FFF7E7BB00BF3D
:103EF0000430FFF701BD00BF03460C309988FFF77F
:103F0000A1BC00BF4068FFF76DBC00BF10B5044600
:103F10000430FFF7F1FC04F10C00BDE81040FFF79E
:103F2000EBBC00BF50F8043B23F0010319880439AF
:103F30008908FFF787BC00BF032070478088800096
:103F40000F308008704700BF02207047052070477F
:103F50000349044A0023C1E90033C2E90033704732
:103F6000C4390020B0390020704700BF02207047DC
:103F7000406812F031BA00BF704700BF10B5044668
:103F8000034B41600846236012F008FA204610BD3A
:103F90008C5A040010B5044682B0406812F0EAF969
:103FA00088B16168684611F079FD694601A811F091
:103FB000F1FF01A811F082FD606001A811F058FD29
:103FC000684611F055FD02B010BD00BF38B505467A
:103FD0000820FFF771FE044628B1044B45602846CF
:103FE000236012F0DBF9204638BD00BF8C5A040074
:103FF000FFF7ECBFA0F120035E2B10D810B582B004
:104000000446684611F032FC04EB8400009BA038A3
:104010001844052102B0BDE81040FEF7B5B80020F5
:10402000704700BF10B584B00C46416803A811F07A
:1040300035FD0023624203A9CDE9003303480EF0A9
:1040400053FC03A811F014FD04B010BD302E002065
:1040500030B585B00C46416803A8154611F01EFD29
:104060000023624203A90093019504480EF03CFC32
:1040700003A811F0FDFC05B030BD00BF302E0020BC
:1040800043689B8801FB03F1FFF7CCBF70B584B098
:104090000E46416802A8154611F000FD02A903A8CA
:1040A00011F0F4FC00246FF0FE0033462A4603A909
:1040B000CDE9000405480EF0E1FC03A811F0D8FC9E
:1040C00002A811F0D5FC04B070BD00BF302E002056
:1040D00010B5044682B0FFF75DFF616801A811F0DA
:1040E000DDFC01A811F002FD01A811F0C1FC02B035
:1040F00010BD00BFF0B5074683B00C4615461E46FE
:10410000FFF748FF796801A811F0C8FCF3B22AB2A2
:1041100021B201A811F0F4FC01A811F0A9FC03B030
:10412000F0BD00BF30B583B00C461546416801A80C
:1041300011F0B4FC21B22AB201A811F0F7FC044638
:1041400001A811F095FC24EAE47003B030BD00BF73
:1041500043685888704700BF43689888704700BF1D
:10416000002B14BFFF230023FFF7C4BF08B5FFF7E0
:10417000D9FF0028D4BF0020012008BD43689B88D8
:1041800001FB03F1FFF764BF1023FDF7DFBE00BFA3
:10419000082870B504460D461AD0A0F10903012B7A
:1041A00007D92A46214610230D20BDE87040FDF7AF
:1041B000CDBE0F4ED6F82C0A03689B6A9847052897
:1041C000EFDCD6F82C0A036808215B6A9847E8E719
:1041D000074ED6F82C0A03689B6A98470228E0DC51
:1041E000D6F82C0A036804215B6A9847D9E700BF18
:1041F0000025002038B5074C0546D4F82C0A0CF0F1
:10420000B1FBD4F82C0A0CF00DFC401BB0FA80F086
:10421000400938BD0025002070B50D4616460446FD
:1042200000F026FA50B10368DB6A98473246294607
:1042300020461023BDE87040FDF788BE70BD00BF6A
:104240000A4610230321FDF781BE00BF0A46032161
:10425000FFF7E2BF0A460221FFF7DEBF08B500F014
:1042600007FA28B10368DB6A9847003018BF0120BD
:1042700008BD00BF2DE9F843204CD4F82C0A0CF0FF
:1042800071FB20F017F88046D4F82C0A89460CF010
:1042900071FB20F00FF80646D4F82C0A0F460CF0FC
:1042A00071FB20F007F8424604460D464B46404657
:1042B000494620F069F83246804689463B463046FA
:1042C000394620F061F802460B46404649461FF049
:1042D000A5FE224606460F462B462046294620F0DC
:1042E00053F802460B46304639461FF097FE1DF044
:1042F00081FC20F0F9FABDE8F88300BF002500201A
:10430000032814D8DFE800F00E090402FFF7B2BF5B
:10431000084BD3F82C0A0CF035BB064BD3F82C0A0B
:104320000CF028BB034BD3F82C0A0CF01BBB00206D
:10433000704700BF00250020014803F0C9BF00BF3F
:10434000F42D0020024BD3F8300A0CF04BBD00BF17
:1043500000250020014802F0E9BC00BF182F002012
:1043600040B1012804D1064BD3F82C0A0CF044BB11
:1043700000207047024BD3F82C0A0CF019BB00BF89
:104380000025002008B503283FD8DFE800F02F20E3
:1043900011021F4BD3F8300A0CF0CCFB1FF08AFF40
:1043A00000221C4B20F01AF9BDE80840FEF71AB8AD
:1043B000174BD3F8300A0CF06DFC1FF07BFF154B48
:1043C000002220F00BF9BDE80840FEF70BB8104BB7
:1043D000D3F8300A0CF056FC1FF06CFF0D4B002296
:1043E00020F0FCF8BDE80840FDF7FCBF084BD3F80F
:1043F000300A0CF03FFC1FF05DFF064B002220F05E
:10440000EDF8BDE80840FDF7EDBF00200021CBE747
:104410000025002000408F40024BD3F8300A0CF0FA
:10442000C7BB00BF00250020034BD3F82C3A1A6805
:104430000146526A184610470025002008B5054B72
:10444000D3F8300A0CF0FAFBA0F10100B0FA80F0CA
:10445000400908BD00250020012808B505D0022824
:1044600011D0032808D0002008BD0A480EF016FC21
:10447000003018BF012008BD07480FF0D5FB003001
:1044800018BF012008BD05480EF008FC003018BF19
:10449000012008BD642E0020AC2E0020882E0020B4
:1044A0000AB2FF2301B2014811F02ABB042E0020FA
:1044B00070B5FF2A82B005460E4604DC002A144679
:1044C0000ADC002300E0FF230C4832B229B202B01C
:1044D000BDE8704011F014BBFF2A0CD0084803F06F
:1044E000D9FD0128E3B2EFD001210548019303F083
:1044F000DFFC019BE8E71346E6E700BF042E00203F
:10450000F42D00200AB2002301B2014811F0F8BADC
:10451000042E00200AB201B2014811F007BB00BF0F
:10452000042E002001480EF03FB900BF302E0020BD
:10453000C1B2014803F0BCBCF42D002008B502480C
:1045400003F0A8FD08BD00BFF42D002001480CF0C9
:104550007BBC00BFF42D00200146014803F0DABE09
:10456000F42D002010B9034803F040BC014803F0CB
:1045700055BD00BFF42D002030B583B00C4901A813
:104580000CF066FC01A811F099FA044601A811F09C
:104590006FFA0820FFF790FB054610B12146FFF7A0
:1045A000EDFC204611F018FF284603B030BD00BFD7
:1045B000F42D00202DE9F0410668B3F5807F28BF77
:1045C0004FF480730446D6F800800D46002116464D
:1045D0001F46C0474FF496700BF0C8FF227D094B71
:1045E00009481F2A98BF184672B6217D074C01F072
:1045F0001F0141EA075133462A46A04762B6BDE88B
:10460000F08100BF0005005000080050C5220020C6
:1046100008B1436803B9704710B50446084600F076
:1046200027F8626804F108014FF48073BDE8104078
:10463000FFF7C0BF08B1436803B9704770B50446BF
:104640001546084600F014F82B46626804F108018C
:10465000BDE87040FFF7AEBF704700BF01F01EB865
:10466000704700BF704700BF704700BF00F062B9DD
:10467000722866D00CDD972865D014DC762864D0CB
:1046800032DD782855D03ADB792819D13348704784
:104690006A285CD016DD6E285BD020DD70284AD0F9
:1046A00035DC2F4870479B2855D013DD40F2E933A5
:1046B000984238D040F2EA33984226D09C2836D02F
:1046C0000020704766281CD013DD682837D026DC10
:1046D00024487047992828D01BDC234870476C2851
:1046E0002BD01ADC2148704774281AD013DC2048DC
:1046F0007047642807D06528E2D11E4870471E48DD
:1047000070471E4870471E4870471E4870471E4835
:1047100070471E4870471E4870471E4870471E4825
:1047200070471E4870471E4870471E4870471E4815
:1047300070471E4870471E4870471E4870471E4805
:1047400070471E4870471E4870471E4870471E48F5
:1047500070471E4870471E48704700BF482A002017
:104760005829002098280020B02B0020F82800208D
:10477000B829002068280020182A0020802800205E
:1047800050280020682B002088290020E02B0020E2
:10479000E829002028290020C8280020D02900204E
:1047A000502B0020C82B0020102C0020302A002085
:1047B0007029002010290020B0280020A029002006
:1047C000982B0020002A0020E0280020402900200B
:1047D000F82B0020FFF74CBF10B5FFF749FF20B1C1
:1047E0000368BDE810405B68184710BD10B5FFF7BF
:1047F0003FFF20B10368BDE810401B68184710BD9B
:1048000010B5FFF735FF20B10368BDE810405B69C4
:10481000184710BD10B5FFF72BFF20B10368BDE8A6
:104820001040DB68184710BD10B5FFF721FF20B11D
:104830000368BDE810409B6B184710BD10B5FFF72B
:1048400017FF48B103681C694FF4FA62A44640F2AE
:10485000DC53BDE81040604710BD00BF704700BF8B
:1048600010B5FFF705FF20B10368BDE810401B6BD2
:10487000184710BD08B5FFF7FBFE034A034B106055
:1048800000221A6008BD00BFF0390020F439002072
:10489000026870B50D1E0446D66802DD0A4A127819
:1048A0002AB9204633460021BDE87040184752110E
:1048B00001219140B047236804499B6B91FBF5F1BE
:1048C0002046BDE8704018472623002040420F00D4
:1048D000114B124A1B78FF2808DC002812DB1070ED
:1048E00073B198B140110121814003E0FF211170A3
:1048F0003BB180210A4B186810B10A4B1B783BB1C1
:104900007047704700211170002BF9D00021F1E7AA
:104910000368DB68184700BF63440020262300209B
:10492000F039002064440020014B1878704700BF24
:104930002623002070B50E4D2B680C46ABB10D4EF2
:1049400001462246184601233370FFF7A1FF002CD1
:104950000ADD20460BF088FA286818B103680021A8
:10496000DB6898470023337070BD034B2B60E6E78C
:10497000F0390020634400205038002010B559B1B0
:1049800001290CBF02210021FFF772FE48B1036824
:10499000BDE810405B6C18470121FFF769FE002855
:1049A000F5D110BD10B5FFF763FE0368BDE81040F8
:1049B0005B6D184701460020FDF7E6BB704700BF5E
:1049C00070B50C4D2C6882B014B1204602B070BD99
:1049D0002C2020F018FA084B002603F1180203F1EE
:1049E00030010096044613F023FF20462C6002B0ED
:1049F00070BD00BFEC3900208829002010B50446A6
:104A0000FFF7DEFF036821461B69BDE81040184729
:104A100070B50C4682B0F0B1054639B16A6863687A
:104A20009A4203D040F28D30FCF7EAFDFFF7C8FF51
:104A300003686A685E6905F1080134B1154604F13E
:104A400008030095B04702B070BD25462346009587
:104A5000B04702B070BD39B1FFF7B2FF03686568B7
:104A60005E6900210A46EAE740F28D30FCF7C8FD96
:104A7000F2E700BF10B50446FFF7A2FF0368214626
:104A80009B68BDE81040184770B505460C46FFF717
:104A900097FF03682A462146DB68BDE87040184747
:104AA0002DE9F043134C236883B007460E461546A4
:104AB0002BB11A681846136A9847002323603846BA
:104AC000FFF7D6FD07463046FFF7D2FD8046284661
:104AD000FFF7CEFD81462C2020F095F900264B46AD
:104AE000424639460096054613F0A2FE256003B003
:104AF000BDE8F083EC39002070B50446FFF7B8FD3F
:104B000068B103680D46164603215B6D984732462F
:104B1000294620461023BDE87040FDF717BA70BD46
:104B2000014B9868704700BF4839002008B5FFF76F
:104B30009FFD78B1C38804290CBF43F4807323F42C
:104B40008073C380036811461B6D9847024B9842DF
:104B500000D008BD002008BD11FCFFFF30B583B0B8
:104B60000446FFF785FD90F914503C2020F04BF9E6
:104B7000032300932946A2B2012308F089FC03B065
:104B800030BD00BF10B5FFF773FD074C014620464E
:104B900000F000FF054B1978204681F00101BDE8C7
:104BA000104000F04BBE00BF482F0020644400209E
:104BB0000146034B034881F001021A7000F03EBE2B
:104BC00064440020482F0020F0B5044683B0002044
:104BD00017460E46FDF7D8FA6100054600F10802B7
:104BE00089B200973346034812F006FC284603B00A
:104BF000F0BD00BFFC2C002010B582B00C46400078
:104C00004B68009281B204F10802024812F090FB56
:104C100002B010BDFC2C00200023C0E90133704716
:104C2000704700BF0023C0E90133C0E90333704778
:104C3000704700BF2DE9F047C4888C4205460E46F8
:104C40002FD24FEA8408D0F80090002C39D03F2CA6
:104C500035DDB4F5007F3DDB04F580774FF6FE725D
:104C60004FF6FF73974288BF1F46B742B8BF37461B
:104C7000B8000BF023FB82461CB14246494620F0A7
:104C8000F9F83A1B920000210AEB080020F016F90F
:104C900048460BF039FBC5F800A0EF80AE80BDE8B8
:104CA000F08782889142F9D20068521A00EB8100A5
:104CB0009200002120F002F9AE80BDE8F087670085
:104CC000D3E704290F46B8BF0427B8000BF0F6FA63
:104CD0008246D6E7034B08EB0407A3FB07377F08A0
:104CE000C3E700BFABAAAAAA704700BF704700BFC6
:104CF000704700BF704700BF704700BF0B6823F0CC
:104D0000010370B51B89042B0C46054602D13DB941
:104D1000204670BD40F28530FCF772FC002DF7D0C4
:104D2000E81C8000FEF7C8FF064608B1074B036089
:104D3000A368B360AAB2B5809200002106F10C000E
:104D4000344620F0BBF8204670BD00BFBC5A0400BA
:104D500038B502690A4B9A42054603D04FF4627097
:104D6000FCF74EFC2888FEF7A7FF044600B105605B
:104D70002A880021043A201D20F0A0F8204638BDE2
:104D8000ED4C0200036823F001031B69184700BFC4
:104D9000036823F001031B69184700BF704700BF79
:104DA0004FF6FE7399420AD883888B4270B5054648
:104DB00016460C4604D92B6843F8246070BD704732
:104DC0000131FFF737FF2B6843F8246070BD00BF47
:104DD00083884BB1013B9BB202688380002152F86B
:104DE000230042F82310704718467047C38870B5F7
:104DF0004BB33F2B0FDDB3F5007F2CDB03F5807445
:104E00004FF6FE72944223D8A4B28C4238BF0C46AF
:104E1000A34207D370BD5C00A4B28C4238BF0C46DD
:104E2000A342F7D20546A000FEF7E0FFEB88064656
:104E3000E3B9E21A920006EB8300002120F03EF86D
:104E40002E60EC8070BD042938BF04210C46E7E7D2
:104E50004FF6FF74E4E7084A03EB8304A2FB042443
:104E6000C4F34F048C4238BF0C46D9E79A00296836
:104E700020F000F8EB88DCE7ABAAAAAA30B5C3881B
:104E80008B4283B005460C4609D9036843F82120BC
:104E9000AB889C4224BF0134AC8003B030BD4FF6D8
:104EA000FE739942F9D8013189B20192FFF79EFF52
:104EB0002B68019A43F82420EAE700BF38B5C3887D
:104EC0008B4204468DB201D2AB4201D9A58038BDD8
:104ED0002946FFF78BFFA58038BD00BF83884BB103
:104EE000013B9BB202688380002152F8230042F804
:104EF0002310704718467047F8B583888B421DD938
:104F000005684A1C8F009342044655F8216005EB62
:104F1000070007D8013B9BB20022A38045F823205D
:104F20003046F8BD5A1A02F18042013A391D29442F
:104F300092001FF0AAFFA3882568EBE70026EFE7A1
:104F400083888B421CD970B50E461546591CC28801
:104F500089B28A4204460FD9701C216880009B1BCD
:104F6000061F9A00084431441FF08FFFA38822686F
:104F700001339551A38070BDFFF738FFA388EBE79D
:104F8000FFF77CBF024A02600022C0E9012270479D
:104F90004C5B0400024A026000224260704700BF7E
:104FA0001C5B0400034A02600022C0E90122C0E940
:104FB00003227047EC5A04002DE9F0410689456848
:104FC0001EB32B68994224D02A46002003E052F8F1
:104FD000044F8C4217D00130B042F8D1B1F80480B0
:104FE0008F1D002404E00134A6420ED055F8043F82
:104FF0009A889045F7D1991D424638461FF02BFFFD
:105000000028F0D12046BDE8F0814FF0FF30BDE828
:10501000F0810020F7E700BF704700BFFCF7F0BA4F
:10502000014B1B6818697047FC390020014B1B6855
:1050300098697047FC390020014B1B68188C704739
:10504000FC390020014B1B68D86B7047FC390020ED
:105050000268F8B544F210239A4200D0FEE7436894
:10506000194A1968194F91423B6014D00646188CB2
:10507000174D8000FEF7CCFE3B6828601A8C00219B
:1050800092001FF01BFF3C68124B226829689A426D
:105090000D6006D0FEE740F29F30BDE8F840FCF717
:1050A000AFBAB36822699A42F4D1FCF7F7FA3A68CA
:1050B0000023156B04F140001A461946A847BDE8C5
:1050C000F840FCF7BFBA00BF718E3B92FC3900205C
:1050D000F8390020708E3B920148FFF7B9BF00BF3E
:1050E000A051040048B110F0030207D1036823F077
:1050F0000103D978F92903D0104670470020704782
:105100001889A0F10600B0FA80F04009704700BF8E
:1051100070B505460C20FEF7CFFD044620B1154BB7
:1051200003600023C0E901333DB1AB0705D12B6813
:1051300023F00103DA78F92A01D0204670BD0E4A27
:105140009342FAD12E89002EF7D02046FEF7B8FE02
:1051500063899E4203D93146201DFFF747FEB20006
:105160006968268160681FF085FE2046FEF7B6FE5E
:10517000204670BD4C5B0400EC5A040038B50D4667
:10518000044608B1830714D040F29B30FCF738FA8C
:1051900029462046FFF710FF051E08DB2946201D83
:1051A000FFF7AAFE294604F10C00FFF7A5FE4220F6
:1051B00038BD036823F00103DA78F92AE4D1024A02
:1051C0009342E5D0E0E700BFEC5A0400704700BF0F
:1051D000DFF8D8C02DE9F043C0F3072E044603FBE7
:1051E0000EFE304E30488CFB0E87C4F307454FEA65
:1051F000EE7ECEEB671E03FB05F5C1F30729C1F375
:105200000748C9B203FB01F786F800E0E4B28CFB63
:1052100005E1ED1703FB04F4C5EB611575708CFB1C
:105220000415E41703FB09F9C4EB6515C2F3072E57
:10523000C2F30744D2B203FB08F803FB0EFE03FBE4
:1052400004F403FB02F38CFB09214FEAE972C2EB81
:105250006112B570F2704FEAE8758CFB0812C5EB6D
:1052600062158CFB0712FF17C7EB62178CFB0E123F
:105270004FEAEE7ECEEB621E8CFB04128CFB03C168
:10528000E417DB17C4EB6214C3EB611335713146CD
:10529000777186F806E0F47133720922BDE8F043B5
:1052A00014F07CBA003A0020982B00201F85EB51A7
:1052B0000022114610461423FFF78ABF024601461A
:1052C0001423FFF785BF00BF10B5104882B00CF063
:1052D000E7FC90B10246002301A80C490CF082FCC7
:1052E0000198B0F902100430FCF74CFF044601A805
:1052F00010F044FF204602B010BD01460448FCF700
:1053000041FF0446204602B010BD00BF7C2C0020A7
:10531000486A040030B5034683B00E4CB0F904204F
:105320000D4601A8991D10F0A1FF01A900222046F9
:105330000CF03EFA01A810F021FF2A4610230121AB
:105340000C20FCF703FE204600210CF0B9FB03B053
:1053500030BD00BF7C2C002098B100B5014683B061
:10536000B1F9042001A8063110F080FF01A9022242
:1053700004480CF073F901A810F000FF03B05DF8C9
:1053800004FB70477C2C0020014628B1426803488A
:10539000022308310CF038B9704700BF7C2C002084
:1053A000F8B5051E21DD022729460020FCF7ECFE9A
:1053B000044600F10806FEF783FD3B46314662686D
:1053C0000D480CF099FB854209D001463046FCF7A8
:1053D000DBFE05462046FEF781FD2846F8BD204647
:1053E0002546FEF77BFD2846F8BD03480CF058FC27
:1053F00000270546D8E700BF7C2C002070B50D467D
:1054000014460646FFF734F990B12846FFF730F905
:1054100070B13046FFF72CF906462846FFF728F909
:105420003146024605480CF031F9054B01221A704D
:1054300021460248BDE870400CF01AB97C2C0020CF
:105440006544002038B50C460546FFF711F9A0B1B8
:105450002046FFF70DF980B1094B012228461A704A
:10546000FFF706F905462046FFF702F929460246EE
:10547000BDE8384003480CF009B96FF47A7038BDC4
:10548000654400207C2C0020014601480CF0F0B857
:105490007C2C002038B5094A094B02F58A74204655
:1054A000A2F1180100251D700CF0F0F820464FF411
:1054B000E131BDE838400CF0DBB800BF682B0020BC
:1054C00065440020014601480CF0B6BB7C2C00204E
:1054D000014601480CF0CABB7C2C0020024B1B7813
:1054E00003B1704708F05EBA65440020024B1B7898
:1054F00003B1704708F056BA6544002010B582B079
:10550000B0F90420811D684610F0B0FE6A460223FF
:1055100001A809490CF062F90198B0F902100430B1
:10552000FCF730FE044601A810F028FE684610F093
:1055300025FE204602B010BD7C2C002000B5831D46
:1055400083B0B0F9042069B9194601A810F08EFEA5
:1055500001A90C4803F0C6FC01A810F00FFE03B02F
:105560005DF804FB194601A810F080FE01A9012294
:10557000044803F01FFD01A810F000FE03B05DF821
:1055800004FB00BF4C380020014803F045BA00BFBF
:105590004C38002070B50E46FDF7CCF90446304675
:1055A0000D46FDF7C7F902460B46204629461CF07A
:1055B000EFF8BDE87040FCF715BF00BF08B5FDF778
:1055C000B9F91BF087FEBDE80840FCF70BBF00BF30
:1055D00008B5FDF7AFF91BF039FEBDE80840FCF750
:1055E00001BF00BF08B5FDF7A5F91BF0E3FDBDE85D
:1055F0000840FCF7F7BE00BF08B5FDF79BF9F7F7C9
:1056000037FBBDE80840FCF7EDBE00BF08B5FDF76D
:1056100091F91CF06BF8BDE80840FCF7E3BE00BF51
:1056200008B5FDF787F91BF0B9FFBDE80840FCF7A6
:10563000D9BE00BF08B5FDF77DF91CF0DBFABDE867
:105640000840FCF7CFBE00BF08B5FBF7E3FFFFF74C
:1056500043FD002008BD00BF034A044B106802212F
:1056600001221A700FF06ABCA037002066440020A7
:10567000094B1B7870B505460C4653B1022D2246E6
:105680000CBF0221012110231520BDE87040FCF75A
:105690005DBCFFF7E1FFF1E76644002008B5094B68
:1056A0001B780BB9FFF7D8FF074B4FF0FF31186895
:1056B0000FF034FB07EE900AFDEEE77A17EE900A42
:1056C00008BD00BF66440020A037002010B5114B74
:1056D00082B01B78019104467BB10F4B186890B1E2
:1056E000DDED017AF8EEE77A022C17EE901A0CD075
:1056F00002B0BDE810400FF0EFBBFFF7ADFF064B67
:1057000018680028ECD102B010BD02B0BDE810400E
:105710000FF0B0BB66440020A0370020704700BFE8
:10572000704700BF024B1B6803EB4000704700BF8F
:10573000FC390020704700BF704700BF704700BFB2
:105740000048704716FCFFFF704700BF10B50446C5
:10575000D0F8FC08036801211B6898470121D4F8A0
:10576000FC0812F013FED4F84818D4F8F40811F02D
:1057700035FAD4F8F818D4F8F408002211F0F2F948
:10578000012110F0FFFE012384F8703810BD00BF26
:1057900038B50446D0F8FC0803680025294684F88B
:1057A00070581B6898472946D4F8FC08BDE8384073
:1057B00012F0ECBD10B50446D0F8480810F0C4FE55
:1057C00010B194F870386BB1D4F8480810F0BCFEF2
:1057D00010B994F8703803B910BD2046BDE81040E8
:1057E000FFF7D6BF2046FFF7B1FFEDE7FF2906D848
:1057F00008B58900083002F0ADF9002008BD6FF44B
:105800007A70704708B5083002F0BAF90028B8BFBE
:105810000330801008BD00BFD0F8F03880F872184F
:105820005BB1D0F8782819B91146184612F006B9BC
:1058300011461846012212F0D5B87047D0F8F0385A
:1058400080F873185BB1D0F8742819B9114618465E
:1058500012F0F4B811461846002212F0C3B870478F
:1058600070B5044682B038201FF0CDFA04F1080567
:1058700013232A46064600931849194B11F0D0FE0F
:105880000021C4F8F068304611F0B2FFD4F8F008F7
:1058900011F07EFE81B2284602F082F94FF40041F9
:1058A000284602F087F994F872182046FFF7B4FFF3
:1058B00094F873182046FFF7C1FFD4F8EC380BB109
:1058C00002B070BD284640F2FF33002204F67C018E
:1058D00002F0FEF8C4F8EC0802B070BD00100240FF
:1058E00000442C47044B186810B1D0F8F03803B1CD
:1058F0007047FFF7B5BF00BF0C3A002010B5044653
:1059000089B3D0F8F03823B3C388214A43F00103A8
:105910000221C380C2F88410BFF34F8FBFF36F8F93
:10592000D0F8F00812F058F8D4F87818D4F8F00845
:1059300012F084F8D4F87418D4F8F00812F07EF855
:10594000D4F8F00810B103689B6998470023C4F8A5
:10595000F03894F87038DBB284F871382046FFF7DD
:1059600017FF002010BDC388DA0705D5D0F8F0284E
:1059700023F00103C38042B194F87138002BF0D0BA
:105980002046FFF7E3FE002010BDFFF769FFF3E7B5
:1059900000E100E070B50446D0F8F00894F87358C0
:1059A000002384F873380E4618B1D4F8741812F036
:1059B00045F8C4F8746829462046BDE87040FFF7F2
:1059C0003DBF00BF70B500F108040CF021FC064695
:1059D000204602F013F90546204602F015F96DB194
:1059E00005F5B5550C35B5420CD830B100F5B250BF
:1059F0000830B0428CBF0020012070BD003018BFBD
:105A0000012070BD012070BD70B50446D0F8F008CB
:105A10001B4B236048B1D4F8781812F00FF8D4F873
:105A20007418D4F8F00812F009F8164BC4F80839C5
:105A300003F18402A833C4F82029C4F82839124E8F
:105A4000002504F6381010F007FB04F51260C4F8C6
:105A50002069A4F8265909F059FE04F6041002F052
:105A6000A9FF04F67C0002F09DFC04F1080001F09F
:105A70000BFE20462660E58009F048FE204670BDFA
:105A8000845B040074670400F46F040010B50446DE
:105A9000FFF7BAFF20461FF0AFF9204610BD00BF48
:105AA0002DE9F04F654D056085B00025064645603F
:105AB00004468B4692461F46DDF8389009F0B6FD45
:105AC0005F4B46F8083B40F2FF3203235D49304606
:105AD00001F094FD04F67C08012284F8705884F8E3
:105AE000722884F8732840F6C2314AF64442C4F85A
:105AF00074B8C4F878A884F87158404602F08AFC5B
:105B00000F9BC4F8FC384146C4F8EC58C4F8F05870
:105B1000C4F8F478C4F8F89804F6041002F048FFCA
:105B200031462B2204F6081003F0F8FC464A1168AF
:105B3000002900F08180E288DFF824A142F40052BD
:105B40004046E280012102F029FF49460022384602
:105B500011F008F803683D495B6AC4F848089847A3
:105B600000220721D4F84808DFF8E09010F0F0FC9C
:105B70002046FFF7EBFD09F049FD074644201FF0E2
:105B800042F9D4F848183A4605461C3104F507682E
:105B90000FF008FE41462846C4F854580FF058FC50
:105BA000D4F8540803685B69984707464C201FF0F7
:105BB0002AF90A2202233946CDE90032244A012378
:105BC00005460FF07DFBD4F85408C4F84C58036820
:105BD0005B699847074660201FF015F91D4A01923E
:105BE000152202924FF08342394605461A4B009225
:105BF0001A4A0FF047F8C4F8585844201FF003F928
:105C0000D4F84C1807462C3125220FF0CBFD04F5B3
:105C10000665C4F8507854201FF0F5F8534607463F
:105C20004A46314602F088FB45F8047B4545F2D1EF
:105C3000204605B0BDE8F08F14607CE7F46F0400E7
:105C4000845B040000442C470C3A002000E02B4603
:105C50000AD7A33D00000C42000082420000AA4285
:105C600000007F4300487047BC5B0400BFF34F8FC8
:105C70000549064BCA6802F4E0621343CB60BFF3E8
:105C80004F8F00BFFDE700BF00ED00E00400FA0504
:105C900012DF7047704700BF08460AF069BC00BFBA
:105CA00013F016BD08460AF05FBC00BF13F01EBD1E
:105CB000024A034901601060704700BF1C3A00208F
:105CC000E45B040030B583B002AB002103F8011D92
:105CD00005461846FFF7DCFF9DF80730012B1BD067
:105CE000134A1448012313600424C2F80011D2F8A7
:105CF0000031002BFBD0D2F80835013C43EA0020EC
:105D0000F3D1012353602B680B4A9B69934209D15D
:105D10000AF02EFC03B030BD2B68074A9B6905488A
:105D20009342F5D001462846984703B030BD00BFE6
:105D300000D00040ED5EBC0B995C0200034B1B6879
:105D40000BB10AF017BC1846704700BF1C3A002080
:105D50004FF08053586E704770B4174E174C0FCEEB
:105D600089B001AD0FC596E8070003C5002104F80E
:105D7000051F4FF080532A705E6E0520012501EB50
:105D8000810208AB1A44B6FBF0F300FB1363B3FBCC
:105D9000F5F31A44013112F81C2C04F8012D0529E1
:105DA000A6EB030600EB800005EB8505E7D1034871
:105DB00009B070BC704700BFA05B0400103A00201F
:105DC00000B583B002A8002300F8013DFFF760FF93
:105DD0009DF80700A0F10100B0FA80F0400903B07F
:105DE0005DF804FB08B5FFF741FF00BF014B1860E9
:105DF000704700BF183A00202DE9804889B0DFF8CD
:105E00007092079013F05AFC914A9249924D0023E8
:105E1000C1F8103509F10404C2F810354846C2F83B
:105E200014351C21C2F81835C2F81C35C2F82035CB
:105E3000C2F82435C2F828354FF0A043032201F5FB
:105E4000E071844243F8212009D010F8011F1F2976
:105E500086BF01F01F012B464FF0A043EFE77F4BB9
:105E60007D4D1C1D1A464FF0A0411523032003F55C
:105E7000E073944241F8230009D012F8013F1F2B30
:105E800086BF03F01F0329464FF0A041EFE7734898
:105E9000714D15234FF0A041012404FA03F382420F
:105EA000C1F80C3509D010F8013F1F2B86BF03F055
:105EB0001F0329464FF0A041EFE7694B694A1B6871
:105EC00012680693DFF890A10592002303934FF028
:105ED000010B059B002B00F0AF80039A934240F327
:105EE000A98000230493604B01931B244FF0A0482A
:105EF00000230293019B03F1040E029B272B6FDC0E
:105F0000039B49F63F42052B49F6404C40F69F73F0
:105F1000ACBF4FF47A6C1346019E504F49F6404295
:105F2000654604200441E407CC464FF01C010FD520
:105F30001F2943D84FF0A0440BFA01F1C4F80C1507
:105F400080B134781CF8011F01380441E407EFD414
:105F50001F2937D84FF0A0440BFA01F1C4F80815F7
:105F60000028EED15DB139781F2986BF01F01F01ED
:105F700050464FF0A0400BFA01F1C0F8081500217F
:105F800002E00131914212D09942D8F80405F8D1CB
:105F900038781F2886BF00F01F0054464FF0A044F9
:105FA00001310BFA00F09142C4F80C05ECD17645B2
:105FB00007F101070AD016F8014FB2E701F01F01FF
:105FC0005446B9E701F01F015446C5E7029B01336F
:105FD000302B029309D0019B1C78029B272B8FDD6D
:105FE0004FF0FF334FF0000C96E7049B591C042937
:105FF0002AD0012926D0049B012B14BF01230A2398
:106000001A48079A92FBF3F380FB0320DA17C2EBDE
:10601000A00202EB8202A3EB4203303305225BB203
:106020006FF09F0012FB0303069A0491D1180191AF
:10603000D45C5DE7FFF71AFE0B4B0193059B0493BD
:106040001B2453E76423DBE7039B0133039340E7FF
:10605000046000400060004000030050CC5B04007E
:10606000C8200020183A0020C45B040067666666FA
:10607000D45B040008B50846FBF7C2FA08BD00BFB0
:106080004FF0FF30704700BF054B186828B1036818
:10609000044ADB69934202D1704713F017BB1847DB
:1060A0001C3A0020955C0200704700BF0048704712
:1060B00016FCFFFF10B5074B03F1080248330446F6
:1060C000026040F83C3F0CF0B1F9204601F06EFE52
:1060D000204610BD045C0400A0F13C00FFF7EABFBD
:1060E000094B10B503F1080248330446026040F83A
:1060F0003C3F0CF09BF9204601F058FE20461EF074
:106100007BFE204610BD00BF045C0400A0F13C00F3
:10611000FFF7E6BF30B583B001241D460094044666
:1061200001F082FF2A46214604F13C000CF0A8F958
:10613000044B204603F1080248332260E36303B0B6
:1061400030BD00BF045C0400F8B54FF400620646A1
:106150004263044656F8640B03680025DF69314644
:106160000B23B847294684F88B5084F8805084F874
:10617000755084F89050102204F181001DF032FF18
:1061800029466064102204F176001DF02BFF656B38
:106190002368E06405F50065E5631A68676C126BB7
:1061A000184690472844874203D3E56C636CAB42A2
:1061B00001D30020F8BD20680368DB6A9847854258
:1061C000F7D230460E2203491EF045FEB0FA80F0A9
:1061D0004009F8BD685C040010B50446C0E901231D
:1061E0000160042308314FF480720C3007F06AFF1D
:1061F0000022012104F1240009F076FF04F1980047
:1062000010F056F80023C4E91433A3632362236417
:106210006363E3636364A365E36484F85C3084F8D8
:106220005D302366C4F89430204610BD30B5036A53
:10623000DB078DB0044602D4FFF786FF90B12D2214
:10624000002168461EF03AFE2068616B03686A46CA
:106250001D6A0B23A8472068E16C03686A461D6A23
:106260000123A847236A23F0010323620DB030BD48
:1062700038B500F124040546204609F03FFF2846C2
:10628000FFF7D4FF2046BDE8384009F06FBF00BFDC
:1062900010B5044698300FF071FF204610BD00BFC6
:1062A000C1600020704700BF014B1880704700BFDD
:1062B0005444002010B5044B036000230446C380FF
:1062C00009F024FA204610BDF46F040010B5064B07
:1062D000036000230446C38009F018FA20461EF02C
:1062E0008BFD204610BD00BFF46F040082B070B576
:1062F0000C4684B005464968206802AC03C4039983
:1063000008AC481084E80C00CB0745BF2A58029B14
:10631000029CD4580AAB2E1893E803008DE80300C2
:1063200008AB0CCB3046A04704B0BDE8704002B0CB
:10633000704700BF10B5006A84B002680023009364
:10634000146AE0210DF10F02A04704B010BD00BF98
:106350002DE9F843154D05600025044645601F46AC
:1063600089469046BDF8206009F060F91048206029
:10637000C4E90898A7622A4604F12C00012109F01B
:10638000B3FEE388256143F480430020002143F0FD
:1063900004036561A561C4E91001E563A4F84850F0
:1063A000A680E3802046BDE8F88300BFF46F0400B8
:1063B000CC5C0400C3885B0700D47047FFF7BABF0A
:1063C00030B5C3885B0783B004460D4601D5FFF79F
:1063D000B1FF206A2A6801685388002400940C6A7F
:1063E0000432E021A04703B030BD00BF70B50646BF
:1063F000486AD0F83C33B0F842435B6884B000F59B
:106400004F700D469847B0FA80F0C4F3002440095D
:10641000A04215D003A801220C210FF003FEEB8847
:106420005B071DD4286A039A0368002100919C6AC7
:1064300004320C23E021A04740B103A80FF00CFE6A
:1064400030460FF0E9FD304604B070BD03A9304678
:106450000FF0FAFD03A80FF0FFFD304604B070BD49
:106460002846FFF767FFDDE770B50C4682B00646A9
:1064700068460FF0D1FDE38843F00103E380012576
:1064800001200AF071F8214601A8FFF7AFFF01A92A
:1064900068460FF0E9FD01A80FF0DEFD009B5A8869
:1064A000691CE2B11A79202A1DD1E2885B79920633
:1064B00001D5392B1FD0312B11D0022168460FF0A6
:1064C00051FEE38823F00103E380694630460FF074
:1064D000BBFD68460FF0C0FD304602B070BD132D05
:1064E0000CDC0D46CCE7132AE7D059790E4809F0A9
:1064F000C5FFC11CE2E701210D46C1E701220221CF
:1065000001A80FF08FFD019B3822202119715A71CB
:10651000E38823F00103E38001A930460FF094FDE6
:1065200001A80FF099FDD4E77C5C0400F0B5164695
:1065300083B00D461F4604460FF06EFD314601A89C
:106540000FF082FD01A92846FFF73AFF00B92FB9E5
:1065500001A80FF081FD204603B0F0BD01A80FF0A7
:106560007BFD294601A8FFF77FFF01A920460FF018
:106570007BFD01A80FF070FD204603B0F0BD00BF09
:1065800070B582B01646044601220D4668460221C7
:106590000FF048FD20460FF03FFD009B10225E717A
:1065A0001A71694601A80FF04FFD01A92846FFF7AF
:1065B00007FF064601A80FF04FFD56B9294601A86E
:1065C000FFF752FF01A920460FF04EFD01A80FF082
:1065D00043FD68460FF040FD204602B070BD00BF8D
:1065E00030B5CB889B0783B00C46054606D5A0681E
:1065F000A38928602846AB8003B030BD68460FF001
:106600000BFD012201A82146FFF7BAFF01A9684648
:106610000FF02AFD01A80FF01FFD009BB3F8073013
:10662000A381022201A82146FFF7AAFF01A968461B
:106630000FF01AFD01A80FF00FFD009BB3F8073013
:106640002381022B03D1E38843F02003E38003225C
:10665000214601A8FFF794FF01A968460FF004FD49
:1066600001A80FF0F9FC009AA189B2F80720E3888D
:10667000628149F60412914243F0020016BF23F0F2
:10668000040343F0060343F00203E080E38068461E
:106690000FF0E2FCABE700BF70B584B006460C46D5
:1066A00001A8012204210FF0BDFC019A0823012555
:1066B00084F001041221D47111715371957101A9F3
:1066C0000DEB03000FF0C0FC2B46314602AA03A8D5
:1066D000FFF72CFF03A80FF0BFFC02A80FF0BCFCD3
:1066E00001A80FF0B9FC04B070BD00BF70B505463D
:1066F00086B00121FFF7D0FF686A002403A90922B0
:1067000000F55570CDE903448DF8144013F046F8B8
:106710002146012009F00EF86846012204210FF0FD
:1067200081FC009B012408221226072069461E7165
:106730005871DA719C7101A80FF086FC234601AAFA
:10674000294602A8FFF7F2FE02A80FF085FC01A877
:106750000FF082FC0A2009F007FF686A032100F5A8
:106760004F7011F031FE4FF080436846C3F800458A
:106770000FF072FC06B070BDC388DB0700D5704710
:1067800030B50446406AD0F83C33B0F842535B68F9
:1067900083B000F54F709847B0FA80F0C5F300253C
:1067A0004009A84213D068460FF036FC01A82146E4
:1067B000FFF71CFE01A968460FF056FC01A80FF078
:1067C0004BFC009B5A8822B968460FF045FC03B089
:1067D00030BD1A79112AF7D15A79092AF4D19A7958
:1067E000012AF1D1DB79032BEED12046FFF77EFFA2
:1067F000EAE700BFC38870B513F0010403D0114B62
:1068000000221A6070BD0546406AD0F83C33B0F8EB
:1068100042635B6800F54F709847B0FA80F0C6F3AA
:1068200000264009B042EAD0064A13681D2B02DC5C
:106830000133136070BD28461460BDE87040FFF757
:106840009BBF00BF203A0020C38819B923F0010381
:10685000C380704743F00103C380704708B509F057
:106860002DFC003018BF012008BD00BF2DE91848DD
:1068700004460BF0BDFCD4E91023821A61EB03033C
:10688000002B08BFB2F5FA7F06D3E06B0028CCBF1F
:1068900000200120BDE818880020BDE8188800BF4E
:1068A0002DE9F04F8FB0054699469DF8603004936E
:1068B0000C46019190460BF0ABFCAB6A002B00F04C
:1068C0000C8106460F460BF0A3FC82468B467CB13A
:1068D000894508BF8045C0F0FE80B8EB0A0069EB2F
:1068E0000B017F4A00238B4208BF824280F0F38075
:1068F00001212846FFF7D0FE686A002400F5557094
:1069000009220BA9CDE90B448DF8344012F046FF63
:10691000049BA3420CBF01200220214608F00AFF7D
:1069200008A80BF047FDCDE90201A86A4269036897
:10693000D2F848150591D2F804130691D2F8041341
:10694000DB69C2F80813C2680792664A934240F0B6
:10695000BA80654BC360DFF8A4A10023AAF8003019
:10696000049B002B00F09C80686A032100F54F70A7
:1069700011F02AFD5D4B40221A60A86A089A03684C
:106980000221DB6B9847A86A03689B6A9847DDE998
:106990000223B8F10D0049F1FF31921B63EB0703AD
:1069A000801B61EB070192185B41801A61EB0301C8
:1069B000089C002600278046894628E04F4508BFEE
:1069C000464529D2B8EB060269EB07034848002187
:1069D000994208BF904200D20246A86A0368022189
:1069E0002244DB6B984730BFA86A03689B6C9847CA
:1069F000041B3619834647F100070BF009FCBAF86F
:106A000000309BB200213BB1AAF800105C46019B0C
:106A1000002BD3D1364AE0E7686A002100F54F70B9
:106A200011F0D2FC0499002933D0A86A03681B6BCB
:106A30009847A86A43690268D3F80413D269C3F877
:106A4000081328498A4241D1079AC260059AC3F8BF
:106A5000482500220023194610460BF0BBFCAB6A08
:106A6000049A5B69002A069AC3F804230CBF03202A
:106A70000420002108F05EFE00212846FFF70CFEEE
:106A80000BF0B6FBC5E91001002318460FB0BDE8B6
:106A9000F08F199B002BC8D0184611F095FCC4E765
:106AA000199B002B3FF460AF1B6819985B689847EF
:106AB000199B1998DB8813F4807F0CBF03210221F6
:106AC00011F082FC50E70849984744E7079990473E
:106AD000AB6A5B69BAE7074BD7E7074BD5E700BF5F
:106AE0009F860100A1620200A962020000E100E0AD
:106AF000BFBDF0FF09FCFFFF16FCFFFF5444002060
:106B000070B584B004AB0024002563E90245064655
:106B100018460BF077FC002501240146DDE902232D
:106B20003046CDE90045FFF7BBFE04B070BD00BFA5
:106B30002DE9F041044682B00E46154610309846C5
:106B4000BDF828700EF05AFF2680658018201EF0D0
:106B50005AF908AB054693E803006A4682E8030049
:106B60002E4603CA46F80C8B0023084AEB6047F018
:106B70000207736068602046A780A560E360C4E9EF
:106B80000833A9606A6102B0BDE8F081ED620200DD
:106B900010B5104B1C6890B0CCB10F4A0492002283
:106BA000059204AA034692E8030010228DE8030030
:106BB000029240F2FF31052206A8FFF7B9FF2368D1
:106BC00006A99B682046984706A809F001FC10B06A
:106BD00010BD00BF3C3C00201D6C020038B50446CF
:106BE000002009F073FA2046FFF7D2FF2046FFF796
:106BF00087FF054604F12C0009F0CCFA284638BD81
:106C000010B504462C3009F0C5FA002009F05EFAF0
:106C10002046BDE81040FFF7BBBF00BF82B08DE843
:106C20000C00BDF8002040F2FF339A4201D002B0C0
:106C30007047BDF80230052BF9D102B0FFF7E0BF75
:106C40004CDF704710B5044B036000230446C3803B
:106C500008F05CFD204610BDF46F040010B5064B33
:106C6000036000230446C38008F050FD20461EF058
:106C7000C3F8204610BD00BFF46F040070B5094B87
:106C800003600025044645600E4608F0CFFC4FF433
:106C90007A73054A2561E360A680A56022602046DC
:106CA00070BD00BFF46F0400F05C040010B5C38831
:106CB00043F48043C38086B004460BF099FAA2687F
:106CC0000023994208BF904202D2002006B010BDB6
:106CD00000230193FFF774F808BB134B01221A60DD
:106CE000D3F80021002AFBD00022C3F80021D3F8FA
:106CF0000825019201215960002AB8BF0332921081
:106D000022820BF075FAE368A18818440123A06081
:106D10001A4602A80EF052FE002006B010BD01A8CF
:106D2000FFF78EFF019AE7E700C0004010B5044668
:106D3000FFF7BCFFB4F91000B4F91230C01A10BD4F
:106D4000FFF7B4BF38B504460D46FFF7AFFFE56067
:106D500038BD00BFC0687047002070470368DB6A19
:106D6000184700BFA0F10800FFF7F8BF094B10B5A6
:106D700003F10802483304460260836018300FF0C4
:106D8000FDF9054B236000232046E38008F0BEFC9C
:106D9000204610BD545D0400F46F04000B4B03F15A
:106DA0000802483310B504460260836018300FF0C3
:106DB000E5F9074B23600023E380204608F0A6FC9A
:106DC00020461EF019F8204610BD00BF545D040097
:106DD000F46F0400002070472DE9F041104D05606C
:106DE00000254560044617461E468846BDF81850E3
:106DF00008F01CFC0B48C4F80C8000F10801483076
:106E0000A060C4E90476216004F118000FF050FA84
:106E100040221823A580A262E3802046BDE8F081CD
:106E2000F46F0400545D04002DE9F04F032B85B08E
:106E300082460D461746194603A8B8BF0321012212
:106E40009B460FF0EFF84FF014094FF000080121B6
:106E50006869FFF7F9FCE8683A6801685388CDF87B
:106E600000800C6A0432E421A047064600285ED167
:106E70003B681B790C2B38D1EB8813F0400F14BF03
:106E80006420142008F0F0FF2869D0F83C33B0F8F3
:106E900042435B6800F54F709847B0FA80F0C4F346
:106EA00000244009A04224D0002211464FF0FF33B5
:106EB00003A80FF0FFF8E868039A01685388CDF83B
:106EC00000808C6A0432E421A0470646B8B9039AD0
:106ED0003968137909798B4230D0E888800619D552
:106EE000202B0CD15379392B09D1012008F0BCFF9C
:106EF000CAE70136012008F0B7FF142EC4D1B9F15A
:106F00000109A4D168694946FFF79EFC50460FF07D
:106F100083F81FE0002BE8D0202BF0D15379994261
:106F2000E3D0002BE1D0B9F1010990D1EAE70120CB
:106F300008F09AFFB9F1010989D1E3E701466869D0
:106F4000FFF782FC594603A80FF00CF903A950463D
:106F50000FF07AF803A80FF07FF8504605B0BDE8AF
:106F6000F08F00BF2DE9F0410D4684B00646486918
:106F700098461746FFF71EFAEB88DB0611D403ACE0
:106F8000394620460FF060F84346224629463046EF
:106F9000FFF74AFF20460FF05FF8304604B0BDE827
:106FA000F0810122114601A80FF03CF83A68019BDC
:106FB0001279032A0CBF062203221A7101A902A822
:106FC0000FF042F803210A4809F058FA03AC0346CF
:106FD00002AA29462046FFF727FF20460FF03CF87B
:106FE00002A80FF039F801A80FF036F8C8E700BF83
:106FF0000C5D0400F0B585B0044616460F4601222C
:10700000082101A81D460FF00DF820460FF004F8E6
:1070100046F02060019E07F08FFDAD0070602846AD
:1070200007F08AFD01A9B06002A80FF00DF805F184
:10703000080302AA394603A8FFF794FF03A92046D4
:107040000FF012F803A80FF007F802A80FF004F8E9
:1070500023685B88082B0FD803A80EF0DDFF03A977
:1070600020460FF001F803A80EF0F6FF01A80EF07D
:10707000F3FF204605B0F0BD002220464FF0FF335D
:1070800008210FF031F823685988204608390FF09D
:1070900069F801A80EF0E0FF204605B0F0BD00BF82
:1070A00030B583B00C46014601A81D46FFF7A2FF8C
:1070B00001994B885BB12046AA0004311DF0DAFE2D
:1070C000002401A80EF0C8FF204603B030BD014CDB
:1070D000F7E700BF0CFCFFFFA0F10800FFF7E0BFDF
:1070E0002DE9F04F804685B068464FEA83090D468A
:1070F00093460EF091FFD8F828104945A8BF49469D
:107100000831012201A80EF08DFF09EB050A01A844
:107110004FF0FF330022FF210EF0CCFF55453DD24A
:10712000002601E0AA4539D9D8F82830019FA9EBFB
:1071300006049C4245F03060A8BF1C4607F0FCFCEA
:107140007860204607F0F8FC26F003012246B8607C
:10715000594407F10C001DF08DFE04F1080101A84F
:107160000FF000F801A902A80EF06EFF092302AA91
:10717000414603A8FFF7F6FE03A968460EF074FF28
:1071800003A80EF069FF02A80EF066FF009B5B8863
:1071900025442644002BC5D1064C00E0002401A85C
:1071A0000EF05AFF68460EF057FF204605B0BDE8C6
:1071B000F08F00BF0EFCFFFFA0F10800FFF790BFAB
:1071C00070B5154682B0012204460E466846114647
:1071D0000EF028FF009B69461D7101A80EF034FFD8
:1071E0002946094809F04AF901AA034631462046D2
:1071F000FFF7B8FE01A80EF02FFF68460EF02CFF37
:10720000204602B070BD00BF0C5D040010B5C388FD
:107210009B0784B0044609D5636A00209AB262F3E2
:107220000F001B0C63F31F4004B010BD01A80EF04B
:10723000F3FE072202A82146FFF7C2FF02A901A818
:107240000EF012FF02A80EF007FF019B5A88B2B998
:107250000622214602A8FFF7B3FF02A901A80EF0FB
:1072600003FF02A80EF0F8FE019B5A881AB901A884
:107270000EF0F2FED0E75B7984F82630F7E7B3F83A
:10728000050007F06BFC0622A084214602A8FFF748
:1072900097FF02A901A80EF0E7FE02A80EF0DCFE9F
:1072A000019B5A88002AE2D05B79A28C84F82630B0
:1072B00002FB03F3B3F5F83F05DD4FF4F83393FB1E
:1072C000F2F284F8262002A86169FFF789F9BDF877
:1072D0000830012BE38814D023F0100343F0280377
:1072E0004022E380A262BDF80C2002F5CD427B3241
:1072F00092B2012A98BF43F0400343F00203E380B7
:10730000B5E7402243F01803E380A262EBE700BF39
:107310002DE9F04788B006460D46174608210122A0
:1073200001A80EF07FFE02A80EF076FE03A80EF074
:1073300073FE04A80EF070FE3046FFF767FFB48CB2
:1073400096F826300590B90001EB050904FB03F31C
:10735000994500F2D680B9FBF4F7B5FBF4F304FBD2
:1073600007F7B9EB070204FB03FA08BF3F1B5545BB
:1073700000F0C180A21A04FB1353B2FBF4F104FB2A
:107380001124002B40F08F80002C7DD1F3881B0747
:107390003ED5BA455ED8544607AD03E0B38C1C44D5
:1073A000BC4257D844F04060DDF8048007F0C4FBCD
:1073B000C8F80400204607F0BFFB01A9C8F8080080
:1073C00006A80EF041FE012306AA31462846FFF723
:1073D000C9FD294602A80EF047FE28460EF03CFEE5
:1073E00006A80EF039FE029B5B88002BD6D1464CD6
:1073F00004A80EF031FE03A80EF02EFE02A80EF037
:107400002BFE01A80EF028FE204608B0BDE8F0874C
:107410004AF04060019C07F08FFB6060384607F03F
:107420008BFB01A9A06006A80EF00EFE012306AAA0
:1074300007A83146FFF796FD07A902A80EF014FE33
:1074400007A80EF009FE06A80EF006FE029B5B8858
:10745000002BCCD0039B5B88002B36D1049B5C882F
:10746000002CC5D004A907A80EF0EEFD079A3168DC
:1074700053880C6A9B08494604323046A04707A847
:107480000EF0EAFD0024B3E707ADA30828464A46FC
:107490003146FFF7AFFD294604A80EF0E5FD28466A
:1074A0000EF0DAFD72E707AD9B08284652463146DA
:1074B000FFF7A0FD294603A80EF0D6FD28460EF0E2
:1074C000CBFD002C3FF462AFDEE703A907A80EF066
:1074D000BBFD079A316853880C6A9B0851460432F9
:1074E0003046A04707A80EF0B7FD049B5C88002C2F
:1074F0003FF47EAFB6E7601B384488427FF43AAF72
:1075000044E76FF47A7473E70EFCFFFF30B504466E
:1075100083B00D46FFF77AFEA28C294692082046DA
:1075200003B0BDE83040FFF7F3BE00BFA0F1080094
:10753000FFF7ECBF10B5044682B0FFF767FEA38CDF
:1075400094F8260000FB03F002B010BDA0F1080083
:10755000FFF7F0BF10B5044682B0FFF757FEA08CCE
:1075600002B010BDA0F10800FFF7F4BF02460020F2
:10757000D3680133D36070470B68C1601B6808464D
:10758000184700BFC068003018BF0120704700BF17
:10759000D0F81808704700BFCB1E012B05D94B1E31
:1075A000012B02D96FF47A7070474B1C03EBD37335
:1075B0005B10C0F81818C0F81C380020704700BFD6
:1075C00000F614000068704710B5044B044640F8FC
:1075D000083B0EF041FD204610BD00BFC05D040019
:1075E00010B5054B044640F8083B0EF035FD20462B
:1075F0001DF002FC204610BDC05D0400F0B4214C1B
:1076000004600226032400F50265C0F81848C0F89B
:107610001C6800244FF07E56C0E902442E6000F63C
:1076200028054FF0000CC0F824480127C5F800C019
:1076300000F503660024002580F82C78C6E9004593
:10764000DE1E00F63807012EC7E9004510D95C1E82
:10765000012C0DD992B207EE902A00F61402F8EE32
:10766000677A00F501631160F0BCC3ED007A7047E2
:107670005C1C04EBD4746410C0F81838C0F81C48C3
:10768000E8E700BFD45D0400F8B5104B104E114F71
:1076900003600546AC68A4B16068E26B0368AA6049
:1076A000DB68984723689B68B34220460BD140F8BB
:1076B000087B0EF0D1FC20461DF09EFBAC68002C30
:1076C000EAD12846F8BD9847E4E700BFD45D04003E
:1076D000E1750200C05D040038B54B684FF07E5282
:1076E0000A631A6805460C461846126905F6140521
:1076F000904795ED006A9FED117AD4ED067AD4EDAE
:10770000075A6063C7EE276A431C03EBD37320F06C
:1077100002005B100128A36385EE867AC4ED096A36
:1077200084ED0A7A02D00023236238BDBEEE007ACF
:1077300067EE877AC4ED087A38BD00BF00C07F4489
:107740002DE9F04F2DED048B8DB00C460291059084
:107750000AF05EFDA468CDE90601002C00F09781D7
:10776000029B4FF40072D3F81C3892FBF3F2029B99
:10777000002A03F11003049306DD002103EB8202CB
:1077800043F8041B9A42FBD1CC4EDFEDCD8A012594
:10779000A346DBF83470DBF83C30039347B9594615
:1077A0000298FFF799FFDBF83470002F00F0A180FA
:1077B000029BDBED0A7AD3F81C284FF4007AF5EE31
:1077C000407A9AFBF2FA0AF1040A03EB8A02F1EE1C
:1077D00010FA019209D103F6140292ED007ADBED62
:1077E000076AC6EE877ACBED0A7A019B1946049B9D
:1077F00099427ED99946DBF80820DBF83830528868
:1078000092FBF3F207EE102ADBED0B7ADBED0A6A4E
:10781000019AB8EEC77AA2EB090437EE677AA41092
:1078200087EE268ABDEEC88A18EE108AA045A8BF4A
:10783000A046B8F1000F34D04546CA4607EE103ACC
:1078400001E09BED0E7ADBF8102056F82730B8EEF9
:10785000C77A67EE277AFDEEE77A17EE900A1044B2
:10786000984706EE900ADBED087A9BED097A9AEDCF
:10787000006ADBED0C5AF8EEE66A013D76EEA77A77
:1078800067EE877AA5EEA76AAAEC016A9BED0B7AF0
:10789000DBED0A7A77EE277ACBED0B7AD1D109EBC3
:1078A000880918EE103A9C4220DDDBF80C3003B357
:1078B000DBF804100A68013BCBF80C3008A8136809
:1078C000984708A90BF108000EF0CEFB08A80EF0AF
:1078D000C3FBDBF80820CBED0B8A131DCBF810306F
:1078E00051880B44CBF81430538813B1019B994550
:1078F00081D3DDF80CB0BBF1000F7FF44AAF029BDF
:107900002C46184693F82C18002D40F0848079B14D
:10791000029BDDE9060103F6380283F82C48C2E930
:1079200000010123022240F6D63108A80EF046F8E5
:1079300001224FF4007108A80EF074FB0299089C14
:107940009FED607A01F5016201F5026392ED008A14
:10795000D3ED007AD1F818386288D1F81C1892FB60
:10796000F1F268EE277A032B04F10404C7EE879A3C
:1079700000F08480012BF6EE008A28EE289A00F0B1
:10798000978068EE688AB0EE498A9FED4F9A551E3F
:107990007AB3B8EEC99A4D4E049FDDF8088001E035
:1079A000D8F81838F7EC017AD8F8242856F823309C
:1079B000B0EE497AA7EEA97A2046013DB4EE687A86
:1079C000F1EE10FAF0EE477A48BFF0EE687AF4EE86
:1079D000487AF1EE10FAC8BFF0EE487AFDEEE77A89
:1079E00017EE901A11439847D8F81C381C446B1CAA
:1079F000D6D1029BD86803681B68984708A90598E8
:107A00000EF022FB08A80EF027FB05980DB0BDEC88
:107A1000048BBDE8F08F03F62803D3ED007AF5EE72
:107A2000407AF1EE10FA0ED04FF40072D0F81C3804
:107A300092FBF3F2002A06DD049B03EB8202E3ECE7
:107A4000017A9A42FBD100297FF472AF0299DDE9F5
:107A500006450846012301F5036280F82C3801F63B
:107A60003801C2E9004500240025C1E900451A4655
:107A700040F6D63108A80DF0A1FF59E7B6EE009AFE
:107A800028EE099ADFED0E8ABDEEC99A7FE7029BC8
:107A9000D86803681B68984701224FF40071059865
:107AA0000EF0C0FA05980DB0BDEC048BBDE8F08F68
:107AB000BDEEC99ADFED028A69E700BF8020002091
:107AC0000000000000C07F4400000000A42000204F
:107AD00070B506462DED028B402008EE103A0D469B
:107AE00008EE902A1DF08FF94022044600211DF077
:107AF000E5F92046164B40F8083B0EF08DFAB8EE3B
:107B0000C88AF5EE408AF1EE10FA656084ED068AC7
:107B100005D12B6828469B69984708EE900A0023F8
:107B2000002221463046C4ED078AE262C4E90333ED
:107B30006361FFF7D1FD2B68B2685B68E26328469A
:107B4000B46021469847BDEC028B204670BD00BF53
:107B5000C05D0400B1F5806F0DD207EE901ADFED25
:107B6000076AF8EEE77A00F5026387EEA67A00204E
:107B700083ED007A70476FF47A70704700C07F44DD
:107B800000F50260D0ED007A9FED047A67EE877A07
:107B9000FDEEE77A17EE900A704700BF00C07F4401
:107BA00007EE901AF8EE677A00F50160C0ED007AF2
:107BB00000207047C0F824180020704707EE901A84
:107BC000F5EEC07AF1EE10FA10D49FED0A7AF4EED9
:107BD000C77AF1EE10FA09DC9FED077A77EEC77AE3
:107BE00000F62800C0ED007A002070476FF47A702C
:107BF000704700BF000080440000004400F50360AF
:107C0000D0E90001704700BF00F63800D0E900015C
:107C1000704700BF29DF704728DF704712DF7047C9
:107C2000022802D1014B01221A70704767440020DC
:107C300000207047C0687047D0E9023000FB03F0B5
:107C4000704700BF10B54468084611199A001DF02E
:107C500011F9002010BD00BF2DE9F04182B002AD46
:107C60004FF0000805F8018D446828461E460C4474
:107C70001546FFF7D3FF9DF80730A3B11C4F87F8D7
:107C8000008002E00A200AF08FFB32462946204697
:107C9000FFF7C0FF0028F5D13B78002BFCD0002077
:107CA00002B0BDE8F081134A0123C2F80435D2F8CE
:107CB0000034002BFBD076B129460E4A05EB860531
:107CC000641A631851F8040B1860D2F80034002BC2
:107CD000FBD0A942F5D1074A0023C2F80435D2F8F7
:107CE0000034002BFBD0002002B0BDE8F08100BFC3
:107CF0006744002000E0014002680549D2688A42DA
:107D000004D1D0E9022000FB02F07047104700BF09
:107D1000397C020070B582B002AB002203F8012D5D
:107D20004468054618460C44FFF778FF9DF8073075
:107D300093B1164E327002E00A200AF035FBE86873
:107D4000B4FBF0F0FFF768FF0028F5D13378002B83
:107D5000FCD0002002B070BD0D4A0223C2F80435E9
:107D6000D2F80034002BFBD00949C2F80845D1F8FD
:107D70000034002BFBD00023054AC1F80435D2F8AB
:107D80000034002BFBD0002002B070BD67440020FF
:107D900000E0014030B4034D0560C0E90112C3604A
:107DA00030BC7047005E0400704700BF10B5C38848
:107DB000044A026023F400530446C38009F058F8D3
:107DC000204610BD245E040010B5C388064A026038
:107DD00023F400530446C38009F04AF820461DF0FE
:107DE0000BF8204610BD00BF245E0400F8B5C37D2B
:107DF00003B9F8BD0446006A0368DB6A9847206A45
:107E000003681B6B9847E369DA68002A1FDD6FF08F
:107E10002F051A4F2D1B04F13002002612F9013BE9
:107E200003F5A273A81847F82360E369D968814273
:107E3000F4DC00290BDD00255B6953F8250003689D
:107E40005B689847E369DA680135AA42F4DC9A680E
:107E5000002A0BDD00251B6953F8250003685B68C9
:107E60009847E3699A680135AA42F4DCE388002266
:107E700023F00203E380E275F8BD00BF006000401C
:107E800008B5034649B9094A12780AB9002008BD65
:107E90001B68DB6A9847002008BD02680349C37D60
:107EA0000B70136B9847002008BD00BF684400208A
:107EB0002DE9F84FC37DD0F81CB004460F4613B12E
:107EC000C388DB0748D5DBF80C30002B40DD0123ED
:107ED000DFF8D890DFF8D880314EDFF8D8E09C4644
:107EE00004F1300504F1350100209A1C2B700A7052
:107EF000DBF814201258127D03F5A27A49EA022217
:107F000048F82A20226A11F901AB526900F5A27BD8
:107F10000AF1A20A5A4446F83A2011F9012C15F93F
:107F200001ABA23206EBC2020EEB8A0AC2F804A031
:107F300011F9012C0CFA02F2C6F80425D4F81CB091
:107F4000DBF80C209A4200F1040003F10103CCDCC1
:107F5000E38823F00103E3809BF80830217B114D77
:107F6000206ABA1E012A9CBF0133DBB26375C3EBE2
:107F700003139B000C4A92FBF3F202FB01F1A5FBF9
:107F80000131C90BC4E9092103680021DB6B984763
:107F9000236A5B690122DA60A775BDE8F88F00BF2C
:107FA00000F00140818080800024F4000300010083
:107FB000006000403060004038B50546817DFFF725
:107FC00077FFEB699A68002A0CDD00241B6953F8DF
:107FD0002400036800219B689847EB699A68013484
:107FE000A242F3DCDA68002A0CDD00245B6953F856
:107FF0002400036800219B689847EB69DA68013424
:10800000A242F3DC286A03685B6A9847286A03681F
:108010009B6A98470123EB7538BD00BFC37D03B150
:108020007047FFF7C9BF00BFF8B5154604460E46B6
:10803000526829689DF8187008F046FF0021124B1D
:10804000E5612662A77523602176E1752175E162FD
:10805000EB680E4A052B146001DD2046F8BD33683D
:1080600030469B6B9847206A03684FF47A51DB6C6B
:108070009847236A064ADA60E37D002BEDD120465B
:10808000FFF79AFF2046F8BD245E0400243A002042
:10809000B9820200807D70472DE9F047C269037DF7
:1080A000916805698B42044680F28F80126952F80C
:1080B0002300036800211B689847236A5B6901223B
:1080C0005A60237D607DE169134493FBF0F200FB6D
:1080D0001233D8B220758A68934280F28B80CE68C2
:1080E0008A69002E02EB430238DD06350023267E26
:1080F000107821895778032E03D8DFE806F002466E
:108100003F4C07FB0151085CA17D266A11F0FD0F71
:10811000776903F1010302D1002843D0FF20A16A4F
:1081200003F5A87601FB00F147F8261000293DD0A1
:10813000E11891F92F10890001F1804101F5C0414A
:10814000D1F8100520F48010C1F81005E169D1E9DB
:108150000260984202EB4602C9DC207D0B6953F8AD
:108160002000036801211B689847236A5A6901238C
:10817000D360226A52691360BDE8F0876689F71BF5
:10818000C04301FB0751085CBEE700FB0111681802
:10819000F943405CB8E76689013E301A01FB0051A3
:1081A000C85DB1E703F5A87147F82100E11891F91E
:1081B0002F10890001F1804101F5C041D1F810056F
:1081C00040F48010C1F81005C0E7D0E908315B69C0
:1081D000C288D3F84435890042F00302C3EB03237D
:1081E000B3FBF1F3C3F1FF03C362C280817DFFF7EC
:1081F0005FFE62E7D4E9080203689200DB6B0021AE
:108200009847E369DA68002A26DD4FF000086FF02E
:108210002F05274F46462D1B04F1300919F9013B64
:1082200003F5A27305EB090A47F82360D4E9082394
:108230000AF5A87152699B0042F82130E3695B6935
:1082400053F80800036801211B689847E369DA685E
:10825000524508F10408E1DC1B6918680368002135
:108260001B689847E36994F930101B6910481B6834
:10827000104A1B7D01F5A2711B0243F0011340F867
:10828000213094F9303094F935109B00A23103F17C
:10829000804303F5C24342F8313094F93510236A24
:1082A000A2315B6902EBC102443353605DE700BF5A
:1082B0000060004000F00140024B186808B1FFF771
:1082C000EBBE7047243A002010300DF00FBC00BF09
:1082D00010B5837D04469BB1012B04D0E3889B0736
:1082E00009D5E06A10BD03212046FFF7E1FDE388D0
:1082F00023F00203E380192007F0B6FDE06A10BD09
:108300000221FFF7D5FDE288A37D22F00202E28080
:10831000E2E700BF10B5044608F08EFD40B9217BAE
:10832000636A044A03FB01F3A2FB0323DB0BA36292
:1083300010BD00BF8180808070B52DED028B08EEEE
:10834000103A04460D4616460CF072FEFDEEC87A51
:108350000A4B84ED138A32462360214617EE903A89
:108360006564A6642846FFF7B3FB014620652046F6
:108370000CF0FCFDBDEC028B204670BD645E040079
:10838000016170470069003018BF0120704700BFCD
:1083900003207047C06B07EE900AF8EEE77A17EEFD
:1083A000900A7047104B03F108023C3310B50446A5
:1083B0000260836030300DF04FFE04F12C000DF0B0
:1083C0004BFE04F128000DF047FE04F124000DF0EF
:1083D00043FE064BA360002304F10800E38107F08D
:1083E00095F9204610BD00BF885E0400F46F0400BC
:1083F000A0F10800FFF7D6BF10B50446FFF7D2FF83
:1084000020461CF0F9FC204610BD00BFA0F108007A
:10841000FFF7F2BFF0B504460025274B2748A1819E
:1084200083B02060A36004F10800E581174607F0DF
:10843000FDF8234B23603433A3602A4604F1140073
:10844000012107F051FE04F1280601224FF40071CA
:1084500004F124000DF0E6FD30460DF0DDFD04F1E1
:108460002C000DF0D9FD294604F1300001220DF059
:10847000D9FD00234FF4007123660122A164256118
:10848000C4E90D55E56401A80DF0CCFD01A9304605
:108490000DF0EAFD01A80DF0DFFD0A4A2264AF42AB
:1084A0004FF000032046C4E91655C8BFE763A4F89F
:1084B000443003B0F0BD00BFF46F04001474040036
:1084C000905E040000C07F44436B1BB1C38943F03E
:1084D0000403C381704700BFC3895B0770B50446BE
:1084E000456B5FD4E16A2B46081D002B66D05033E4
:1084F00063634A88024493421DD3D1ED037A6063DB
:10850000F5EEC07AF1EE10FA0EDB0026AD1B18BFB7
:108510000125666304F1300104F12C000DF0A4FD87
:10852000C4E91666284670BD04F1140007F042FE47
:108530000028EADC636B93ED027ADFED227A19689A
:108540005A686265B5EEC07AF1EE10FA48BFB1EE36
:10855000477AC7EE276A00202165E06503F13C05F4
:1085600004F16401D4ED0F7AF8EEE77A67EEA67AAB
:10857000FDEEE77AF8EEE76AC4ED167ADA699861FB
:10858000012AB8BF012207EE902AB8EEE77ADA6135
:10859000C6EE877A14339D42E1EC017AEED10025D4
:1085A000284670BD0023436300F130012C300DF0EC
:1085B0005BFDE16A636B081D002B98D16063034685
:1085C00097E700BF00007A4438B50D460446FDF732
:1085D00089F92B685A884F2A25D9D3ED017AF5EE0F
:1085E000C07AF1EE10FA1ED404F1140007F086FDF3
:1085F00011F064F8294604F12C000DF035FD2046F9
:10860000FFF76AFF11F04CF8E38913F0010501D080
:10861000002038BD2069026843F00103E38113683C
:108620009847284638BD6FF47A7038BD2DE9F04F71
:108630002DED068B8846D1E9161C8DB008F1240378
:108640009FEDB78ADFEDB7AA9FEDB7AA029004931A
:10865000002762468A4231D0B8F80E3013F0040386
:108660002CD107938A423FDBB8F80E309B0740F1CC
:108670001D81079B002BEDD0002F00F04581D8ED28
:10868000107AB8F84420B6EE007A67EE877A4F4544
:10869000FCEEE77A17EE903A43EA02039BB203D26C
:1086A00027F8023B4F45FBD3049902980DF0CCFC10
:1086B00002980DB0BDEC068BBDE8F08F4046FFF789
:1086C0000BFFD8F85810B8F80E30002940F08C8015
:1086D000002840F08D805A0700F18C80D8F85C208B
:1086E00001238A420793BFDA002F00F0E28008AB33
:1086F000019308F16403039308F1700BD8ED146A39
:1087000098ED0F7AD8ED108AD8ED157AD8F8343074
:10871000039C019D66EE886AB8EEC77A68EEA78A68
:1087200086EE879A68EEAA8AF0EE4A9AE8EECA9A2E
:108730009E69D869F4EC017A07EE106AB8EEC77A40
:10874000013867EE277A8642FDEEE77A03F11403DB
:10875000E5EC017A08BF45F8041CA345E8D1DDE942
:1087600008540A9BAC42A8BF2C469C42A8BF1C469A
:1087700013469C4255DD4F4596D0D8ED187AD8F86F
:108780003430FDEEE77AD3E9032017EE901A9047D4
:1087900007EE900AB8EE677AF0EE696AE8EE876A4B
:1087A000D8F85C20B8F84410D8ED187ABCEEE67A18
:1087B00079EE277A17EE100AF4EEC87A531C0843B4
:1087C000F1EE10FA27F8020B1A46C8ED187AC8F82D
:1087D0005C30CEDD77EEC87AF4EEC87AF1EE10FAAE
:1087E000F8DCC8ED187AC4E713F0040271D008B1C0
:1087F000C8F8387023F00402A8F80E2001230522DF
:10880000B8F80C10C8F84C2008A81A460DF0D6F895
:1088100008F1140007F0AAFC01230793D8E9161207
:1088200020E7AB424FF00004BA46CDF8149008D0D0
:10883000651C032D2C4630D0019951F82550AB42D0
:10884000F6D14FEA840909EB0406D8F83470B10078
:1088500007EB010EDEE906C6651C0691B44505EB83
:10886000850107EB81014046E3DADEF81460002E53
:1088700048D0B047D8F83470069BD8F85C203B4409
:108880001E461346D6F818C04C4407EB84070CF17B
:108890000101032DB9612C46CED1D8F85810DDF86E
:1088A0001490994257463FF729AFE2E6002F7FF434
:1088B000E0AED8F8387087B1D8F824300024181DFD
:1088C000C8F838405B888A4200EB0309FFF60FAF17
:1088D000CFE60792D8F85C20C4E608AC0122D8F8AD
:1088E000481020460DF09EFB214604980DF0BCFB7D
:1088F00020460DF0B1FBD8F824301F1DD8E9161220
:108900003846DFE7651CBFE708A80DF085FB08A91E
:1089100004980DF0A9FB08A80DF09EFBC4E600BF6B
:10892000000080440000803A00000044F0B50C468E
:1089300001F1280685B0314607460DF085FBA36B93
:108940006D4633B128462146FFF770FE28460DF0EC
:1089500083FB0023A36304F1240130460DF084FB64
:1089600021462846FFF762FE28460DF075FB206978
:1089700003681B689847E36C002B02DD013BE3644E
:1089800013B1384605B0F0BDA18928460123022263
:108990000DF014F8384605B0F0BD00BFC38919B911
:1089A00023F00203C381704743F00203C381704781
:1089B00001607047704700BF002928DD0378303B15
:1089C000092B26D870B40446642600204FF47A752B
:1089D0004A1E032A05D8DFE802F01315100205FB32
:1089E00003000129114606D014F8013F303B092B42
:1089F000EED94FF0FF3070BC704706FB0300F0E784
:108A00001844EEE703EB830300EB4300E9E70020A3
:108A100070474FF0FF3070470068FFF755BD00BF4B
:108A200038B5041E0CDB00290ADB480001300D4676
:108A300006F02EFD641B20440028B8BF404238BD1C
:108A40004FF0FF3038BD00BF2DE9F04F87B00C4626
:108A5000084601210592FFF7AFFF04210390601C37
:108A6000FFF7AAFF04210746601DFFF7A5FF0421B9
:108A7000064604F10900FFF79FFF0221824604F138
:108A80000D00FFF799FF0421029004F11200FFF797
:108A900093FF0421814604F11A00FFF78DFF0421A2
:108AA000804604F11E00FFF787FF0221049004F1C5
:108AB0002200FFF781FF0421019004F12400FFF759
:108AC0007BFF0421834604F12800FFF775FF042192
:108AD000054604F12C00FFF76FFF01463046FFF713
:108AE0009FFF0421064604F13000FFF765FF0146B1
:108AF0004846FFF795FF0421814604F13400FFF753
:108B00005BFF01463846FFF78BFF0421074604F15F
:108B10003800FFF751FF01464046FFF781FF04216F
:108B2000804604F13C00FFF747FF01465046FFF73F
:108B300077FF0421824604F14000FFF73DFF014624
:108B40005846FFF76DFF0421834604F14400FFF708
:108B500033FF01462846FFF763FF711C18D0B9F1B7
:108B6000FF3F15D07A1C13D0B8F1FF3F10D0BAF1F7
:108B7000FF3F0DD0BBF1FF3F0AD0431C08D0039B41
:108B8000059A042B0AD8DFE803F07A77747107009E
:108B9000002007B0BDE8F08F6E4BD36007EE906AFF
:108BA00007EE10AA049BD361F8EEE77AF8EEC76AE5
:108BB000029BC2ED007AC2ED026A122B13D8DFE8E5
:108BC00003F07A7D0A12128F8612776A776A776AC3
:108BD000776A776A610007EE909AF8EEE77A5E4B63
:108BE000C2ED087A536140F2FF339F42A8BF1F468F
:108BF0009845A8BF984627EAE77728EAE87807EE7D
:108C0000907A07EE108AF8EEE77A9FED546ADFED6E
:108C1000544A544B9362B8EEC77A87EE865A24239F
:108C20001363019B022BC7EE065A86EEA47A07EE69
:108C3000900AF8EEE77A82ED015AC2ED0D5A67EE1E
:108C4000277A78D0032B03D0012B66D00120A0E730
:108C500007EE10BAFDEEE77AB8EEC77A424BC2EDE6
:108C6000117A82ED127AD363012092E73F4BD360F1
:108C700094E73F4BD36091E73E4BD3608EE73E4B8A
:108C8000D3608BE707EE909AF8EEE77A3B4BC2EDA4
:108C9000087A5361A7E73A4B5361029B083B092BC3
:108CA000A1D8DFE803F0363632322E2E2A2A2626C5
:108CB000344B5361F1E7344B536194E707EE909ADC
:108CC000F8EEE77A314BC2ED087A53618BE707EE95
:108CD000909AF8EEE77A2E4BC2ED087A536182E75C
:108CE00007EE909AF8EEE77A2A4BC2ED087A5361C4
:108CF00079E7294B1B68136275E7284B1B681362E1
:108D000071E7274B1B6813626DE7264B1B681362E4
:108D100069E7254B1B68136265E707EE10BAFDEEA5
:108D2000E77AB8EEC77A214BC2ED117A019882ED4D
:108D3000127AD3632DE707EE10BAFDEEE77AB8EEAC
:108D4000C77A1B4BC2ED117A82ED127AD3630120F0
:108D50001FE700BF315803002598020000C07F4480
:108D600000401C46219A0200719802004D580300F1
:108D7000015803002D58030015580300BD97020049
:108D8000799902001D9902008D97020091970200C7
:108D9000E1980200A59802006420002060200020D5
:108DA000542000205C20002058200020D999020087
:108DB000FD99020038B50C460546364920460DF0AF
:108DC0008DFA002837D1344920460DF087FA60BB70
:108DD000324920460DF082FA98BB314920460DF009
:108DE0007DFAA0BB2F4920460DF078FAA0BB2E4992
:108DF00020460DF073FAA0BB2C4920460DF06EFA08
:108E0000A0BB2B4920460DF069FAA0BB294920469A
:108E10000DF064FAA0BB284920460DF05FFAA0BB14
:108E2000214628460DF03CFA03E0244928460DF07F
:108E300037FA284638BD224928460DF031FA28462F
:108E400038BD204928460DF02BFA284638BD1E496A
:108E500028460DF025FAECE71C4928460DF020FACB
:108E6000E7E71B4928460DF01BFAE2E719492846B7
:108E70000DF016FADDE7184928460DF011FAD8E78B
:108E8000164928460DF00CFAD3E7154928460DF08F
:108E900007FACEE7543A0020483A00204C3A002026
:108EA0002C3A0020403A0020503A0020603A00203E
:108EB000583A0020643A0020443A00206C3A0020DE
:108EC000283A0020703A00203C3A00205C3A00200A
:108ED000743A0020343A0020303A0020383A00201A
:108EE000683A00202DE9F04182B0064668460C46FB
:108EF0000DF0D6F9694601A8FFF75CFF01A92046ED
:108F00000DF0DCF901A80DF039F968460DF036F9DD
:108F10002568274BB5F90220541CA3FB0413E41A5F
:108F200003EB5404A40904EBC40304EBC303013BA7
:108F30009A4202D002B0BDE8F08104EB84073F0101
:108F40003946012268460DF06DF8009B0433F4B1F8
:108F50002C1D1F44C4F1490801E049342B461A4630
:108F60002146304603F15005FFF76EFD08EB040380
:108F700038B1BD420BD0002BEFDD94F848302C2BDC
:108F8000EBD068460DF068F802B0BDE8F0813468B7
:108F9000694601A80DF058F801A92046FFF714FB17
:108FA00001A80DF059F868460DF056F8C2E700BF69
:108FB0003970E0C030B5036883B004460D46988927
:108FC000114606F0C5FD294601A80DF069F901A971
:108FD0002046FFF787FF01A80DF0D0F806F03AFF12
:108FE00003B030BDF8B5664F664D674C674E6849B3
:108FF00038460DF0F7F82A46214638461BF0FEFEAB
:10900000644F654930460DF0EDF82A46214630465A
:109010001BF0F4FE614E624938460DF0E3F82A4633
:10902000214638461BF0EAFE5E4F5F4930460DF0A0
:10903000D9F82A46214630461BF0E0FE5B4E5C49DB
:1090400038460DF0CFF82A46214638461BF0D6FEAA
:10905000584F594930460DF0C5F82A46214630464A
:109060001BF0CCFE554E564938460DF0BBF82A464B
:10907000214638461BF0C2FE524F534930460DF090
:10908000B1F82A46214630461BF0B8FE4F4E5049F3
:1090900038460DF0A7F82A46214638461BF0AEFEAA
:1090A0004C4F4D4930460DF09DF82A46214630463A
:1090B0001BF0A4FE494E4A4938460DF093F82A4663
:1090C000214638461BF09AFE464F474930460DF080
:1090D00089F82A46214630461BF090FE434E44490B
:1090E00038460DF07FF82A46214638461BF086FEAA
:1090F000404F414930460DF075F82A46214630462A
:109100001BF07CFE3D4E3E4938460DF06BF82A467A
:10911000214638461BF072FE3A4F3B4930460DF06F
:1091200061F82A46214630461BF068FE374E384922
:1091300038460DF057F82A46214638461BF05EFEA9
:10914000344F354930460DF04DF82A462146304619
:109150001BF054FE314E324938460DF043F82A4692
:10916000214638461BF04AFE30462E490DF03AF8AB
:109170002A4621463046BDE8F8401BF03FBE00BFFE
:10918000543A0020402000207D610300283A00204E
:10919000E05E0400483A0020E85E04006C3A0020DB
:1091A000586004004C3A002060600400703A0020CF
:1091B0003C6104002C3A0020446104003C3A002049
:1091C00020620400403A00202C6204005C3A002037
:1091D000C0620400503A0020C4620400743A0020C7
:1091E00058630400603A002060630400343A0020B1
:1091F000F4630400583A0020FC630400303A002075
:1092000090640400643A002098640400383A002016
:109210002C650400443A002034650400683A0020BC
:1092200080650400886504006FF47D70704700BF9E
:109230006FF47D70704700BF10B5036804465B6C27
:109240009847236820465B68BDE81040184700BF78
:109250006FF47D70704700BF6FF47D70704700BF82
:109260006FF47D70704700BFC08800F005000030CB
:1092700018BF0120704700BFC08800F00A0000300E
:1092800018BF0120704700BFC08810F0030018BF4E
:1092900001207047C08800F00C00003018BF01208A
:1092A000704700BFC088C0F3802070476FF47D70A6
:1092B000704700BF6FF47D70704700BF03684FF4C4
:1092C0007A729B6B02FB01F1184700BF6FF47D704F
:1092D000704700BF6FF47D70704700BF08B503682A
:1092E000DB6B9847024BA3FB0030800908BD00BF31
:1092F000D34D62106FF47D70704700BF6FF47D70C6
:10930000704700BF01610020704700BF6FF47D709F
:10931000704700BF6FF47D70704700BF38B50368B9
:109320009B6904460D46984778B1236820465B68E0
:109330009847B5FA85F35B09984206D12368294618
:109340001B6820469847002038BD014838BD00BF43
:1093500012FCFFFF0A717047704700BF704700BFE3
:10936000806B704703684FF47A729B6B02FB01F1CC
:10937000184700BF406B704701207047C06A00303B
:1093800018BF0120704700BFA0F12000FFF7F6BF13
:1093900010B504461BF030FD204610BD2DE91848DD
:1093A000C38B426D9907044607D56AB1BDE818889A
:1093B00023F002039BB2E383626D002AC4BF43F033
:1093C0000203E383BDE8188808F012FF636CB0EB7A
:1093D000030B61F1000CBCF1000F08BFBBF1650F7E
:1093E000E38BE5D29A07E1D4E6E700BFA0F11800CD
:1093F000FFF7D4BF0B4B10B503F1080103F18C024A
:10940000B033044601608261036230300CF024FE08
:10941000054BA361002304F11800E38306F076F9FD
:10942000204610BD6C670400F46F040038B50C4B87
:1094300003F1080103F18C02B033044640F8181C14
:109440000260836018300CF007FE064B2360002397
:109450002046E380A4F1180506F058F9284638BDE7
:109460006C670400F46F040002680849D26B8A42FA
:1094700008B505D1406B064BA3FB0030800908BD41
:109480009047034BA3FB0030800908BD7593020091
:10949000D34D62100120704738B50E4B03F108011F
:1094A00003F18C02B033044640F8181C026083605C
:1094B00018300CF0D1FD084B23600023E380A4F1A9
:1094C0001805204606F022F928461BF095FC284690
:1094D00038BD00BF6C670400F46F04000D4B03F14E
:1094E000080103F18C02B03310B5044601608261BB
:1094F000036230300CF0B0FD074BA3610023E3831F
:1095000004F1180006F002F920461BF075FC204615
:1095100010BD00BF6C670400F46F040070B5044612
:109520001A4D02811A4B2560022200254FF48070EB
:10953000E0802271A36104F118002575C4E9035588
:10954000E5610E4606F072F8124BA66203F10801BF
:1095500003F18C02B0332160A261236204F1300078
:1095600001224FF400710CF05DFDE38B226B65630B
:109570000021043243F480438020A063E5626564E7
:109580006565E2642165E383204670BD00670400E1
:10959000F46F04006C67040038B5044621200D46C2
:1095A00006F0E0FF226B131D5088002D3CD01918E7
:1095B0002748E26BE36CA0FB020299424FEA1210CB
:1095C00029D9520907EE902AB8EEE77A07EE900AF9
:1095D000DFED205AF8EEE76AB7EE006AD4ED147AB0
:1095E000F4EEC77AF1EE10FA4CBF94F85420002242
:1095F0001A70D4ED147AE36C77EE867A0133F4EEC8
:10960000E67AF1EE10FAC8BFF0EE657A8B42C4ED4F
:10961000147AE364E2D3D4E90D232120C4E90F23B3
:10962000BDE8384006F09EBFD4E91121521A07EE7A
:10963000902A9FED097AF8EE677A67EE877AFDEE59
:10964000E77A17EE902A8242D4BF99181918AFE72B
:10965000A38B2EBA0000000078C2B93C10B50446B6
:1096600008F0C6FD636B606403B1A36B6365002102
:109670002046FFF791FFE38BDB0700D510BDFCF719
:1096800031F904F120018023064AA06AFEF720FA8E
:10969000E38B0168E06243F001030A68E383BDE8FD
:1096A0001040104700442C47B1F5806F0DD8B1F53C
:1096B000007F08B5C8BFC1F580618029A8BF80219F
:1096C0008163FFF7CBFF002008BD6FF47A7070470D
:1096D00008B5144BA3FB01231A09162303FB02F35D
:1096E00003F1160207EE902A06EE903AB8EE677A7A
:1096F00007EE901AF8EE666AF8EE677A37EEC77AE8
:1097000077EEE67AB0EEC77AF0EEE77AF4EEC77A53
:10971000F1EE10FA58BF13464363FFF79FFF002096
:1097200008BD00BFA38B2EBA70B50C4682B00546AB
:109730000CF072FCE38B9B0716D504F13006314622
:1097400028460CF091FC01212046FFF725FF01225D
:109750004FF4007101A80CF065FC01A930460CF033
:1097600083FC01A80CF078FC236B0433E36408F05D
:109770003FFDE36AA0641A681846136898472846B4
:1097800002B070BDA1F12001FFF7CEBF704700BF4E
:10979000436B91ED036AD3ED007AD1ED026A91ED4E
:1097A000017A36EE676AF8EEE66AB8EEC77AC6EE78
:1097B000265AE7EE257AC0ED147A704738B5426B29
:1097C0004B682DED028B04460D4692ED008A23B3C3
:1097D00007EE903AB8EEE77A17EE100A18F06AFA38
:1097E000636BD5ED037A93ED007ADFED0D6A77EECA
:1097F000C77A07EE100A67EE877A002387EEA67A0B
:1098000077EE087ABDEC028BF5EEC07AF1EE10FA35
:1098100054BFC4ED147A236538BDB7EE007ADBE798
:109820009A99F93FD1ED017ADFED0F6A9FED0F7A3A
:10983000F8EEE77A38B567EEA67A0446C7EE877A7F
:109840000D4617EE900A17F05BFE636B95ED037AF9
:10985000D3ED007A06EE900A37EE677AE6EE877A65
:10986000C4ED147A38BD00BFD00F49400000344326
:10987000D1ED017AF8EEE77A38B5044617EE900A92
:109880000D4617F03DFE636B95ED037AD3ED007A3C
:1098900006EE900A37EE677AE6EE877AC4ED147A20
:1098A00038BD00BFD1ED017A9FED0C7AF8EEE77A72
:1098B00038B567EE877A044617EE900A0D4617F022
:1098C0001FFE636B95ED037AD3ED007A06EE900AE6
:1098D000E6EE877AC4ED147A38BD00BF34FA8E3CC8
:1098E000D1ED017A9FED0C7AF8EEE77A38B567EEA4
:1098F000877A044617EE900A0D4617F0B5FD636BA4
:1099000095ED037AD3ED007A06EE900AE6EE877ABB
:10991000C4ED147A38BD00BF34FA8E3C2DE9F04115
:10992000D1F80C804F68D8F8046097FBF6F407EE86
:10993000904AF8EEE77A436B2DED028B054617EE61
:10994000901A4FF0804093ED008A18F02DFAD8F865
:10995000003007EE900A06FB147428EE277A03EB1A
:109960008404BDEC028BD4ED007A67EE877AC5EDF6
:10997000147ABDE8F08100BF2DE9F041D1E901344E
:10998000D1F80C80426BD8F80470013CE41A94FBC7
:10999000F7F507EE905AF8EEE77A2DED028B0646C2
:1099A00017EE901A4FF0804092ED008A18F0FCF903
:1099B000D8F8003007EE900A07FB154428EE277A06
:1099C00003EB8404BDEC028BD4ED007A67EE877A5A
:1099D000C6ED147ABDE8F0814B684BB1DB0790ED22
:1099E000147AD1ED037A04D567EE877AC0ED147A44
:1099F0007047C7EE276AC0ED146A70474B684BB1D9
:109A0000DB0790ED157AD1ED037A04D567EE877AFE
:109A1000C0ED157A7047C7EE276AC0ED156A70472A
:109A2000436B91ED036AD3ED017AD1ED026A91EDBA
:109A3000017A36EE676AF8EEE66AB8EEC77AC6EEE5
:109A4000265AE7EE257AC0ED157A70470220704756
:109A500001EB810100EB41001430704782B070B51A
:109A60000C4684B005464968206802AC03C40399DB
:109A700008AC481084E80C00CB0745BF2A58029B6D
:109A8000029CD4580AAB2E1893E803008DE803001B
:109A900008AB0CCB3046A04704B0BDE8704002B024
:109AA000704700BF2DE9F04103681B4E1B690F880A
:109AB000B34204460D4626D11E300388BB4201D076
:109AC000BDE8F0816B89012BFAD9A989A068618270
:109AD0000368DB699847A06803681B6A9847236896
:109AE0001B692546B34225F8120F0FD104F11E065B
:109AF000204601F0A3FA2A46014602233046BDE87B
:109B0000F04100F035B901219847D6E70121204600
:109B100098470646ECE700BF519A020010B504468C
:109B2000806806F01FFFA081A06806F023FFE08197
:109B3000A06806F027FF208210BD00BF82B070B57C
:109B400004A981E80C00044601F08AFA18B9BDE8BE
:109B5000704002B070472046FFF7E0FF23680C4AD0
:109B60001B69934204F10C060DD104F11405204643
:109B700001F064FA324601462846BDE870400623EB
:109B800002B000F009B90021204698470546EEE7EB
:109B9000519A02002DE9F041044682B00E46154666
:109BA00010309846BDF828700BF028FF268065809D
:109BB00018201BF028F908AB054693E803006A4615
:109BC00082E803002E4603CA46F80C8B0023084A9D
:109BD000EB6047F00207736068602046A780A560CD
:109BE000E360C4E90833A9606A6102B0BDE8F081AE
:109BF0005D9A020070B5044686B0FFF78FFFA0683B
:109C000003681B6A9847144A144B60820493282007
:109C10000023166805931BF0F6F806AB054613E91A
:109C20000300C0228DE80300234602920521284646
:109C30000122FFF7AFFF336830465B68294698473B
:109C400008B906B070BD284606F0C2FB284606B02B
:109C5000BDE870401BF0D0B83C3C00203D9B0200AA
:109C600070B5044684B0154601F028F91E4B2360F8
:109C7000A56004F1140000F075F8002504F11E0041
:109C800000F070F820461949C4E9035501F034F991
:109C9000204640F2537101F043F909260622294675
:109CA00004F10C032046CDE9012600924CF64B222C
:109CB00001F046F902220521CDE90121204600925A
:109CC00004F112034FF62432012101F039F9204644
:109CD00001F0C6F928B1064B1B6813B12046FFF707
:109CE00089FF204604B070BD00690400E06A0400EA
:109CF0003C3C0020024B1B680BB1FFF77BBF704759
:109D00003C3C002010B5114B1C6890B0C4B1C9B9DF
:109D10000F4ACDE9042104AA034692E80300102269
:109D20008DE8030002920521012206A8FFF732FF09
:109D3000236806A99B682046984706A806F048FBBA
:109D400010B010BDFFF756FF10B010BD3C3C002016
:109D50003D9B02000021FFF7D5BF00BFACDF70477D
:109D6000AEDF70470022028102604260704700BF90
:109D700010B582B00C4601920188ADF80030204643
:109D800000236A46ADF80230FFF7E8FFB0FA80F032
:109D9000400902B010BD00BFF0B54FF6FF7487B0A8
:109DA000A142ADF8063032D00389DB0705461646DE
:109DB0000C4600880FD4BDF8063002AAADF8083072
:109DC0000146002320460396ADF80A30FFF7C6FF90
:109DD000184607B0F0BD02AA012300270DF1060CBA
:109DE000ADF808001146204605968DF80A30ADF80A
:109DF0000C70CDF810C0FFF7B3FF0028E8D004992D
:109E0000BDF806300988994201D02888D6E700209D
:109E100007B0F0BDF0B54FF6FF7487B0A142ADF8C2
:109E2000063031D003899B07054616460C4600884C
:109E30000FD4BDF8061002AA0023ADF808100146A1
:109E400020460396ADF80A30FFF788FF184607B0A2
:109E5000F0BD02AA4FF0020C0023ADF808000DF18E
:109E600006071146204605968DF80AC0ADF80C305D
:109E70000497FFF775FF50B10499BDF806000988F3
:109E8000884201D12888D7E7002007B0F0BD012023
:109E900007B0F0BD72DF704773DF704774DF704743
:109EA00076DF704777DF704778DF70477ADF70477B
:109EB0008FDF704769DF70471321FFF7F1BF00BFE5
:109EC0000B68034A0146D2560320FFF7EBBF00BFE1
:109ED000BC690400094B10B5044640F8143B0CF073
:109EE0004DF904F110000CF049F9054B23600023F3
:109EF0002046E38005F00AFC204610BDB46A040049
:109F0000F46F04002DE91848C3885A0708D41B07CA
:109F100001D4BDE818880420BDE8184810F028BC1A
:109F2000044608F065F9A369B0EB030B61F1000C7E
:109F3000BCF1000F08BFBBF5FA6F01D2E388E6E77A
:109F40000021044811F02CFAE38823F004039BB2AB
:109F5000E380DCE7B99E0200F0B54FF47A748BB071
:109F600004FB02F4194A1A4E00960AADA2FB04241F
:109F70001F22002825F8242D4FEA542414BF01275E
:109F80000427184600294FF0000309930493069410
:109F90002A460CBF1C4603243146CDF806300593F3
:109FA000CDE90733CDF80A30ADF80E3001238DF836
:109FB00025308DF810708DF8244010F0F9FC04AABB
:109FC00069460448FFF766FF0BB0F0BD5917B7D1DB
:109FD000843A00202723002010B5664C002943D185
:109FE0002378980638D4D9062FD41A0725D45807D1
:109FF0001DD4990713D4DA070BD45B0603D410F0F1
:10A000007BF9002010BD5C4B01211878FFF744FF5D
:10A01000F5E713F0FDFD23785B06F0D5F3E7574B2A
:10A020004FF400321A602378DA07E6D5F1E7534A95
:10A03000012151609907DED5F1E7504B4FF00072D6
:10A040001A6023785807D4D5F1E74C4B01221A60E7
:10A0500023781A07CBD5F0E7484B4FF400621A601B
:10A060002378D906C1D5F0E710F040F9002323701A
:10A0700013F0E6FD237810B943F0010323703F4A43
:10A080001268920348BF43F002033C4A48BF237062
:10A090005268D00748BF43F00403384A48BF2370D2
:10A0A0001268910148BF43F00803344A48BF237047
:10A0B0001268D20748BF43F01003304A48BF2370EC
:10A0C000126810052C4A48BF43F02003107848BF9F
:10A0D0002370FFF7E3FEB0B1D90719D49A071CD457
:10A0E000580726D419072FD4DA0639D49C0688D508
:10A0F000224B4FF40062C3F88020BFF34F8FBFF3B1
:10A100006F8F002010BD43F04003D9072370E5D5C1
:10A1100013F05EFD23789A07E2D5184B4FF4003216
:10A12000C3F88020BFF34F8FBFF36F8F237858079A
:10A13000D8D5124B0122C3F88420BFF34F8FBFF351
:10A140006F8F23781907CFD50C4B4FF00072C3F8EF
:10A150008020BFF34F8FBFF36F8F2378DA06C5D50A
:10A16000064B0122C3F88020BFF34F8FBFF36F8FE0
:10A170002378BBE7694400202723002000E100E0AA
:10A180000B4B10B5044640F8143B0BF0F7FF04F1FD
:10A1900010000BF0F3FF074B23600023E380204601
:10A1A00005F0B4FA20461AF027FE204610BD00BF85
:10A1B000B46A0400F46F040038B500250E4B036048
:10A1C0000446456005F032FA0C4B2360A56004F1AB
:10A1D00010000CF06DF804F114000CF069F8012384
:10A1E000074AE56084F8203084F82130146013F0C9
:10A1F0006BFF204638BD00BFF46F0400B46A040052
:10A20000BC3A0020072914D810B50B4C0B4821602C
:10A21000214611F0C5F80A4B1978FF2907D02368A9
:10A22000084A0120D256FFF73DFE002010BD002055
:10A2300010BD6FF47A70704770200020C19E02003C
:10A2400027230020BC69040090F8202022B9C368AD
:10A250009B0701D400F002B8012070472DE918488F
:10A260000446042921D8DFE801F0322505030D005A
:10A270008369D3B107F0BCFFE368A061C3F340007A
:10A28000BDE81888836983B107F0B2FFA369B0EB1A
:10A29000030B61F1000CBCF1000F08BFBBF5FA6FB6
:10A2A00003D301212046FFF7CFFFE068C0F3400051
:10A2B000BDE81888C3880A2243F00403C380C26043
:10A2C00004F034FCE068C0F34000BDE818880223C5
:10A2D000C3600120BDE8188810B5044682B012F0B2
:10A2E000A5FB204612F0B0FB2378023B062B18D8C2
:10A2F000DFE803F00B19271717170400237A012B47
:10A3000003D1144A1368013B1360134B186840B122
:10A3100090F820302BB9C3689B0702D40321FFF7C4
:10A320009DFF02B010BD0C4B1B68002BF9D093F8B9
:10A330002020002AF5D1DA689207F2D40222DA60EE
:10A34000EFE702A9012301F8043D608812F080F9CB
:10A3500002B010BDB83A0020BC3A0020014B18787A
:10A36000FFF79CBD2723002010B5044684B00123CD
:10A3700002224FF47A7168460BF020FB94F82130EA
:10A380000BB904B010BD10F085FF0028F9D1034BC4
:10A3900001211878FFF780FD04B010BD27230020AD
:10A3A00010B50388103B86B0462B33D8DFE803F0A6
:10A3B00043583232325F3232322432323232323227
:10A3C000323A323232323232323232323232323265
:10A3D000323232323232323232323234323232325B
:10A3E000323232323232323232323232323232324D
:10A3F0003232323232323400037A5BB92D4B186874
:10A4000040B190F820302BB9C3689B0702D40221D9
:10A41000FFF724FF06B010BD13218088FFF740FD31
:10A4200006B010BD06A9002321F8103D8088FFF773
:10A430003FFD06B010BD81884FF6FF73994206D0EC
:10A440001D4B1E4A1B680320D256FFF72BFD01232C
:10A450001A464FF47A7102A80BF0B0FA06B010BD9C
:10A46000144B18680028D5D0FFF77EFFD2E700F123
:10A470000801062268460BF0F9FE694601A80BF0B8
:10A480000FFF0C4B1C686CB101A902A80BF008FF70
:10A4900002A904F110000BF011FF012302A8E360F0
:10A4A0000BF06CFE01A80BF069FE68460BF066FE2F
:10A4B00006B010BDBC3A002070200020BC6904002A
:10A4C00008B510F0E7FE003018BF012008BD00BF3E
:10A4D000F0B5A9B06A220D460DA82849284E1AF0F9
:10A4E000C9FC0DA903A80BF0D9FA03A906A80BF023
:10A4F000CDFA05F13C0701226FF0FE0306A9CDE974
:10A50000003238460523642208F0B8FA06A80BF09A
:10A51000AFFA0FCE06AC0FC496E8070003C4227052
:10A520000522114606AB04A80BF0DCFB002404A9AD
:10A5300005A80BF0ABFA384605A9CDE9004423463F
:10A54000224608F0D1F905A80BF092FA2B682146B3
:10A550005B6A284698470534052005F085FCFF2CEA
:10A56000F4D14FF47A7005F07FFC04A80BF080FA68
:10A5700003A80BF07DFA29B0F0BD00BF34690400D8
:10A58000A06904002DE9F84F4FF0805308460F46AC
:10A59000D3F864A0FDF798FE10374FF0040B4FF08E
:10A5A00005084FF00109BAFBF8F308FB13A3B3FB4E
:10A5B000F9F35D1C002DAAEB030A08EB880809EBF0
:10A5C00089090DDD0FFA8BF60024C4F1040212B2E2
:10A5D0000134FF23314638460BF092FAA542F4D1FC
:10A5E0001BF1FF3BDFD2BDE8F88F00BFAB4B2DE97D
:10A5F000F04F1E68DFF8B48233690446002543F04B
:10A60000080395B0336198F8000084F82050A561E4
:10A610000E469346FFF742FC2946284612F024F8DE
:10A620002946284612F02AF829463C2205A81AF0A5
:10A6300045FC06F13C074FF0020E4FF0060C05AB4F
:10A64000C822294601208DF814E08DF817C0039721
:10A65000FFF782FC012198F80000FFF71DFC384647
:10A6600008F0A2F831462046FFF732FF3146204677
:10A67000FFF788FF06F11008029504F110074FF06C
:10A68000FF0994F82020E36812B9980740F1D580BB
:10A6900013F0010A31D1590766D49A0740F1C380FB
:10A6A00013F0080A00F0A9807D4904A80BF0BAFA5B
:10A6B00004A905A80BF0EAF90023CDE900331A46F6
:10A6C00005A9039808F010F905A80BF0D1F94FF48B
:10A6D000FA6005F0C9FB04A80BF0CAF9642005F084
:10A6E000C3FB40F68D25FBF77DFB94F82020E36843
:10A6F000002ACAD013F0010ACDD06A4904A80BF091
:10A7000091FA04A905A80BF0C1F90023CDE90033A3
:10A710001A4605A9039808F0E7F805A80BF0A8F970
:10A72000029B002B40F08F80A9F10409B9F1280F9A
:10A7300040F38F80B9F1FF0F029BA8BF0023029363
:10A74000DBF800305846DB69984728B1E36823F00E
:10A75000010343F00403E36004A80BF089F9E36804
:10A7600059074FF0000598D53368FF215B6A3046E2
:10A7700098472369B3F90230002B76DD002521E0EC
:10A78000E3689A076FD4FFF769FD00286DD14FF495
:10A79000487005F069FB3046FDF796FD94F82030CF
:10A7A00004212046FBB9E3689A075CD4FFF756FD05
:10A7B00000285AD1C82005F057FB2369B3F90230AD
:10A7C000AB4252DD29B238460BF0B2FD0023014600
:10A7D0001A4640460BF022FB94F820300421204614
:10A7E0000135002BCCD0E36803F00202002A3AD1F5
:10A7F000642005F039FB012543E72B4904A80BF041
:10A8000011FA04A905A80BF041F95346524605A9CF
:10A81000CDE900AA039808F067F805A80BF028F91D
:10A8200004A80BF025F9642005F01EFB013540F665
:10A830008B239D427FF725AF55E704212046FFF784
:10A840000DFDE36824E709F10409B9F1280F3FF78A
:10A8500071AF3046FDF738FD029BB9F1000FD8BF4C
:10A86000534602936CE700251AE7E36894F82050FA
:10A8700003F00202002DB9D1002A7FF411AF0421A8
:10A880002046FFF7EBFC0028ADD14FF47A7005F0BD
:10A89000EBFAE36803F00202A8E700BFFC3B0020EC
:10A8A0000C6A0400C46904004C6A040027230020D9
:10A8B00030B50446806883B020B10C4908F0DAFA5C
:10A8C000054618B1FBF78EFA03B030BD02AA042387
:10A8D00002F8015D0549A06808F006FB28461AF059
:10A8E0008BFAFBF77FFA03B030BD00BF946A040017
:10A8F00090F82000704700BF38B5124B0546002481
:10A900001878FFF7CBFA85F8214010F0ABFC98B926
:10A91000EB696BB107F06CFCEB69C41A61F10005DF
:10A92000002D08BFB4F5FA7F2CBF0120002038BDF0
:10A9300007F05EFCE861EDE72146034810F030FDCA
:10A94000204638BD27230020B99E020020B9034BC2
:10A95000186808B1FFF7D0BF704700BFBC3A0020AD
:10A960000238012801D90120704710B5074C206832
:10A9700050B1C38843F00803C38004F0D7F82068BF
:10A98000BDE81040FFF7B8BF012010BDBC3A002061
:10A99000012808D138B50D4B1D6835B12846BDE8F2
:10A9A0003840FFF7A9BF01207047094B04461878CB
:10A9B000FFF774FA10F056FC08B9204638BD294656
:10A9C000044810F0EDFC284638BD00BFBC3A00201A
:10A9D00027230020B99E02002DE9704384B011F0B6
:10A9E00075FE1E4E30603368002B02DC04B0BDE8FB
:10A9F00070830DF107034FF6FF70039311F0DEF83B
:10AA00004FF6FF75A842044609D1EFE7039B1B7878
:10AA100020465BB111F0D2F8A8420446E6D002AA63
:10AA20000121204611F09AFA0028EFD007F0E0FB50
:10AA300040F2E73480468946002511F00DFE09E01A
:10AA400007F0D6FBB0EB080261EB09039D4208BF9B
:10AA50009442CBD33368002BF2D1C7E7B83A002039
:10AA60002DE9F04FC588B1B015F480559DF8EC7014
:10AA700002D031B0BDE8F08FCDE900230DF1C00860
:10AA80003A9B8360C0E90655029104460FF0CAFB69
:10AA900013F0A8F948F8AC5DDFF824A30FF052FEDC
:10AAA00012F0F6FF4146012013F020F904F1140BD7
:10AAB000DAF8001020A80BF095FB20A958460BF0FF
:10AAC000FDFB20A80BF05AFB0DF12809002F40F0E8
:10AAD00027810CAE0EAB11AD4FF0000BCDF838B0A6
:10AAE000C3E901BB62699DF83910022060F30101DE
:10AAF000101D0F908DF839105188ADF8401041208D
:10AB000019465388059AADF84230FFF7D3F940460D
:10AB100013F036F95846FFF7C7F903224FF0010347
:10AB200062F306134FF0070C10208DF820308DF8DB
:10AB300021C08DF823208DF824208DF8220011F0FB
:10AB400029FD08A811F06CFD914811F04DFD914AC6
:10AB5000ADF82CB04FF4C87348460A92ADF82E30C9
:10AB6000FFF7A4F959468C4810F086FD002F40F0FD
:10AB7000C68007AF30A904234FF6FF7241F8A83D05
:10AB80003046002311F0AAFD0699002914BF304673
:10AB9000002011F069FD0699002914BF30460020FD
:10ABA00011F06CFD069E7D4B2093003620A818BF47
:10ABB000012613F0E3F97C201AF025F9A368019A25
:10ABC000214601F05DFCDAF8001020A80BF00AFB2A
:10ABD000734928460BF006FB2A4620A938460BF09D
:10ABE0008FFB28460BF0CAFA20A80BF0C7FA4022C8
:10ABF000002120A81AF062F96A4B186821900123FD
:10AC00008DF8BC3010B11AF095F980B2079BADF801
:10AC10008000181D2390002800F0B8801AF08AF9EF
:10AC200083B2009AADF8883010680430259010B1D6
:10AC30001AF080F980B25C4BADF89000186827904C
:10AC400010B11AF077F980B2584BADF89800186837
:10AC5000299010B11AF06EF980B2554BADF8A000F2
:10AC600018682B90002800F08F801AF063F983B2E7
:10AC700020A8ADF8A83013F029FB2046FFF7ACFE62
:10AC80003C22002128461AF019F902214FF0040C49
:10AC90002B46322230468DF8441031468DF847C09D
:10ACA000FFF75AF906212046FFF7ACFA4FF4A03619
:10ACB00000234FF4F021032228460125CDE9143367
:10ACC000CDE91633CDE912618DF85020CDF84490CE
:10ACD00010F05EF984F8215011F0F8FC002804DD32
:10ACE000344B29461878FFF7D7F8E38843F48053AC
:10ACF0003846E3800BF042FA31B0BDE8F08F11F036
:10AD0000E5FC032807AF7FF735AF384620AB324666
:10AD1000294611F0CFFDBDF8300011F0C1FD29E743
:10AD20000CAE254948460BF05DFA0EAB2349039360
:10AD300030460BF057FA039B4A46184659460BF02B
:10AD4000DFFADDE9022311AD1946284602930BF024
:10AD5000D7FA3246294620A80BF0D2FA20A9584645
:10AD60000BF0ACFA20A80BF009FA28460BF006FA13
:10AD7000029B18460BF002FA30460BF0FFF94846EA
:10AD80000BF0FCF9029BA7E6034671E7034648E790
:10AD9000D9A2020008001000A43A00204DA9020028
:10ADA000A86A04007C3A0020783A0020682000203D
:10ADB000803A002027230020A06A0400A46A04002F
:10ADC0006C20002041F20103984216D00DD944F2C4
:10ADD0000103984206D044F2020398420AD1482067
:10ADE000F6F70EBC4920F6F70BBC012802D146202D
:10ADF000F6F706BC4A20F6F703BC4720F6F700BC7E
:10AE0000A8DF7047B0DF704762DF7047704700BF50
:10AE10008B79012B05D0022B02D10368DB6A18471E
:10AE2000704703689B6A18470368034A9B6893420C
:10AE300000D17047063118470DAE020070B50B887F
:10AE4000502B044631D01AD8102B26D0112B14D1F8
:10AE50000368194DDA69AA422BD100252E4605E078
:10AE600023681B699847236806810135DB68204603
:10AE70009847A84229462046F2DC012070BD512B9C
:10AE800006D0532BF9D103681B6B9847012070BD86
:10AE900003685B6A9847012070BD0368064A9B6996
:10AEA0009342EAD09847012070BD03681B6A984717
:10AEB000F9E790472368D0E70DAE020010B5064BC6
:10AEC0000360002304460371C38000F0CFF92146DC
:10AED00000F0DAF9204610BDF86A040010B5054B01
:10AEE0000360044600F0C2F9214600F0DBF9204679
:10AEF00010BD00BFF86A040010B584B010310DF128
:10AF0000FF330DF10F0411F8012D03F8012FA342B7
:10AF1000F9D1011D6846FFF777FF04B010BD00BFEF
:10AF200000B583B00379ADF80410821D01A901209A
:10AF30008DF80630FFF764FF03B05DF804FB00BF37
:10AF40002DE9F04788B00546BDF84060BDF8447073
:10AF5000BDF84840924688461E2200210DF10200AD
:10AF6000994619F0ABFFBB1B18BF01232A79ADF836
:10AF700000A0E107ADF804708DF80C30ADF8066064
:10AF8000CDF808908DF8022005D59DF80D3043F0DE
:10AF900002038DF80D30A20705D59DF80D3043F062
:10AFA00004038DF80D30630705D59DF80D3043F08F
:10AFB00008038DF80D30270705D59DF80D3043F0B7
:10AFC00010038DF80D30E60605D59DF80D3043F0E1
:10AFD00020038DF80D30A00605D59DF80D3043F007
:10AFE00040038DF80D30610605D59DF80D3043F016
:10AFF00001038DF80D30E20544BF01238DF80F30B9
:10B00000A30544BF01238DF810302B68EC881A6922
:10B010000120022341468DF811308DF812308DF851
:10B0200013308DF8140028469047694602462046A2
:10B0300010F0E2F908B0BDE8F08700BF00B58DB0B0
:10B0400001A810F051F9019B23B1BDF808000DB023
:10B050005DF804FB4FF6FF700DB05DF804FB00BF18
:10B0600008B510F017F9003018BF012008BD00BF67
:10B0700003682DE9F041DB6806460D469046984787
:10B08000071E1BDD00240BE04388AB421ED08388E3
:10B09000AB4221D0C388AB4224D00134A7420DD0AB
:10B0A000336821461B69304698470388AB42EBD191
:10B0B000012388F800302046BDE8F08100234FF0DE
:10B0C000FF3488F800302046BDE8F081022388F87C
:10B0D00000302046BDE8F081032388F80030204688
:10B0E000BDE8F081042388F800302046BDE8F081F7
:10B0F00030B583B00C460DF10702C9880546FFF74D
:10B10000B7FF011E08DB9DF807202B68032A05D036
:10B110001B680B4A93420ED103B030BD228A022A2B
:10B12000F6D11B6928469847E17CA27C2B6842EA4D
:10B1300001220281ECE7A11D2846984703B030BDEB
:10B140000DAE0200F0B58BB00C460DF10702098977
:10B150000746FFF78DFF002819DB9DF80730E689C9
:10B16000012293428DF8082013D09DF80E20A0886C
:10B17000ADF81060002363F3000202A98DF80E20E1
:10B18000ADF80C30ADF812300593FFF73BFE0BB075
:10B19000F0BD3A681F4952682089ADF81A60002551
:10B1A0008A428DF81C308DF81D30ADF818000895D6
:10B1B000ADF8245015D12A462F4629469DF80E5049
:10B1C000ADF80C1063F30005A088ADF8106002A97B
:10B1D000ADF8127005928DF80E50FFF713FE0BB00C
:10B1E000F0BD384606A990479DF81C304BB99DF834
:10B1F0001D30BDF81A60BDF82470089A4FF48171B3
:10B20000DCE729469DF81D30BDF81A60BDF82470B2
:10B21000089AD3E70DAE020000B583B009890DF19D
:10B220000702FFF725FF03B05DF804FBF8B50E4CED
:10B2300026689EB13368002B0FDD07463546002493
:10B2400002E03368A34208DD55F8040F036839466D
:10B250005B69984701340028F3D1F8BD542019F0F8
:10B26000D2FD20600660F8BDC03A002010B5054C44
:10B27000206800B110BD542019F0C5FD00232060E6
:10B28000036010BDC03A002008B50368132B05DC2D
:10B2900000EB830201335160036008BD1420FAF70C
:10B2A000ABFD00BFF0B40668002E0DDD4368994287
:10B2B00026D0041D002204E054F8045F8D4205D01E
:10B2C0001A46531CB342F7D1F0BC70470232B24267
:10B2D00013DA551C5C1C03EB060C00EB850500EB38
:10B2E0008404ACEB020C1946013155F8047B44F898
:10B2F000047B6145F8D1B21A13440360F0BC704777
:10B3000001220023E3E700BF02207047013101EB77
:10B31000810100EB4100704782B070B50C4684B0EB
:10B3200005464968206802AC03C4039908AC48107C
:10B3300084E80C00CB0745BF2A58029B029CD458D6
:10B340000AAB2E1893E803008DE8030008AB0CCB82
:10B350003046A04704B0BDE8704002B0704700BF5F
:10B3600082B070B504A981E80C000546BDF8124012
:10B37000FFF776FE28B1022C1ED0012C29D0052C17
:10B3800003D0BDE8704002B070472C46022304F899
:10B39000083F2B681D4A1B69934230D105F10A060C
:10B3A0002846FFF74BFE224601463046BDE8704076
:10B3B000012302B0FEF7F0BC2C46002104F8081F60
:10B3C0002B68124A1B699342E8D0284698470646E4
:10B3D000E6E72E460D4A06F8084F2B681B69934294
:10B3E0000FD105F10A042846FFF728FE3246014630
:10B3F0002046BDE87040012302B0FEF7CDBC00211D
:10B40000E3E70021284698470446ECE70DB3020025
:10B4100082B070B504A981E80C000546BDF8124061
:10B42000FFF71EFE28B1022C1ED0012C1FD0052CC8
:10B4300003D0BDE8704002B070472C46022304F8E8
:10B44000093F2B681A4A1B69934226D105F114065D
:10B450002846FFF7F3FD224601463046BDE870401E
:10B46000012302B0FEF798BC2C460023E7E72E46E6
:10B470000F4A06F8094F2B681B69934212D105F158
:10B4800014042846FFF7DAFD324601462046BDE89F
:10B490007040012302B0FEF77FBC01212846984787
:10B4A0000646D5E72146284698470446E9E700BF07
:10B4B0000DB302002DE9F041044682B00E46154658
:10B4C00010309846BDF828700AF098FA26806580FA
:10B4D000182019F098FC08AB054693E803006A466B
:10B4E00082E803002E4603CA46F80C8B0023084A64
:10B4F000EB6047F00207736068602046A780A56094
:10B50000E360C4E90833A9606A6102B0BDE8F08174
:10B5100019B302002DE9F04385B0BDF838803BB384
:10B520000C9C14B30F2902D1B8F1C00F20D10646EC
:10B5300028201C460D46174619F065FC0CAB8146C9
:10B5400093E803003A468DE8030023462946CDF8E8
:10B5500008804846FFF7AEFF336849465B683046CF
:10B56000984740B905B0BDE8F0830D9CE407D9D4F5
:10B570006FF47A70F6E7484604F02AFF484619F05F
:10B580003BFC0148EEE700BF16FCFFFF2DE9F04150
:10B59000324F3E6894B0002E36D00C460546304BF4
:10B5A000002934D1CDE9083108AB93E803004FF00E
:10B5B000100822468DE803002B460121CDF80880B3
:10B5C0000AA8FFF777FF33680AA99B6830469847B7
:10B5D0000AA804F0FDFE234B3E68CDE9063406AB15
:10B5E00093E8030022468DE803002B460221CDF8A4
:10B5F00008800AA8FFF75EFF336830469B680AA9F7
:10B6000098470AA804F0E4FE14B0BDE8F0810024D5
:10B610000493059404AB93E803004FF010088DE801
:10B62000030022462B463046CDF808800121FFF763
:10B6300071FF0C4B3E68CDE90A340AAB93E8030076
:10B6400022468DE80300CDF808802B4630460221C3
:10B65000FFF760FF14B0BDE8F08100BF3C3C002064
:10B6600061B3020011B40200F0B5044685B0FFF7E3
:10B6700025FC20461A4B40F80A3BFEF773FB0027D7
:10B6800004F11400FEF76EFB204616492781FFF7F0
:10B6900033FC01250926204649F68201FFF740FCCC
:10B6A000394604F1080320464DF69022CDE90156B3
:10B6B0000095FFF745FC2046CDE901560095A319FA
:10B6C00029464DF69122FFF73BFC2046FFF7C8FCC8
:10B6D00018B129462046FFF759FF204605B0F0BDB6
:10B6E000346B0400E06A04000121FFF74FBF00BF84
:10B6F0000021FFF74BBF00BF0420704701EB810121
:10B7000000EB41005230704710B5074B074A036009
:10B7100000238260C3810446083003F0F7FF20460F
:10B72000FFF7DCFB204610BD706B0400F46F0400D3
:10B7300010B5084A084940F8082C00220160C28070
:10B74000A0F1080403F0E2FF2046FFF7C7FB204604
:10B7500010BD00BF706B0400F46F040010B5094BFE
:10B76000094A036000238260C3810446083003F065
:10B77000CDFF2046FFF7B2FB204619F03DFB2046E7
:10B7800010BD00BF706B0400F46F040010B5094ACF
:10B79000094940F8082C00220160C280A0F1080489
:10B7A00003F0B4FF2046FFF799FB204619F024FB75
:10B7B000204610BD706B0400F46F04002DE9F84FB3
:10B7C0000368BC4F1A690E88BA4204460D4640F021
:10B7D00042815C300288B24200F0F6801A692E88FD
:10B7E000BA4240F0338104F152000288B24200F0C4
:10B7F000A3801B692E88BB4240F0E28004F1660002
:10B800000388B34258D023682E881B69BB4240F09E
:10B81000438104F170000388B34201D0BDE8F88F82
:10B82000B5F80A80B8F1010FF8D9A8F1020805F1BE
:10B830001003C8F34E0803EB48080E354FF001091A
:10B840000C2716E0122B94BF18221346206915F816
:10B85000011C98BF12FB037203EB430300EBC3030D
:10B8600088BF0C22DB6810441B6898470235A84546
:10B87000D4D015F8023CA16909FA03F21140F5D1C0
:10B8800060690240DED0122B9ABF182010FB0372B1
:10B890000B46206915F8011C03EB430300EBC303BF
:10B8A00088BF0C22DB68FF291044DB6814BF8900C5
:10B8B00040F2FF319847D9E76A89002AAED07E4B23
:10B8C000A3FB023AA2EB0A030AEB530A4FEA9A0AD5
:10B8D000CAEBCA03D21A92B2002A9FD11AF0FF0A09
:10B8E00091D005F10C08072313FB0A8A18E01822EF
:10B8F0000C2012FB030B206903EB4303DE008319CA
:10B900005844DB68DB6898472069064408F107085B
:10B91000F36849469B6B58449847C2453FF473AF60
:10B9200098F80030B8F80110D8F80390122BDED93F
:10B9300000234FF00C0BDEE76A89032A7FF659AF2C
:10B940002646EA6846F8142F1B69BB4240F0AD80DA
:10B9500004F152082046FFF771FB324601460423EA
:10B960004046FEF705FA00264FF0010909E006EB14
:10B970004602D20002F10C01002B7ED10136132EBB
:10B9800018D0D4E9052309FA06F818EA020F08EAE4
:10B990000303ECD006EB4602D20002F10C01002BAF
:10B9A000ECD0206902440136D36808445B699847AB
:10B9B000132EE6D123682E881B69BB423FF41EAFCD
:10B9C0000221204698471BE76A89032A7FF606AFC3
:10B9D0002646EA6846F8182F1B69BB4260D104F17D
:10B9E0005C082046FFF72AFB324601460423404606
:10B9F000FEF7BEF900264FF0010908E006EB46020B
:10BA0000D20002F10C0153BB0136132E18D0D4E939
:10BA1000052309FA06F818EA020F08EA0303EDD035
:10BA200006EB4602D20002F10C01002BECD020699B
:10BA300002440136D36808445B699847132EE6D167
:10BA400023682E881A69BA423FF4CDAE0021204601
:10BA500090472368C9E6012190472368BAE6206928
:10BA600002440844D3685B689847636918EA030F87
:10BA7000CAD0A36908EA0303D2E720690244084454
:10BA8000D3685B689847636918EA030F3FF476AFA1
:10BA9000A36908EA03037DE7032120469847BAE635
:10BAA00001212046984780469BE700212046984781
:10BAB00080464FE7FDB60200254992242DE9F04368
:10BAC000044685B0154600F10808FFF7F7F9364B34
:10BAD000A3600023E360404603F0A8FD334B2561DB
:10BAE00003F148022360A26004F1520504F17A06D2
:10BAF00028460A35FEF736F9AE42F9D10025C4F8DA
:10BB00004A502046C4E90555C4F83E502849C4F8B7
:10BB10004250C4F84650C4F84D50E5612562656254
:10BB20002585FFF7E9F904264FF00509204641F283
:10BB30007B21FFF7F5F9294604F114032046CDE9EE
:10BB40000169009645F69902FFF7FAF904F1180326
:10BB50002046CDE9016900964BF6FE120121FFF760
:10BB6000EFF904F11C070E223B46CDE900222046E6
:10BB700002964DF622020221FFF7E2F940F20D1281
:10BB80001423CDE90132032104F12A034FF40D42BD
:10BB900020460095FFF7D4F9404602F0C7FF204643
:10BBA00005B0BDE8F08300BFF46F0400706B0400C3
:10BBB000E06A04002DE9F047002405468A46A046C5
:10BBC0000C264FF001091CE04B689847C0B22B19B6
:10BBD000BAF1000F03D193F83E2082420CD005EB5E
:10BBE000480208F10108B8F1090F83F83E0082F815
:10BBF0002A4082F82B001ADC0134132C06F11806B7
:10BC000015D0AB6909FA04F21A4204EB440CF3D0E4
:10BC10002B696F6903EBCC0C3A4233441846DCF8CD
:10BC20000C10D1D04A699047C0F38700CFE7404657
:10BC3000BDE8F08703680D4A1B69934270B504465E
:10BC40000D460E880FD170300388B34200D070BD0E
:10BC500001212046FFF7AEFF0028F8D02A3440002B
:10BC6000AC60A88170BD03219847EDE7FDB60200E6
:10BC70002DE9F0410446FFF7F3F908B9BDE8F0817A
:10BC800000212046FFF796FF0028F7D023680D4AD1
:10BC90001B694000934285B204F12A070CD104F1DC
:10BCA00070062046FFF7CAF92B463A460146304651
:10BCB000BDE8F041FEF770B80321204698470646DC
:10BCC000EFE700BFFDB60200A0F10800FFF7D0BF0C
:10BCD0000320704701EB810100EB410028307047E1
:10BCE0002DE9F84F03681B4A1B690C889342834671
:10BCF00089462CD128300388A34201D0BDE8F88FB3
:10BD00000027BA460BF10B054FF0010805F801AF0B
:10BD10003EB20024DBF8080021B23246103009F0B0
:10BD200005FFC4F10403013420B12A7808FA03F3B3
:10BD300013432B70052CEDD10137052FE6D10BF104
:10BD40000C03C9F80830A9F80C70BDE8F88F002181
:10BD50009847D0E7D5BC02002DE9F0430368404C7A
:10BD60001B69B1F80080A34283B005460E4601F17D
:10BD70000C076AD12830038843451FD02B68B6F8DA
:10BD800000801B69A34263D105F13200038843455B
:10BD90003CD02B6837881B69A3425DD105F13C007C
:10BDA0000388BB4202D003B0BDE8F0837389012B46
:10BDB00084BFB3896B8203B0BDE8F0837389013B14
:10BDC000042BDBD8A8683C3006F0EEFC7389002B0E
:10BDD000E9D04FF000090FFA89F800243B78A868F1
:10BDE000C4F10402134143F3000321B2DBB210306B
:10BDF0004246013409F084FE052CEFD1738909F124
:10BE000001094B4507F10107E5DCCCE7B6F90A204B
:10BE1000394668460AF02AFAA8683C3006F0C4FCA5
:10BE2000A868694600F13C0401A80AF039FA6A8A58
:10BE300001A9204606F09AFD01A80AF09FF968467C
:10BE40000AF09CF903B0BDE8F0830021984792E71F
:10BE500001212846984799E70221284698479FE7FD
:10BE6000D5BC0200F0B5044685B01546FFF726F8AC
:10BE7000234B2360A56004F12800FDF773FF04F154
:10BE80003200FDF76FFF04F13C00FDF76BFF00256A
:10BE9000782363822046E56025741A492575FFF7EB
:10BEA0002BF820464DF61D11FFF73AF8052604F150
:10BEB0000C0740F205123B4629462046CDE90162B7
:10BEC000009647F67732FFF73BF814220421A318B7
:10BED000CDE9012120460092012149F2EE32FFF71F
:10BEE0002FF802212046029604F11203CDE9001139
:10BEF00040F62D52FFF724F8204605B0F0BD00BFF4
:10BF0000DC6B0400E06A04000420704701EB81014F
:10BF100000EB41001830704782B070B50C4684B019
:10BF200005464968206802AC03C4039908AC481070
:10BF300084E80C00CB0745BF2A58029B029CD458CA
:10BF40000AAB2E1893E803008DE8030008AB0CCB76
:10BF50003046A04704B0BDE8704002B0704700BF53
:10BF6000F0B503681C4E1B690F88B34285B00446C8
:10BF70000D4629D12C300388BB420BD023682F8873
:10BF80001B69B34223D104F136000388BB420ED0B3
:10BF900005B0F0BD6B89012BF0D9AB89A3820222D9
:10BFA00001230621684609F009FD05B0F0BD6B8943
:10BFB000002BEDD02B7BA375012BE9D104220621A8
:10BFC000684609F0FBFCE3E702219847D3E7032129
:10BFD00020469847D9E700BF0DBF020010B50446C0
:10BFE000806804F047FEA081A06804F04BFEE08169
:10BFF000A06804F04FFEA36820821A681846536AAE
:10C000009847A082A06804F019FE00B910BDA0688E
:10C0100004F0E8FE608210BD70B50446806804F04C
:10C02000C7FDA8B10323A37523680D4A1B6993427A
:10C0300004F116060FD104F136052046FEF7FEFF87
:10C040003246014601232846BDE87040FDF7A4BEF4
:10C050000223A375E8E70321204698470546ECE74D
:10C060000DBF02002DE9F0410446FEF7F9FF08B9C3
:10C07000BDE8F0812046FFF7B1FF2368244D1B691E
:10C08000AB4204F1140738D104F12C062046FEF728
:10C09000D5FF3A46014602233046FDF769FE236884
:10C0A0001B69AB4204F10C0722D104F118062046AB
:10C0B000FEF7C4FF3A46014606233046FDF76CFE04
:10C0C000A06804F0BBFD0028D2D023681B69AB42F6
:10C0D00004F1120616D104F122052046FEF7AEFF48
:10C0E0003246014602232846BDE8F041FDF754BE22
:10C0F0000021204698470646D9E702212046984766
:10C100000646C3E70121204698470546E5E700BFFC
:10C110000DBF020070B5044605468068A18A036819
:10C120001B6A9847A06803685B6A984723680C4AB3
:10C130001B6925F8140F93420CD104F12C062046FC
:10C14000FEF77CFF2A46014602233046BDE87040D8
:10C15000FDF70EBE0221204698470646EFE700BFD6
:10C160000DBF020082B08DE80C00BDF80230012B3B
:10C1700005D0022B09D0042B04D002B0704702B0C6
:10C18000FFF770BF02B0FFF747BF02B0FFF7C2BFB3
:10C190002DE9F041044682B00E461546103098460F
:10C1A000BDF8287009F02AFC26806580182018F058
:10C1B0002AFE08AB054693E803006A4682E80300BE
:10C1C0002E4603CA46F80C8B0023084AEB6047F062
:10C1D0000207736068602046A780A560E360C4E939
:10C1E0000833A9606A6102B0BDE8F08119BF02009E
:10C1F0002DE9F04385B0BDF838803BB30C9C14B3F7
:10C200000F2902D1B8F1C00F20D1064628201C46C4
:10C210000D46174618F0F7FD0CAB814693E8030076
:10C220003A468DE8030023462946CDF80880484663
:10C23000FFF7AEFF336849465B683046984740B920
:10C2400005B0BDE8F0830D9CE407D9D46FF47A7093
:10C25000F6E7484604F0BCF8484618F0CDFD014822
:10C26000EEE700BF16FCFFFF2DE9F0411D4F1E4D0C
:10C270008AB000260446FFF7B1FECDE908760AAB86
:10C2800013E903008DE80300C022234628680292C8
:10C2900006210122FFF7ACFFCDE9067606AB93E855
:10C2A00003002A684FF010088DE80300234610466B
:10C2B000CDF8088002220621FFF79AFFCDE9047627
:10C2C0000DEB080393E803002D68CDF808808DE896
:10C2D00003002346042228460621FFF789FF0AB0FF
:10C2E000BDE8F08165C102003C3C002070B5044609
:10C2F00084B01546FEF7E2FD2E4BA560236004F1E5
:10C30000180504F1400628460A35FDF72BFDAE421C
:10C31000F9D10025A06825610368E5605B6A98474C
:10C32000A575A08224492046FEF7E6FD4FF2D821EC
:10C330002046FEF7F5FD092606232946CDE90136FC
:10C34000022500934FF6113204F10C032046FEF74C
:10C35000F7FD04F1120349F2157201212046CDE9DF
:10C3600001560095FEF7ECFD05232946029343F69E
:10C370006C0204F114032046CDE90055FEF7E0FD00
:10C3800001230C22CDE901320093204604F116036B
:10C390004BF258320321FEF7D3FD2046FEF760FE34
:10C3A00028B1064B1B6813B12046FFF75DFF2046FE
:10C3B00004B070BD186C0400E06A04003C3C00202E
:10C3C000024B1B680BB1FFF74FBF70473C3C00208E
:10C3D00030B5114B1C6891B0BCB10A46B9B90F49D0
:10C3E000CDE9041204A9034603C910258DE8030012
:10C3F0000295062106A8FFF7CBFE236806A99B68D5
:10C400002046984706A803F0E3FF11B030BDFFF7C0
:10C410002BFF11B030BD00BF3C3C002065C10200C5
:10C420000021FFF7D5BF00BF0120704701EB81015C
:10C4300000EB41007030704782B070B50C4684B09C
:10C4400005464968206802AC03C4039908AC48104B
:10C4500084E80C00CB0745BF2A58029B029CD458A5
:10C460000AAB2E1893E803008DE8030008AB0CCB51
:10C470003046A04704B0BDE8704002B0704700BF2E
:10C480002DE9F041044686B0002590461F46FEF790
:10C4900015FD2E492160C4E90287258284F8545095
:10C4A000A56504F17000FDF75DFC20462849E565AF
:10C4B00025666566A566E566FEF71EFD20464DF617
:10C4C0001D11FEF72DFD04F15C0614220A273346E8
:10C4D0002946CDE901272046009243F61032FEF7A7
:10C4E0002FFD2820D4F8088018F08DFC0646103067
:10C4F00009F084FA29233360182018F084FC154AC7
:10C50000CDE90425074604AA034603CA47F80C4BA5
:10C51000DD607D6058609960D8F800200E49F560B4
:10C5200012205961B360B080C6E90855536840468F
:10C530003146984718B9204606B0BDE8F08130462C
:10C5400003F046FF304618F057FCF4E7786C04001F
:10C55000606C040091C8020039C40200F0B5037C8D
:10C56000CA78934285B0054629D022D99B1A072B59
:10C57000CCBF00240124D4B9314A2B68128804AE00
:10C58000214626F8102D28461B699847074628465D
:10C59000FEF754FD0223014632463846FDF7FCFB08
:10C5A0006B7C85F854400433DBB26B742B7405B09C
:10C5B000F0BDD31AF82BD4BF00240124DBE70A46D0
:10C5C00090F8540001332B7452F804CF030105F1A5
:10C5D0001404E01857689668D26844F803C04760AE
:10C5E0008660C26095F85430012B0FD01ED3032B08
:10C5F00018D101231A462921684609F0DFF96B7C1E
:10C60000002204336B7485F85420D0E78B78497886
:10C61000AA6D1B0443EA016313430222AB6585F84C
:10C620005420C4E7013385F85430C0E7B1F8013035
:10C630005BBA9BB20122AB6585F85420B7E700BF17
:10C640004C6C0400F0B503684F4A1B690E88934296
:10C6500097B004460D4615D170300388B34201D01F
:10C6600017B0F0BD6B89002BFAD02A7B022A17D0B5
:10C670000BD8DAB1012AF3D105F10C012046FFF7FE
:10C680006DFFEDE700219847E7E7EE2A5FD0FF2A2C
:10C69000E6D16B7B23B1012BE2D1F9F7A3FBDFE7F6
:10C6A0000123292106A809F089F9D9E706A802F093
:10C6B00007FC364B1A684AB9129A3AB19DF84410F1
:10C6C000032903D132481399026019606B7B8DF8FE
:10C6D0000530142106A803EB830201FB030316A90E
:10C6E00001EB820252E90E62103303CB330E8DF858
:10C6F00009608DF80630330C360A25688DF80D2058
:10C700008DF807308DF80860130C0026170E120AFA
:10C710008DF80C20CDF80E00CDF812108DF80A70AF
:10C720008DF80B308DF804602B6931462046984710
:10C7300005462046FEF782FC01AA01461223284640
:10C74000FDF72AFB268284F85460A66588E7114B22
:10C75000002518688DF81A504FF4F773ADF81830AB
:10C76000FEF7C6F823688DF81A0029461B69204693
:10C77000984705462046FEF761FC0323014606AABA
:10C780002846FDF709FB6BE72DC40200C43A0020E0
:10C79000C83A0020BC3A002010B5ADF5627D01A872
:10C7A00002F0F4F94FF46072002102A818F086FB41
:10C7B0000220012300225821039003A80A930DF0C0
:10C7C000D9FE00220290C3219AA80DF0D3FE40F6B4
:10C7D000FC7399901A68013232D04FF080521C6875
:10C7E00013691C4420464FF4607202A918F033FB11
:10C7F000B0B940F6FC731C684FF4607202A9204681
:10C8000018F029FB48B1214601A802F0C1F902AA9B
:10C81000214601A8E02302F0F1F90DF5627D10BD7B
:10C82000214601A802F0B4F9E023214602AA01A89A
:10C8300002F0E4F940F6FC731B680133D9D10EE035
:10C840004FF010224FF0805394691B691C4420461E
:10C850004FF4607202A918F0FEFA0028E0D14FF000
:10C8600010239C69C8E700BF40F6FC731A680132C8
:10C870000ABF4FF010231A689A694FF080531B6962
:10C88000134493F8A13203B97047FFF785BF00BF87
:10C8900082B02DE9F04383B00AA90546684681E8D5
:10C8A0000C0002F073F9BDF82A40022C56D0FF2C80
:10C8B0004BD0012C04D003B0BDE8F04302B0704768
:10C8C0004C49E86806F0D6FA0746002865D001AE64
:10C8D000384618F091FA4FF08052AC6D1169B4FBF4
:10C8E000F1F301FB13438BB9116989080ED021685C
:10C8F000013108BF201D04D04AE050F8041B01316B
:10C9000046D111690133B3EB910FF6D32146684646
:10C9100005F11402102302F071F94FF601722B6831
:10C92000ADF804201B690021284698470446284694
:10C93000FEF784FB3246014602232046FDF72CFA1F
:10C9400003B0BDE8F04302B070472B4B1868FDF709
:10C95000AFFF03B0BDE8F04302B070471023684654
:10C9600005F11402A96D02F049F9FFF715FFE86817
:10C97000204906F0B3FB214B186810B1012101F0EA
:10C9800067F8F9F72FFA03B0BDE8F04302B070473B
:10C990002146684602F0FCF8B8E702AE234606F8E6
:10C9A000044D174C1349E868324606F09DFA236897
:10C9B000002B8DD0134AD2F80090994588D24FF0C1
:10C9C0008058A9F1040309F6FC7101E08B4207D0FD
:10C9D00053F8042F0132F9D04946684602F0D8F8DE
:10C9E000D8F81030226823F0030399449145E8D326
:10C9F0006EE700BF506C0400BC3A00201C3A0020D7
:10CA0000C43A0020C83A00200220704701EB81019F
:10CA100000EB41001030704782B070B50C4684B016
:10CA200005464968206802AC03C4039908AC481065
:10CA300084E80C00CB0745BF2A58029B029CD458BF
:10CA40000AAB2E1893E803008DE8030008AB0CCB6B
:10CA50003046A04704B0BDE8704002B0704700BF48
:10CA60002DE9F04103681A4E1B690F88B342044652
:10CA70000D4624D11A300388BB4201D0BDE8F081B5
:10CA80006B89012BFAD9A989E181A068FAF75AF9D3
:10CA9000A068FAF75FF923681B692546B34225F8B9
:10CAA0000E0F0FD104F11A062046FEF7C7FA2A46E8
:10CAB000014602233046BDE8F041FDF759B9012196
:10CAC0009847D8E70121204698470646ECE700BF83
:10CAD0000DCA020082B070B504A981E80C000446BA
:10CAE000FEF7BEFA18B9BDE8704002B07047A06802
:10CAF000FAF71CF925460D4A05F80C0F23681B6947
:10CB000093420DD104F110062046FEF797FA2A460B
:10CB100001463046BDE87040012302B0FDF73CB944
:10CB20000021204698470646EEE700BF0DCA0200E6
:10CB30002DE9F041044682B00E4615461030984665
:10CB4000BDF8287008F05AFF26806580182018F07C
:10CB50005AF908AB054693E803006A4682E80300E9
:10CB60002E4603CA46F80C8B0023084AEB6047F0B8
:10CB70000207736068602046A780A560E360C4E98F
:10CB80000833A9606A6102B0BDE8F08119CA0200E9
:10CB900070B5044686B08068FAF7C8F82073A068BC
:10CBA000FAF7D8F8144A154BE081049328200023A3
:10CBB0001668059318F027F906AB054613E903003C
:10CBC000C0228DE803002346029208212846012254
:10CBD000FFF7AEFF336830465B682946984708B9CF
:10CBE00006B070BD284603F0F3FB284606B0BDE84A
:10CBF000704018F001B900BF3C3C0020D5CA0200CB
:10CC000070B5044684B01546FEF758F91E4B2360F4
:10CC1000A56004F11000FDF7A5F8002604F11A0044
:10CC2000FDF7A0F82673E68120461849FEF764F95F
:10CC300020464FF4C241FEF773F90125092231461F
:10CC400004F10C032046CDE90152009549F250222F
:10CC5000FEF776F9052602222046CDE9012600924C
:10CC6000294604F10E0341F62532FEF769F9204604
:10CC7000FEF7F6F928B1064B1B6813B12046FFF703
:10CC800087FF204604B070BDB46C0400E06A040065
:10CC90003C3C0020024B1B680BB1FFF779BF70478B
:10CCA0003C3C002010B5114B1C6890B0C4B1C9B910
:10CCB0000F4ACDE9042104AA034692E8030010229A
:10CCC0008DE8030002920821012206A8FFF730FF39
:10CCD000236806A99B682046984706A803F078FBBE
:10CCE00010B010BDFFF754FF10B010BD3C3C002049
:10CCF000D5CA02000021FFF7D5BF00BF0220704750
:10CD000001EB810100EB41002430704790F82320B3
:10CD10000023038480F8223002B9704700B585B043
:10CD20000123032240F2FF31684608F047FE05B0B8
:10CD30005DF804FB2DE9F0410446FEF791F918B9BE
:10CD400000263046BDE8F0812368DFF890801B693B
:10CD50004345064639D104F1240003899B07EFD5EA
:10CD600094F82230E068E77C94F82110132B0744F4
:10CD700018D894F82020914205D113E094F820208F
:10CD80008A420FD0E0685A1C84F82220425CFA5490
:10CD900094F82230E07C0131132B91FBF0F200FB80
:10CDA0001211EBD92268126942459DB211D104F1EA
:10CDB00024082046FEF742F92B4601463A464046F3
:10CDC000FDF728F83046BDE8F0810021204698475D
:10CDD000C3E70021204690478046EAE701CD0200E4
:10CDE00030B503681B4A1B690D88934285B0044621
:10CDF0002DD124300388AB4201D005B030BD94F86A
:10CE0000222094F82130E17C94F823501344002030
:10CE100093FBF1F201FB123384F8213084F82200F5
:10CE20000123032240F2FF31684608F0C7FD002DC0
:10CE3000E3D194F82230002BDFD194F8212094F82C
:10CE400020309A42D9D02046FFF774FFD5E7002161
:10CE50009847CFE701CD02002DE9F04F0368304A33
:10CE60001B690C88934285B005460F4654D12E307D
:10CE70000388A34202D005B0BDE8F08F7B89002B68
:10CE8000F9D00C3707EB030B2B7CAA7C687C591C70
:10CE900091FBF2F602FB161686422AD0AA6997F891
:10CEA0000080B2F90290B9F1000F17DD05F1180A00
:10CEB000002401E0A14510D021B2504609F038FA13
:10CEC000804504F10104F5D101231A464FF496611F
:10CED000684608F073FDA145EED12B7CAA6802F8E4
:10CEE0000380EB692E749E420BD00137BB45CBD13A
:10CEF000C1E7012303224FF49661684608F05EFD06
:10CF0000F3E74FF0FF33EB61022201234FF4966108
:10CF1000684608F053FDE8E701219847A8E700BFFD
:10CF200001CD02002DE9F041044684B015461E46AD
:10CF3000FDF7C4FF2046254B40F8183B09F0B8F92F
:10CF4000013604F12400FCF70DFFF6B204F12E00C7
:10CF50000135FCF707FFEDB206F128002844012156
:10CF600003F0F2F905F1140300270344C4E90203B6
:10CF7000A5742046E6742782278484F8227084F8FA
:10CF800023701349FDF7B8FF20460121FDF7C8FFC4
:10CF9000A36800974FF0140806222B442046CDE9E1
:10CFA000018201210322FDF7CBFFE368CDF8048065
:10CFB0001022204602920097394633440222FDF7A0
:10CFC000BFFF204604B0BDE8F08100BF006D040043
:10CFD000E86C0400012923D070B50446407C71B18F
:10CFE000A57C461C022996FBF5F205FB126202D1D4
:10CFF000237C83420DD0A368185C627470BD237CCF
:10D00000834210D0A37C411C91FBF3F203FB12126C
:10D01000F1E7E2614FF4966002F04CFF607CF1E7CB
:10D020006FF47A707047014870BD00BF0CFCFFFFC1
:10D030002DE9F04FB2F1000883B040F39980012B45
:10D0400000F0968005461E460091FEF709F800287C
:10D0500000F08B802B68484F1B69BB4240F08180F9
:10D0600005F1240003899A077FD54FF0000B05F1E5
:10D070002403DA4601934FF001092846FDF7F0FF3B
:10D08000002858D02B681B69BB4258D101980389EE
:10D090009B0750D5C34527DA95F82010EA7C95F810
:10D0A00021004B1C93FBF2F402FB143398421BD07B
:10D0B000009A0BF1FF30104408E0EC7C95F821C099
:10D0C00092FBF4F304FB13239C450DD0EA6810F89F
:10D0D000014F54540BF1010BD9B2D84503F10102B1
:10D0E00085F82010E9D1C346022E2CD185F8239073
:10D0F000032140F2FF3002F02BFD95F8223043B9B6
:10D1000095F8212095F820309A4202D02846FFF762
:10D1100011FE02F09FFED84585F823A0ADD195F809
:10D12000212095F820309A4205D02846C346FDF7C5
:10D1300097FF0028A6D1584603B0BDE8F08F002124
:10D1400028469847A3E795F82230002BF3D195F8AD
:10D15000212095F820309A42EDD02846FFF7EAFDCD
:10D16000E9E70021284698477CE7DFF810B0E2E7BE
:10D170006FF47A7BDFE700BF01CD020016FCFFFFF2
:10D1800010B40C681346211DB4F902205DF8044B5D
:10D19000FFF74EBF012BF8B541D017460D460646A6
:10D1A000D3B1022B2AD1437C027C9A423DBF817CC1
:10D1B0008918CB1AD31A9F4223DC002F1EDD6C1E68
:10D1C000E51902213046FFF705FF04F8010FA542DB
:10D1D000F7D13C462046F8BD002A0FDD4D1E1C4607
:10D1E00004E00134A74205F8010FF3D000213046D6
:10D1F000FFF7F0FE0028F4DA2046F8BD00242046B0
:10D20000F8BD817C3A44D31A93FBF1F201FB12334F
:10D21000C36102214FF4966002F04CFECDE76FF43B
:10D220007A74D7E7012A0FD010B51830144609F0E8
:10D2300045F8022C01D0002010BD01214FF496606A
:10D2400002F038FE002010BD6FF47A70704700BF06
:10D250002DE9F04F87B000AF012B7B60F86000F044
:10D26000B6804D7C0C7CBD60A5428946934636D085
:10D270001168D9F80830B1F902105E5D002905F196
:10D28000010824DD00244FF0FF3A21B2584609F08E
:10D290004FF8DBF80010B1F902100134B04208BFBA
:10D2A000AA46A142F1DC99F8120099F8104098FBC7
:10D2B000F0F500FB1585AC421CD0BAF1FF3F40D120
:10D2C000D9F8083000295E5D05F10108DADC99F82B
:10D2D000120098FBF0F500FB1585A542CDD17B68C7
:10D2E000022B0DD0F86808F0E3FFF8681C37BD4644
:10D2F000BDE8F08F7B68022B23D1BAF1FF3F20D12C
:10D30000594607F1140008F0CBFF07F1140102227F
:10D310004846FFF787FF07F1140008F02FFF99F840
:10D32000103007F1140003F1FF3A08F0C1FF07F1D4
:10D33000140109F1180008F0C1FF07F1140008F00A
:10D340001DFFBAF1000FCDDBBB6899F812409A457A
:10D35000ABBFBB68E61AAAEB0306564406F1080207
:10D3600022F007026D46ADEB020D00216846721CEB
:10D3700017F0A4FDB7F80880D9F808E01FFA8AF37F
:10D38000984569460FD00DF1FF3C08F1010090FB74
:10D39000F4F204FB12021EF808000CF8010F1FFA49
:10D3A00082F84345F1D199F81130F86801333344DC
:10D3B00093FBF4F204FB123489F8114032B208F006
:10D3C00055FFF868AD461C37BD46BDE8F08F6FF4D9
:10D3D0007A7108F0F3FEF8681C37BD46BDE8F08F9F
:10D3E000437C027C934283BF807C8018C01AD01A91
:10D3F000704700BF10B5074B036003F1740103F1E0
:10D40000A402044681614262183005F073FB204695
:10D4100010BD00BF3C6D040010B5074A40F8182C41
:10D4200002F1740402F1A4010460C160A0F11804C7
:10D4300005F060FB204610BD3C6D040010B5084BA4
:10D44000036003F1740103F1A402044681614262A6
:10D45000183005F04FFB204617F0CEFC204610BDDB
:10D460003C6D040010B5094A40F8182C02F1740410
:10D4700002F1A401C1600460A0F1180405F03AFBB8
:10D48000204617F0B9FC204610BD00BF3C6D0400DB
:10D49000F0B583B016469DF82050CAB21F463146FB
:10D4A000012304460AF04AFD012D04F1180003D0BF
:10D4B000032D14BF0025022500213B463246009172
:10D4C0000195214605F03AFC044B236003F17402F8
:10D4D0002046A433A261636203B0F0BD3C6D04003A
:10D4E00042DF7047704700BF084602F0BDBC00BF76
:10D4F00082B070B50C4684B005464968206802AC1D
:10D5000003C4039908AC481084E80C00CB0745BF5E
:10D510002A58029B029CD4580AAB2E1893E80300A9
:10D520008DE8030008AB0CCB3046A04704B0BDE843
:10D53000704002B0704700BF82B08DE80C0000F66A
:10D540004820002102B0F8F779B900BF82B010B5C9
:10D5500002A981E80C00BDF80A30062B3DD00FD996
:10D56000152B22D040F6B932934226D1BDE81040A7
:10D5700000F595504FF0FF31006802B007F0CEBBC8
:10D58000032B20D10446002100F6641005F0FCFBBB
:10D5900004F68810002105F0F7FB04F6AC10BDE896
:10D5A0001040012102B006F09DBCBDE8104000F51E
:10D5B000955002B0006807F0C9BC0D2B05D0BDE83E
:10D5C000104002B07047052BF9D1BDE81040D0F8EB
:10D5D0002C0A036802B01B6B1847BDE81040D0F856
:10D5E000300A036802B09B6A184700BF82B08DE81A
:10D5F0000C00BDF80230152B01D002B0704700F5C9
:10D60000955002B0006807F0ABBC00BF38B500F61B
:10D61000180405462046F9F721F940B105F10C0040
:10D62000FCF74EFF38B92046F9F720F950B9BDE8AC
:10D6300038400CF04BB82046F9F7E2FABDE8384024
:10D640000CF044B82046F9F7C9FA0028EFD138BDEC
:10D65000064A1368591E11603BB9054A116821B189
:10D660004189136021F400534381704774200020E6
:10D6700030200020A0F10400FFF7EABF704700BF90
:10D680002DE9F04F89B00446F8F712FBBC4B4FF080
:10D690000009C4E90139201D01F0C8FFB94B23601E
:10D6A00004F10C063C33636004F134073046FCF7A8
:10D6B00083FD04F14C05266338460922B2490BF07C
:10D6C0007FFF04F1640828460A22B0490BF078FF76
:10D6D00004F17C0640461A22AD490BF071FF30463A
:10D6E0001B22AC490BF06CFF4A463946012304F17A
:10D6F000980004F0DDFD04F1F80304F1D000039379
:10D7000006F036F9DDF80C9004F5417A222329461B
:10D7100048465B2208F0C6FF4146504612220BF0F5
:10D720001FFD04F5517504F27C72494604922846A7
:10D73000524600F0DBF904F2E478974B049804F5C4
:10D74000CD6204F5CA610BF01FFB04F5B86204F565
:10D75000B561404601F042FE04F5A36204F5A661FE
:10D7600004F2FC7001F03AFE4FF0280C04F61803A6
:10D77000CDF800C018462A46059341463B468146EF
:10D780002A27F8F7E5FD04F6680241464B461046A5
:10D79000069200972A46F9F71FFB40F6F87304F645
:10D7A00094051A6801320ABF4FF0102319685969AD
:10D7B0004FF0805304F6A40718691B6900EB400082
:10D7C000091A01222846FAF7E5FA294638460022C6
:10D7D000079705F025FB04F5C460C4F8BC08D4F82D
:10D7E0002807C4F8C408D4F82C07C4F8C808D4F82B
:10D7F0003007C4F8CC0804F5BB63D4F83407C4F888
:10D80000B03804F5BE6704F5C16104F5C7620523AD
:10D8100004F6F40BC4F8B478C4F8B818C4F8C028F7
:10D8200031465E4AC4F8D00804F50B65D4F83807D1
:10D83000C4F8D40804F6C40704F6D806C4F8D838E7
:10D84000C4F8DC38C4F8E038C4F8E438C4F8F02888
:10D85000584632460723C4F8E858C4F8EC78F8F77D
:10D8600059FC4FF0000901231A46CDE9009904F54F
:10D87000727104F6641005F061FACDE90099012394
:10D88000022204F58B6104F6881005F057FA032391
:10D890000222012104F6AC1006F082FB524604F588
:10D8A000A96A40F6AC53514604F6BC1006F0F2FBF0
:10D8B000092104F51F6001F06FFB082104F6182010
:10D8C000F9F7DCF9404600F043FCC4F82C0A404666
:10D8D00000F01AFD079BD4F82C2A009301465B4602
:10D8E000C4F8300A04F6342001F0D8F804F5AC6B23
:10D8F00004F5AF6004F5B261CDE90010039B5A4610
:10D9000004F5547104F64820F8F7CAF804F59D5060
:10D91000DDE9043206990830F8F75EFC04F5D063BF
:10D920000121A4F80A90504603930AF031FB039BAF
:10D93000994618460AF04CFA022148460AF016F9B0
:10D94000B4F88636164923F480734046A4F8863628
:10D9500009F036FB55F8040B01210AF017FDAF4220
:10D96000F8D155F8040B01210AF010FDAE42F8D1B0
:10D97000584601210AF00AFD204609B0BDE8F08FA3
:10D98000F46F0400246E04000090004000A00040EA
:10D9900000A0014000B0014000200040E86D0400FC
:10D9A000801A0600704700BF2DE9F04F83B0DDE913
:10D9B0000C9ABDF83880002B3BD0B9F1000F35D060
:10D9C0000F2902D1B8F1C00F33D1074628201D46D8
:10D9D0000E46934617F017FA0446103008F00EF87A
:10D9E00018202680A4F802B017F00DFACDE9009AAD
:10D9F00006466B46024603CB46F80C5B00233D68A7
:10DA0000D36048F002087360E360506091600E4993
:10DA10005161C4E90833A4F80480A2606B683846F9
:10DA20002146984740B903B0BDE8F08F1AF0010FC6
:10DA3000C6D16FF47A70F6E7204602F0C9FC2046A2
:10DA400017F0DAF90148EEE7F1D4020016FCFFFF07
:10DA500070B5002486B04FF48053802205460E46F0
:10DA600002A821460094FAF795F9012302A80E4A6C
:10DA700001A9FAF7E7F8019B7BB101236A460A493D
:10DA800002A8FAF7E9F805F59D500830F8F7F0FB21
:10DA900002A8FAF789F906B070BD002EF3D102A8EA
:10DAA000FAF782F906B070BDE46D0400A0F104003D
:10DAB000EEF78EBD10B5044B036000230446C3800F
:10DAC00001F024FE204610BDF46F040010B5064B93
:10DAD000036000230446C38001F018FE204617F0BF
:10DAE0008BF9204610BD00BFF46F04002DE9F04F04
:10DAF000BB4B03604FF0000B89B00446C0F804B084
:10DB0000CDE906124FF0290A01F090FDB54B2360D4
:10DB1000022203236421C4F808A004F10C000AF0D7
:10DB20000DFA03231A46652104F124000AF006FACF
:10DB300003230422662104F13C000AF0FFF904F1FA
:10DB40006C0903232322672104F154000AF0F6F93B
:10DB500004F1840503231C22682148460AF0EEF9EB
:10DB600004F19C06284603230E22692104F1B40720
:10DB700001950AF0E3F93046032325226A21029633
:10DB80000AF0DCF9384603230B226B2103970AF0D5
:10DB9000D5F903230A226C2104F1CC000AF0CEF956
:10DBA00004F1FC031D46092203236D2104F1E40066
:10DBB0000AF0C4F904F58A731E46284603231E2280
:10DBC0006E2104950AF0BAF93046032317226F211B
:10DBD00005960AF0B3F903230C22702104F5967020
:10DBE0000AF0ACF903231122712104F5A2700AF0A6
:10DBF000A5F903230122722104F5AE700AF09EF903
:10DC000003230D22732104F5BA700AF097F904F585
:10DC1000D27703231D22742104F5C6700AF08EF911
:10DC200004F5DE7803232222752138460AF086F9AE
:10DC300004F5EA7503231F22762140460AF07EF997
:10DC400004F5F67603231A22772128460AF076F99E
:10DC500003232022782130460AF070F9032324227E
:10DC6000792104F501700AF069F95A4603237A21F3
:10DC700004F507700AF062F9032314227B2104F5EE
:10DC80000D700AF05BF903230522862104F5137059
:10DC90000AF054F9032310227C2104F519700AF0CC
:10DCA0004DF9032308227D2104F51F700AF046F97F
:10DCB000032315227E2104F525700AF03FF9032382
:10DCC00016227F2104F52B700AF038F903230F2266
:10DCD000802104F531700AF031F9032318228121E3
:10DCE00004F537700AF02AF903231322822104F580
:10DCF0003D700AF023F901230622832104F54370C5
:10DD00000AF01CF901232822842104F549700AF045
:10DD100015F903231922852104F54F700AF00EF935
:10DD200003230722972104F555700AF007F903230E
:10DD30002122982104F55B700AF000F903231B22CD
:10DD4000992104F561700AF0F9F8032327229A213A
:10DD500004F567700AF0F2F8524603239B2104F59C
:10DD60006D700AF0EBF8032326229C2104F57370F2
:10DD70000AF0E4F80398C4F8E8030298C4F8F00342
:10DD80000498C4F8F40301981749A368C4F8F80389
:10DD90000598164AC4F8FC0306980860132B0799E7
:10DDA000C4F8E493C4F8EC83C4F80074C4F80454D1
:10DDB000C4F8086411600BDD13262B6828465B6CE1
:10DDC00000219847A3680136B34205F11805F4DC39
:10DDD00023440022204683F80C2409B0BDE8F08FCC
:10DDE000F46F0400846E04002C3D0020283D0020C8
:10DDF00082688118002A91F80C3443F0010381F8FD
:10DE00000C3445DD2DE9F0470646DFF8888000F147
:10DE10000C0400F20B45002715E0D3F8003703F49B
:10DE20004033B3F5003F05D199F8003043F00803C3
:10DE300089F80030A5F20A45B268AB1B9A4204F19A
:10DE400018044D4622DD94F814A06F702368204614
:10DE5000DB69984705F101090AF01F020028E9D1A2
:10DE6000BAF1200F34BF4FF0A043434603EB8203C7
:10DE7000D3F8002702F44032B2F5403FCDD199F8F3
:10DE8000003043F0040389F80030D3E7BDE8F087A1
:10DE9000704700BF00030050F8B583681F4A034471
:10DEA00093F80C1421F0010183F80C14D2F80473D8
:10DEB000D2F80433C2F808338368002B29DD064604
:10DEC00000F10C0400250FE011F0080320464FF08C
:10DED000020104BF204619460AF076FAB3680135FC
:10DEE000AB4204F1180414DD23682046DB6998472F
:10DEF00073190028F2D193F80C144B07E4D520468F
:10DF000003210AF061FAB3680135AB4204F1180449
:10DF1000EADC024BC3F80473F8BD00BF00600040A8
:10DF20002DE9F04F324CD4F804B3D4F80453C4F8BC
:10DF300008538468002C83B045DD994600928846DA
:10DF4000064604464FF0000A06E0B3680AF1010AEB
:10DF5000534504F1180436DDE36894F82070DB695A
:10DF600004F10C05284698470028EED1E3682846BE
:10DF70001B6A98470028E8D0638A13F400712BD0FD
:10DF8000B8F1000FE1D0009A6AB31F2F07F01F0706
:10DF9000184A07F5E07198BF4FF0A042019252F87D
:10DFA000211011F4403FD0D113F4807F28460CBFDC
:10DFB000032102210AF008FA0123019A03FA07F764
:10DFC000C2F82075C1E70A4B0022C3F87C21C3F8D0
:10DFD00004B303B0BDE8F08FB9F1000FB5D0284607
:10DFE0000AF0F2F9B1E7284600990AF0EDF9ACE73A
:10DFF000006000400003005038B50446062919D8D7
:10E00000DFE801F02E38485858041A00002A55D08D
:10E01000816800290EDD0023458A15F4007F03F195
:10E02000010300F1180003D0116801311160A168EB
:10E030009942F1DC002038BD81680029FADD0246F2
:10E040000020538A13F4007F23F400731CBF538213
:10E05000A1680130814202F11802F2DC0020EAE7F7
:10E06000FFF7C6FE0122204611460023FFF758FFA6
:10E07000002038BD8368034493F80C34DA0701D4D8
:10E08000FFF7B6FE0123204619460022FFF748FF9E
:10E09000002038BD8368034493F80C34DB0701D4B7
:10E0A000FFF7A6FE012320461A461946FFF738FF60
:10E0B000002038BDFFF7F0FE002038BD6FF47A7005
:10E0C00038BD00BF10B5044603EB43002160C4E92E
:10E0D00002230121800002F037F9002360602382CF
:10E0E000204610BD704700BF054B1B68834203D01C
:10E0F0001A681846D36A184710B53220F7F77CFE25
:10E10000D43A0020054B1B68834203D01A68184696
:10E11000136B184710B53220F7F76EFED43A002083
:10E1200010B5034B0360044602F07EFC204610BD90
:10E13000A86E040010B5054B0360044602F074FCA1
:10E14000204616F059FE204610BD00BFA86E040000
:10E150002DE9F041404C236813F0010382B00746DB
:10E160004FD03E4C2368DB073DD53D4D2B7823B186
:10E170003C4C206802B0BDE8F0813B4E072002F025
:10E18000F3F9304609F024FE0221304609F0EEFC96
:10E19000F38823F4807332213846F38005F04CF97C
:10E1A000002836D1442016F02EFE052206462F49BF
:10E1B0002C4C02F037FA2E4B33604C20266016F0C0
:10E1C00022FE06222949804600F094F8294BC3F824
:10E1D00000804046216802F035FD206801232B7045
:10E1E00002B0BDE8F0810323192285211E4809F001
:10E1F000A5FE0123204A21491B48236016F0FEFD9D
:10E20000B3E701221146194807F054FB01232360AC
:10E21000A7E7502016F0F7FD32230522CDE90032A2
:10E220003946124B0F4C3246804605F0EBF854202D
:10E23000C4F8008016F0E7FD4FF0060C3C23CDE952
:10E24000003C3246094B3946804605F0D3F9094B6C
:10E25000C3F80080BDE700BFCC3A0020D03A0020D0
:10E260006A440020D43A0020E03A0020D83A002046
:10E27000A86E0400F83A002040200020E5E00200EB
:10E2800010B5044616F0B8FD204610BD054B1B68BE
:10E29000834203D01A681846D369184710B5332053
:10E2A000F7F7AAFDF83A0020054B1B68834203D01C
:10E2B0001A681846936A184710B53320F7F79CFD83
:10E2C000F83A002010B5034B0360044602F0A4FDA9
:10E2D000204610BDE86E040010B5054B03600446EF
:10E2E00002F09AFD204616F087FD204610BD00BFC3
:10E2F000E86E040010B5044602F0F0FB014B236009
:10E30000204610BDE86E040008B5FFF721FF014B61
:10E31000186808BDF83A002082B070B50C4684B089
:10E3200005464968206802AC03C4039908AC48104C
:10E3300084E80C00CB0745BF2A58029B029CD458A6
:10E340000AAB2E1893E803008DE8030008AB0CCB52
:10E350003046A04704B0BDE8704002B0704700BF2F
:10E36000F0B44B68456804680F688668EB1A06EEDF
:10E37000903AE71BF8EEE66A07EE907A8B68F8EEC3
:10E38000E77A66EEA66AF31AE7EEA76A012A07EEB5
:10E39000903AF8EEE77AE7EEA76A35DD02EB420243
:10E3A00001EB8207B0EE666A0C3FD1E90303EB1A7A
:10E3B00007EE903A201AF8EEE77A07EE100A4A695B
:10E3C000B8EEC77A67EEA77AB21AE7EE077A0C3191
:10E3D00007EE102AB8EEC77AE7EE077AF4EE667A0F
:10E3E000F1EE10FAF4EE467A48BFF0EE676AF1EE0D
:10E3F00010FAC8BFB0EE676A8F42D6D176EE667A61
:10E40000F0BC17EE900A7047B0EE666A76EE667A58
:10E41000F0BC17EE900A70472DE9F0472DED088B00
:10E4200084B004AC04E90E00159A039E00234FF457
:10E4300080619A428146DDE90187C0E9003383604B
:10E440008361C0E90311416140F3D080149DDFED89
:10E45000778A02EB420205EB820A2C46D4E90013CC
:10E46000FB1A07EE903AA8EB0101F8EEE77A07EE07
:10E47000101AA268B8EEC77A67EEA77AB21AE7EE6A
:10E48000077A0C3407EE102AB8EEC77AE7EE077A5F
:10E49000F5EE407AF1EE10FAB1EEE78A00F1B180C4
:10E4A000FDEEC87AF8EEE77AF4EE687AF1EE10FA4B
:10E4B000C8BFF0EE678AA245D0D1DFED5C9AB7EE17
:10E4C00000BAB0EE69AAF0EE69AAB0EE699AD5E991
:10E4D0000012B81A07EE900AA8EB010006EE900AA7
:10E4E000F8EEE77AAB6867EEA77AF8EEE66AF01A1C
:10E4F00007EE100AE6EEA67AB8EEC77AE7EE077ADC
:10E50000F5EE407AF1EE10FAB1EEE78A7ED4A1EB97
:10E510000801D21B9B1B0C3507EE101AB8EEC76A18
:10E5200007EE102AC8EE887AF8EEC76A07EE103AAE
:10E53000B8EEC77AC6EE085A86EE886AC7EE086A51
:10E5400077EECB7AF0EEE55AF4EE497AF1EE10FA76
:10E55000B0EEC66AB0EEE67AC8BFB0EE679AAC42DB
:10E56000E5EEA7AAA6EE27AAE7EE279AAFD16AEEB4
:10E570000A7ABDEEE87AEAEEAA7A17EE103AE9EEE8
:10E58000A97AF5EE407AF1EE10FAB1EEE78A45D4B9
:10E590004846C9E90087C9F80860C9F81830CAEECA
:10E5A000886A8AEE087A89EE886AF7EE007AF0EED9
:10E5B000675AE9EE265AF0EE656AF0EE675AE9EE20
:10E5C000075AE9EE067AB0EE657AFEEECB6ABEEE49
:10E5D000CB7AFEEECB7AC9ED036A89ED047AC9EDF8
:10E5E000057A04B0BDEC088BBDE8F087DFED0F9A2B
:10E5F000B0EE69AAF0EE69AAB0EE699AB0EE698A47
:10E60000C6E717EE900A13F065FD49E717EE900A8A
:10E6100013F060FDD5E90012AB6878E717EE900AB9
:10E620008DED007A13F056FD009BB1E7000000006D
:10E630002DE9F04F8BB0131E8346019100937ADDD4
:10E6400003EB430000230A4601EB80001C461946F9
:10E65000D2E9007695680C3282423C4431442B4426
:10E66000F6D1009A94FBF2F0059091FBF2F193FB46
:10E67000F2F3059ACBF80830CBE900215846DDE9E2
:10E680000021FFF76DFE0023CDE9033305EE900A6C
:10E6900002930DF11C086FF0C7096FF0C70A6FF005
:10E6A000C7079BE8070088E80700DDE90745099EE2
:10E6B0004C443E445544DDE900214046CDE9074540
:10E6C0000996FFF74DFE07EE900AF4EEE57AF1EEBB
:10E6D00010FA07F1C80704D5CDE9035605EE900AF4
:10E6E0000294B7F5C87FDCD10AF1C80ABAF5C87F31
:10E6F000D5D109F1C809B9F5C87FCED1059B029AD9
:10E7000093420AD0039A029BCBF80420049ACBF8D8
:10E710000030CBF808200593BDE7DBF80430039AFE
:10E720009342EFD1DBF80830049A9342EAD158467D
:10E730000BB0BDE8F08F00231946059399E700BFA1
:10E74000F0B587B003AC05460E4617462046FFF7E6
:10E750006FFFCDE90067284694E80E00FFF75CFEE6
:10E76000284607B0F0BD00BF82B02DE9F04FE9B0F8
:10E7700072A98246642081E80C0001F0F5FE0522B2
:10E7800011460CA807F046FA95490DA807F04AFA79
:10E790001DAB68A900229A60C3E900220C3399429C
:10E7A000F9D1DAF808008DF854200DF13C0903681E
:10E7B0008C4D9B6AC9E90022C9E90222C9E90422F9
:10E7C00098470790DAF808000368FF215B6A9847CA
:10E7D000DAF808003C3003F0E7FF4FF002080023AE
:10E7E000069315AEC3460CA8059307F07FF9059B69
:10E7F0007C4F4C463BB9A64207F102070DD014F8F6
:10E80000013F002BF7D07A78397850230CA807F015
:10E8100077F9A64207F10207F1D1734F73493B68BC
:10E8200001EB43020CA811F8131052780F2307F0E4
:10E8300067F93C680134634203F00F0304F00F04EE
:10E84000424658BF5C425946FF230CA83C6007F083
:10E8500057F9DAF80800002300931A460CA9103083
:10E8600007F046FADAF8040002F07CF80446DAF819
:10E87000040002F07FF814F52A7F57DB14F1C80F6B
:10E880005ADBB4F52A7F00F3A580C92CB4BF4FF042
:10E89000020B4FF0030B10F52A7F44DB10F1C80F79
:10E8A00047DBB0F52A7F00F39880C928B4BF4FF04A
:10E8B00002084FF0030800231C4604E00134192C21
:10E8C00028D015F814309B45F8D105EB44035B784C
:10E8D0004345F3D119F80420002AEFD1069BDAF85A
:10E8E000001008AF0DF1740C03EB43030CEB830332
:10E8F0003846059302F0A8F9069B97E8070003F154
:10E90000010C5FFA8CF30693059B83E8070001274F
:10E9100009F80470502001F027FE069B192B0ED039
:10E9200099F800305FE74FF00008C4E74FF0000BA4
:10E93000B1E74FF00108BEE74FF0010BABE716ACB3
:10E94000069A1DA92046FFF7FBFE19AB0FCBDAF89C
:10E9500000508DE80F00284694E80E0002F058F9A8
:10E96000DAF80C0020B122461C23214904F0BCFA3D
:10E97000DAF80800F9F7A8FCDAF808300DA90EA8B3
:10E9800003F13C0407F082F8002340F2DC52CDE9A9
:10E9900000320EA91A46204603F056FF0EA807F0D3
:10E9A00067F84FF47A7001F0DFFDDAF80800F9F744
:10E9B0008BFCDAF80800079903685B6A98470DA892
:10E9C00007F056F80CA807F053F869B0BDE8F04F0F
:10E9D00002B070474FF0040B5DE74FF004086AE7A0
:10E9E000186F04008C6F0400FC3A00206C6F040068
:10E9F000606F04002DE9F04F83B0DDE90C9ABDF89B
:10EA00003880002B3BD0B9F1000F35D00F2902D14F
:10EA1000B8F1C00F33D1074628201D460E46934655
:10EA200016F0F1F90446103006F0E8FF18202680B1
:10EA3000A4F802B016F0E7F9CDE9009A06466B4655
:10EA4000024603CB46F80C5B00233D68D36048F0D8
:10EA500002087360E360506091600E495161C4E93F
:10EA60000833A4F80480A2606B68384621469847B2
:10EA700040B903B0BDE8F08F1AF0010FC6D16FF4B2
:10EA80007A70F6E7204601F0A3FC204616F0B4F9B0
:10EA90000148EEE719E3020016FCFFFFF0B58DB068
:10EAA00004461298C4E90012C4E902301C4904F07B
:10EAB000E1F9E8B10646074656F8100FD4F800E031
:10EAC0007168B268F3680DF1140C65460FC53069C2
:10EAD0007169B26907C50CAB13E90F008DE80F002F
:10EAE00070469CE80E0002F093F8384616F084F960
:10EAF0000C4B1B6883B10C4A05920022069205AAB2
:10EB000092E80300C0228DE8030002921846032217
:10EB100023460621FFF76EFF20460DB0F0BD00BF73
:10EB2000606F04003C3C002069E70200C38843F4A6
:10EB30008043C380704700BF82B0C0F30761C0F359
:10EB40000742C0F307238DF807008DF804108DF8F5
:10EB500005208DF80630019802B0704782B0C0F3EE
:10EB600007238DF807008DF80630BDF8060002B0C7
:10EB7000704700BF29DF704728DF7047022802D1A5
:10EB8000014B01221A7070476B440020704700BF90
:10EB900070B50C46F7F714F998B1164D00232B7099
:10EBA0004FF0805602E00A2003F0FEFB3069B4FB10
:10EBB000F0F0FFF7E1FF0028F5D12B78002BFCD017
:10EBC00070BD0D4A0223C2F80435D2F80034002B80
:10EBD000FBD00949C2F80845D1F80034002BFBD01E
:10EBE0000023054AC1F80435D2F80034002BFBD0CD
:10EBF00070BD00BF6B44002000E00140F8B50D4639
:10EC000014461E46F7F7DCF888B11A4F00233B7014
:10EC100002E00A2003F0C8FB324621462846FFF7EF
:10EC2000A9FF0028F5D13B78002BFCD0F8BD124A93
:10EC30000123C2F80435D2F80034002BFBD0002E9B
:10EC40000EDD211F0C4A01EB8606281F51F8043FF8
:10EC500040F8043FD2F80034002BFBD0B142F5D18C
:10EC6000054A0023C2F80435D2F80034002BFBD04B
:10EC7000F8BD00BF6B44002000E00140F0B50B463A
:10EC800087B09A68496804461868DB6802AD0FC50A
:10EC90009DF80860032E3CD84FF08053BDF80A2041
:10ECA0001D699DF80930039F022B05FB02F51FD05B
:10ECB00006AB13E903006A4682E80300731EDBB269
:10ECC00003EB830C4FEA8C0C03CA0CF1100E03EB20
:10ECD000830304EB830304EB0E0C2F4444F80E0073
:10ECE000CCF8041000201E719D60DF6007B0F0BDFD
:10ECF0000498002102E00131642902D0435C002B1A
:10ED0000F9D100220BF036FC0023CDE900036A465E
:10ED1000D4E76FF47A70E9E72DE9F04F604A614C6F
:10ED2000614B4FF0805122440C69D21A85B0B2FB7E
:10ED3000F4F304FB13230192002B00F0AD800C6967
:10ED40001444E41A40F6F8734FF080511A680F69C2
:10ED500001320ABF4FF010231E685E694FF08053E6
:10ED60001B69A6EB8306A6427DD98046DFF848A141
:10ED7000DFF848B108E054F8103C5B4576D027F046
:10ED800003031C44A6426ED9CDF80CA0039B226855
:10ED9000DB439A42EFD16368444A9342EBD1A368C4
:10EDA000434A9342E7D102F14E42E368A2F5A5122D
:10EDB000A2F64F229342DED198F80020032A1CD0FD
:10EDC00002EB8201531C08EB8101DBB200264FF4F9
:10EDD000E035032B8E60CD6088F800300E715DD079
:10EDE00003EB830108EB810102328D60D2B2012076
:10EDF000019DCD6088F80020087140F6F8714FF051
:10EE0000805308681F691D6901300ABF4FF0102345
:10EE1000086858694FF08053032A1E6911D002EB2D
:10EE2000820108EB8101A0EB8600019BB3FBF5F3A7
:10EE3000013205FB037302268B60C86088F800204E
:10EE40000E712246234652F8101F5268C8F8282037
:10EE5000C8F8241053F8182F5B68C8F83C30C8F87D
:10EE60003820C8F8304005B0BDE8F08F54F8043CB5
:10EE7000104A934283D114F8083C002B3FF47FAF33
:10EE8000A4F12005A5EB031929464046103DFFF7E4
:10EE9000F5FE4D45F8D172E7019C53E71A46ACE701
:10EEA00070230020C487040040200020C615A8411C
:10EEB000C49866C99DD7B1C18F71C46DFE307F59AA
:10EEC0000346002210B503F8102B044600F14C0154
:10EED00003F80C2C1A605A6043E9022214338B4267
:10EEE000F6D12046FFF718FF204610BD10B5044BA1
:10EEF000036000230446C38000F008FC204610BDD8
:10EF0000F46F040010B5064B036000230446C38071
:10EF100000F0FCFB204615F06FFF204610BD00BF3F
:10EF2000F46F0400F0B51B4F85B0054600F11806DC
:10EF30002C6974B1E278012A0DD0022A05F1200073
:10EF400021D100F0FFF92B69A3420AD01C46002C06
:10EF5000F0D105B0F0BD304600F0CAF92B69A342EC
:10EF6000F4D10222C7F88020BFF34F8FBFF36F8F19
:10EF70002969EB7A496A2961013BEB7220463A60C4
:10EF800015F03AFFD4E701230A21684606F016FD82
:10EF9000D9E700BF00E100E070B5114B0360002528
:10EFA000044645600E4600F041FB20460D4B40F8FC
:10EFB000183B214600F098F9214604F1200000F0AA
:10EFC000BDF9094BA57207210622E5722172627212
:10EFD000A680E580C4E9035565611C60204670BDCC
:10EFE000F46F0400D06F0400003B002038B5436983
:10EFF0004BB3C27A032A23D8C288D2074CBFC26857
:10F00000124A9A6204462C2015F0FDFE2C220021A3
:10F01000054615F053FF636900225A6222690AB956
:10F020000BE01A46536A002BFBD163695362E37A03
:10F0300065610133E372002038BD63692361F6E73F
:10F040006FF47B7038BD6FF47A7038BD16FCFFFF2B
:10F0500038B5194BD3F8002122B100210122C3F8A1
:10F0600000119A60144BD3F80C217AB1134C002193
:10F07000C3F80C112068D3F80054C288012D02F0A7
:10F08000010204D09AB90C4B01229A6038BDD3F822
:10F0900048350AB15B42C360FFF7A8FF2268064B00
:10F0A0005269C3F80425044B01229A60EEE7024B33
:10F0B000C16001229A60E9E700100040003B002097
:10F0C000F8B5C388DB0701D50020F8BD0446F6F784
:10F0D00077FE00286DD16569002D61D04FF0804327
:10F0E00000220121C3F800211A461960D2F800312C
:10F0F000002BFBD0637A304A304DD35CC5F80C3519
:10F10000227AC5F808252E4B0022C5F81025C5F82F
:10F110001C35A67AF6F754FE00283DD0274BDFF8C1
:10F12000B0C0284F284D002001210826C3F82C0527
:10F130000222C3F83015C3F81465C3F818C54FF69A
:10F14000FF7CC3F83425C3F83CC5C3F838751827CD
:10F15000C3F854756769C3F80475C3F80463C5F848
:10F1600080212A60D3F8002242F01002C3F8002266
:10F17000C3F800011A465960D2F80031002BFBD0C9
:10F18000E38843F4804343F0010300200121C2F8E7
:10F190000C019160E380F8BDA672C5F82465BDE757
:10F1A0002C2015F030FE29462C2215F087FE6061D8
:10F1B00094E70648F8BD00BFC06F0400001000408F
:10F1C000746962752110010000E100E016FCFFFF88
:10F1D0002000040210B50446F6F7F2FDF8B9E38802
:10F1E00013F0010301D1184610BD0E4B0222C3F8E3
:10F1F0008020BFF34F8FBFF36F8F0B4B0121C3F8FC
:10F2000010011A461961D2F81031002BFBD0E388A7
:10F2100023F4804323F00103E380002010BD034862
:10F2200010BD00BF00E100E00010004016FCFFFF31
:10F2300070B505460C46F6F7C3FD002836D1EB88BD
:10F2400044B113F001041FD1194A1068C0F3400003
:10F2500070B970BD13F0040120D113F00200F8D092
:10F26000134A23F002030224EB801460084670BDA9
:10F2700043F002030221EB80C2F88010BFF34F8FEE
:10F28000BFF36F8F204670BD06462846FFF7A2FFEA
:10F29000EB8843F004033046EB8070BD23F0040399
:10F2A000EB802846FFF70CFF204670BD014870BD7B
:10F2B00000E100E016FCFFFF0346006988B1094940
:10F2C00030B40224C1F88040BFF34F8FBFF36F8F7B
:10F2D0001D69DA7A6D6A1D61013ADA720C6030BC20
:10F2E0007047704700E100E00022C0E9001270475B
:10F2F00010B5044684B00068FFF7DEFF00234362C8
:10F300006268B2B1516A09B915E011464A6A01331F
:10F31000002AFAD1032B08DC486201231A4609218E
:10F32000684606F04BFB04B010BD15F065FD04B057
:10F3300010BD6060F1E71146EEE700BF00224160BA
:10F340000270704738B504464068FFF7B5FF0123E7
:10F3500005462370043006F05BFB0023284623702B
:10F36000BDE8384015F048BD10B50446006807F008
:10F3700033F8204610BD00BFF8B522EAE275044616
:10F3800005F10C001F460E4600F098FF206007F0C4
:10F390004BF823681D72226857603EB120682A46E8
:10F3A00031460930BDE8F84015F064BDF8BD00BF36
:10F3B00010B5074C0023204619460122FFF7DCFF59
:10F3C0002046044A0449BDE8104015F017BD00BFAF
:10F3D000043B00204020002069F3020010B5002308
:10F3E000044607F0FDFE024B2360204610BD00BF1F
:10F3F000B858040088B110B5044615F09BFD0138DB
:10F400002044844207D22378027804F8012B00F8C4
:10F4100001398442F7D3002010BD6FF47A70704731
:10F42000F8B549B380EAE074C4EBE0744F1E0025E0
:10F43000DFF84CC000E01D468CFB0423E217C2EB52
:10F44000A30202EB8203C4EB43033033564207F8B6
:10F45000013F14466B1C002EEDD1002801EB030286
:10F4600003DA2D220235CA544A19002308461370C4
:10F47000FFF7C0FF3046F8BD6FF47A76FAE700BFB9
:10F4800067666666014B186000207047083B0020E5
:10F49000002821DD30B4124D124B2A68002A00F1F9
:10F4A000FF3408BF1A4621460020930983EAD2732D
:10F4B000534083EA121383EA92035208534042EA0C
:10F4C000C37202F00103490843EA4000EDD1A042B3
:10F4D000E9D82A6030BC70476FF47A70704700BF7B
:10F4E000083B0020A10D0C000A4B036010B40A4C2D
:10F4F0000023C380224602E001333C2B06D052F8A1
:10F50000041B8842F8D1002244F823205DF8044B04
:10F51000704700BFF46F04000C3B002000487047A8
:10F5200016FCFFFF10B504460A4B0B48236000236E
:10F53000E380024602E001333C2B06D052F8041B64
:10F540008C42F8D1002240F82320204615F054FCCC
:10F55000204610BDF46F04000C3B0020013908B5B3
:10F5600003290AD8DFE801F00B0B02020368084AFE
:10F57000DB68934201D000219847002008BD036852
:10F58000034ADB689342F8D001219847F5E700BFB2
:10F59000AD60020070B584B004AC04E90F00BDF8A2
:10F5A0000230012B18D0022B14D1154C154E04F14A
:10F5B000F00501E0AC420DD054F8040F0028F9D05A
:10F5C000C3885B04F6D503689B68B342F2D09847C2
:10F5D000AC42F1D104B070BD094C0B4E04F1F00502
:10F5E00001E0A542F6D054F8040F0028F9D0C388F2
:10F5F0009A04F6D503685B68B342F2D09847F0E707
:10F60000083B002049570200A960020010B5064CD3
:10F6100020884FF6E853984203D91520F1F7F0FF00
:10F620002088431C238010BD222300202DE9F041B7
:10F63000314C82B02246002302E001333C2B05D03E
:10F6400052F8041B0029F8D144F823002B4C2378EE
:10F6500013F001030BD12A4D2A6842B10093102206
:10F6600001234FF47A60002102F0E2FD10B102B0F4
:10F67000BDE8F0812820D5F80080224E15F0C3FBAC
:10F68000C02300930122204B1021074600F06CFE9E
:10F69000D8F800305B68B34222D1384600F098FEBB
:10F6A000384615F0A9FB28202F6815F0ACFBC023C5
:10F6B00000930222144B0F21054600F055FE3B68D3
:10F6C0005B68B34212D1284600F082FE284615F04E
:10F6D00093FB237843F00103237002B0BDE8F0816F
:10F6E0004046394698470028DDD0D6E738462946B7
:10F6F00098470028EDD0E6E70C3B00206C44002042
:10F700003C3C00201DF5020095F5020010B4084CA9
:10F710000023224602E001333C2B06D052F8041BA2
:10F720008142F8D1002244F823205DF8044B704751
:10F730000C3B0020062816D8F8B50123834013F0AF
:10F74000580F0E4605460FD0104CA4F1F00754F8A0
:10F75000043D32462946184613B11B681B69984779
:10F76000BC42F4D1F8BD704713F0270FFAD0084C13
:10F7700004F1F00754F8043F32462946184613B105
:10F780001B681B699847A742F4D1F8BDFC3B0020D9
:10F79000083B0020084600F067BB00BF00487047E8
:10F7A00016FCFFFF10B5044609F088FFE3696BB152
:10F7B000A2699A61A3690BB1E269DA610023C4E925
:10F7C00006336361BDE8104009F06ABFD4E9053231
:10F7D0001A60EFE738B50D46044609F06FFF2A6856
:10F7E00065610AB90AE01A469369002BFBD194615E
:10F7F000C4E90632BDE8384009F052BFC4E9062228
:10F800002C60BDE8384009F04BBF00BF2DE9F04146
:10F8100084B004AC04E90F00114B1C68DDE902015F
:10F820004FF47A72002315F0F7F8B4B1DFF83480A2
:10F8300006460F46E268A56900239F4208BF96422C
:10F8400008D3636920460BB1FFF7ACFF2046414661
:10F85000FFF7C0FF2C46002DECD104B0BDE8F081CD
:10F86000043C00200C3C00202DE9F04FDFF8E08044
:10F8700093B0D8F8005004AC84E80F00002D32D0CB
:10F880002F4BBDF810401A68BDF81260AAB12D4F79
:10F890004FF0000A40F2FE3540F2FF39D368D2F84B
:10F8A00018B0190CAC429BB288B21FD0002B33D0D9
:10F8B0009C4231D05A46002AF0D1A4F2FE33012BEB
:10F8C00011D9D8F80050204B10273246214608A8FD
:10F8D000009700F049FD2B681C4A9B6893422AD18F
:10F8E00008A800F075FD13B0BDE8F08F4B45DDD1E1
:10F8F00009B1B042DED1BAF1000FDBD1536923B1B7
:10F9000010460392FFF74EFF039A10463946FFF761
:10F9100061FF4FF0010ACDE709B1B042CAD1536986
:10F9200023B110460392FFF73DFF039A1046394674
:10F93000FFF750FFBEE7284608A99847D0E700BF69
:10F940001C3C00200C3C002069F802009DF70200DE
:10F95000003C0020014B1868704700BF103C00209D
:10F9600038B509F0ABFE164B1C68D4B1636913B10E
:10F970002046FFF717FF09F093FE0023236163621F
:10F98000256809F0E1FE0146284609F0E9FE09F084
:10F9900095FE0C4B1A6822621C6009F081FE20461D
:10F9A00038BD282015F02FFA28220021044615F032
:10F9B00085FA09F0CDFE0023C4E90003A360DAE76D
:10F9C000143C0020103C002038B50A4B1C68236909
:10F9D000DB0707D5084D286830B1636A436200230E
:10F9E00063620446204638BDFFF7BAFF286000284E
:10F9F000F8D0F2E7FC3B0020083C00202DE9F04164
:10FA0000464D2A7812F0010482B002D002B0BDE85F
:10FA1000F081434E434F3060FFF7A2FF424B434912
:10FA20001860FFF7D7FEFFF79BFF3860D0F8008023
:10FA300009F08AFE011F404609F090FE3B683C49F0
:10FA4000186809F089FE3768002F4ED0282015F07D
:10FA5000DAF9C0232246009340F2FF31354B364C91
:10FA6000804600F081FC3B685B68A34244D140467D
:10FA700000F0AEFC404615F0BFF92820D6F8008013
:10FA800015F0C1F9C023009300222A4B40F2FE3149
:10FA9000074600F069FCD8F800305B68A34237D114
:10FAA000384600F095FC384615F0A6F900230F22E1
:10FAB000002100934FF47A60012302F0B9FB282063
:10FAC000376815F0A0F9C023009301221B4B0F21CA
:10FAD000064600F049FC3B685B68A34212D1304601
:10FAE00000F076FC304615F087F92B7843F00103DF
:10FAF0002B7002B0BDE8F081384641469847002897
:10FB0000BBD0B4E73846314698470028EDD0E6E749
:10FB10004046394698470028C8D0C1E76D440020C8
:10FB2000003C0020183C0020FC3B00200C3C002046
:10FB3000A500030069F802001DF502000DF802009F
:10FB4000024B187800F00100704700BF6D440020A0
:10FB5000F0B51F4F3B6883B0002B37D01D4B1B788F
:10FB6000DB0733D50E460446FFF72EFF436944EA10
:10FB700006420546C2600BB1FFF714FE284616493F
:10FB8000FFF728FEA4F2FE33012B16D928203F6888
:10FB900015F039F9C0233246009321460F4B054634
:10FBA00000F0E2FB3B680E4A5B68934208D12846AE
:10FBB00000F00EFC284615F01FF9002003B0F0BD40
:10FBC0003846294698470028F7D0F0E70548F5E77A
:10FBD000003C00206D4400201C3C002069F802001D
:10FBE0001DF5020016FCFFFF2DE9F04128B321B3FB
:10FBF0000546984617460E46FFF7B2FE0446E0B1AA
:10FC000032463B462946006809F0B4FD256809F0F4
:10FC10009BFD011F284609F0A1FD0A4B0A492068F7
:10FC2000B8F1000F18BF194609F096FD20460749A4
:10FC3000FFF7D0FD2046BDE8F08100242046BDE856
:10FC4000F08100BF7D000300A9FF02000C3C0020F2
:10FC5000074B1B7813F0010308D010B4144601239E
:10FC60000A4621465DF8044BFFF7BEBF18467047B1
:10FC70006D440020024B1868B0FA80F040097047CC
:10FC80000C3C002030B50F4D2B789A0785B004D579
:10FC90000D4B1B6873B105B030BD43F00204022266
:10FCA00001230F2168462C7005F088FE064B1B6867
:10FCB000002BF0D12B7823F002032B70F6F7E4F938
:10FCC00005B030BD6D4400200C3C00202DE9F04112
:10FCD0005A4D2C682369D90737D4594E594F326889
:10FCE000396812B36069B04200F089802A6091429D
:10FCF0001CD0944252D08C4252D0534B62699A42EB
:10FD00004ED0206809F02EFD064609F02DFDD4E9FD
:10FD10000131361ACB1A9E422F6860D82068BB6822
:10FD20003A68BDE8F04109F09BBE29601B0745D544
:10FD30002C60FFF7A7FF3368002BFAD09C422B60A2
:10FD40002CD039688B42D6D13BE0404E20683268D7
:10FD500043F0020323611369146843F00403136141
:10FD600009F006FD0146204609F0FAFC37683868BC
:10FD700009F0F8FC044609F0F7FCD7E90123241A3E
:10FD80009B1A9C4241D833689968186809F0A9FE0B
:10FD90002B681A690021920731600AD4BDE8F0810E
:10FDA0002A680021936812680846BDE8F04109F00E
:10FDB00057BE1868BDE8F04109F0CDBE2B689C42E3
:10FDC000ECD01E6809F0C0FC011F304609F0C6FCEB
:10FDD0003B681F49186809F0BFFC39688BE72C6045
:10FDE00009F0C2FC6068203626F01F0618BB3046BA
:10FDF00000F064FA3118C4E901012F608EE7A069B0
:10FE0000002818BF02462A6071E7D5F800802F60ED
:10FE100009F0AAFC7868203424F01F0440B9204679
:10FE200000F04CFA0444C7E90104C5F80080AAE7D1
:10FE300000F06AFAF3E700F067FAD8E7FC3B00202D
:10FE40000C3C0020183C0020143C0020083C002002
:10FE5000A5000300034B1B78DB0701D5FFF736BF76
:10FE6000704700BF6D44002070B5104D2A78D2074E
:10FE700014D50446FFF7A8FD064602F0B9F97369E8
:10FE80002044F06013B13046FFF78CFC304608493F
:10FE9000FFF7A0FC2B78DB0704D470BDBDE87040F1
:10FEA00000F062BBBDE87040FFF710BF6D4400205A
:10FEB000043C002000B583B0FFF74AFE18B9074B99
:10FEC0001B78DB0702D403B05DF804FB0190FFF759
:10FED000FDFE019803B05DF804FB00BF6D440020F7
:10FEE00038B5284D2868436913B1FFF75BFC2868D3
:10FEF000254C2146FFF76EFC24684CB1A369002213
:10FF000023B11C460132A369002BFAD1032A22DC5B
:10FF10002B6800221A611C6809F016FC0146204675
:10FF200009F01EFC09F0CAFB184B29681A688A42BE
:10FF300025D04AB1136A99421DD02BB11A6A914259
:10FF40001AD01346002BF9D109F0AAFB104B1B78ED
:10FF5000DB070CD438BDE2692068936100F0D4F966
:10FF6000606800F0D1F9204600F0CEF9D0E7BDE896
:10FF70003840FFF7ABBE13460A6A1A62E4E7126A1A
:10FF80001A60E1E7FC3B0020143C0020103C0020FC
:10FF90006D440020034B1B78DB0701D5FFF7A0BFA2
:10FFA000704700BF6D44002010B50C468047A04745
:10FFB000044B1B78DB0700D410BDBDE81040FFF7F1
:10FFC0008FBF00BF6D440020034B1B78DB0700D4BC
:10FFD0007047FFF785BF00BF6D440020002842D066
:10FFE0002DE9F041DFF8908098F80030DC0782B00E
:10FFF00032D51E4F3B680A4619694907054601D1AB
:020000040003F7
:100000005C6A44B1284601231949FFF7EDFD002041
:1000100002B0BDE8F0811868019209F084FD3968EA
:10002000019A0B6913F0020618D143F00103104640
:100030000B61A8473B6818695E6220F0010210F06E
:1000400004001A61E4D098F8000010F00100DFD03D
:10005000FFF746FF3046DBE70648D9E723F0030306
:100060000B612046D4E76FF47A707047FC3B0020A8
:10007000C9FF020016FCFFFF6D44002038B503469F
:10008000144610460D4698472046A847044B1B7857
:10009000DB0700D438BDBDE83840FFF721BF00BF03
:1000A0006D44002008B5044CFFF7ECFD2378DB0716
:1000B000FAD5FFF70BFEF7E76D440020024B1878E6
:1000C000C0F38000704700BF6D440020054A1378DC
:1000D00018B923F004031370704743F0040313703E
:1000E000704700BF6D44002010B40024C460C0E914
:1000F000001102725DF8044B704700BFF8B5194D4E
:100100002B78DA0700D4F8BD044609F0D7FA266840
:10011000013E266009F0C4FA002EF4DAFFF754FC21
:10012000436907460BB1FFF73DFB04F10C0138466C
:10013000FFF750FB09F0C2FA23689E4208DD7B6995
:1001400013B13846FFF72EFB38460749FFF742FB4D
:1001500009F0A6FA2B78DB07D5D5BDE8F840FFF704
:10016000B5BD00BF6D4400200C3C0020036810B5F5
:10017000C4680133036054B1636913B12046FFF7CB
:1001800011FB20460249BDE81040FFF723BB10BD1C
:100190000C3C0020C36810B504462BB12046FFF785
:1001A000E5FFE368002BF9D1237A0BB9636823607C
:1001B00010BD00BF00680028B4BF40420020704757
:1001C000F8B50C4C05460E46277809F077FA0A4A2E
:1001D000731B02EBC7019B0843F0004342F8375002
:1001E0004E602B6023780133237009F059FA002008
:1001F000F8BD00BF6F440020203C0020064B1B7858
:10020000834207D9054B03EBC00253F830305068E6
:10021000C01A7047002070476F440020203C002027
:10022000F8B583074FEA90063BD188B10D4609F037
:1002300045FAD5E90045771CA54206D92368002B6D
:1002400007DB04EB8304A542F8D809F029FA002063
:10025000F8BD23F00043990054F82320002A04EB52
:1002600001000DDB0EE022F00042134443F0004297
:10027000226054F823209900002A04EB010001DADF
:100280008542F0D89F4201D90C44D5E702369E4200
:1002900009D3236823F00043236009F001FA201DED
:1002A000F8BD0136C2E704EB8606B542F1D9DB1B87
:1002B00043F0004346F8043C2760EEE738B50446B7
:1002C00040B10C4D2B783BB120460B49FFF7A8FFFE
:1002D000044658B1204638BD0849094A086809490A
:1002E0001370FFF76DFF01232B70EDE71420F1F77A
:1002F00087F9EFE76E440020203C0020D02000204A
:100300006F44002000F80120A0B10E4B1A68824211
:100310000DD25B6883420AD950F8043C002B10B51B
:10032000044608DD43F0004344F8043C10BD1E20A1
:10033000F1F766B970471E20F1F762F954F8043CF2
:10034000F0E700BF203C002038B501FB00F528464F
:10035000FFF7B4FF044628B101232A4603600021B9
:1003600014F0ACFD204638BD2DE9F04104461030B4
:10037000884617461E46BDF8185005F03FFB002082
:10038000E060C4E90800A4F800806780A660A5804A
:100390002046BDE8F08100BF2DE9F843BDF82450A8
:1003A000089E04461030894690461F4645F00105D8
:1003B00005F024FB0020C4E90800A4F80090A58003
:1003C000A4F80280C4E902762046BDE8F88300BFA5
:1003D00083889B0710B5044602D5806814F00CFD95
:1003E000204610BD82B070B586B00AA981E80C0025
:1003F000036A4BB31C696CB1012200E01C462369FF
:100400000132002BFAD1092A05DD06B0BDE87040A3
:1004100002B070471C460AAB0FCB02AD85E80F0057
:10042000182014F0F0FC06AB064613E9030095E82B
:100430000C008DE80300304605F006FB266106B08F
:10044000BDE8704002B0704704460FC902AD85E8B0
:100450000F00182014F0D7FC06AB064613E9030082
:1004600095E80C008DE80300304605F0EDFA2662B1
:1004700006B0BDE8704002B0704700BFD0E900236D
:1004800003F10053013B10B402EBC304A24210D8A5
:1004900052F8333099420CD8A21A22F007022346B0
:1004A000A21A03E053F8080D814202D893421C4679
:1004B000F8D160685DF8044B704700BFD0E90023B5
:1004C00003F10050013802EBC0039A4252F83000A9
:1004D00016D8814215D89A1A22F0070210B49A1A37
:1004E00003E053F8080D814206D893421C46F8D128
:1004F00018685DF8044B704720685DF8044B70473E
:1005000070477047D0E9002303F10050013802EB37
:10051000C0039A4252F830001FD881421DD89A1A5F
:1005200022F007029A1A9342184615D010B453F8D5
:10053000084DA14206D8934218460BD053F8084DF7
:10054000A142F8D900685DF8044B081AB0FA80F0AF
:10055000400970471868F6E71868081AB0FA80F082
:1005600040097047704700BF01F01EBF01F0ECBEAC
:10057000FEF788BFFEF78CBF38B50446074B036013
:1005800000254560FFF752F8E388054A258143F4CA
:1005900080532260E380204638BD00BFF46F040022
:1005A0001870040010B5044B036000230446C38098
:1005B000FFF7ACF8204610BDF46F040000897047C7
:1005C000807A704738B5036881720446DB6A9847C1
:1005D0002368074A9B6A9342054603D1A07AA0721A
:1005E000284638BD20469847A072284638BD00BF2F
:1005F000C105030038B5036801810446DB6A9847EA
:100600002368074A1B6A9342054603D1208920814B
:10061000284638BD204698472081284638BD00BF6F
:10062000BD050300F8B504460025154B0360456081
:100630000E461746FEF7FAFF94F8363066624FF022
:100640000112C4E90E22022103F0F90365F3C3038A
:100650000C4E2563142084F84050A1722081E5607F
:10066000C4E90455C4E906552562A780E580A5863E
:10067000A4F8425084F8363026602046F8BD00BF0A
:10068000F46F040040700400C16811F5C87FF0B435
:1006900080F2848090F8363013F0020340F08680B8
:1006A000046914F5C87F66DA90F8362012F0040267
:1006B00069D1456915F5C87F31DA90F8362012F016
:1006C000080234D0B2FA82F390F8366090F84020F5
:1006D0005B0963F3C30680F83660032A08D8013249
:1006E000D2B2012A80F8402000F08B80042A77D013
:1006F000B0F8423090F8366001339BB216F0010733
:10070000A0F8423062D01D2B17D900236FF30006EA
:1007100080F83660A0F8423080F840300DE0B5F542
:10072000C87F04DD90F8362012F00802CAD090F895
:100730004020002BD1D1002ADAD104FB04F301FBC5
:100740000133334A05FB053393423CD911F5487F09
:1007500051DBB1F5487F51DC14F5487F54DBB4F52B
:10076000487F3BDC15F5487F50DBB5F5487FD4BFAB
:100770000020062028E0B4F5C87F9ADD90F83620E6
:1007800012F0040295D1B2FA82F390F836205B0998
:1007900063F3820280F8362001238AE7B1F5C87F2F
:1007A0000FDD90F8363013F002030AD190F83620AE
:1007B000B3FA83F35B0963F3410280F83620012327
:1007C0006EE700236CE70720F0BC7047092BB4D913
:1007D000013A80F84020A0F84270AEE70120F3E72C
:1007E00090F83630002243F0010380F83630A0F84C
:1007F00042200B20E8E70320F0BC70470420F0BC47
:100800007047A0F8422098E70220DDE70520DBE7EB
:10081000FF700200D0E9033230B502FB02F24569F5
:1008200003FB032305FB0535B5F5800F85B00446B2
:1008300016D9038F002B4DD0B5F5100F25D8012305
:1008400084F831302046FFF71FFF0B2814D0A38E09
:10085000834231D00023A08684F8303005B030BD0B
:1008600090F83130042B56D90023C0E90E332046CE
:10087000FFF70AFF0B28EAD16086024601230D210B
:10088000684605F09BF805B030BD638F002B39D06A
:10089000B5F1107FD3D9A38F5BB3B5F1806FCED9FB
:1008A000E38F002BCBD101230A220D21684605F0EE
:1008B00085F80123E387C2E794F83030628E042B79
:1008C00014D80133DBB2904284F83030C6D0052B07
:1008D000D2D0C3E701230C220D21684605F06EF843
:1008E0000123B5F5100F2387A9D9CEE79042C3D1D4
:1008F000B4E7012309220D21684605F05FF80123C2
:10090000A387CAE7012308220D21684605F056F89F
:1009100001236387BCE70133DBB291E730B5D0E94F
:1009200008218BB002AD009200F1180304460CCBF5
:10093000284605F011F895E80700E38804F10C0556
:1009400023F0020385E80700E3802046FFF762FFFB
:100950000123A1881A4606A805F030F800200BB044
:1009600030BD00BF10B5036804461B6B9847E068B4
:1009700010BD00BF10B5036804461B6B9847206983
:1009800010BD00BF10B5036804461B6B9847606933
:1009900010BD00BF036810B504461B6B9847E38881
:1009A0009B0702D42046ECF747F8A06A10BD00BFB1
:1009B00008B5FFF7EFFFDFED077ADFED076A07EE17
:1009C000100A67EE277A87EEA67AFDEEC77A17EE51
:1009D000900A08BD0000B443DB0FC940036810B59E
:1009E00004461B6B9847E3889B0702D42046ECF72C
:1009F00023F8E06A10BD00BF08B5FFF7EFFFDFED99
:100A0000077ADFED076A07EE100A67EE277A87EEAE
:100A1000A67AFDEEC77A17EE900A08BD0000B4432F
:100A2000DB0FC940408E704710B5044B03600023B4
:100A30000446C380FEF76AFE204610BDF46F040032
:100A400000897047F0B50446416BA26BE36B2769E0
:100A5000656900F13406C068D71B5D1BD4E9072324
:100A6000081AA16902FB07F201FB00F18812921239
:100A70008BB0C4E90D0203FB05F39B12216CE36309
:100A800002AD009396E80C00284604F065FF95E857
:100A90000700012304F1280585E80700A1881A460C
:100AA00006A804F08BFF00200BB0F0BD38B503683A
:100AB00001810446DB6998472368074A5B6A9342D1
:100AC000054603D120892081284638BD2046984715
:100AD0002081284638BD00BF410A03002DE9F041BE
:100AE000124B036000250446456088461746104EA9
:100AF000FEF79CFD4FF4806314204FF48051208159
:100B0000C4F84080C4E903556561C4E90955C4E9E6
:100B10000B55C4E90D55E5636564A7802660E18047
:100B2000C4E9063323622046BDE8F081F46F040077
:100B3000807004002DE9F843036804469B6A9847D7
:100B4000A06A13F0B7FB8046E06A894613F0B2FB57
:100B50000646206B0F4613F0ADFB424604460D4699
:100B60004B464046494613F00FFC324680468946C4
:100B70003B463046394613F007FC02460B464046DA
:100B8000494613F04BFA224606460F462B462046AE
:100B9000294613F0F9FB02460B463046394613F05E
:100BA0003DFA11F027F813F09FFEBDE8F88300BF6F
:100BB00030B5C58815F0040585B023D10368044617
:100BC0009B6A9847E388E56023F002034FF4806254
:100BD00043F00403E380C4E9062222620123C4E94E
:100BE000045565620322A188684604F0E7FEE388A5
:100BF000054813F0020F23F00403E38018BF002020
:100C000005B030BD0148FBE714FCFFFF15FCFFFFFA
:100C100084B070B404AC84E80E0006460FCC06F134
:100C20000C050FC594E80700F38843F0020385E83C
:100C30000700F38070BC04B0704700BFC08800F0AC
:100C4000020070474164704770B50B6882B005467A
:100C50000C4608469B6A16469847D4E90F31019620
:100C600000933434284694E80C0004F02BFE284608
:100C700002B070BD10B5036804469B6A9847A06A2D
:100C800010BD00BF10B5036804469B6A9847E06A30
:100C900010BD00BF10B5036804469B6A9847206BDF
:100CA00010BD00BF70B52DED068B044684B0406CBE
:100CB000FFF794FE0646606CFFF76CFE21460222A9
:100CC000054601A8FFF7C0FFDDED027AB8EEE78A1E
:100CD000DDED037A3046B8EEE79A10F011FC0AEE2B
:100CE000100A304610F0C0FB09EE900A284610F0BA
:100CF00007FC08EE900A284610F0B6FB68EE287A4A
:100D00009DED017A06EE900AB8EEC77A67EE8A7A10
:100D100029EEC88AE7EE267A69EE288AA9EE0A8AC1
:100D2000E8EEA97A18EE101A17EE900A10F0C0FF3C
:100D30009FED0E7A9FED0E6ADFED0E7A06EE900AB9
:100D400066EE875AC5EE866A77EEE67AF5EEC07AE9
:100D5000F1EE10FA48BF77EE877AFDEEE77A17EEEC
:100D6000900A04B0BDEC068B70BD00BF0000B44318
:100D7000DB0FC9400000B44200B585B00146012236
:100D800001A8FFF761FFDDED027AF8EEE77A17EED2
:100D9000901ADDED017AF8EEE77A17EE900A10F07E
:100DA00087FFDFED0D7ADFED0D6A07EE100A67EEC3
:100DB000277A87EEA67AB5EEC07AF1EE10FA44BF34
:100DC000DFED077A37EE277AFDEEC77A17EE900A45
:100DD00005B05DF804FB00BF00003443DB0F494061
:100DE0000000B443C288510711D4930710B50446DC
:100DF0000AD5636C20461BB1BDE81040FFF752BF17
:100E0000BDE81040FFF7B8BFFFF7D2FEF1E7014899
:100E1000704700BF15FCFFFF10B5044B03600023B3
:100E20000446C380FEF772FC204610BDF46F040038
:100E30000089704740897047FF299ABF01730020DD
:100E40006FF47A70704700BF007B7047704700BF37
:100E500010B50A894C8982B00023CDE900241031F5
:100E60001A46044605F050F8204602B010BD00BFF7
:100E700010B5074B044640F8103B04F0F9FD054B54
:100E8000236000232046E380FEF740FC204610BD8F
:100E9000B8700400F46F0400094B10B5044640F824
:100EA000103B04F0E5FD074B23600023E380204660
:100EB000FEF72CFC204613F09FFF204610BD00BF1C
:100EC000B8700400F46F0400F8B50C4D05600025FF
:100ED000044645600E4615461F46FEF7A7FB204612
:100EE000074B40F8103B2AB231B204F093FEFF22C8
:100EF0002273A780268165812046F8BDF46F040027
:100F0000B87004006FF47D70704700BF6FF47D709F
:100F1000704700BF6FF47D70704700BF6FF47D7045
:100F2000704700BF10B584B004AB046803F8012D0E
:100F300000220092246A1A460123A04704B010BD83
:100F400010B584B004688DF80C20002200928DF852
:100F50000D30246A022303AAA04704B010BD00BFCD
:100F600010B5012384B00468CDE900330DF10F03FF
:100F7000E46AA04708B99DF80F0004B010BD00BF97
:100F8000F0B585B004469DF82C508DF80F201F4613
:100F900002680E4685B101230093156A0DF10F0218
:100FA000A84738B9236800909D6A0A9B3A463146A3
:100FB0002046A84705B0F0BDD3699DF80F2098479B
:100FC000EFE700BF2DE9F84F9DF82870002A3CD0CC
:100FD000002B3ADD88460168DFF874901E468B6866
:100FE0004B458246144628D10D69DFF868B05D454F
:100FF0001BD1264405E00134A6420AD0DAF80030BD
:101000001D695D45F7D0217850460134A847A642B6
:10101000F4D117B10020BDE8F88FDAF80030DB68B2
:101020004B450ED13846BDE8F88F5FFA88F150463F
:10103000A847DAF800301D69DBE79847DAF80010B6
:10104000D2E7504698473846E5E76FF47A70E2E712
:10105000150F03001D0F03002DE9F04F83B09DF81D
:101060003090002A5AD0002B984657DD05689246EA
:10107000AB682C4A934206463DD12B692A4FBB42AE
:1010800041D1B8F1010F1BD0A8F102080AEB080BFF
:101090000AF1FF3405E00B2004F8010FA3450BD043
:1010A00035686D69BD42F6D000213046A847C0B210
:1010B00004F8010FA345F3D108F101083568C244D3
:1010C0006B69BB4212D10B208AF80000B9F1000F06
:1010D00003D0002003B0BDE8F08F3368114ADB680D
:1010E000934217D1484603B0BDE8F08F0121304646
:1010F0009847C0B2E8E70191984735680A4F2B69D5
:101100000199BB42BDD041F00101C9B230469847B8
:101110003568B6E7304698474846DBE76FF47A70A3
:10112000D8E700BF150F03001D0F0300024A02603D
:101130000022027142717047F87004006FF47D70F4
:10114000704700BF407970474171704719B30B6811
:10115000934214D070B50E461446054623B11A6862
:101160000E49126E8A420CD134B123680C4ADB6DF1
:1011700093420BD100232B713460002070BD0020FE
:10118000704718469047002CEFD1F5E7294600221A
:1011900020469847F0E76FF47A7070475993020041
:1011A000559302000EB42DE9F04787B00FAB05460A
:1011B00053F8046B0093317849B125290CD02B6882
:1011C00001369B692846984731780029F5D107B048
:1011D000BDE8F04703B07047009B7178D3F80090EA
:1011E000632903F10403009306F102067ED015D9AA
:1011F000732969D0782964D0642941D02B683F21B4
:101200009B69284698472B683F219B692846984749
:101210002B683F219B6928469847CCE725294BD06E
:101220005829EBD14FF000081C2708244FF0000A82
:1012300010E0B8F1000F3CD003F157012B682846AD
:101240009B6998474FF0010A013C14F0FF04A7F195
:101250000407B0D029FA07F303F00F0303F13002BB
:10126000392AD1B2E5DC302AE8D130212846BAF15A
:10127000000F01D1012CE7D12B689B699847E3E768
:10128000002301A94846CDE90133CDE90333059395
:10129000FEF7C6F89DF8041000298CD00DF1050466
:1012A0002B6828469B69984714F8011B0029F7D141
:1012B00081E703F13701C1E72B6828469B6998470E
:1012C00079E74FF00108AFE799F8001009F101093B
:1012D00000293FF470AF2B6828469B69984799F81E
:1012E000001009F101090029F5D164E72B685FFAC4
:1012F00089F19B69284698475DE700BFC389DB06F3
:1013000000D4704710B5044684B0818901230422BB
:10131000684604F053FBE38923F01003E38104B033
:1013200010BD00BFA0F10800FFF7E8BFC3895B074D
:101330003DD52DE9F0418369B3F90270002F84B0E7
:101340000E46054615DD00F11808002401E0A7420D
:101350000FD021B2404604F0EBFFB04204F101048B
:10136000F5D101231A46A989684604F027FBA74254
:10137000EFD1EB8C95F82410288D5A1C92FBF1F3D9
:1013800001FB13239BB2984212D0EA8C296A92B2D5
:101390008E54EA69EB84002A02DBEB8C9A4210D06F
:1013A000EB8943F01003EB8104B0BDE8F081704796
:1013B000A98901230322684604F000FB04B0BDE8BC
:1013C000F0814FF0FF33EB6102220123A9896846C7
:1013D00004F0F4FAE4E700BFC3891B0700D47047A8
:1013E00030B5838EC16A02689BB20446C95C9269BB
:1013F00085B09047A58E94F83020618E6B1C93FBCE
:10140000F2F502FB1535ADB2A94202D0A58605B0B2
:1014100030BD0123022240F2FF31684604F0CEFACB
:10142000236801219B6820469847EFE72DE9F047A4
:10143000B2F1000A054629DD9946408E01F1FF38D8
:10144000002608E0EB6A18F8012F1A540136B2455D
:101450006C8620461BD095F83070AA8E431C93FBF7
:10146000F7F407FB1434A4B29442EBD12B680121AA
:101470005B6828469847B9F1020F1FD0B9F1010FF8
:101480000DD0B9F1000F02D0688EDBE700262B6883
:1014900028465B68012198473046BDE8F087688E92
:1014A00006E095F83030AA8E03449B1A002BC9DD64
:1014B000AB8E9842F5D3AB8EC31AF7E7494640F29C
:1014C000FF30FEF7F7FC688EBCE700BFC3895A0700
:1014D00070B5044607D5036800219B689847206AC9
:1014E000FEF712FFE38994F8240023F004039DB271
:1014F000E581FEF7E3FE206260B12368002645F037
:1015000004055B68E581E6842685204631469847D8
:10151000304670BD6FF47B7070BD00BF38B5C389B5
:101520001A07054607D5036801219B689847E86AB2
:10153000FEF7EAFEEB8995F8300023F008039CB231
:10154000EC81FEF7BBFEE86230B1002044F00804F5
:10155000EC816886A88638BD6FF47B7038BD00BF0B
:101560002DE9F0470446244D244825600025A0605D
:10157000257104F108006571E560894690461F46B3
:101580009DF82060BDF824A0FEF750F81C4B2360A6
:1015900003F13802A260C4F81090C4F8148004F17A
:1015A000180004F085FE01374FF0FF330136E36188
:1015B000E5844A4604F1100184F8247084F8306010
:1015C000A4F80CA02562E56225856586A5862046DF
:1015D000FFF7BCFD424604F114012046FFF7B6FDBB
:1015E000084B1A6802B91C60E38943F48043E38125
:1015F0002046BDE8F08700BF34710400F46F04009A
:1016000040710400283C00202DE9F041C789BC0747
:101610001DD4002A1DDDE1B1984647F00203C381C5
:101620003B07044615460E460BD543462A4631462F
:101630002046FFF7FBFEE38923F00203E381BDE8C8
:10164000F081FFF76BFF0028EFD0BDE8F081024882
:10165000F5E76FF47A70F2E70DFCFFFF10B40C6849
:101660001346211DB4F902205DF8044BFFF7CCBFEF
:1016700038B50B1E07DB1D460368DB680446984738
:1016800000B9A56338BD6FF47A7038BDC38913F013
:10169000030F60D143F0030370B50446C3811546C0
:1016A0000E460A4600F11001FFF750FD2A4604F1EC
:1016B00014012046FFF74AFDA28E638E93423DD36C
:1016C000A28E9B1A2268002B926804DD012120461D
:1016D000904723689A680021204690472B681F4A4C
:1016E0005B6C934233D123682A4631461B692046FE
:1016F0009847236800215B6820469847A28E638E36
:10170000934221D294F83020A18E13445B1A002B0F
:1017100004DD236801215B6820469847A56B002DF6
:1017200006DB23682946DB682046984700B9A56395
:10173000E38923F00303E381002070BD94F8302097
:10174000A18E13445B1ABDE7A28E9B1ADFE702212C
:1017500028469847C7E70248704700BFF592020045
:101760000DFCFFFF012A20D0022A38B50AD0C38C15
:1017700090F82420194491FBF2F302FB1311C1618C
:10178000002038BD05460C4680891146FEF7E0F979
:10179000E98C95F82420214491FBF2F302FB13110C
:1017A000E961FEF757FB002038BD6FF47A7070478F
:1017B000012A0FD038B514460546183004F07EFDD6
:1017C000022C01D0002038BDA8890121FEF772FB50
:1017D000002038BD6FF47A70704700BF2DE9F04FDC
:1017E00087B0CE8900AFF507C7E9013060D4740730
:1017F0008946154640F1D780B9F828A0B9F82630B7
:1018000046F001069A45A9F80E6058D02B68D9F821
:101810002010B3F902205646731C002A11F80680E6
:10182000FB602ADD4FF0000B4FF0FF340FFA8BF115
:10183000284604F07DFD2A68B2F902200BF1010B65
:10184000404508BF34465A45F0DC99F82430F96821
:10185000B9F8268091FBF3F61FFA88F803FB1616F9
:10186000B04500F0A880601C54D1D9F82010731C3A
:10187000002A11F80680FB60D4DC99F82430F8685F
:10188000B9F8268090FBF3F61FFA88F803FB1606DA
:10189000B045C1D17B68012B00F094807B68022B9E
:1018A00013D0B9F80E60B86826F00106A9F80E60EA
:1018B00004F0FEFCB8681C37BD46BDE8F08F7B68BD
:1018C000012B00F0BA80022BEDD1294607F114005C
:1018D00004F0E6FC07F1140102224846FFF768FF16
:1018E00007F1140004F04AFCB9F8264014F1FF3463
:1018F00002D299F82440013C07F1140004F0D8FC0E
:1019000007F1140109F1180004F0D8FC07F11400E4
:1019100004F034FC002CB9F80E60C4DB99F82450B4
:101920005445BABFA5EB0A0BA344A4EB0A0B0BF179
:10193000080323F00703E846ADEB030D00216846DA
:101940000BF10102A4B213F0B9FAA2456946D9F825
:1019500020000FD00DF1FF320AF1010C9CFBF5F3D2
:1019600005FB13C310F80AC002F801CF1FFA83FA6F
:101970005445F1D1B9F82830B86801335B4426F0FA
:10198000010693FBF5F205FB1235A9F80E600FFA7C
:101990008BF2A9F8285004F069FCC546B8681C37DA
:1019A000BD46BDE8F08F0846FFF790FD002837D10F
:1019B000B9F80E6020E77B68012B29D1611CA9D101
:1019C000D9F82010B9F826309845FBD008F101036A
:1019D000002A11F80860FB6027DD4FF0000B4FF084
:1019E000FF340FFA8BF1284604F0A2FC2A68B2F902
:1019F00002200BF1010BB04208BF44465A45F0DC0F
:101A000099F82430F96891FBF3F803FB1818D5E72F
:101A10007B68022B7FF47EAF631C7FF47BAF54E7BF
:101A20000146B86804F0CAFBB8E799F82430F868B2
:101A300090FBF3F803FB1808C4E72B68D9F82010D3
:101A4000B3F90220D046BDE7C3895B0710B5044651
:101A500005D5E38C208DC01A18BF012010BDFFF7FB
:101A600035FD0028F5D010BD38B50446F9B101297F
:101A70000D4610D12046FFF7E7FF0028FAD0238D4E
:101A8000226A94F82410D05C013393FBF1F201FB3D
:101A90001233238538BD0229F1D1FFF7D5FF002885
:101AA000EDD12A4601212046FFF75CFEE7E7FFF76C
:101AB000CBFF0028E3D1014838BD00BF0CFCFFFF7D
:101AC00038B5C389DA0712D443F001025B07044634
:101AD0000D46C28102D4FFF7F9FC38B929462046E9
:101AE000FFF7C2FFE38923F00103E38138BD01481A
:101AF00038BD00BF0DFCFFFFB0F80EC01CF0010F99
:101B00002DE9F0416AD198461CF0040F4CF0010316
:101B1000064617460D46C3812BD0B8F1000F11D1F0
:101B2000002F59DD013D444604E00134A74205F889
:101B3000010F17D000213046FFF796FF10F57D7F8B
:101B4000F3D10FE0B8F1010F1CD1002F44DD6C1E62
:101B5000E51901213046FFF787FF04F8010FAC4279
:101B6000F7D13C46F38923F00103F3812046BDE819
:101B7000F081FFF7ABFC04460028F7D1B8F1000F65
:101B8000CED0DFE7B8F1020F26D1F38C318D994228
:101B900085BF96F82430F28CF38C9B185B1A9F4219
:101BA0000DDDF38C994285BFF28C96F82430F38CCE
:101BB0009B18591A791A02223046FFF7D3FD002FDD
:101BC0000ADD6C1EE51902213046FFF74DFF04F8CF
:101BD000010FAC42F7D1C4E70024C3E7004CC5E7CE
:101BE0000DFCFFFF2DE9F0411446083222F00702F8
:101BF00000AFADEB020D0E469846621C0021054673
:101C0000684613F05BF94346224669463046FFF7C3
:101C100073FF002808DD02B26946284604F026FB5F
:101C20002846BD46BDE8F081284604F041FB284621
:101C3000BD46BDE8F08100BFC389DA0712D4FF2991
:101C400018BF013110B543F00103044618BFC9B2F3
:101C5000C38180F82410FFF739FCE38923F00103E6
:101C6000E38110BD004870470DFCFFFFC3899A0750
:101C700012D4FF2918BF013110B543F00203044606
:101C800018BFC9B2C38180F83010FFF747FCE38961
:101C900023F00203E38110BD004870470DFCFFFFF5
:101CA00090F82400704700BF828E438E934237BF66
:101CB00090F83020808E808E9B18181A704700BFD5
:101CC0000A4B10B503F108024033044602608360FA
:101CD000183004F053FA064BA360002304F1080007
:101CE000E381FDF713FD204610BD00BF38710400ED
:101CF000F46F040008B5C06803681B6B98470020A8
:101D000008BD00BF08B5C06803689B6A98470020FB
:101D100008BD00BF2DE9D84704469246994607F012
:101D2000CDFCE66894F8118034683046A36CE76B0C
:101D300098474B465246002B08BF0A2A38BF0A2252
:101D4000024441463046B847BDE8D84707F0A8BC32
:101D500070B5044607F0B2FCE06803689B6C9847D6
:101D6000D4E90151D4E908236060401B15180844E8
:101D700043F10006B0F57A7FC4E90856A0600CD3A1
:101D8000D4E906230132A0F57A7043F10003B0F5DF
:101D90007A7FF7D2C4E90623A060BDE8704007F05F
:101DA0007FBC00BF10B50446FFF7D2FFD4E906019F
:101DB00010BD00BF2DE9F84F1646426BBDF82880D4
:101DC000BDF82C909DF830A0002A10DDC46A1F4693
:101DD000238A83B104F11803002102E033F8085C80
:101DE0004DB1013191421C4603F11803F6D16FF455
:101DF0007B70BDE8F88F0546FFF7AAFFD5E90823F9
:101E000012EB060B43EB070CBAF1000F22D10020B6
:101E100001460D9BA4F81080C4E90001C4E902BC8E
:101E2000A4F81290636107F049FC296B39B1D4E939
:101E30000223D1E902018B4208BF824205D22C6302
:101E400032463B462846FFF765FF07F029FC002095
:101E5000BDE8F88F30463946DBE700BF2DE9F003D7
:101E6000456BC36A00218D4201631EDD0A461C8A50
:101E7000013254B139B1D3E90267D1E902894F4542
:101E800008BF464501D203631946AA4203F118036D
:101E9000EDD151B1036A8A68D21A0A2AB8BF0A2260
:101EA000D317BDE8F003FFF735BFBDE8F003704777
:101EB0002DE9F04F83468BB059B1C468067C236886
:101EC00020469A6CDD6B9047394A314602442046E1
:101ED000A8475846FFF73CFFDBF83420DBF82C40DE
:101EE000002A49DD0025AA461CE0D4E9006756EA2D
:101EF0000701628A46D1DBF830000021A04221822E
:101F000047D001210291CDE90089194606A803F0C6
:101F100065FDDBF834200AF1010A0135AA4204F11B
:101F2000180426DD238A002BF7D0D4E90201DBE96F
:101F30000889894508BF8045CDE90401D5D2636988
:101F4000DB07EAD5FEF7BAF860B1DBE90801194E04
:101F5000D4E9022336184FF000074F41BB4208BFB7
:101F6000B24219D3DBF834200135AA4204F1180437
:101F7000D8DCBAF1000FB1D15846FFF76FFF0BB0B4
:101F8000BDE8F08FDDE9040180197941C4E902015F
:101F9000B7E7CBF83010B4E70123CDE90001029395
:101FA000052240F2FF3106A803F018FDDAE700BF72
:101FB00080969800A0860100074B1B6853B1197CDE
:101FC000084110F00101184601D1FFF771BF01214E
:101FD000FFF76EBF704700BF303C0020426BC36A02
:101FE00002EB420203EBC20293424FF0000025D203
:101FF000198AF9B15969C9071CD5D0B1F0B4D0E933
:102000000245D3E90267AF4208BFA64238BF18466F
:1020100018339A420BD9198A0029F9D05969CC078B
:10202000F6D50028EBD1184618339A42F3D8F0BC05
:102030007047184618339A42DAD87047704700BF85
:102040002DE9784804460D4607F038FBE068036840
:102050009B6C9847636860600646D4E90801A268F3
:10206000F31A10EB030B134441F1000CB3F57A7F24
:10207000C4E908BCA3600CD3D4E906010130A3F580
:102080007A7341F10001B3F57A7FF7D2C4E9060112
:10209000A360E06803681B6B984707F001FB00230F
:1020A000C5E90063D4E90801BDE878882DE9F84F57
:1020B000DDE90A890446154607F000FB58EA0903E2
:1020C00030D0D4E9082312EB080043EB0901C4E93E
:1020D00008014FF47A7200234046494612F09CFCF6
:1020E000D4E9066716EB000A47EB010BC4E906AB1F
:1020F000404649464FF47A72002312F08DFCA368E3
:102100001A44B2F57A7FA2600BD31AF1010AA2F544
:102110007A724BF1000BB2F57A7FF6D2C4E906ABC6
:10212000A26065602046FFF713FED4E90889636B5F
:10213000E56A03EB430305EBC30C18F10A0A4FF001
:10214000000349F1000B6545236314D333E05B457D
:1021500008BF524501D2C5E902AB236B3BB1D3E9BD
:102160000201D5E902238B4208BF824200D22563D7
:102170001835AC451FD92B8A002BF9D0D5E900675B
:1021800056EA0701D5E90223E1D012EB060843EB3A
:102190000709D94508BFD04502D3DEE78046894606
:1021A00016EB080047EB0901594508BF5045F5D328
:1021B000C5E90289D1E7E06803689B6C984705464A
:1021C000E068094A0368217CDB6B2A449847236B4B
:1021D00033B1E068617C036805F10A02DB6B984764
:1021E000BDE8F84F07F05CBA80969800704700BFD2
:1021F000064B10B51C682CB12046FFF7A9FDD4E9A9
:10220000060110BD0020002110BD00BF303C0020A1
:10221000064B10B51C682CB12046FFF799FDD4E998
:10222000080110BD0020002110BD00BF303C00207F
:1022300070B50A4C266884B076B11D4614460B462C
:102240000246012108980390CDE9004530460291ED
:10225000FFF7B0FD04B070BD0148FBE7303C002043
:1022600016FCFFFF70B50E4D2C68B4B12046FFF789
:102270006FFD0C4B266A42F2107098472C6820467E
:10228000FFF766FD236A0849053B9B1B42F210726B
:102290000020B2FBF3F30B6070BD044870BD00BFBB
:1022A000303C0020792000202C3C002016FCFFFF51
:1022B000F8B50D46437416460A231E4A1E490160AE
:1022C00004464363C56006740121F0201460FEF7E4
:1022D0003BF82B68194FDA69E06200210020216386
:1022E000BA424FF00001C4E90601C4E908011AD15D
:1022F000134AEA603146134ADB6B28469847E06888
:1023000003685B6A9847E068036800229B6CA260E0
:102310009847E36860601A681846936A9847FFF721
:10232000A1FF2046F8BD284605499047E5682B687F
:10233000E0E700BF303C00209C710400A162020075
:10234000B91F0300809698002DE9F843124D2E68BE
:1023500006B3124B04461868A8B93046FFF7F8FCDC
:10236000D6E9086716EB040847F100092C682046F7
:10237000FFF7EEFCD4E908234B4508BF4245F5D3EF
:102380000020BDE8F88304FB00F0054B98470020CF
:10239000BDE8F8830348F4E7303C00202C3C0020E3
:1023A0007920002016FCFFFF4FF47A7303FB00F046
:1023B000FFF7CABF064B1B681BB101461846FFF763
:1023C0003FBE00220023C0E9002319461046704793
:1023D000303C002070B5094C266882B05EB11446CE
:1023E0001D4602460B463046CDE90045FFF75EFE2E
:1023F000002002B070BD0248FBE700BF303C002067
:1024000016FCFFFF084B1B685BB110B5044618466D
:10241000FFF7E4FD20B1D0E90223C4E90023012045
:1024200010BD1846704700BF303C0020C3880D4ADD
:1024300023F4005310B504460260C3802C3003F02F
:1024400017FB04F1240003F099FE04F11C0003F0D3
:1024500095FE054B236000232046E380FDF756F9E7
:10246000204610BDAC710400F46F040010B50446A2
:10247000FFF7DCFF204612F0BFFC204610BD00BF76
:10248000F8B50025164B0360044645600F46164616
:10249000FDF7CCF8134B2360A76004F10C0003F0A8
:1024A000DDF904F11C0003F003FF04F1240003F044
:1024B000FFFE04F12C0003F0E3FA4FF4405384F8DC
:1024C000225084F83250A6802575E5822583258424
:1024D0002585258684F83350E3802046F8BD00BF6B
:1024E000F46F0400AC71040000B5012385B081884D
:1024F0001A46684603F062FA012368461A4640F21B
:10250000FE3103F05BFA05B05DF804FB2DE9F843FA
:10251000044680680121103003F0C6FC94F9223093
:10252000042B06DCE269B4F92010B2F902208A42D9
:102530001ADCA06801335DB284F822500368DB69BD
:1025400098470130854201D0BDE8F883E369002255
:1025500084F82220B3F90210B4F92030994236DD14
:1025600001332384BDE8F88304F11C0003F0E0FE8E
:1025700004F10C050146284603F082F9064660B3D3
:10258000A06894F922700268C7F1040301279F40F4
:10259000D3699847354600F1FF38A068FFB25FFA6B
:1025A00088F805366FEA050915F8013B3B4204D16E
:1025B000AE42F9D194F92230BCE709EB05021030A4
:1025C00012B2FF23414603F09BFAA068F0E72275A0
:1025D0002046BDE8F843FFF787BF2846202103F0D7
:1025E0004FF90646CCE700BF38B50446436AB4F954
:1025F0002810B3F9023080688B4200F110050FDC1F
:10260000202100231A46284603F008FC626AB4F928
:102610002830B2F902209A4208DB0133238538BD05
:1026200004F1240003F084FE0146EAE70023237549
:102630002046BDE83840FFF757BF00BF10B504463D
:10264000806882B0103003F051FAA068B4F93020ED
:102650000023103004F12C01009303F049FB50B922
:1026600094F833303BB100232046237502B0BDE817
:102670001040FFF739BF94F93230002BF3D0218E90
:1026800001220B44238684F8332002B010BD00BF22
:1026900030B504468068B4F93050036883B0DB6914
:1026A0009847E36A94F932105B88CB1A1844854244
:1026B0000DDC94F8333053B1237D062B2ED000234C
:1026C0002046237503B0BDE83040FFF70DBFB4F9D5
:1026D0003020A068002A00F1100010DC00230093D5
:1026E00004F12C0103F004FB94F932307BB1218E0C
:1026F00001220B44238684F8332003B030BD4942C5
:1027000003F0D2FBA068B4F930201030E6E723755F
:102710002046FFF7E9FE94F93230E8E7A068103070
:1027200003F0E4F9CBE700BF037D0022022B10B5D4
:10273000044602831CD0237D032B1ED0237D042B53
:1027400021D0237D052B06D0237D062B03D0237DAE
:10275000072B06D010BD2046FFF79AFF237D072BDD
:10276000F8D1002323752046BDE81040FFF7BCBE1A
:10277000FFF7CCFE237D032BE0D12046FFF734FF8B
:10278000237D042BDDD12046FFF758FFD9E700BF9A
:10279000037D33B1038BC18A04339BB29942038317
:1027A00000D97047FFF7C0BF10B5037D84B0044661
:1027B00073B1012300220275A1881A46684603F00E
:1027C000FDF8012368461A4640F2FF3103F0F6F89F
:1027D000A068103003F08AF904B010BD10B50121D3
:1027E00004460720FDF766FB064B984205D010BD56
:1027F000237D012BFBD006F069FF237D002BF7D151
:1028000010BD00BF16FCFFFF38B5151E16DB037D9B
:1028100013B1037D012B0FD10446806800231030D3
:102820001A4603F0FBFA2DB100200723E58220832E
:10283000237538BD284638BD024838BD6FF47A701C
:1028400038BD00BF12FCFFFF70B582B0079D002DA0
:102850001BDB047D14B1047D012C14D1069E0446BB
:102860008068F6B21BB212B21030009603F040FA44
:1028700035B100200723E5822083237502B070BDA7
:10288000284602B070BD0248F8E76FF47A70F5E7A9
:1028900012FCFFFFF8B5151E21DB037D0F46044631
:1028A0003BB909E0012140F2FF30FDF703FB237D36
:1028B00013B1237D012BF5D1237D03F0FF0663B90E
:1028C00039462A462046FFF79FFF25B12046FFF7ED
:1028D00085FF3046F8BD2846F8BD0248F8BD6FF4C4
:1028E0007A70F8BD11FCFFFF2DE9F04385B00D9E15
:1028F000002E36DB9846037D17468946044673B1A1
:10290000037D012B03D10AE0257D012D07D0012194
:1029100040F2FF30FDF7CEFA257D002DF4D1237D66
:1029200003F0FF05DBB9494603A803F0AFF80C9BA1
:102930000093019643463A4603A92046FFF784FFD9
:1029400003A803F095F836B12046FFF747FF284665
:1029500005B0BDE8F083304605B0BDE8F08302481D
:10296000F6E76FF47A70F3E711FCFFFF70B5161EFF
:1029700014DD037D13B1037D012B0DD10025044629
:1029800080F8225005841C3003F098FC0223258334
:102990002846E682237570BD024870BD6FF47A70D8
:1029A00070BD00BF12FCFFFFF0B5161E83B026DD20
:1029B000037D0F4604463BB909E0012140F2FF3098
:1029C000FDF778FA237D13B1237D012BF5D1237D0B
:1029D00003F0FF058BB9394601A803F061FC3246CC
:1029E00001A92046FFF7C2FF01A803F0C7FB20465C
:1029F000FFF7F4FE284603B0F0BD0248FBE76FF492
:102A00007A70F8E711FCFFFFF0B583B0171E089E3F
:102A10002FDD047DFCB916F1FF0F0446C3F100055C
:102A20001ED036B284F83250268604F12C0003F012
:102A30004DF8099B002D18BF3D46002B07F1FF32D2
:102A40000CBF052306230020E5822283237584F82A
:102A5000330003B0F0BD047D012CDCD00648F8E75C
:102A6000806801910368DB699847461936B201997D
:102A7000D8E76FF47A70ECE712FCFFFF2DE9F04124
:102A8000161E84B031DD1F46037D8846044673B1AF
:102A9000037D012B03D10AE0207D012807D001210D
:102AA00040F2FF30FDF706FA207D0028F4D1237DA7
:102AB00003F0FF05BBB9414603A802F0E7FF0B9BFB
:102AC00001930A9B009332463B4603A92046FFF739
:102AD0009BFF03A802F0CCFF2046FFF77FFE2846AD
:102AE00004B0BDE8F0810248FAE76FF47A70F7E7C6
:102AF00011FCFFFF10B5054B03F108023833044603
:102B00000260C360FDF74EFD204610BDC871040091
:102B100010B5074B03F10802383304460260C36066
:102B2000FDF740FD204612F067F9204610BD00BFBA
:102B3000C8710400C28838B5047C22F40052002514
:102B4000C280CD6014B103689B699847002038BDEE
:102B5000A0F10C00FFF7EEBFC388DB0400D4704780
:102B60002DE93048036888B05B6A04469847227EA6
:102B7000E38878B10B2A04D80132D2B2082A22762F
:102B80000ED9D9071ED503F00305012D2CD008B0AE
:102B9000BDE8308832B1013AD2B2082A2276F0D8A4
:102BA000012AF0D8DA07EED523F00303E3800222EE
:102BB0000123A188684602F001FF657E012D2CD01B
:102BC000E388E0E743F001020123E280A1881A468E
:102BD00004A802F0F3FE238901332381FFF708FBE9
:102BE000227EE3886061DBE7FFF702FB6369B0EBFD
:102BF000030B61F1000C002340F2DB52634508BF78
:102C00005A45C4D2E288A18842F00202E2802B46F3
:102C1000052204A802F0D2FEB9E7FFF7E9FA6369DA
:102C2000B0EB030B61F1000CBCF1000F08BFBBF56A
:102C30007A7F2B462CBF04220322A18804A802F02D
:102C4000BDFEBDE710B5044684B0E9B9C269D288BB
:102C5000930502D4002004B010BD03685B6A984756
:102C60000028F7D0E288A188012342F00102032066
:102C7000E28020761A46684602F0A0FE01232381F6
:102C8000FFF7B6FA6061E5E7C288002122F003028F
:102C9000C28001810176002004B010BDC16938B541
:102CA000CB6800F10C05AB421CD0044623B11A6876
:102CB000184612689047E169A27ECB88CD60012A50
:102CC0000CBF43F4807323F48073CB800B680A4AF3
:102CD0005B6C93420AD1E08840F40050E08000F041
:102CE000010038BDC08800F0010038BD084694F8E6
:102CF00020109847EFE700BFF592020070B5054637
:102D000000F10C0630460121FEF71EFAE8690A4A76
:102D100003685B6893420CD16FF47D73AC7EE41A58
:102D2000B4FA84F4304664090021FEF70DFA204617
:102D300070BD98470346F1E7319202002DE9F84350
:102D400004460D4690461F469DF820609DF824904D
:102D5000FDF712FC0B48E561002100F10805383051
:102D6000E06084F82090A4F804806776A676256059
:102D700021746174616121762046FFF78FFF204640
:102D8000BDE8F883C87104004176704710B5044669
:102D9000806830B14FF480720021BDE8104012F01D
:102DA0008DB84FF48070FDF789FA4FF48072A060FF
:102DB0000021BDE8104012F081B800BFF0B5044614
:102DC00040682268036885B000256E461F6900953B
:102DD000022301953146B847104B009A9A4219D008
:102DE0002046CDE90035FFF7D1FF96E8030002AB9E
:102DF00083E8030003CBA36818605960D4E900108E
:102E000003689B699847D4E90102036821685C69FB
:102E10004023A047019805B0F0BD00BFA10D0C00F4
:102E2000F8B50023161E836004460D4641600B680A
:102E30000FDB08461B6898472B6807469B682846A7
:102E4000984706FB007020602046FFF7B7FF20463A
:102E5000F8BD08465B6898472B6807469B6828467C
:102E6000984706FB107020602046FFF7A7FF20461A
:102E7000F8BD00BF2DE9F0478A468146FFF79EFF67
:102E8000804638B33020D9F8004011F0BCFF302222
:102E90000021064612F012F8B8F1000F04F1080400
:102EA00015DD002502E00135A84517D0D9F804004A
:102EB000036822461F6931460C23B8473146504605
:102EC00012F02EF830340028EDD1A84506D0304657
:102ED000BDE8F08706463046BDE8F087304611F081
:102EE0008BFF0026F3E700BF2DE9F04F0546C3B086
:102EF00008460C4692461F4612F01CF800F10109E4
:102F0000B9F1100F00F2E180202F00F2DE8021469F
:102F10002846FFF7AFFF064660B13A4651461030EB
:102F200011F099FF80463046B8F1000F00F0A48000
:102F300011F062FF4A46214606A811F09BFF514658
:102F40003A460AA811F096FF2846D5F800A0FFF7E8
:102F500035FF30228046002112A811F0AFFF28462D
:102F6000FFF714FFB8F1000F0AF1080640F3AB8039
:102F7000002701970DF1A8090DF1D80B68680368C7
:102F800032461C6912A90C23A04706A912A811F009
:102F9000C7FFA6EB0A0E002874D14F4ACDE90228DC
:102FA00002AB03CBAB680DF1180C18605960BCE89C
:102FB0000F001EAC0FC4BCE80F000FC49CE80F004C
:102FC00084E80F00AB681EAC9E44A446BCE80F002A
:102FD000CC45CEF80000CEF80410CEF80820CEF88C
:102FE0000C3064460EF1100EEFD10123019301372E
:102FF000B84506F13006C1D108EB4804019BA40096
:10300000A71C3BBBB8F1050F62D0334A08F101039E
:10301000CDE9042304AB03CBAB6806AC1860596060
:103020000FCC36AE0FC60FCC0FC694E80F0086E863
:103030000F00AC680DF1D80C04EB870442AF664674
:103040000FCEBE4220606160A260E360B44604F12E
:103050001004F4D1D5E9001003689B699847D5E9BD
:103060000102036829685C694023A0474FF000080B
:10307000404643B0BDE8F08F11F0BEFE404643B07D
:10308000BDE8F08F0DF1480CBCE80F004C460FC4B2
:10309000BCE80F000FC49CE80F0084E80F00AB6889
:1030A0004C469E44A446BCE80F00DC45CEF8000028
:1030B000CEF80410CEF80820CEF80C3064460EF19D
:1030C000100EEFD193E702279FE76FF47A78D5E7E8
:1030D0006FF47B78D2E700BFA10D0C002DE9F04F13
:1030E000A1B089460546FFF769FE002800F08680FA
:1030F00080463022002108A82E6811F0DFFE284605
:10310000FFF744FE3E4ACDE9022802AB03CBAB6891
:10311000B8F1000F06F108061860596061DD00275C
:103120000192BB464FF0020A10E0019A08F1FF330A
:10313000CDE9042304AB03CB0137AB68B845186075
:1031400059604FF0010B06F1300632D06868036811
:1031500008A91C6932460C23A047494608A811F06B
:10316000DFFE0028E1D00DF1200CBCE80F0014AC0C
:103170000FC4BCE80F000FC49CE80F0084E80F00E8
:10318000AC680DF1500C04EB8A04E646BEE80F0073
:10319000E36020AB9E4520606160A260F44604F1CC
:1031A0001004F2D10137B8450AF10C0A06F13006D5
:1031B000CCD1BBF1000F14D0D5E9001003689B6996
:1031C0009847D5E90102036829685C6908EB48085B
:1031D0004FEA88030233A0470023184621B0BDE818
:1031E000F08F074BAA68CDE9063806AB03CB054B39
:1031F00010601846516021B0BDE8F08F014BECE73C
:10320000A10D0C000CFCFFFF03681B6B184700BFEF
:1032100001892DE9F0414FF47A76044606FB01F16D
:103220002148FDF74BF9214AA17A0346A2FB03236B
:103230009B0923811E48FDF741F9656CA072E38864
:103240002A68B4F84C80576A13F4807320D1414641
:1032500028462022B84728BB606CB4F84C1003689D
:1032600022225D6A1023A847E0B9656CA17A2B6819
:103270000F485E6AB4F84C40FDF700F960F07F0338
:10328000DBB2214628462322B04758B9BDE8F08179
:103290002189054806FB01F1FDF7F0F840F007032E
:1032A000DBB2D4E70348F1E70C720400D34D62109F
:1032B000047204000EFCFFFF10B5034B03600446CC
:1032C000FDF7B2FB204610BD8472040010B5054B1B
:1032D00003600446FDF7A8FB204611F08DFD204653
:1032E00010BD00BF8472040008B50246C38819B13E
:1032F000D9050AD4002008BD9905FBD523F4007335
:1033000043F48043D380002008BD016823F4824346
:1033100043F40073C380CB6A9847002008BD00BF08
:10332000F0B5C388DA0585B005462BD4026843F4AE
:103330008243C380D36A98470126304FA86C036844
:10334000C4885B68BB42C4F3002416D100208442C9
:103350004FF027020DD0686C95F84C1003681B6B7A
:10336000984710F008040FD1002EE7D1204605B091
:10337000F0BD002EE2D13446F8E79847B0FA80F06D
:103380004009E4E70026D8E7686CB5F84C100368FC
:1033900006220124CDE90024A822DC6A02ABA04762
:1033A000044608B1164CE1E7BDF90820BDF90A3022
:1033B000BDF90C60A87A2968002AB8BF1F32002B1B
:1033C000B8BF1F33002EB8BF1F36761152115B11E4
:1033D000ADF80820ADF80A3010FB02F210FB03F341
:1033E00010FB06F05B4240422862C5E90632ADF8A8
:1033F0000C604B6B28469847B8E700BF319202003B
:103400000EFCFFFFF8B504460F4616461946BDF8F8
:103410001C20BDF81850FDF705F9064A6764002323
:10342000A664A4F84C502260E3802046FFF7F0FE2B
:103430002046F8BD8472040008B50368C9B21B6B4E
:103440000F229847A0F13300B0FA80F0400908BD80
:1034500003689B6A184700BF018938B54FF47A7535
:10346000044605FB01F11548FDF728F8144A034608
:10347000A2FB03239B0999B205FB01F123810F48AD
:10348000FCF7FCFFE288B4F85010C3B2A06CD20580
:10349000026858BF43F00303556A6022A84758B931
:1034A000A06CE3880268B4F85010546AC3F3002398
:1034B0006222A04700B938BD024838BDBC72040082
:1034C000D34D62100EFCFFFF10B5034B03600446A2
:1034D000FDF7A2FC204610BDEC72040010B5054BB0
:1034E00003600446FDF798FC204611F085FC204659
:1034F00010BD00BFEC72040008B50246C38819B1C4
:10350000D9050AD4002008BD9905FBD523F4007322
:1035100043F48043D380002008BD016823F4824334
:1035200043F40073C380CB699847002008BD00BFF7
:10353000F0B5C388DA0585B005462BD4026843F49C
:103540008243C380D36998470126284FE86C0368FB
:10355000C4885B68BB42C4F3002416D100208442B7
:103560004FF067020DD0A86C95F8501003681B6BE4
:10357000984710F008040FD1002EE7D1204605B07F
:10358000F0BD002EE2D13446F8E79847B0FA80F05B
:103590004009E4E70026D8E7A86CB5F850100368A6
:1035A00006220124CDE90024E822DC6A02ABA04710
:1035B000044608B10E4CE1E7BDF90830BDF80A0039
:1035C000BDF80C102A6803EB8303C3EB03135B0005
:1035D000AB634FF66A7310FB03F011FB03F36863F0
:1035E000EB632846D36A9847C8E700BF31920200D0
:1035F0000EFCFFFFF8B504460F4616461946BDF807
:103600001C20BDF81850FDF769FA054BA4F850507E
:10361000C4E9127623602046FFF71EFF2046F8BD5E
:10362000EC72040082B08DE80C00014802B07047D3
:1036300016FCFFFF002070470029806905DD08B9EE
:1036400004E010B10139406AFBD17047704700BFF8
:1036500082B070B50C4684B005464968206802AC5B
:1036600003C4039908AC481084E80C00CB0745BF9D
:103670002A58029B029CD4580AAB2E1893E80300E8
:103680008DE8030008AB0CCB3046A04704B0BDE882
:10369000704002B0704700BF002971D0F0B5846956
:1036A00085B00D4606463CB966E0A388980708D564
:1036B000914219D0646A14B3AB8821682A689F07C5
:1036C000F3D49142F6D1A268AB689A42F2D1EA688B
:1036D000E3689A42EED1A3881A0402D5C3F30E031D
:1036E000A380294805B0F0BDA968A06802F0B8FE23
:1036F0000028DFD0EA68E3689A42DBD1EBE7D6F82E
:1037000018C02A88BCF1000F2ED06046634600E046
:103710000B461C88944211D2596A18460029F7D1E9
:1037200063451DD0596A69625D62012340F2FD3133
:10373000684602F043F9002005B0F0BD1ED16F8845
:103740005988B94204D319E04888B842E8D20B46F8
:10375000596A0029E4D00888A042F5D06345E1D138
:1037600019888A4202D26B62B561DEE7DAD15888E5
:1037700069888842D6D9F6E70A88F5E70346CFE795
:103780006FF47A70704700BF16FCFFFF002943D02A
:10379000F0B5846985B0002C3BD00D46204F002643
:1037A00005E0A268AB689A420DD0646A04B3AA88A7
:1037B000A38853409907F8D49207F2D5A968A06866
:1037C00002F04EFED0B12B88E3B96B8813B162884A
:1037D0009A42EAD1A38822883B43A3804FF47F71A9
:1037E000012368461E4402F0E9F8646A002CDED129
:1037F000002EC8BF20460CDD05B0F0BDAB889B078E
:10380000D3D4CEE722889A42CFD16B88002BDED169
:10381000E0E76FF47A70EFE76FF47A70704700BFFB
:103820000080FFFF2DE9F04183885F0782B00646E4
:1038300003D59D062DD4DC0638D443F00403B380B1
:1038400006F1100506F1180815E0F368009395E8F5
:103850000F00A047B388DA0618D5346AB4B194E8EB
:103860000F00276985E80F002046376211F0C4FA7F
:10387000FCF7F0FAB388B46898070DD4D907E4D4FC
:1038800095E80F00A047B388DA06E6D423F00403D6
:10389000B38002B0BDE8F08198E8030095E80C0021
:1038A0008DE80300204602F0C3FDD3E700F11803C2
:1038B00093E803008DE8030006F110030CCB3046BB
:1038C000FCF790FDE5E700BF70B51C4B8CB003F131
:1038D0000802283304460260C36006A802F08EF88E
:1038E0000F231820029311F08EFA0025144A00923B
:1038F000064601956A46034603CA46F80C4B114A30
:10390000DD60049375605A6158609960204602A991
:103910001223ADF80C300595CDE90A55FFF736FFB7
:1039200002A8FCF755FD084B658204F10C00E3602A
:10393000FBF7ECFE20460CB070BD00BF34730400F2
:10394000D13B030051360300F46F0400A0F10C00DA
:10395000FFF7BABF10B50446FFF7B6FF204611F0D7
:103960004BFA204610BD00BFA0F10C00FFF7F2BFDC
:10397000F0B5254B254A02600025044683B0C0E916
:10398000025305610C30FBF751FE214B236003F11C
:103990002002E260A561C4E90755E584282011F002
:1039A00032FA0646103002F029F81A4B336018201C
:1039B00011F029FA184ACDE9002507466A46034660
:1039C00003CA47F80C4B154ADD604FF0C20C7D600E
:1039D00058609960204631465A61C6E90235C6E909
:1039E0000855A6F804C0FFF757FE30B90C4B1A680B
:1039F00002B91C60204603B0F0BD3046FCF7E8FC7D
:103A0000304611F0F9F9F1E7F46F04002473040073
:103A10003C7304000F000200D13B03005136030049
:103A20003C3C002038B5044605F048FEE5692DB160
:103A30002B69E36133B1E38C013BE38405F030FE95
:103A4000284638BD2362F6E72DE9F041846934B396
:103A5000A388656A4FF000081A040746464606D454
:103A60002646BDB12C46A388656A1A04F8D55B07C3
:103A7000F6D496B17562656ABB680BB1204698476B
:103A80002046FCF7A5FC204608F1010811F0B4F926
:103A9000002DE7D14046BDE8F081BD61ECE7A046CE
:103AA0004046BDE8F08100BF2DE9F0418469002C5B
:103AB00044D016460D46DFF88C8001270CE0A38821
:103AC00003F0C003A3F1C003B3FA83F35B09B3426D
:103AD00015D00027646A4CB323882988994201D005
:103AE000002BF7D163886A889A4201D0002BF1D16C
:103AF000FCF726F80028E2D10123B342E9D1B4F85B
:103B000004E01EF4004FE4D195E80F0004F1100C1E
:103B10001EF0400F8CE80F0002D1FCF711F840B9FD
:103B20002046FFF77FFE646A002CD5D13846BDE8F9
:103B3000F08121464046FCF751FACBE70127384691
:103B4000BDE8F08125380300F0B5012287B00446B6
:103B5000066A0D46FFF7A8FF10B9E38C092B01D9BF
:103B600007B0F0BD95E80F0002AD85E80F00182002
:103B700011F049F906AB074613E9030095E80C007C
:103B80008DE80300384601F05FFF05F097FD66B150
:103B900033693B6137613B695BB1E38C0133E3849B
:103BA00007B0BDE8F04005F07BBDE3693B61E7612C
:103BB000F2E72762F1E700BF82B008B502A9C1E9C8
:103BC0000023FFF7C1FFBDE80840002002B07047A6
:103BD00082B038B5054604A981E80C00FFF734FF30
:103BE0002846FFF71FFF90B1044604E02846FFF780
:103BF00019FF044658B1002221462846FFF754FF1A
:103C0000204611F0F9F8FCF735F80028EED1BDE8B0
:103C1000384002B0704700BF024B1888421C1A801F
:103C2000704700BF24230020C08800F00300A0F1EB
:103C30000300B0FA80F04009704700BF82B070B551
:103C40000C4684B005464968206802AC03C4039959
:103C500008AC481084E80C00CB0745BF2A58029BEB
:103C6000029CD4580AAB2E1893E803008DE8030099
:103C700008AB0CCB3046A04704B0BDE8704002B0A2
:103C8000704700BF10B5034B03600446FCF78AFC85
:103C9000204610BD8073040010B5054B0360044638
:103CA000FCF780FC204611F0A7F8204610BD00BFAD
:103CB0008073040082B070B588B00CA981E80C0054
:103CC0004289BDF83050BDF83230954204460BD0E1
:103CD000022B27D0052B00F08680012B78D008B06E
:103CE000BDE8704002B070478189022B0E461AD0A1
:103CF000052B5AD0012BF2D1C3888D4243F001032A
:103D0000C38068D0A9426AD003F00203002BE6D03A
:103D100001231A46A18804A801F050FE238901332B
:103D20002381DCE71646B24217D0A189B14265D0A3
:103D3000954267D0A3899D42194600F09C80A17BE3
:103D4000012900F0C1809D4200F0AE809542C6D1AD
:103D5000E38823F01003E380C1E7E38803F0010365
:103D6000002BE5D001230222A188684601F026FE3F
:103D700063899D4200F09080A289A188AA4250D018
:103D80000123032204A801F019FE6289B24203D183
:103D9000E38843F01003E380A389B34200F08F80EF
:103DA000954266D09D429AD168E0C3888D4243F027
:103DB0000403C3801AD0A9421CD003F00803002BCF
:103DC0008DD0A1880123052204A801F0F7FD86E724
:103DD0008689B54203D1E38843F00203E380E38898
:103DE00003F0010392E78689B54203D1E38843F0EB
:103DF0000803E380E38803F00403E0E7E38803F0CB
:103E00000203ADE7E088C6061FD5A38920F00101B3
:103E100089B29D42E18028D02A4621F00401E18048
:103E200091E7E28802F008000028A9D0B34238D018
:103E3000A389B342A4D102F00802002AA0D0012332
:103E4000042204A801F0BAFD9FE7A37B012B3ED119
:103E500000F00403002B37D001230422294604A8D4
:103E600001F0ACFD6289A3899AE720F0030189B2D1
:103E7000D2E7E088CAE7E38898062BD5E38823F0E9
:103E8000020189B29542E1802AD023F00A039BB255
:103E900023F02003E38022E7E288A18802F00400F7
:103EA000C2E702F00402C8E7E18821F008039BB2F0
:103EB0009542E38004BF21F018039BB2E8E7E18854
:103EC00041F02001E1806BE701230322C6E7A189CD
:103ED0000B4665E7A07B0128FAD103F00803B9E798
:103EE0002B469AE7817370472DE9F04F83B0DDE9E7
:103EF0000C9ABDF83870002B40D0B9F1000F3AD0C1
:103F00000F2901D1C02F39D1804628201D460E46E9
:103F1000934610F078FF0446103001F06FFD182032
:103F20002680A4F802B010F06EFFCDE9009A064694
:103F30006B46024603CB46F80C5B0023D8F80050D2
:103F4000D360E3607360506091606D6811491248FE
:103F5000A26047F002078D42A780C4E90833506190
:103F60000FD12046FCF734FA204610F045FF0B48ED
:103F700003B0BDE8F08F1AF0010FC1D16FF47A7071
:103F8000F6E740462146A8470028EAD103B0BDE83D
:103F9000F08F00BF1DF502003D3C030016FCFFFF43
:103FA0002DE9F0471C4F044688B0884616461D464A
:103FB000FCF7E2FA3A681949A5800025A4F80A80BE
:103FC000A6812160A57312B3DFF854A0CDE904A542
:103FD00004AB93E803004FF0C0098DE803002346CB
:103FE00041461046CDF808902A46FFF77DFFCDE9FF
:103FF00006A508AB13E903003F68CDF808908DE8EB
:1040000003002A46234638463146FFF76DFF204617
:1040100008B0BDE8F08700BF3C3C0020807304007E
:10402000B53C0300C3889A0610B5044608D4406A1C
:1040300003682146DB699847E38843F02003E38067
:10404000DB0606D4D4E90A309842B4BF0020012030
:1040500010BD002010BD00BF10B50446406A074BDC
:10406000026803F1080138332160E3602146136AD6
:1040700098472046FEF73EFD204610BDA073040081
:1040800010B50446FFF7E8FF204610F0B5FE2046C5
:1040900010BD00BFF0B50C8983B000251E46174641
:1040A00001232246CDE900550446FEF747FE0C4B9E
:1040B000676203F13002C4E90A652360E2602046CA
:1040C000FFF7B0FFAE4207DAE388A56243F01003C2
:1040D0004FF4FA72E380E262204603B0F0BD00BF05
:1040E000A873040038B5054600F10C0420460121F0
:1040F000FDF72AF8E8690A4A03685B68934207D12A
:1041000020466FF47D750021FDF71EF8284638BD66
:104110009847002105462046FDF716F8284638BD89
:104120003192020070B5054600F10C0420460E469F
:104130000121FDF709F8E869094A03681B68934201
:1041400005D120460021BDE87040FCF7FDBF314697
:10415000984720460021BDE87040FCF7F5BF00BF3E
:1041600029920200F0B41D4DC6884A0085FB023436
:10417000D317C3EB6414F3061FD5836A4BBB6222CB
:10418000164FC56A02FB01F187FB0132CB17C3EB67
:1041900062132344013DC0E90A3565B903EB83028C
:1041A00087FB0217D217C2EB6712023326F0100604
:1041B0001344C6808362F0BC7047622202FB01F1A7
:1041C00085FB0123C917C1EB63132344C362F0BC11
:1041D00070479942B8BF1946D1E700BF1F85EB5120
:1041E00010B50446FEF7A6FC606A036821461B6A08
:1041F0009847E38823F02003E380002010BD00BF30
:10420000A0F10C00FFF7ECBF30B4456B002D0DDDC5
:10421000836899420FD000F10802002303E052F8AE
:10422000044F8C4208D001339D42F8D16FF47A726A
:10423000104630BC704700236A1C023350F822102D
:10424000013D0022456340F8231030BC1046704702
:1042500082B070B50C4684B005464968206802AC4F
:1042600003C4039908AC481084E80C00CB0745BF91
:104270002A58029B029CD4580AAB2E1893E80300DC
:104280008DE8030008AB0CCB3046A04704B0BDE876
:10429000704002B0704700BF38B5446B0A2C1DD087
:1042A000002C0DDD8368994215D000F1080200232F
:1042B00003E052F8045F8D420DD001339C42F8D1E7
:1042C0000346A21C013440F8221008465C63FFF745
:1042D00009FF002038BD6FF47A7038BD6FF47B7031
:1042E00038BD00BF82B02DE9F04708A981E80C0075
:1042F000426B002A804619DD314F051D002401263E
:1043000003E0A24283F8306010DD55F8043FD8691D
:104310000168896CB94204F10104F2D08847D8F8E9
:1043200034202B68A24283F83060EEDC0120FCF7D9
:104330001BF9D8F83000DFF88CA003681B685345E0
:1043400036D10026D8F83420B146002A26DD0024D4
:10435000274608F1040502E00134A24219DD55F8B0
:10436000040F90F83030002BF6D0FFF7BBFE012889
:10437000286802D0836AB34204DC80F8309031466A
:10438000FFF7F0FED8F834200134A24207F101070C
:10439000E5DC164417B1B6F57A7FD6DDD8F83000E3
:1043A00003681B68534506D1BDE8F04702B070476B
:1043B00001219847C5E7BDE8F047002102B0184742
:1043C000FD9202002992020070B5074B03600025A0
:1043D000044645600E46FBF729F9044BA680C4E964
:1043E0000C552360204670BDF46F0400E473040094
:1043F0002DE9F041044682B00E461546103098462D
:10440000BDF8287001F0FAFA26806580182010F0B7
:10441000FAFC08AB054693E803006A4682E803000D
:104420002E4603CA46F80C8B0023084AEB6047F07F
:104430000207736068602046A780A560E360C4E956
:104440000833A9606A6102B0BDE8F08151420300FF
:1044500070B5174A174B1568036090B00446C5B194
:1044600001222423CDE9043204AB93E80300A3889E
:1044700010268DE803000296194606A82346FFF78A
:10448000B7FF2B680C4A9B6893420CD106A8FBF738
:104490009FFF0A4B236000232046E380FBF736F999
:1044A000204610B070BD284606A99847EEE700BF29
:1044B0003C3C0020E47304009DF70200F46F04000C
:1044C00010B50446FFF7C4FF204610F095FC2046C7
:1044D00010BD00BF00207047704700BF704700BF8D
:1044E000002070470048704716FCFFFF002070470F
:1044F00041607047406870470048704716FCFFFFF6
:10450000704700BFC1607047C068003018BF01200D
:10451000704700BF0023C360704700BF0069036895
:104520001B691847006903685B69184700690368DD
:104530009B691847036941601A681846D369184790
:10454000C06810B103681B6818470148704700BF76
:1045500012FCFFFFA0F10800FFF7F2BFC06882B0B5
:104560008DE80C0018B1036802B01B68184702B050
:10457000704700BFC160704710B5044601F04CFDA4
:10458000204610BD10B5044610F036FC204610BD84
:1045900010B5064B03F10802403304460260836005
:1045A000183001F059FD204610BD00BF38740400DA
:1045B00010B5074B03F108024033044602608360E4
:1045C000183001F049FD204610F016FC204610BDC1
:1045D0003874040082B070B50C4684B00546496852
:1045E000206802AC03C4039908AC481084E80C00AE
:1045F000CB0745BF2A58029B029CD4580AAB2E1801
:1046000093E803008DE8030008AB0CCB3046A047CD
:1046100004B0BDE8704002B0704700BF4B7F10B5DA
:1046200004462BB109690B681B689847204610BDEA
:104630000B77183101F008FD204610BD30B5447FDE
:1046400085B0054634B1C068E0B103681B6898477F
:1046500005B030BD01690B6868461B68984769461C
:1046600005F1180001F000FD684601F0F5FC01239A
:1046700068462B77AA8A40F2FF3101F09FF9204665
:1046800005B030BD0048E3E712FCFFFFA0F10800D1
:10469000FFF7D4BF38B50C4B03F1080202600A687B
:1046A000016104460025403383605368C5600846B5
:1046B00004F1080198472069656003682946DB69B1
:1046C0009847204638BD00BF7C74040038B5134BB2
:1046D00003F1080202600A680161044600254033C4
:1046E00083605368C560084604F108019847206953
:1046F000656003682946DB699847094B03F10802A6
:104700004033A360226004F1180001F085FC01230E
:10471000A58225776377204638BD00BF7C740400EE
:1047200038740400417739B92DE9F041858A82B0A7
:104730001DB102B0BDE8F08170470446FFF76CFA86
:104740001D4BA0821F688046002FF2D0282010F059
:104750005AFB0646103001F051F940F2FF331820A1
:104760003380A6F8028010F04EFB144ACDE90025F4
:1047700084466A46034603CA4CF80C4BDD60CCF80D
:104780000450586099603A680D49F56012205961EB
:10479000B360B080C6E9085553683846314698473B
:1047A0000028C6D03046FBF713FE304602B0BDE805
:1047B000F04110F021BB00BF3C3C00205D450300F0
:1047C000D545030010B5054B054A83600023044618
:1047D0000260C380FAF79AFF204610BDFC74040003
:1047E000F46F040010B5074B074A836000230446AA
:1047F0000260C380FAF78AFF204610F0FDFA2046D7
:1048000010BD00BFFC740400F46F04002DE91848CB
:1048100090F84430012B05D9C388DB0602D590F807
:1048200045300BB1BDE8188804464830FBF7C2FCA0
:104830000028F7D10E4B1868FDF7B4FAD4E9162317
:10484000821A61EB0303002B08BF322AEAD3E06827
:10485000E388026823F01003D269E38001219047C6
:10486000E388022223F02003E38084F84420D9E780
:10487000303C002090F84430012B23D9C388DB065C
:1048800002D490F8453003B32DE9F04FC1682DED07
:104890000A8B0B688FB004461B6805A89847E06830
:1048A000DDF8148003681B69984730F0040306465E
:1048B0000DD0082831D04FF48073A361DFEDC98A91
:1048C000012709E0013380F844300020704780233D
:1048D000A361F7EE008A0227059B5B8893FBF7F341
:1048E00000931BB1A569009BAB421CDA04F14800A0
:1048F000FBF760FCE388DB0608D405A801F0ACFBFD
:1049000000200FB0BDEC0A8BBDE8F08FB64B1868E5
:10491000FDF748FAC4E91601EFE74023DFEDB38A5B
:10492000A3610427D8E708F104030193DFEDB09AEF
:104930009FEDB09A9FEDB0BADFEDB0AA9FEDABAAA4
:10494000DFEDAFBA00230293019B1D4400219D427D
:10495000CDE90A11CDE90C1140F275810394DFF81D
:10496000A8A2DDF8088089469B460C4601E09DF828
:104970002C405AF8263058469847002818BF4FF068
:104980000108002C00F0EF804845C0F2EC809DF853
:104990003430002B00F019810C9B9842C0F2158135
:1049A000BB445D45E3D8CDF80880DDF8048047F6C8
:1049B000FE7334464FF0000B464698460DE00C9BC4
:1049C00098421DD05845C8BF0FFA80FB4045B8BF7C
:1049D0000FFA80F83E44B54218D95AF824303046D0
:1049E00098474845EBD19DF82C30002BE7D00023A9
:1049F0000EAA02EBC3034FF0000203F80C2CE9E708
:104A00009DF83430002BDDD00123F1E708F12802B6
:104A10005A4526464346039C00F3B880ABEB030B94
:104A20000BEBDB7B4BF34F0208EE102A6FF02709EC
:104A3000A9EB03034FF0000BDDF804800394D94683
:104A40001C4640465AF826309847B844204420EA8D
:104A5000E070454509F1010900FB00BBF1D89BFB63
:104A6000F9FB07EE90BAF8EEE77A039CF5EE407A90
:104A7000F1EE10FAB1EEE7CA00F1FA80F8EEC87A6A
:104A800094ED097A67EEA87AC7EEA96A66EE877A8E
:104A9000C7EE897A17EE900A0DF00CF907EE100AAE
:104AA000F3EE047A67EE277A94ED0A7AF4EEC77A89
:104AB000F1EE10FA40F1AA8084ED077AE388A2694A
:104AC00043F02001E1800099891A00910199114475
:104AD0000191990709D494ED077AD4ED047AB4EEE4
:104AE000E77AF1EE10FA00F3A1805A0709D494EDA9
:104AF000077AD4ED057AB4EEE77AF1EE10FA00F118
:104B0000A38094F83C30002B61D0D4ED107AB4EE41
:104B1000E7CAF1EE10FA01DD84ED10CADFED397A53
:104B2000B4EEE7CAF1EE10FA3ADDA36B01330022CE
:104B3000A3630123626384F83C30009B23B1A56921
:104B4000009B9D427FF700AF04F148052846FBF724
:104B500031FB0028029B65DD002B3FF4CBAE2846DD
:104B6000FBF718FBC9E64FF001038DF83430CDF8A0
:104B7000309000230EAA02EBC3034FF0010243F86A
:104B8000100CDDF8289003F80C2C09E75A1C12B21F
:104B9000D21A02EBD27242F34F0208EE102A45E716
:104BA000A36B023B0B2B06D8D4ED107AF4EEEB7A14
:104BB000F1EE10FA55DA636B84ED10AA002201338E
:104BC000636384F83C20A263B7E70123D2E7B4EE25
:104BD000EACAF1EE10FAE3DD636B132BE0DD84ED3E
:104BE00010CAA2E700008043303C00200000000013
:104BF00000FEFF46ACC5A737FFFF7F7F000048439C
:104C0000000096430000C84280200020F0EEE76AD2
:104C1000F4EE4B6AF1EE10FA88BFF0EE477AC4ED7D
:104C2000077A4BE7002B7FF468AE63E6012302228C
:104C3000A18806A800F0C2FEE38823F0040343F035
:104C40000203E3805DE7FFDE01231A46A18806A880
:104C500000F0B4FEE38823F0020343F00403E38092
:104C60004FE701230822A18806A800F0A7FEA2E7CB
:104C700017EE900A0DF02EFA00E700BFA0F1080031
:104C8000FFF7F8BD2DE9F84F224D0560002545607E
:104C900004460E4617469946DDF828A0DDF82CB0EC
:104CA000BDF83080FAF7C2FC1B4AE66002F1080347
:104CB00030322360A26029462A4604F14800FBF7FF
:104CC00013FAE2882564A4F844503168C4F81490BB
:104CD00042F400534FF0000C0122802043F01103F6
:104CE000A061E38030464B68A4F804802761C4F8D3
:104CF00028B0C4F824A0C4E90D5584F83C50C4F889
:104D00001CC0226384F82C2004F108019847204637
:104D1000BDE8F88FF46F0400CC74040070B54F4EFA
:104D2000044630680D46FDF73DF8E388C4E91601F6
:104D3000D80608D4E068026843F01003E38002213B
:104D4000D3699847E388990621D594ED077ADFED7A
:104D5000447ADFED446A77EE677A6A1C67EEA67ADA
:104D600008BF236BF5EEC07A18BF2B46F1EE10FAA0
:104D70004CD4DFED3D6AF4EEE67AF1EE10FA51DD47
:104D8000022B08D0B5EE407AF1EE10FA03D104F10F
:104D90004800FBF7B3F93068FDF704F894ED077AA3
:104DA000DFED2F7ADFED2F6A77EE677A6B1C67EE07
:104DB000A67A08BF256BF5EEC07AF1EE10FAC4E9C9
:104DC000160126D4DFED286AF4EE667AF1EE10FAC9
:104DD000C8BFF0EE667A022D1FD0F2EE026AF4EE42
:104DE000E67AF1EE10FA0EDBB3EE056AF4EEC67A5F
:104DF000F1EE10FA07D877EEE67A9FED1C7AF7EE1F
:104E0000086AA7EEA67A17EE100A70BD022BB9D178
:104E1000BDE7022DDFED167ADFD1B0EE677A17EE2F
:104E2000100A70BD022B16D0F2EE026AF4EEE67A9A
:104E3000F1EE10FAA6DBB3EE056AF4EEC67AF1EEF7
:104E400010FA9FD877EEE67A9FED087AF7EE086AB7
:104E5000A7EEA67A96E7B0EE677A93E7303C00209B
:104E6000000050420000AA4000007F4300001842AA
:104E70000000000008B5036B022B07EE901A07D163
:104E80009FED136A9FED137AC7EE866A76EE877AF6
:104E900090ED047AB4EE677AF1EE10FA0CD090ED52
:104EA000057AC388C0ED047AB4EEE77A23F00203F2
:104EB000F1EE10FAC38001DC002008BDB7EE007AE5
:104EC00077EEC77A17EE901A00F006F8002008BDBA
:104ED0000000AA400000504208B5036B022B07EE09
:104EE000901A07D19FED136A9FED137AC7EE866A79
:104EF00076EE877A90ED057AB4EE677AF1EE10FAE5
:104F00000CD090ED047AC388C0ED057AB4EEE77A50
:104F100023F00403F1EE10FAC38001D4002008BD91
:104F2000B7EE007A77EE877A17EE901AFFF7A2FFB6
:104F3000002008BD0000AA40000050424B1E012B7B
:104F40009ABF016300206FF47A70704790F8453083
:104F500001334FF0FF3180F84530FFF7DFBE00BF6F
:104F600090F84530013B80F84530704781627047CA
:104F7000806A003018BF0120704700BF806870470A
:104F800081600020704700BFF0B5CB680D6A9D427C
:104F9000A8BF1D460C4683B001222946064604F1EF
:104FA000100701A801F03EF801A9384601F05CF8AD
:104FB00001A801F051F82069A1692A4604300FF0D8
:104FC00059FFA269236A2A445D1B002DA261256254
:104FD0002BD1636A002BC4BF03F1FF33636293B12B
:104FE000E36962692362002BA26104DDA06A0368A1
:104FF0001B689847236A33B13946304601F024F8DC
:10500000304603B0F0BD636A002BF5D194F82C3024
:10501000002BF1D004F13000FBF7A8F839463046F8
:1050200001F012F8304603B0F0BDDFDCE4E700BF6A
:1050300038B504460C4B40F8103B04F1300500F045
:10504000EBFF284600220121FBF74EF80021012248
:105050004FF4807328462464A162C4E90223FBF75D
:105060004DF8204638BD00BF0875040070B5856A4C
:105070009DF810608DB1002A0FDD73B104462868D9
:105080006362C4E90511036884F82C60C4E907224F
:105090002846984794F82C3003B970BD04F13000CD
:1050A000BDE87040FBF72AB810B582B00024009428
:1050B000FFF7DCFF02B010BD0078704790F90000E8
:1050C000704700BF00887047B0F90000704700BF0C
:1050D0000068000A704700BF00680012704700BFF8
:1050E0000068704700687047017070470180704722
:1050F000018070470A120B14017042708370704770
:1051000001607047016070474069704708299ABF85
:10511000416100206FF47A70704700BF2DE9F04FB5
:10512000D1ED087A89B08946FDEEE77A0490CDED9D
:10513000037A00F071FFD9F81000026812699047F5
:10514000D9F81470824617B9C9F814000746D9F87F
:10515000101001370A6807EBD7777B1012680193AC
:1051600006A89047D9F8142006990AF1010808EB1F
:10517000D87801324FEA680802EBD272B8EB620FBE
:105180004B8893FBF8F700F08880019B07FB03F343
:105190001946012207A8059300F044FF07A90498C7
:1051A00000F062FF07A800F057FF049B069C1D68F3
:1051B000002F04F1040405F1040577DD4B460026B9
:1051C000DFF8F4B00296B9461F465BF82A20204665
:1051D0009047019B97F82810024601362846444420
:1051E0001D4421B1029B13440293039BD21A07EE84
:1051F000902AB8EEE77AD7ED077A7A692D4B67EEF9
:10520000277A53F822207B6AFDEEE77A17EE901A90
:1052100019439047B145D8D13B464F46994699F836
:105220002820FAB1DDED027A99F82920B8EEE77A64
:1052300007EE907AF8EEE77AC7EE276A3AB1F6EE13
:10524000007A66EEA76A99ED087AE7EE276AD9F840
:1052500018100122C9ED086A89F8292071B90122C4
:1052600089F82A20DDE90441204600F07BFF06A8EA
:1052700000F0F2FE204609B0BDE8F08FFDEEE67AC0
:10528000039B17EE902AD21A002AB8BF52429142CD
:10529000E8DD012289F82A20E4E706A9049800F055
:1052A000E3FE019B07FB03F305937EE700230293D4
:1052B000B5E700BFA42000208020002001707047C7
:1052C0002DE9F04104461E46DDE906759046FFF7DC
:1052D000E1F9134921603831A16004F12C00214625
:1052E000FFF7F4F90023082F4FF0000198BF676122
:1052F000C4F81C8084F82860A5612162636284F888
:1053000029303EB1B5FA85F35B0984F82A3020468E
:10531000BDE8F081012384F82A302046BDE8F08101
:10532000347504002C30FFF789B900BFA0F10800E4
:10533000FFF7F8BF10B5074B03F1080240330446EE
:10534000026083602C30FFF723F92046FFF7D8F87E
:10535000204610BD2C750400094B10B503F108025E
:1053600040330446026083602C30FFF711F9204679
:10537000FFF7C6F820460FF03FFD204610BD00BFE6
:105380002C7504004369586903681B69184700BFFE
:105390004369586903685B69184700BF03460022E8
:1053A00081610846C3E90722704700BF2DE9F0413B
:1053B000074600F1140400F13C05002654F8043FB0
:1053C00018464BB11B681B6A9847B04204DD206841
:1053D00003681B6A98470646AC42EFD178690368B8
:1053E0003146DB69BDE8F041184700BF00F1140306
:1053F00000F13C0253F8040F78B110B4C4688C4239
:1054000008D093420DD053F8040F0028F9D0C46897
:105410008C42F6D15DF8044B70479342EAD10020EC
:10542000704700205DF8044B704700BF436910B51A
:105430000446586903689B699847D4ED067A07EEDD
:10544000100AF8EEE77AC7EE277A17EE900A10BD39
:105450000164704770B50C460546FFF74BF8A04253
:105460000AD021462846FFF743F8686903682146B9
:10547000DB68BDE87040184770BD00BF10B5054B34
:1054800003F108024433044602608360FFF738F8F2
:10549000204610BDC075040010B5074B03F108028B
:1054A0004433044602608360FFF72AF820460FF079
:1054B000A3FC204610BD00BFC0750400094B10B509
:1054C00003F1080234330446C0E900230C3000F035
:1054D000C3FD054B63600023201D6381FAF716F9B5
:1054E000204610BD70750400F46F0400A0F10400A4
:1054F000FFF7E4BF0B4B03F10802343310B5044649
:10550000C0E900230C3000F0A7FD074B63600023C7
:105510006381201DFAF7FAF820460FF06DFC204653
:1055200010BD00BF70750400F46F0400A0F104000A
:10553000FFF7E0BFF0B583B001F10C04054601A808
:105540000E4600F069FD01A9204600F09DFD0746CA
:1055500001A800F081FD5FB171690B6801A81B68AB
:10556000984701A9204600F07FFD01A800F074FDD6
:105570002146284600F068FD284603B0F0BD00BF74
:1055800010B500F11402002352F8044F8C4204D0ED
:1055900001330A2BF8D1002010BD02690633002424
:1055A000013A40F82340026129B10B6808469B6A22
:1055B0009847012010BD012010BD00BF036C2BB126
:1055C0001A7802F0FF030AB91846704770B504460E
:1055D00082B000F1140500F13C0655F8043F18466E
:1055E00013B11B68DB6A9847B542F6D101A800F0F9
:1055F00013FD01A904F10C0000F036FD01A800F034
:105600002BFD014802B070BD12FCFFFFF8B5044647
:1056100008200F4616460FF0F6FB034600250A4AFF
:10562000026001465D602046FFF734F8074BE561F4
:1056300003F1080001214433206025626761E660C0
:10564000A360A1612046F8BD14740400C075040075
:10565000F8B500F11403002453F8045F2DB10134B0
:105660000A2CF9D100273846F8BD064624200FF051
:10567000CAFB2A4631460746FFF7C8FF336906349E
:10568000013346F8247038463361F8BD2DE9F04FF8
:105690008B6985B0012B1746019056D04B6958692C
:1056A00003681B690C469847431C03EBD3733A68A5
:1056B000A169B2F802804FEA630B064698FBFBF83B
:1056C00003A898FBF1F1012201FB0BB100F0AAFC49
:1056D000039D08FB0BF3002B05F104053CDD0433AF
:1056E000DFF87880DFF8789000934FF0040A38688C
:1056F00058F8263050449847D4E90732A16901335D
:1057000010448B420AF1010AC4E9073009DB90FB1F
:10571000F1F159F82630284698470023C4E90733A9
:105720005D44009B5345E2D103990431691A03A8F3
:1057300000F018FD03A9019800F086FC03A800F012
:105740008BFC019805B0BDE8F08F114600F07CFCA1
:10575000019805B0BDE8F08F0021E8E78020002027
:10576000A420002030B50D4649690B6885B0044679
:105770001B6902A8984702A903A800F065FC4FF036
:10578000FF33294603AA204600930023FFF77EFF3C
:1057900003A800F061FC02A800F05EFC204605B002
:1057A00030BD00BFF8B50546124B134828600024F1
:1057B000C5E90134281D0E461746F9F737FF0F4B90
:1057C0002B602C336B6005F10C0000F025FC6E6142
:1057D0002F812C612C6405F1140305F13C0043F882
:1057E000044F8342FBD1336830465B6829469847B3
:1057F0002846F8BDF46F0400C874040078750400EE
:10580000B1F5007FA4BFC1F57F710331490088B2B3
:10581000704700BFC1F58063B3F5007FB8BF19467C
:10582000014B33F8110070470876040088B27047C6
:1058300028B180B211FB00F0C0F30900704741F6B7
:10584000EF6011FB00F0C0F309007047B1F5007F75
:1058500040F2FF30A8BF0020704700BF024A126824
:1058600002607E2242607047C8200020034A03463F
:1058700092E8030083E8030018467047343C002098
:10588000A1F120035E2B07D8006805236FF09F026B
:1058900013FB01210844704700207047034A044B62
:1058A00012681A607E225A60704700BFC82000202C
:1058B000343C002010B40170427043605DF8044B2A
:1058C000704700BF82B030B402AC84E80C000D46D3
:1058D000034694E807009DF8144083E80700B4B13C
:1058E000687818B149425242C3E901126A68022A33
:1058F00011D0032A2AD0012A22D0012C15D0022C43
:1059000005D1D3E9011249425242C3E9011230BC28
:10591000184602B07047D3E90012012CC1F1000112
:10592000C2F10002C3E90012E9D130BCD3E9001092
:105930009A68186052421846C3E9011202B07047D3
:10594000D3E90021524219605A60D6E7D3E9001228
:10595000524259601A60D0E782B010B582B004ACF0
:1059600084E80C000B78069C019304AB0CCB0094EC
:105970000446FFF7A7FF204602B0BDE8104002B082
:10598000704700BF30B50B4B1C6883B024B1226850
:10599000094B15689D4201D103B030BD00F10802EA
:1059A000034692E803008DE8030020460CCBA8478D
:1059B00003B030BD3C3C00202536030038B50180E3
:1059C000428004461D46FCF723FCC4E9020115B1E0
:1059D0002046FFF7D7FF204638BD00BFD0B5DDE930
:1059E00004679DF8183001800446C0E902674280D0
:1059F0000BB1FFF7C7FF2046D0BD00BF10B5002395
:105A000003600446FCF704FCC4E90201204610BD13
:105A100030B50B4B1C6883B024B12268094B156864
:105A20009D4201D103B030BD00F10802034692E867
:105A300003008DE8030020460CCBA84703B030BD1F
:105A40003C3C00202536030082B038B5002504A96F
:105A50000560044681E80C00FCF7DAFB04AB0FCBD1
:105A6000256184E80F002046BDE8384002B0704749
:105A700010B50446006800F0AFFC204610BD00BF22
:105A8000014B0360704700BFE87B040010B504467B
:105A90000868206000F082FC204610BD10B5044666
:105AA00029B10160084600F079FC204610BD024B88
:105AB0000360204610BD00BFE87B04000346024A95
:105AC00000681A60704700BFE87B040038B50446E0
:105AD0000B680068984206D00D4600F07DFC2868EF
:105AE000206000F05BFC204638BD00BF00684388A2
:105AF00082880021063002FB03F20FF0DFB900BFFD
:105B000030B400684488A1420DDA8588AA420ADAD6
:105B1000002908DB002A06DB084404FB02020020FF
:105B2000937130BC70476FF47A70FAE70368588855
:105B3000814211DA10B49C88A2420ADA002908DBFB
:105B4000002A06DB0B4400FB023398795DF8044B16
:105B500070476FF47A70F9E76FF47A70704700BF9E
:105B60002DE9F047B1F1000A21DD1D46FBB10468C3
:105B7000A788B4F802809742A8BF1746D045A8BFAF
:105B8000D046002F814604F106040DDD002629468B
:105B9000204642460FF06EF9D9F8003001365B8896
:105BA000BE4255441C44F2D10020BDE8F0876FF49A
:105BB0007A70FAE72DE9F0410F1E19DB002A17DB96
:105BC0000446062007FB02001E461546FAF776FB40
:105BD000206000F029FC23685F8023689D805EB10F
:105BE00033462A4639462046BDE8F041FFF7B8BFA4
:105BF000074B0360BDE8F081206843888288314606
:105C000002FB03F20630BDE8F0410FF057B900BFC8
:105C1000E87B040010B500230446FFF7CBFF2046C5
:105C200010BD00BF2DE9F041054684B000294FD0DA
:105C30000A780C46002A51D000218C460F460E46A9
:105C4000234607E00A2A39D00EB10137002613F89F
:105C5000012F42B1A2F130000928F3D813F8012F27
:105C60000126002AF6D109B20FFA8CF20023284649
:105C7000FFF7A0FF2F6823780637DBB101AE32466D
:105C80004FF0000804E002F8013B14F8013F8BB12B
:105C9000A3F130010929F6D9B24282F80080F4D983
:105CA00030460FF0D4F807F8010B14F8013F3246E4
:105CB000002BEDD1284604B0BDE8F08106B10137D4
:105CC000B942B8BF394600270CF1010C3E46BEE789
:105CD000034B0360284604B0BDE8F0811146C5E7D8
:105CE000E87B040010B50446FFF764FF204610BDB2
:105CF0002DE9F84F05689DF82840B5F802C06245C7
:105D00004FDAB5F804E073454BDAD1F800B0BBF8D0
:105D1000029002EB0907002F43DDBBF804A003EB60
:105D20000A08B8F1000F3CDD002A55DBACEB020796
:105D30004F45A8BF4F46002B0BF1060660DBAEEBCC
:105D40000308D045A8BFD04622EAE27205F1060951
:105D50000BB10CFB032291443CB3B8F1000F20DDE2
:105D60004FF0000E724607F1FF3A002F0FDD731E51
:105D70004C4606EB0A0C13F8015F0DB12570013299
:105D80009C4504F10104F6D10568D1F800B0BBF8D8
:105D900002406B880EF1010EF04526449944E4D18F
:105DA00000E000221046BDE8F88FB8F1000FF8DDE2
:105DB0000D4682463A46314648460FF05BF82A685F
:105DC000DAF8003052885B880134A04516449944C3
:105DD000F0D107FB08F2E5E76745A8BF6746002B4F
:105DE0000BF1060612DAF045A8BFF046C2F1000C2E
:105DF00009FB13C31E4422EAE27205F10609AAE771
:105E0000F045A8BFF0464FF0000CF1E7AEEB0308F9
:105E1000D045A8BFD046B61A96E700BF2DE9F0439B
:105E2000804683B0684691461D460C46FFF71EFD2E
:105E3000D8F800305A88914533DA9B889D4230DA91
:105E40001F2C2ED9019B9C422BDC21466846FFF774
:105E500017FD4FF0100E07462B1A053007EB030C09
:105E60000021D8F80040658801EB0906B5420EDD37
:105E7000A288624534444EFA01F208DD3E780CFBFC
:105E80000544164214BF4FF0FF320022A2710131C7
:105E90000529E6D10137B842E0D1002003B0BDE8C2
:105EA000F0836FF47A70F9E72DE9F04103680D1E75
:105EB0005F8826DDBD4203F1060480469A8817DA22
:105EC0009AB17F1B002661193A4620460EF0D2FF98
:105ED0002A46E01900210EF0F1FFD8F800305A8868
:105EE0009B8801369E421444EDDB0020BDE8F08122
:105EF00007FB02F2204600210EF0E0FF0020BDE883
:105F0000F0816FF47A70F1E72DE9F84F00AFD1F826
:105F10000090BE6AB9F80240F96A02EB0608A04593
:105F20001D468246194432DAB8F1000FD8BFA046A8
:105F3000B9F80460B14202DA0029C8BF0E4608FB76
:105F400006F3073323F0070304FB0522ADEB030D33
:105F500009F10604AE421444EB460DDD6B464246A1
:105F6000214618460EF086FF0135B9F80220034697
:105F7000AE4233441444F2D150465B4632B20FFA7B
:105F800088F1FFF717FE5046BD46BDE8F88FA046E2
:105F9000CEE700BF10B5096804468B1DB1F9042097
:105FA000B1F90210FFF706FE204610BD10B5064BF2
:105FB000064C1846236000F0F1F92046044A0549D2
:105FC000BDE810400EF01ABFE87B0400403C002002
:105FD00040200020715A0300F8B50546101D1446F4
:105FE0001F460E46FAF76AF9286000F01DFA2B6882
:105FF0005C802EB128683146043022460EF03AFF0C
:10600000012F00D0F8BD2868224604300021BDE8E9
:10601000F8400EF053BF00BF014B0360704700BF54
:10602000F07B0400002910B5044606DD13460A463D
:106030000021FFF7D1FF204610BD024B0360204630
:1060400010BD00BFF07B040010B504460868206056
:1060500000F0A4F9204610BD10B50446006800F019
:10606000BBF9204610BD00BF38B504460B68006878
:10607000984206D00D4600F0AFF92868206000F085
:106080008DF9204638BD00BF0068096888420ED0EF
:1060900008B543884A889A4201D0002008BD0431DF
:1060A00004300EF0D8FEB0FA80F0400908BD01209F
:1060B000704700BF38B5151E13DB04686288A8B2AC
:1060C00090420ED833EA230328BF1346521B9A424C
:1060D00004F10404A8BF1A4660190EF0EFFE002078
:1060E00038BD6FF47A7038BD002B70B50D4602DAFA
:1060F00003685B889B1A002A21DB0468668899186C
:10610000B1421CDC91421ADBCBB135F0004116D014
:106110005942A94214DAAB4212DD0434002D04EBDB
:10612000020612DB5C1B2246711930460EF0ADFEF2
:106130002A4630190021BDE870400EF0BFBE70BD88
:106140000021BDE87040FFF7B5BF6C425A193146D7
:1061500030190EF09AFE224630460021BDE870400C
:106160000EF0ACBE002906DB03685A888A4202DBC7
:106170005980002070476FF47A70704710B504465C
:10618000006800F029F9204610BD00BF70B5054633
:10619000501D14460E46FAF791F8286000F044F9B5
:1061A0002B685C8028682246314604300EF062FE7F
:1061B0002B681C440023237170BD00BF10B50B4633
:1061C00084B0044601A91846F9F72AF901A80EF08F
:1061D000B1FE01A902462046FFF7D8FF204604B0D1
:1061E00010BD00BF38B5054611B10B780C461BB980
:1061F000064B2B60284638BD08460EF09BFE214614
:1062000002462846FFF7C2FF284638BDF47B04004B
:10621000F8B517460A683B68B2F90250B3F9023084
:106220001D440446681D0E46FAF748F8206000F049
:10623000FBF823685D8031682068B1F902200430E2
:1062400004310EF017FE326823683968B2F9020093
:10625000B1F902200433184404310EF00BFE236818
:106260001D4400232B712046F8BD00BF70B50546C4
:1062700049B10B780C4633B1084616460EF05AFE6B
:10628000B3B2834203D9054B2B60284670BD284624
:1062900032462146FFF77AFF284670BDF47B0400A2
:1062A00010B504460868206000F078F8204610BD5C
:1062B000014B0360704700BFF47B040038B504460F
:1062C0000B680068984206D00D4600F085F82868F3
:1062D000206000F063F8204638BD00BF08B50068B4
:1062E000096843884A889A4201D0002008BD0431D9
:1062F00004300EF015FEB0FA80F0400908BD00BF72
:1063000070B513680D685E8804465EB16D881DB176
:10631000FFF77EFF204670BD0360184600F03EF890
:10632000204670BD0560284600F038F8204670BD54
:10633000002907DB0368B3F902208A4202DD0B441F
:10634000187970470020704710B5064B064C184668
:10635000236000F023F82046044A0549BDE81040B8
:106360000EF04CBDF47B0400443C00204020002093
:106370007D61030008B503884FF6FF729BB293421C
:106380000AD0012B01D0DB0704D41E20EBF738F92B
:10639000002008BD002008BD012008BD03884FF67D
:1063A000FF729BB2934215D0012B10B504460DD05D
:1063B000DB070BD5BFF35B8FD4E85F3F0233C4E844
:1063C000523F002AF8D1BFF35B8F10BD1E20EBF7C0
:1063D00017F9EFE7704700BF03884FF6FF729BB2D3
:1063E000934218D0012B10B5044610D0DB070ED510
:1063F000BFF35B8FD4E85F3F9A1EC4E8512F00299A
:10640000F8D1BFF35B8F9BB2032B05D010BD1E20CC
:10641000EBF7F6F8ECE770472046BDE8104000F0D7
:1064200001B800BFF9F770BF03230380704700BFB6
:1064300082B070B582B0044608A906A880E80C00B6
:1064400003C9266865698DE8030006AB0CCB3046AE
:10645000211DA84702B0BDE8704002B0704700BFE0
:1064600008B502680B689A4201D0002008BD0431CB
:10647000102204300EF0EFFCB0FA80F0400908BDA5
:10648000042070470429024808BF0020704700BF5D
:1064900016FCFFFF836805481B6990FBF3F007EECD
:1064A000900AF8EEE77A17EE900A704740420F0024
:1064B000837D43F020038375704700BF807DC0F368
:1064C0004010704710B50C310446FFF7BDFD204663
:1064D00010BD00BF084B094A0321C3F80815D2F8C4
:1064E0000034DB07FBD40123936090F80832002BC3
:1064F000FBD10120704700BF00F001400070004058
:10650000F8B504460F4B03600025816004F11C06BA
:106510000C301746FFF780FD21463046A575FEF783
:10652000D5F8E368E7755B8863824FF40072022355
:1065300030462582A5762946A2822383FEF7F2F80B
:106540002046F8BD487C0400807D00F010007047B4
:10655000072914D8032A12D810B4C37D01761B0171
:1065600003F1804342F4805403F5E043427644EA69
:1065700001210020C3F818155DF8044B70476FF433
:106580007A7070478176704710B5898A0446002278
:10659000FFF748FD20464FF0FF3300228821FFF728
:1065A00089FD204610BD00BF38B5044680690368E8
:1065B00000219B6B9847A06903684FF47A51DB6C0C
:1065C00098472269A17D07EE902A01290B46F8EE33
:1065D000677AB8BF012303EB8303B3EE007AB2FB03
:1065E000F3F3FF2B67EE877A2FD9802300225B100D
:1065F00002F10102FBD101293AD92649072AC1F843
:10660000F4352BDD9FED247A67EE877A4FF48072A4
:10661000C4F80422A069FDEEE77A03680021DB6B71
:1066200017EE902A9847A3691C4A5B691C48012110
:1066300003F5A0740225C3F80012C2F80855C2F889
:106640001845C2F81C05D96038BD5B10CED10129B0
:106650001DD910490122C1F8F435D9E7012303FA05
:1066600002F207EE102AB8EEC77AC7EE877ACFE7B4
:106670000123934007EE103AB8EEC77AC7EE877A47
:1066800004490123C1F8F425C4F80432C2E71A46CC
:10669000F6E700BF007000400000803B00F00140C2
:1066A000047000402DE9F047504D0560002582B090
:1066B000456004460E4691469A46F8F7B7FF4C4AA5
:1066C000A66102F1080330322360A26021462A4607
:1066D0002573657304F11C00FFF712FF214604F1D6
:1066E00058000122FFF70CFF214604F1940002221A
:1066F000FFF706FF214604F1D0000322FFF700FF59
:10670000214604F586700422FFF7FAFE214604F5BF
:10671000A4700522FFF7F4FE214604F5C27006229C
:10672000FFF7EEFE04F5FE770722214604F5E07040
:10673000FFF7E6FE04F500763846FFF76DFC3046BD
:10674000FFF76AFC4FF001084FF40073A382214663
:1067500001A8A4F804A0C4F81090A57584F8085204
:10676000C4F80482FFF710FF01A93846FFF77CFC4C
:1067700001A8FFF771FC214601A8FFF705FF01A959
:106780003046FFF771FC01A8FFF766FC194E1A4B63
:10679000E57580271C60C6F88070BFF34F8FBFF38C
:1067A0006F8F164B164AC3F800550320C3F8F00547
:1067B00014492320C3F80403C2F808852046C2F810
:1067C0001015C2F81435FFF7EFFE86F80753C6F828
:1067D00080713760A06903685B6A9847A0690368A5
:1067E0001B6B9847204602B0BDE8F087F46F0400A9
:1067F000707C040000E100E0483C00200070004094
:1068000000F0014004710040F0B5514D51492B6832
:10681000514C524A85B0012600930B6801932368BE
:1068200002930023136017681660009A2A60019A89
:106830000A60029A2260A1F2446103222324C1F873
:1068400000351F46C1F8F0258E46C1F804431A46AC
:106850009C468375064617E0CFB2877596F83530AB
:1068600096F8331096F8344043F480530EEB011140
:1068700043EA0423082AC1F8183506F13C06C5F896
:106880001025C5F814C51CD013019C1A00EB840414
:1068900003F1804594F8324014F0100407F101012F
:1068A00005F5E04502F1010203F18043D4D103F57F
:1068B000E043082AC3F8104506F13C06C3F8144526
:1068C000E2D117B9384605B0F0BD254D0446012682
:1068D000C5F80065FFF768FEE77D7F3704EB8707A3
:1068E00003A82146FFF750FE03A93846FFF7BCFB7B
:1068F00003A8FFF7B1FBD4F80422A17DE07DA38AB1
:10690000B24001FB02F204EB800093FBF2F702FBC2
:1069100017329B1AD0F8FC21124801F1004103EB19
:10692000D3730139043233410327C5F82C26C5F847
:10693000303602EB41022E6048F68801C0F804753B
:1069400084F8086213889942FCD0012005B0F0BD9C
:10695000407600404476004048760040FC7F00408E
:106960000070004000F0014008B5034689B190F87E
:10697000083203F0FF011BBB184B194A197013684A
:106980001849DB0903F00100DB0708701CD4002064
:1069900008BD144A12785AB9104A1278002AF6D063
:1069A00093F80822002AF2D11846FFF72DFFEEE7F0
:1069B0000B4A80211160094A1278002AF0D1E6E7DB
:1069C000FFF788FD0146D7E78023C2F88030BFF388
:1069D0004F8FBFF36F8F002008BD00BF71440020B0
:1069E00000E100E07044002038B590F80832044619
:1069F0000D465BB9AB7D43F01003AB7594F80832DC
:106A000013B92046FFF700FF002038BDFFF762FDF5
:106A1000F0E700BF90F8082238B5044612B90161CA
:106A2000002038BD0D46FFF755FD25610028F7D041
:106A300094F80832002BF3D12046FFF7E5FEEFE78C
:106A400007EE901AB7EE007AF4EEC77AF1EE10FA7C
:106A500006D49FED137AF4EEC77AF1EE10FA06DD54
:106A60000368104A9B69934218D1FFF713BDC7EE24
:106A7000276A10B504468068FDEEE67A17EE901A94
:106A8000FFF7C8FF2368074A9B699342204603D15A
:106A9000BDE81040FFF7FEBCBDE81040184700BF3E
:106AA000002474499564030038B50D460446FFF789
:106AB000B3FA02F003FEEB7D7F3305EB8301204642
:106AC000FFF7D2FA02F0ECFD204638BD30B5837DE9
:106AD00013F0100483B002D1204603B030BD044649
:106AE00001A8A168FFF7E0FF0023E57D1B481A46D7
:106AF00002F151010901415801B10133954202F1FE
:106B0000010228D0082AF3D1154B01990A1D48F635
:106B10008800D55A8542134412D0A5684988AD7DB6
:106B20000A449A424FEA450502D805E09A4203D941
:106B30002B4419888142F9D15B1BB3F900302382C1
:106B4000248A01A824B2FFF787FA24EAE474A4B2E5
:106B5000204603B030BD013B5B00D6E7007000402B
:106B60002EF8FFFFF8B50E460446097D1948154674
:106B7000F9F7C8FCC8B1317D1648F9F77FFC471E0C
:106B8000A5B13D01E91B8900631893F83230DB069B
:106B900013D53368104ADB6D934214D10023ED1BEB
:106BA000237304EB850404F11C00F8BD3D01ED1BCB
:106BB00004EB850404F11C00F8BD1C31214420467F
:106BC000FFF712FFE5E73046002204F1080198477D
:106BD000EDE700BFF87B04005593020031B18B7DD7
:106BE000DB0601D4FFF700BF002070476FF47A7016
:106BF000704700BF29B338B58B7DDB060BD590F805
:106C00000842054604F0FF033CB98A7D02F0EF021A
:106C100018468A7538BD002038BD0C46FFF75AFC6F
:106C2000A37D03F0EF03A3750028F4D095F8083294
:106C300003F0FF04002BEED12846FFF7E5FD2046C8
:106C400038BD6FF47A70704710B5837D0229044611
:106C500003F0100303D0012900D853B910BD002B55
:106C6000FCD1837DDB060DD5A37D43F01003A37516
:106C700010BD01468068FFF7BDFFA37D03F0EF0361
:106C8000A37510BD01468068FFF7AEFEECE700BFBC
:106C900038B500220546FFF765FF38B104460146C6
:106CA0002846FFF7A7FFA37DDB06FCD42B7B1BB197
:106CB0002B6828469B699847002038BDA0F1080042
:106CC000FFF7E6BF2DE9F04F857D847EED0685B0A8
:106CD00005D54CB1013C847605B0BDE8F08F002CA1
:106CE000F8D105B0BDE8F08F0F68B7F802804FEA21
:106CF00068089045F0DD043707EB480807EB4207CA
:106D000000E0A846A8F10205EC1B641094FBF3F622
:106D100003FB1644002CF4D1B5F900200282827DD9
:106D20009206D9D5012B064649D0B0F91210C06899
:106D30000A1DB84500EB020BB0F802A0CCD95D00EB
:106D400006F10C03A146019307E0B6F91230534552
:106D500030D0B845C0D9B6F91210514504F101043C
:106D600013D0B7F9003099440E9B9C422F44ECD1CC
:106D700099FBF4F4ABF80040738A02331BB2002491
:106D80000BF1020B7382A146E1E70122B6F9141060
:106D900003A8FFF747F903A90198FFF765F903A8CE
:106DA000FFF75AF9F26800237382B2F802A002F1E9
:106DB000040BD6E706F11C00FDF740FCC9E70C30D8
:106DC000FFF752F9F3685B88738206F11C00FDF748
:106DD00035FC81E72DE9F0433B4BD3F8042185B026
:106DE00005461AB9D3F81431002B42D095F8178014
:106DF000354F08F1010303F00103EB75D7F83416A2
:106E000008F17F0805EB8808490040460024FFF799
:106E1000A9F9264605F11C0902E00134082C1DD011
:106E200004F151031B01FB58002BF6D0414603A887
:106E3000FFF70AF9D5F80422AB7D0092C4EB0410E9
:106E4000324609EB800003A9FFF73CFF013403A899
:106E5000FFF702F9082C06F10106E1D11A4BD3F82D
:106E6000042112B10022C3F80421174BD3F81421D6
:106E70001ABB154ED6F80031E3B1EC7D013404F0B5
:106E8000010404F17F07294605EB870703A87E3438
:106E9000FFF77AFB05EB840503A93846FFF7E4F812
:106EA00003A8FFF7D9F86B6800220433C6F82C3624
:106EB000C6F8002105B0BDE8F0830022C3F8142114
:106EC00085F80822D5E700BF00700040024B186823
:106ED00008B1FFF77FBF7047483C0020184B03F113
:106EE00028022DE9F04106460360826000F5FE7736
:106EF00000F5017500E025462C1F2046FFF7ACF891
:106F0000A742F8D1DFF84080243D06F11C0745F880
:106F10001C8C3C3C2846FDF73BFB04F10C00FFF7C2
:106F20009BF8A742A5F13C05F1D1064B3360002345
:106F30003046F380F8F7EAFB3046BDE8F08100BF49
:106F4000787C0400F46F0400487C0400194B03F1C2
:106F500028022DE9F04106460360826000F5FE77C5
:106F600000F5017500E025462C1F2046FFF774F858
:106F7000A742F8D1DFF84480243D06F11C0745F80C
:106F80001C8C3C3C2846FDF703FB04F10C00FFF78A
:106F900063F8A742A5F13C05F1D1074B336000230C
:106FA000F3803046F8F7B2FB30460DF025FF30464F
:106FB000BDE8F081787C0400F46F0400487C040094
:106FC000154A4369914218D9144A914221D9013294
:106FD00010B44FF0C86000249142C3F80045C3F8D4
:106FE000240503D14FF0C462C3F8242506220020F3
:106FF000C3F800255DF8044B70474FF0CC720021B8
:10700000C3F80015C3F824250622C3F80025002084
:1070100070474FF08062F2E78FD003007F1A0600BE
:10702000704700BF10B504460DF0E6FE204610BDC7
:10703000F0B585B004AC066804F8012D9DF82C70FD
:10704000009722461F46366A012305460C46B04784
:1070500038B92B68009021463A469C6A0A9B28461C
:10706000A04705B0F0BD00BFC3688B4210B5044611
:1070700006D003698B4203D0237953B9002010BD99
:1070800023680022DB6B1146204698472379002BAA
:10709000F4D02368054A9B6B9342204603D10DF040
:1070A000ABFE002010BD9847E8E700BF2570030045
:1070B000C368002B3AD00369002B37D01A6870B52B
:1070C00004460121184613689847E06803680121C7
:1070D0001B6898470420F9F749FA0025E06803681F
:1070E00002219B689847014608BB206903681B681A
:1070F00098470420F9F73AFA2069036801211B68D0
:107100000D4498470420F9F731FA092DE6D1E068DB
:10711000036800211B6898470420F9F727FAE06804
:10712000036801211B68BDE8704018477047002DB7
:10713000EDD170BD38B5044615460A4600F10C0184
:10714000FAF704F82A4604F110012046F9F7FEFF89
:107150006269E3680025C2F80055F3B12369E3B121
:1071600001212046F9F7F0FF0621E06801F0F2F86E
:107170000621206901F0EEF82046FFF799FFE0684C
:10718000036802219B6898472069036802219B6875
:10719000984729462046F9F7D7FF0A20F9F7E6F97C
:1071A000D4E904239AB1107DE268AAB1147DC3F832
:1071B00008054FF0CC710622C3F80C450A20C3F82D
:1071C0002415C3F80025F9F7D1F9002038BDE2688D
:1071D0004FF0FF30002AE9D14FF0FF34E7E700BF5E
:1071E000F8B504461D4617460E46F9F79FFF0022E4
:1071F000104B2360C4E9022222615DB1284602F0EF
:1072000013FB606160B13A4631462046FFF792FFBA
:107210002046F8BD012002F029FB60610028F2D170
:107220005A20EAF7EDF93A4631462046FFF782FF49
:107230002046F8BDAC7C04002DE9F04143698EB2D4
:1072400082B09A590546002A61D1D3F82441002C16
:1072500036D14FF00108334F10E0D3F8482592B9EA
:10726000632C54DC0A20F9F781F96B699A59002ADA
:107270004DD1D3F824211ABBBC4221D0D3F85021E0
:107280000134002AE9D1632CECDDD3F860213AB156
:10729000D3F80022D10503D5D3F84821002A32D0F3
:1072A000D3F86021002ADDD0D3F800229205D9D589
:1072B000D3F80421002AD5D1C3F814801446D1E7AD
:1072C000D3F8C424C3F8C4240022C3F82421D3F87B
:1072D0002421019201220199134C1A625A6101E0A2
:1072E000013C16D00A20F9F741F96B69D3F8043153
:1072F000002BF5D00D4CA86808B1F9F737F92046F6
:1073000002B0BDE8F081C3F81C801446AAE700244F
:10731000F1E72B682A69DB6BE968044C284698473B
:10732000E9E700BF41420F00A08601000EFCFFFF0D
:1073300070B44469C1F34701C4F888150021C4F84A
:10734000041189B0D4F804610696069EC4F824118D
:10735000D4F824610596059EC4F86011D4F86061E4
:107360000496049EC4F85C11D4F85C610396039EF5
:10737000C4F85011D4F850610296029EC4F84C1122
:10738000D4F84C619DF830500196019EC4F8442514
:10739000C4F8483575B14FF480720123C4F8002257
:1073A000A360D4F84821DAB94FF4A47109B070BCD5
:1073B000FFF742BF4FF400720123C4F80022A3601C
:1073C000D4F84821A2B12362C4F84851D4F8483116
:1073D0000793079B4FF4827109B070BCFFF72CBF75
:1073E0002362C4F84811D4F848310793079BDBE7C0
:1073F0004FF48271DAE700BF70B54469C1F3470109
:10740000C4F888150021C4F8041188B0D4F80461C8
:107410000696069EC4F82411D4F824610596059EAC
:10742000C4F86011D4F860610496049EC4F85C113D
:10743000D4F85C610396039EC4F85011D4F85061EF
:107440000296029EC4F84C11D4F84C619DF830505D
:107450000196019EC4F83425C4F83835B5B94FF407
:1074600080520123C4F800222360D4F8482132B1AD
:107470002362C4F84851D4F848310793079B4FF46E
:10748000827108B0BDE87040FFF7D6BE01232360CB
:10749000D4F8482192B94FF4AE710446FFF7CCFE00
:1074A00008B108B070BD6369012220464FF4A47191
:1074B000DA6108B0BDE87040FFF7BEBE2362C4F8D1
:1074C0004811D4F848310793079BE4E70E4B03F1CA
:1074D0002C0103F1380270B5C0E9021205460360C1
:1074E00000F12C0600F13404043C2046FEF7B4FD04
:1074F000A642F9D1054B2B6000232846EB80F8F714
:1075000005F9284670BD00BFF47C0400F46F040048
:1075100070B544690D7D00234FF0FF3604EB830204
:107520000133D2F86015A94208BFC2F86065042B88
:10753000F4D1037C13B103689B699847002070BDA8
:10754000A0F10C00FFF7E4BF0F4B03F12C0103F196
:10755000380270B5C0E902120546036000F12C063E
:1075600000F13404043C2046FEF776FDA642F9D132
:10757000064B2B600023EB802846F8F7C7F8284617
:107580000DF03AFC284670BDF47C0400F46F040052
:107590004369D3F8080570479FED1F7A07EE901AEC
:1075A000C7EE277A10B4B0EE677ABEEECE7A17EE49
:1075B000101AB1F5004F29DB0023013341FA03F221
:1075C000B2F5004FF9DA072B04DD144B5DF8044BDC
:1075D000184670471C4612FA03F348BF0F331B11BD
:1075E00007EE903ADFED0C6A4169F8EEE77A002386
:1075F00086EEA77AC1F80C45C1F808255DF8044B62
:10760000C0ED097A80ED087A18467047002417EE1D
:10761000102A2346DFE700BF0024744900407AC4E3
:107620002DE9F843494D05600025456004460F46A5
:1076300016469846BDF82090F7F7F8FF4448676172
:1076400000F12C0200F13803C4E902232060257404
:10765000657404F12C00FEF7DFFC04F13000FEF746
:10766000DBFC63693B4F66630126A4F80490E56187
:10767000657625852576A676E676C3F800554FF023
:107680008023C7E90033C7E9023341462046FFF7AC
:1076900083FF6369304AC3F8045502270420302170
:1076A0009342C3F81075C3F84855C3F82855C3F87A
:1076B0004C55C3F82C55A676E676C3F81465C3F886
:1076C0000002C3F8041320D0244A93422FD0244A46
:1076D00093420CD0606B016801224D68227604F160
:1076E0000801C3F80025A8472046BDE8F8831D4AD5
:1076F0001D4B92681D49C2F8C81004221C49C3F8EA
:1077000084215A6063698C60E4E7194A154B146060
:107710009A681849C2F8B010A3F540634FF0805240
:10772000C3F880211A6063690C4A9342CFD10D4A95
:107730000D4B92681049C2F8C41002220C49C3F8DC
:1077400084215A6063694C60C1E700BFF46F040094
:10775000F47C04004C3C002000C0014000100240BA
:107760000020024000ED00E000E100E0C9790300E4
:107770005C3C0020A9790300B979030007EE901A58
:10778000FEEECE7A10B417EE901AB1F5004F23DB5F
:107790000022013241FA02F3B3F5004FF9DA072A69
:1077A0001FDC14464169DFED106AC1F80C45C1F8D1
:1077B0000835934048BF0F331B1107EE903AF8EE9F
:1077C000E77A002386EEA77AC0ED097A80ED087A81
:1077D00018465DF8044B7047002417EE903A224695
:1077E000E0E76FF47A73F3E700247449406A704766
:1077F00043690020C3F81015704700BFC276817638
:10780000436939B93022C3F81415C3F80012C3F81C
:1078100008237047012004213022C3F81405C3F85F
:107820000012C3F80423704770B590F9293004465C
:1078300082B0C0696BB1626901235360D2F8043130
:10784000002BFBD0002565762585D0B9002002B03D
:1078500070BD0D46F0B9A37E002BF7D0637E002BE0
:10786000F4D0E37E002BF1D163691C4903EB45158D
:1078700008220123C5F82015C5F8242584F82930ED
:10788000E5E723680138E061DB6920469847284630
:1078900002B070BD616B0B6805F10B061B6801A897
:1078A00004EB8606984701A93046FEF7DDFB01A8E8
:1078B000FEF7D2FB04EB85026369D16AE26903EB50
:1078C00045150B1DC5F820354988531E4910012068
:1078D000C5F82415E36102B070BD00BF4C3C002028
:1078E00038B5C369817E01330446C36119B1637E33
:1078F00063B1002038BDFFF797FFC8B1636901226B
:107900009A60A37E002BF2D1002038BD0125657658
:1079100094F828102046FFF787FF94F828302B446E
:107920002B4084F828303BB9636901229A60E0E774
:10793000E37E002BE5D0E1E7E3691BB90023637622
:10794000002038BD29462046FFF76EFF94F8283006
:10795000013303F0010384F82830002BEED1E3E774
:10796000A0F10800FFF7BCBF38B54369D3F8102178
:10797000044672B9D3F8143103B938BD002584F830
:10798000285001212046FFF74FFF6369C3F81451C7
:1079900038BD012380F828300021FFF745FF6369D7
:1079A0000022C3F81021E5E7024B186808B1FFF781
:1079B000DBBF70475C3C0020024B586808B1FFF702
:1079C000D3BF70475C3C0020024B986808B1FFF7BA
:1079D000CBBF70475C3C0020426900230376C2F8AD
:1079E00000357047032A26DC70B502F5AC76426993
:1079F0000B7D52F826209A421BD00B680C46054698
:107A00001B6E08469847236800211B68204698474C
:107A10006A692368217D42F82610204605F10C0191
:107A2000DB6D00229847E38843F00803E3800020E1
:107A300070BD002070BD6FF47A70704703681B6AD8
:107A4000184700BFF8B5C7688F4208D005461646EC
:107A50000C4617B103681B6E98472671EC60F8BDA1
:107A600010B5036804465B6C9847236820465B6842
:107A7000BDE81040184700BFF0B40479A40728D52A
:107A8000002922DB002A20DD002B1EDDB4294FF463
:107A90007A74A8BFB42104FB01F10F4F05680F4EA3
:107AA0002D6B8908A7FB017102EBD277A3EB67036B
:107AB00004FB03F3890802FB013286FB0231D21773
:107AC0002B46C2EBA111F0BC18476FF47A70F0BCE2
:107AD00070470348FBE700BF176CC116D34D621017
:107AE00016FCFFFFC08800F00500003018BF012021
:107AF000704700BF037D0B4A1F2B98BF4FF0A04279
:107B000003F01F03D2F81415012202FA03F30B420B
:107B100006D1C08800F00A00003018BF012070476D
:107B20001046704700030050C08810F0030018BFD3
:107B300001207047C08800F00C00003018BF012001
:107B4000704700BF03684FF47A729B6B02FB01F130
:107B5000184700BF08B50368DB6B9847024BA3FBCF
:107B60000030800908BD00BFD34D6210027D0F4B6D
:107B7000202A38BF4FF0A04302F01F0203EB82031C
:107B80000129D3F80027417122F00C0207D0022905
:107B900008BF42F00C02C3F800270020704742F0F3
:107BA0000402C3F800270020704700BF0003005004
:107BB000D0F8103521EA0301C0F81815704700BF4E
:107BC000D0F810351940C0F81815704738B503794A
:107BD0009A071ED5C3885B07044602D403681B6E50
:107BE00098470D4B1868A0B101222146FEF7BAFF55
:107BF000054670B1E06810B1F9F7A4FA18B9E38846
:107C000043F00403E3802846FEF760FFC0F30F1043
:107C100038BD024838BD00BF2C3D002016FCFFFFD8
:107C200070B52DED028BC38882B01B07019137D54B
:107C30001C4D1D4C286808EE101AFFF7A9FCF8EE41
:107C4000487A08EE900A17EE901A2868FFF796FD1A
:107C5000F8EEE88A04F108062388286807EE103A4F
:107C6000B8EE478AFFF794FC07EE900AB8EEE77A81
:107C700027EE087AC7EE287AFCEEE77A17EE903AFC
:107C800024F8023BB442E7D1084B074918680822A0
:107C90000123FDF709FA002002B0BDEC028B70BD94
:107CA0000348F9E7303D0020343D00203C3D0020F2
:107CB00016FCFFFF38B5027D1B4B202A38BF4FF062
:107CC000A04302F01F020125D3F8144505FA02F281
:107CD000144224D10D460446D1B9C3F80C251846E8
:107CE0001146FFF76DFF217D0F4B202938BF4FF064
:107CF000A043D3F81435134213D0236820461B6EDB
:107D00009847236829461B6820469847002038BDBD
:107D1000C3F8082518461146FFF74AFFE3E700209D
:107D200038BD024838BD00BF0003005012FCFFFF01
:107D300038B5C3889B0704460D4614D5C06810B1FA
:107D4000F9F700FA78B1227D012302F01F018B4080
:107D50008DB31E491F2A8CBF0A464FF0A042002057
:107D6000C2F8083538BD236820461B6E9847217D30
:107D7000164B202901F01F004FF0010238BF4FF0D1
:107D8000A0438240A5B9C3F80C2520290F4BE288F7
:107D900038BF4FF0A04303EB800342F00202D3F858
:107DA000001741F00101C3F800170020E28038BD40
:107DB000C3F80825E9E705491F2A8CBF0A464FF09A
:107DC000A0420020C2F80C3538BD00BF00030050AF
:107DD000C388DB0770B5044616D5C06810B1F9F743
:107DE000B1F988B1237D2049202B38BF4FF0A04145
:107DF0000122D1F8101503F01F0302FA03F30B421E
:107E000014BF1046002070BD2368174D1B6E20461E
:107E10009847237DE0882168202B03F01F0234BFA0
:107E20004FF0A0432B4603EB820340F00102D3F84E
:107E300000074E6C617920F00300C3F80007E28070
:107E40002046B047237D202B38BF4FF0A0450122AC
:107E5000D5F8101503F01F0302FA03F30B4214BF09
:107E60001046002070BD00BF0003005008B5C38855
:107E70001B070AD5064B1868FFF7B8FC07EE900AF7
:107E8000FCEEE77A17EE900A08BD024808BD00BF75
:107E9000303D002016FCFFFF38B50368234A9B6A7B
:107EA000934204461DD1C588C5F38025C5B9E06855
:107EB00010B1F9F747F9B8B1227D1D4BE1881F2AAF
:107EC00098BF4FF0A04302F01F0203EB820301F4BE
:107ED0003062D3F8001721F44031C3F80017E28074
:107EE00038BD98470546E1E7E068E388026843F457
:107EF00080631268E380214690470E4BE1681B685F
:107F00000BB103F10C05A942227D02D00023E360EE
:107F1000D3E7094BFF25181D13F9011B914208BF38
:107F200003F8015C9842F7D1F0E700BFA592020088
:107F300000030050303D0020CC20002070B50446E6
:107F400015464FF480760E482371012200232F2D11
:107F500021812575E68020606271C4E9033302D96E
:107F60003220E9F74DFB074A0749084B42F8254004
:107F70004FF000454022C1F804531A60204670BDFE
:107F8000387D0400683C00200060004000E100E013
:107F90000379DB0755D5F0B5C388DA0683B00D4603
:107FA000044603D5C3F3C023994223D02368204657
:107FB0001B6E9847012D23682ED05B68204698479A
:107FC00023682420DE6D0CF01EFF00232289074663
:107FD000CDE9003321460123FAF7B0FE07F10C0189
:107FE00001222046B047E38823F400639BB243F0AC
:107FF0001103E380012DE0680AD038B150F80C3C41
:10800000DB690C3803B0BDE8F04018470368FFDEB9
:108010000028F3D10368FFDE3420DE6D0CF0F3FEA0
:10802000094A40F6AC53074612682146FCF732F87D
:108030002A4607F10C012046B047E38843F4006369
:10804000D5E70248704700BF283D002016FCFFFF1F
:10805000C188C1F3C021FFF79BBF00BF10B5044624
:1080600084B00A46002368462189FDF7A7FCE3682F
:108070004BB1029AD96ADA626846521A0023CDE9F6
:108080000223FDF7C5FC04B010BD00BF10B5C388C6
:10809000590684B0044609D49A060DD41B0603D5AC
:1080A00023690BB10120984704B010BD0521FFF7EB
:1080B000D5FFE3889A06F1D501230222218968467B
:1080C000FDF77CFCE388E9E710B5C388590684B066
:1080D000044609D49A060DD41B0603D523690BB1B7
:1080E0000020984704B010BD0421FFF7B7FFE388D4
:1080F0009A06F1D50123032221896846FDF75EFC2B
:10810000E388E9E72DE9F04BD0F8204584B0054637
:1081100074B3DFF890800E4601274FF01F0BB4FABE
:1081200084FCABEB0C03991907FA03F258F8219081
:1081300024EA0204B9F1000F18D0B9F8062012F0B1
:10814000E00F05EB83030FD0D3F8002782F48032D1
:10815000C3F80027D3F8003713F4803F48461CD0FB
:10816000FFF794FFB9F80620930508D4002CD4D16A
:108170004FF0FF33C5F8203504B0BDE8F08BF7F7BA
:108180009DFF0028F2D00123052240F2FF3168460E
:10819000FDF714FC002CC0D1EAE7FFF795FFB9F812
:1081A0000620E1E7683C002008B5094BD3F87C21A4
:1081B00002B908BD0021C3F87C114FF0A040FFF7C1
:1081C000A1FF20210348BDE80840FFF79BBF00BF87
:1081D0000060004000030050C38813F0E00F70B54A
:1081E00004460D4640D05A060ED423F0E003022D7B
:1081F0009BB218D0032D22D0012DE38004BF43F0A1
:108200008003E380002070BD032D11D0E068036877
:1082100021461B689847E388002223F0E003022DE3
:108220009BB2E260E8D143F02003E380002070BD00
:1082300023F0E00343F04003E380002070BD43F0EF
:108240004003E38030200CF0DEFD2146054608F0B7
:1082500005FEF9F7DDFF2368E86229462046DB6D5D
:1082600001229847002070BD03685B689847237D12
:10827000114A1F2B98BF4FF0A04203F01F0302EBDF
:108280008301D1F8006726F44036C1F8006758B181
:10829000D1F8000740F44030C1F8000701219940AF
:1082A000E388C2F820159EE7D1F8000740F40030BB
:1082B000C1F80007F2E700BF0003005000B583B02B
:1082C000042920D8DFE801F0100A0A0A0300036835
:1082D000DB6A9847002003B05DF804FBFFF77CFFE2
:1082E000002003B05DF804FBC38803F0F0031BB962
:1082F000084603B05DF804FB036801911B6E9847C4
:1083000001990846E7E76FF47A70E4E738B5036847
:1083100004465B680D469847E3885B0605D5294609
:10832000E068BDE8384008F027BE2368084A5B6D66
:1083300093424FF00301204607D1FFF74DFF294636
:10834000E068BDE8384008F017BE9847E7E700BF8F
:10835000BD820300072913D8027D0B4B202A38BFAA
:108360004FF0A04302F01F0203EB82030020D3F87A
:10837000002722F4E06242EA0121C3F800177047A7
:108380006FF47A70704700BF0003005010B4037D93
:108390000C4A00290CBF00244FF440741F2B03F03B
:1083A0001F018CBF13464FF0A04303EB8103002055
:1083B000D3F8002722F4E0622243C3F800275DF8D7
:1083C000044B704700030050027D0B4B202A38BF3E
:1083D0004FF0A04302F01F0203EB8203D3F8002703
:1083E00022F44032C3F80027D3F8002742EA0141C3
:1083F000C3F80017704700BF00030050F0B5154CDC
:10840000236883B0CBB1144D2E6816B1002003B0A1
:10841000F0BD38200CF0F7FC2268104B10491324F3
:1084200007460094FFF7FCF83846314601222F60DA
:10843000FFF7E4F9002003B0F0BD44200CF0E3FCAA
:108440000546FCF7F5FD284603212560FCF798FD5D
:10845000D9E700BF3C3D0020303D002000004842ED
:1084600000C0014003799B0760D5B1F5806F5FD2F2
:10847000C3881A072DE9F04105460E4602D4036869
:108480001B6E98472C4F297D3A464FF0FF3400234E
:1084900012F9010B884208BF1C460133042BF7D1A7
:1084A000631C2FD0DFF8A880E86810B1F8F74AFE07
:1084B00018B9EB8843F00803EB80D8F800001F4D93
:1084C000FFF766F807EE906ADFED1D6A1D4AB8EE09
:1084D000E77AF7EE007AE7EE667A2946012307EE9F
:1084E000100AB8EEC77A106867EE877A0822FDEEA8
:1084F000E77A17EE906A25F81460FCF7D5FD0020A6
:10850000BDE8F0812846FFF779FF0F4BDFF8408088
:108510001C78297DD8F80000013404F003042246B9
:10852000395529461C70FFF75DFABDE707487047CB
:108530006FF47A70704700BFCC200020343D0020DB
:108540000000803A3C3D00202823002016FCFFFF5D
:10855000303D002070B5174D2DED028B044608EE1E
:10856000101AFFF74BFF2868FFF740F9DFED127A8A
:1085700007EE100AB4EE677AF1EE10FA04D028681C
:1085800017EE901AFFF7FAF8DFED0C7A9FED0A7AF2
:108590002368B8EE488A204628EE278ADB68C8EEB2
:1085A000077ABDEC028BBDE87040FDEEE77A17EE6E
:1085B000901A1847303D002000409C46000080443F
:1085C0001F4B026A9A4220D01E4B994209D94FF0A4
:1085D000004143698B4202D0002341618376002031
:1085E0007047194B99421FD8184B99421FD8184B06
:1085F00099421FD8174B99421FD8174B99428CBFED
:108600004FF080614FF00071E3E7144B994202D9BB
:108610004FF0A051DDE7A3F57403A3F51053994281
:10862000D2D94FF02061D4E74FF08041D1E74FF02D
:108630000051CEE74FF08051CBE74FF00061C8E723
:1086400000F00240FF117A00FF083D007F841E0009
:108650003F420F001FA107008FD00300FF47E80132
:10866000082A4FF000034176837614BF6FF47A70C6
:1086700018467047704700BF10B504460CF0BCFBAD
:10868000204610BD036AD3F8182182B100B500223C
:10869000C3F8182187B0D3F81811436A01910199E2
:1086A00033B14262806A984707B05DF804FB7047B7
:1086B00001230322182102A8FDF780F9F4E700BF87
:1086C00070B5012104468176F8F73EFD236AA06863
:1086D0000021C3F80015002873D003681B68984771
:1086E000A068627E0368012A5B6C8CBF02210121B5
:1086F0009847A368E0681D7D002867D003685B6821
:108700009847E068627E0368012A5B6C8CBF022197
:1087100001219847E36820691E7D617E00285BD0B7
:108720000368012994BF002101211B689847236930
:10873000617E187D236A6269C3F808050139C9B2F0
:108740000229C3F80C55C3F81065C3F824259CBF53
:10875000264A52F8211094F9182088BF00210025DC
:10876000C3F8541542200721AA42C3F8C055C3F8E4
:108770000403C3F8001532DB02F1604202F56142E6
:10878000E02382F8003394F91830002B13DB5909E9
:10879000603103F01F030122154802FA03F340F889
:1087A000213094F91830002B05DB03F01F015B0921
:1087B0008A4040F8232020460121BDE87040F8F7A8
:1087C000C3BCE0684FF0FF35002897D12069617E77
:1087D0004FF0FF360028A3D14FF0FF30AAE7054B3A
:1087E00002F00F021344E0221A76CCE7A47D0400C5
:1087F00000E100E0FCEC00E070B5044616460A46D5
:1088000000F108011D46F8F7A1FC324604F10C0105
:108810002046F8F79BFC2A4604F11001002520466B
:10882000F8F794FC2046A576FFF74AFF284670BD6E
:1088300038B504460498174DA1600021C4E903230C
:10884000256021716171C8B100F0EEFF2062D8B1DE
:1088500001F05EF863692076B3F1805F1CBF4FF0D2
:108860008053636100220023A276206A63766362EC
:108870002246094901F080F8204638BD042000F066
:10888000F5FF20620028E3D15A20E8F7B9FE206AFC
:10889000DEE700BFB87D0400858603002DE9F047C0
:1088A000847E82B005468A46DDE90A8716469946E7
:1088B0002CB3B6F5803F35D2B8F5803F32D22C6A62
:1088C0000020C4F844A5C4F84865C4F83495C4F839
:1088D0003885C4F81801D4F818310193019BC4F805
:1088E0005005C4F840056FB1012240230C996F6216
:1088F000A9622261C4F8043302B0BDE8F087FFF733
:10890000DFFED6E703211820F7F722F92B6A0121B1
:1089100040221961C3F80423F7F79CFA384602B0E5
:10892000BDE8F0876FF47A70E6E700BFF0B585B078
:10893000B2F5803F144606460F469C460A9D02D279
:10894000B5F5803F09D363462246394630460A953D
:1089500005B0BDE8F04008F0E1B900240095CDE98C
:108960000144FFF79BFF05B0F0BD00BF2DE9F041CA
:10897000DDE90664DDF82080C4B1B2F5803F07462A
:108980008C4615469E4602D2B6F5803F0AD3CDE905
:108990000748069673462A4638466146BDE8F041C8
:1089A00008F0E8B9BDE8F041FFF778BF6FF47A70DE
:1089B000BDE8F08130B585B000250122C17600F117
:1089C0001C0300F11B01CDE9015500920446FFF79D
:1089D00065FFA842ACBF207F014805B030BD00BF95
:1089E0000AFCFFFF21B9436E4FF40472C3F8082359
:1089F00000207047B1F5614F43D00FD9B1F5612F19
:108A00002AD0234B994219D0B1F5613F2BD0436E48
:108A10004FF0EB720020C3F82425704747F612236D
:108A2000994227D0B1F5164F0FD0B1F5165FEED1B0
:108A3000436E184AC3F8242500207047436E4FF058
:108A400080520020C3F824257047436E4FF41D0266
:108A50000020C3F824257047436E4FF07062002059
:108A6000C3F824257047436E4FF06C720020C3F8A2
:108A700024257047436E4FF400020020C3F82425DC
:108A80007047436E4FF46B020020C3F824257047F3
:108A900040420F000050270070B504460E461546B0
:108AA0002046F9F701F90028FADC94F83C3003F08D
:108AB000FF00002BF4D1636E317D2A7DC3F80C15C5
:108AC000C3F8142570BD00BF0021F8F7CDBF00BF6B
:108AD00070B5044684B0B9B9C3895A073DD5636EF1
:108AE00004F144012022C3F83415C3F83825636E1D
:108AF0004FF4047200212164C3F80423636E012241
:108B00001A60002004B070BD01290D46F9D190F81B
:108B10003C30002BF5D1F9F7C7F80028F1D0A08E32
:108B2000A38E94F83060E16A5A1C92FBF6F306FBC0
:108B300013239BB282B22068A3868369895C204696
:108B40009847A38E628E9A42DBD12B46022240F2D6
:108B5000FF316846FCF732FFD3E7F8F7B7FCE3894B
:108B60005B07BCD4002004B070BD00BF10B584B05A
:108B700004468DF8071002E094F83C301BB100F079
:108B800089FD0028F8D000F085FD70B1636E0022E9
:108B9000C3F82021D3F82011636E03910399C3F821
:108BA0005821D3F858310293029B626E01230DF1D4
:108BB000070184F83C30C2F84415C2F84835626EAB
:108BC000936000F067FDA0B1636E00E099B9D3F83F
:108BD0002021D3F85811002AF8D061B90122DA60B7
:108BE000626ED2F85831002BFBD00020002384F8AD
:108BF0003C3004B010BD0148F8E700BF09FCFFFF9E
:108C000070B50446406E0E4600F082FE05461EB169
:108C1000E18911F0200125D0002D14DA236800210C
:108C20005B68204698472046F9F73EF8002804DDA7
:108C3000236801215B6820469847A16B2046F8F71E
:108C400017FD002070BD6B099B0003F1604303F525
:108C5000614305F01F05012202FA05F5C3F88051B2
:108C60001D60DBE72368134A9B6893421ED1636E45
:108C70004FF40472C3F808232046F9F715F80028CA
:108C8000FADC94F83C30002BF6D1002DD9DB6B09CF
:108C900020330122084905F01F0502FA05F541F8C5
:108CA0002350BFF34F8FBFF36F8FCAE7204698471B
:108CB000E2E700BFE589030000E100E0A0F1080061
:108CC000FFF79EBF10B5244B426E036023493C332F
:108CD0008360C2F8081382B00446406E00F018FEAC
:108CE00000280DDB4309203301221D4900F01F003D
:108CF00002FA00F041F82300BFF34F8FBFF36F8FEC
:108D0000626ED2F8003223F02003C2F80032626EA5
:108D100001235360626E0021C2F85811D2F8581135
:108D2000626E01910199D360626ED2F85831002BC6
:108D3000FBD00023C2F80035636E4FF0FF32C3F85A
:108D40000C25C3F81425606E00F0B4FD2046F8F73A
:108D5000B7FF204602B010BDE47D040014034200BA
:108D600000E100E0A0F10800FFF7ACBF10B5044639
:108D7000FFF7A8FF20460CF03FF8204610BD00BFCB
:108D8000A0F10800FFF7F2BFF0B514248BB00C255A
:108D9000CDE900451F462346154604460E46F8F722
:108DA000DFFB514B236000223C3384F83C20A3605E
:108DB00062662264002F00F08A80384600F034FD9D
:108DC0006066002800F08A804FF0EB73C0F824350D
:108DD000636E0022C3F86C252046F8F765FF002873
:108DE000FADC94F83C3003F0FF02002BF4D1636E00
:108DF000307D297DC3F80C05C3F81415636E3B481C
:108E0000C3F80821D3F80811636E09910999C3F8D2
:108E10001021D3F81011636E08910899C3F820212E
:108E2000D3F82011636E07910799C3F82421D3F872
:108E30002411636E06910699C3F84421D3F84411B6
:108E4000636E05910599C3F85821D3F85811636EE4
:108E500004910499C3F84C21D3F84C31626E03930A
:108E6000039BD2F80032224943F02003C2F80032BB
:108E7000636EC3F80403606E224600F07DFD606EF1
:108E800000F046FD00281BDB43099B0000F1604118
:108E900003F1604303F5614301F5614100F01F00F8
:108EA000012202FA00F0202581F80053C3F8800166
:108EB0001860636E08222046C3F800250BB0F0BD91
:108EC0000C4B00F00F00034420221A76F1E710202B
:108ED00000F0CCFC606600287FF476AF5A20E8F7FB
:108EE0008FFB606E70E700BFE47D040014034A004E
:108EF000418F0300FCEC00E030B5436ED3F83C55E5
:108F0000026CAA4283B0044606DA0022C3F80821A4
:108F1000D3F808310193019B236C9D420BDD236C38
:108F20005A1C2344226493F844102046F8F7FEF9B3
:108F3000236CAB42F3DB0023236403B030BD00BFDE
:108F400070B5456ED5F8083188B00446D3B1036CCE
:108F50001F2B17DC002602E0236C1F2B12DCC5F848
:108F60000861D5F808310193019B236C5A1C2344F6
:108F7000226493F844102046F8F7D8F9D5F8083160
:108F8000002BE9D1D5F81031002B3AD1D5F84C316E
:108F900073B10023C5F84C31D5F84C31626E0393A0
:108FA000202104F144030398C2F83435C2F838157F
:108FB000D5F8243153B10023C5F82431D5F8243134
:108FC0000493049BD5F88034C5F88034D5F8443137
:108FD00033B10023C5F84431D5F844310593059BDE
:108FE000D5F82031C3B9D5F8583143B10023C5F8BD
:108FF0005831D5F858210792079A84F83C3008B0C8
:1090000070BD0023C5F81031D5F810310293204609
:10901000029BFFF771FFB9E70023C5F82031D5F8AF
:1090200020210692069A84F83C302046F8F73CFE50
:10903000002802DC0123EB60D5E72046F8F7CCF9E5
:10904000D1E700BF10B5034B03600446FBF700FAFD
:10905000204610BD447E040010B5054B0360044655
:10906000FBF7F6F920460BF0C7FE204610BD00BF07
:10907000447E040010B50446D4E90E2352694FF42F
:109080007A50002BD2F84415C2F8440522DA1B4A64
:10909000616B0020C2F81005013393FBF1F201FB74
:1090A0001233E36300F00AFBD4E90E235269012175
:1090B000002BD1600ADB0233104A54F82330DB69FD
:1090C0001B7D1B0243F00113C2F81035BDE81040B0
:1090D00000F0E6BA023354F82300FBF743F8E36BE1
:1090E000064A616B0020C2F81005002BD4D101297B
:1090F000D2D14FF0FF33E363D4E700BF00600040FC
:10910000416B82B08DE80C0011B102B0FFF7B2BF25
:1091100002B0704770B5104C236886B073B102ADD1
:109120002846FCF76BFC24680C4B2268566A9E426A
:1091300006D1636B13B12046FFF79CFF06B070BDEC
:1091400006AB13E903008DE80300204695E80C0008
:10915000B04706B070BD00BF403D00200191030044
:1091600070B50E4611460446FBF72EF933681C4ACB
:109170001C49146000259B6BA6632160E5632946AA
:1091800030469847A06B184E03684FF47A51DB6C59
:109190009847A06B03682946DB6B144D4FF47A5255
:1091A0009847A06B124B01684269C3F82055CD69FE
:1091B0004432C3F82425B5424FF00402C3F8042515
:1091C00009D10C4BC3604B6A9847A06B03689B6A3C
:1091D0009847204670BD0749A847A06B0168F2E791
:1091E000403D0020447E0400A16202000061004076
:1091F00000F001401591030038B50D460446FBF719
:109200004BF828460021FAF78DFF636B012B01D044
:10921000002038BDA06B03685B6B9847002038BD09
:1092200038B50D460446FAF7EFFF28460021FAF755
:1092300079FF636B13B9024AC2F81035002038BDBC
:1092400000600040007A704790F910304901002B0F
:10925000C9B207DB03F1604303F56143002083F8E3
:1092600000137047034A03F00F031A4400201176DD
:10927000704700BFFCEC00E090F91030002B11DBD0
:109280005A0910B460320A4C03F01F03012101FA9D
:1092900003F344F8223043695DF8044B01220020B7
:1092A0001A607047436901221A600020704700BFAE
:1092B00000E100E090F91030002B07DB03F01F0005
:1092C00001225B090249824041F8232000207047B7
:1092D00000E100E010B5036804461B6B9847636922
:1092E00001225A6000201A6110BD00BF90F91030B1
:1092F000002B0DDB5A0920320121064803F01F0321
:1093000001FA03F340F82230BFF34F8FBFF36F8FA2
:109310000020704700E100E0012902D006D30229B5
:1093200002D14369C3F80415002070474369002245
:10933000C3F8042500207047437A013B99420FDCB3
:1093400010B44FF48033446901F5A87003FA01F1B9
:1093500044F820200020C4F804135DF8044B704743
:109360006FF47A70704700BF437A013B994211DC79
:1093700030B4446904EB81054FF48033D5F84005DF
:1093800003FA01F10244C5F840250020C4F8041393
:1093900030BC70476FF47A70704700BF437A013B6E
:1093A000994208DC42694FF4803303FA01F1C2F8B4
:1093B0000813002070476FF47A707047032907D8AC
:1093C000DFE801F01710090243690322C3F80825FA
:1093D00001720020704743690222C3F80825017218
:1093E0000020704743690022C3F80825017200205D
:1093F000704743690122C3F80825017200207047B5
:1094000010B5044B036000230446C380F6F77EF9D1
:10941000204610BDF46F040010B5064B0360002316
:109420000446C380F6F772F920460BF0E5FC2046AF
:1094300010BD00BFF46F040010B5034629B190F9C8
:109440001020002A0CDA002010BDC288D107FAD5FE
:10945000196822F00102DA808B6A9847002010BD5B
:109460005409084951F8241002F01F0221FA02F2AF
:10947000D407E8D5C288016842F00102C2800B6BB4
:109480009847E0E700E100E038B590F91030002B94
:10949000044611DA0025236820461B6B9847626951
:1094A0000123D360D368002BFCD11DB12368204673
:1094B0009B6A9847002038BD5909044A52F8215048
:1094C00003F01F03DD4005F00105E4E700E100E0E3
:1094D000B1F57A5F14D830B4002201254FF47A54E4
:1094E00005FA02F3B4FBF3F3994205D3436930BCA8
:1094F0000020C3F8102570470132092AF0D1F5E7A2
:109500006FF47A70704700BF70B590F9105003681F
:10951000002D04461B6B07DA984763690122DA6461
:10952000D3F84C65304670BD69090A4A52F821608B
:109530009847636905F01F05012226FA05F5DA64EC
:10954000D3F84C65EB07EDD5236820469B6A984716
:10955000304670BD00E100E00E4BF0B453F82070CF
:10956000B7B100237E6918469C46012506EB8302AD
:1095700005FA03F4D2F84011013319B12043C0B207
:10958000C2F840C1042BF1D1FB680BB1F0BC184705
:10959000F0BC7047443D00200020FFF7DDBF00BF56
:1095A0000120FFF7D9BF00BF0220FFF7D5BF00BFE2
:1095B0000320FFF7D1BF00BF0420FFF7CDBF00BFDE
:1095C000F8B52D4B03600026466004460D4617464D
:1095D000F6F72CF829492A48277403238D42E660C0
:1095E0006561206063723CD0264A954230D002F516
:1095F0008032954237D1244A204642F82340FFF773
:1096000075FE94F9103062690121002B51601161DF
:1096100020DB03F1604303F56143402283F800231C
:1096200001231A464FF47A51092B02FA03F003F191
:10963000010504D0B1FBF0F0B0F57A7F1AD861696A
:109640000322C1F810352046C1F808252272F8BD62
:109650000223D0E70D4A03F00F031A444023137688
:10966000DEE70123C7E70A4B9D4208BF0423C2D0AF
:109670003346C0E72B46D7E7F46F04000090004064
:10968000747E040000A00040443D0020FCEC00E09B
:1096900000B00140014B93F9000070477244002074
:1096A000054A1378013B5BB2002B01DD1370704754
:1096B0000023137062B670477244002072B6024AEB
:1096C00013780133137070477244002020BF704735
:1096D0004FF0805130B44C6E086E0022234642EAAF
:1096E00000042046194630BC704700BFBFF34F8FBF
:1096F0000549064BCA6802F4E0621343CB60BFF32E
:109700004F8F00BFFDE700BF00ED00E00400FA0549
:10971000704700BF08B50B4B0122C3F8402502215A
:109720000022930003F1A0430132202AC3F800175E
:10973000C3F8001AF5D1FFF7EBFFBDE80840E7F7E3
:10974000D5B800BF00E0014000487047000002208B
:109750004020F6F7B3BD00BF816370474163704797
:10976000C1637047C06B7047EFF30880704700BF5C
:10977000406B7047C0E900128360704710B5054B1D
:10978000054C1846A1684FF480720BF073FBA06083
:1097900010BD00BF0024002000ED00E02DE9F047DF
:1097A0001D4D2C6882B081460F4690466CB11B4E11
:1097B000494620460022FEF715F9306842463946F0
:1097C00002B0BDE8F04700F0ADBA30200BF01BFB53
:1097D000124E824600F074FA3820C6F800A00BF052
:1097E00012FB4FF0130C0E4BCDF800C082463268CE
:1097F0000C49FDF715FF224650460121C5F800A08F
:10980000FDF7FCFF21462868FDF7F2FF04492868B0
:10981000FDF7C2FE2C68CBE7603D00205C3D0020D8
:109820000050434900200240F0B40E4F0E4E3C68F9
:109830000523012505FA03F2224203EB430103F15C
:10984000FF3303D156F82110814205D05A1CF1D1C3
:1098500000210846F0BC704722433A600846F0BC3D
:10986000704700BF643D0020CC7E0400F0B40F4F71
:10987000DFF83CC03C6862460523012505FA03F188
:10988000214202D1566C304207D1013B591CA2F152
:109890000C02F3D10020F0BC704703EB43032143DB
:1098A0005CF823003960F0BC704700BF643D0020C5
:1098B000CC7E0400144B98421ED003F5E04398423E
:1098C0001CD0A3F5343398421AD003F504339842E0
:1098D00018D0B0F1402F06D0A3F50033984208BF4E
:1098E000002001D070470120084901220B68824006
:1098F00023EA02030B6070470520F5E70420F3E735
:109900000320F1E70220EFE700800240643D0020E1
:1099100008B5174B984218D0B0F1402F1ED003F570
:10992000003398421CD0A3F5043398421AD003F5B3
:109930003433984218D0A3F5E043984216D05A2009
:10994000E7F75EFE4FF0FF3008BD0023094A03EB46
:10995000430302EB830393F9040008BD0123F5E7F9
:109960000223F3E70323F1E70423EFE70523EDE701
:1099700000300040CC7E040038B5184B98420D46AC
:10998000144620D0B0F1402F1FD003F50033984289
:109990001DD0A3F5043398421BD003F5343398420D
:1099A00019D0A3F5E043984208BF052304D05A20FC
:1099B000E7F726FE4FF0FF33094A0A4842F82350E2
:1099C00040F8234038BD0023F6E70123F4E70223E3
:1099D000F2E70323F0E70423EEE700BF0030004086
:1099E000683D0020803D0020024A034B10681B6840
:1099F000184700BF803D0020683D0020024A034B0D
:109A000050685B68184700BF803D0020683D00201B
:109A1000024A034B90689B68184700BF803D0020B6
:109A2000683D0020024A034BD068DB68184700BF3E
:109A3000803D0020683D0020024A034B10691B69ED
:109A4000184700BF803D0020683D0020024A034BBC
:109A500050695B69184700BF803D0020683D0020C9
:109A6000002815D0006041608260C36004614561D8
:109A70008661C761444604624C464462544684622F
:109A80005C46C462644604636E46466374468463FF
:109A9000002906D0C46B043C043925680D60B4422B
:109AA000F9D1946BA646566BB546002B06D0D46B05
:109AB000043C043B1D682560B442F9D1146BA446F4
:109AC000D46AA346946AA246546AA146146AA04680
:109AD000D769966955691469D368516810689268A6
:109AE0007047006041608260C360046145618661C7
:109AF000C761444604624C464462544684625C46F4
:109B0000C462644604636E46466374468463C46BF1
:109B1000043C043925680D60B442F9D1C7698669EF
:109B2000456904697047006041608260C3600461F8
:109B300045618661C761444604624C4644625446AE
:109B400084625C46C462644604636C464463744643
:109B5000846304697047846BA646446BA546046B16
:109B6000A446C46AA346846AA246446AA146046A1B
:109B7000A046C769866945690469C3688268006848
:109B8000416870470649074A074B9B1A03DD043BAF
:109B9000C858D050FBDC00F0DBF8FFF7BBFD00003D
:109BA000C48704004020002000240020FEE7FEE7D8
:109BB000FEE7FEE7FEE7FEE7FEE7FEE7FEE7FEE77D
:109BC00081617047012070472DE9F84F0B698C685F
:109BD00003F164060746A6424FF00102884621467B
:109BE000B8BF2646FCF71EFAD7F80090B9F8024035
:109BF00004344C4409F1040294425ED9D8F814C0EC
:109C00004FF4004E634648F2050A2AE0D8F81010D7
:109C100001F132009842A3F1320101F007058B46B1
:109C200021DB0029B8BFA3F12B0BD8F80C00494267
:109C30004FEAEB0B01F0070158BF4D4210F80B1033
:109C4000C5F1070541FA05F515F0010F48F20C01C1
:109C500008BF51461180023201339442C8F81430D3
:109C600009D9312BD2DCA2F800E002320133944250
:109C7000C8F81430F5D8A4EB0904053C0CF1010C2C
:109C80000CEB5404B44205DB98F81C3073B9384629
:109C9000BDE8F88FD8F8180003681B689847D8F813
:109CA0001430B342F0DA3846BDE8F88F08F12000EE
:109CB000F6F75CFA3846BDE8F88FD8F81440E1E7CB
:109CC00038B50546094B45F8203B044601210022E2
:109CD0002846F6F709FA00224FF480732846A2615D
:109CE000A360F6F70BFA204638BD00BF1C7F0400C6
:109CF00038B5856975B1002A0CDD04462868E16035
:109D0000D2000021237722610368616128469847C9
:109D1000237F03B938BD04F12000BDE83840F6F7D1
:109D2000EDB900BF0123FFF7E3BF00BFBFF34F8FC3
:109D30000549064BCA6802F4E0621343CB60BFF3E7
:109D40004F8F00BFFDE700BF00ED00E00400FA0503
:109D500008B57F4B1A68511C28D07E4B0D2A1B6812
:109D600000F09A807A4A12680D2A40D07A4AD2F8D6
:109D7000883043F47003C2F88830BFF34F8FBFF3CD
:109D80006F8F4FF01023D3F80C22D20700F1BF8061
:109D9000D3F80022002AC0F29480D3F80432002BBA
:109DA000C0F28F806D4B6E4A1A6008BD6D4A6E4BD3
:109DB00012781B680D2AC3F3031310D1012B6DD940
:109DC000684A694B12781B680D2AC3F3031306D146
:109DD000012B19D95E4B1A68501C40F0B680614ABD
:109DE000614B12781B680D2AC3F30313BED1012BFC
:109DF000BCD84FF08043D3F80024D10744BF6FF0A4
:109E00000102C3F80024B1E74FF08052574BD2F85B
:109E10000414C3F82015D2F80814C3F82415D2F896
:109E20000C14C3F82815D2F81014C3F82C15D2F866
:109E30001414C3F83015D2F81814C3F83415D2F836
:109E40001C14C3F84015D2F82014C3F84415D2F8F6
:109E50002414C3F84815D2F82814C3F84C15D2F8C6
:109E60002C14C3F85015D2F83014C3F85415D2F896
:109E70003414C3F86015D2F83814C3F86415D2F856
:109E80003C14C3F86815D2F84014C3F86C15D2F826
:109E90004424C3F870259DE7012B0CD82C4A4FF0C1
:109EA000804312680021C3F80C11C3F81011C3F8E5
:109EB0003815531C84D0274B0D2A1B687FF452AFF2
:109EC00086E72B4A0123C2F80435D2F80034002B70
:109ED000FBD04FF010231221254AC3F80012D2F80C
:109EE0000034002BFBD04FF010231221204AC3F87E
:109EF0000412D2F80034002BFBD000231C49C2F816
:109F00000435D1F80034002BFBD0FFF70FFF184BBE
:109F10000122C3F80425D3F80024002AFBD04FF017
:109F20001021134BD1F80C2222F00102C1F80C22AF
:109F3000D3F80024002AFBD000210D4AC3F80415F1
:109F4000D2F80034002BFBD0DFE704331B680BE7AB
:109F5000300100103401001000ED00E0D42000209A
:109F60000090D003E00F00F0E80F00F000C00040C8
:109F700000E00140D0E90223D1E90201994208BF83
:109F800090422CBF01200020704700BF2DE93048CF
:109F90000C4800F0CFFA0C4B0C49D3E90023D1E96F
:109FA000004512EB000B43F1000CAC4508BFA34584
:109FB0005846614603D21BF180704CF10001BDE8A8
:109FC000308800BFD8200020583900206039002098
:109FD00030B583B005460C460B4801A900F07CFB68
:109FE00070B10570446001A9074800F07FFB08B913
:109FF00003B030BD054800F0A1FA002003B030BD29
:10A00000042003B030BD00BFF43D0020D820002064
:10A010001B4B1B782DE9304823B118B1037F03F0A7
:10A02000FF041BB900242046BDE830880546FFF731
:10A03000ADFFD5E90223994208BF90421BD32B699B
:10A04000BBB1D5E90530984729690029EAD02B7FB3
:10A0500003F0FF04002BE5D0D5E9022312EB010B3E
:10A0600043F1000CC5E902BC2946064800F0EEFBAE
:10A07000D9E72B77E5E72946024800F0E7FBD2E76E
:10A0800073440020447F04002DE9F04F83B08346E1
:10A0900000F024FA40B15B49D1E9002312F1807449
:10A0A00043F10005C1E900450021584600F030FAAF
:10A0B000554C30B1236823B12068FFF7A9FF002376
:10A0C00023600121584600F023FA20B1FFF75EFF1C
:10A0D0004E4BC3E9000101A94D4800F017FB08B33E
:10A0E0004C4E4D4F4A4D0378012B6CD073D3022B4D
:10A0F0000ED130464FF0000800F0BCFB30B180F8C4
:10A100001C80304600F0B6FB0028F8D101233B70DC
:10A1100001A9284600F004FB01A9284600F0F6FA40
:10A120000028E0D1DFF8EC80DFF8F090DFF8F0A055
:10A1300003E00D2838D000232360404600F0A0FB48
:10A140002368002858D05BB12368D0E90201D3E925
:10A150000223994208BF90421FD223681B7F3BBB5A
:10A16000404600F087FBD0E902670546FFF70EFF87
:10A17000361A67EB0107012E77F1000310DB564515
:10A180001BD8AA684FF496030021484600F026F930
:10A190000028CED1236843B3256003B0BDE8F08F1B
:10A1A0000021484600F0AAF92846FFF731FFC2E730
:10A1B0002168404600F04AFBD2E7484600F0BAF971
:10A1C00000EB0A02DEE741682368994211D030466D
:10A1D00000F05AFB9CE741680B7F002B98D10123CC
:10A1E0000B77304600F032FB92E7584600F0CCF88F
:10A1F000D2E7002323608BE7002BCED1584600F036
:10A20000C7F8CAE758390020043E00206039002012
:10A21000F43D0020447F040073440020D820002037
:10A22000FFFFB40010B5134B13491B68134882B0ED
:10A2300058220193082300F015FA044610B1204675
:10A2400002B010BD0E4A0F4801A900F05BF80446A9
:10A250000028F4D101210B4800F038F901231946F8
:10A26000094A084800F098F8084B012220461A7065
:10A2700002B010BD407F04009C3D0020F43D002052
:10A2800089A00300D8200020FFFF7F007344002036
:10A290004AB1A1F101010368B1FA81F14909C3E9A9
:10A2A0000412002070470720704700BF037F0BB1E6
:10A2B000002070472DE93048826104460D46FFF7C3
:10A2C00065FE236910EB050B41F1000CC4E902BCEB
:10A2D00003B1256121460020BDE83048FFF778BE74
:10A2E0000023014603770120FFF772BE014800F00A
:10A2F0004FB800BFD8200020014800F045B800BF8B
:10A30000D8200020F0B444791C4D1D4FE600AB1955
:10A3100047F824201B7973BB03680A88C3F8082513
:10A320008A7890F904305201002BD1B2DFB21CDBE5
:10A330005A09920002F1604203F1604302F5614262
:10A3400007F01F074FF0010C03F561430CFA07F704
:10A3500083F80013C2F880711760AB19012245F829
:10A3600034001A710020F0BC7047064B07F00F074D
:10A370003B441976F1E70820F0BC7047083E002006
:10A38000103E0020FCEC00E0036801221A607047D8
:10A39000036801225A60704770B48C0004F5A07401
:10A3A0000068A4B24FF480358D400026C0F80853F1
:10A3B000C0F84853065183B00459019401F5A871BF
:10A3C00022F07F42019C40F82120C0F844530BB199
:10A3D000C0F8045303B070BC704700BF2DE9F04FC4
:10A3E00004684FEA81084FF480358D4004EB080C77
:10A3F00008F5A076C4F84853B6B2C4F808538146AD
:10A400000F464FF0000AD4F80415DCF84005CCF8EC
:10A41000401544F806A085B0401A20F07F40A159AD
:10A42000029101289B4622F07F42029B0ED1264BCF
:10A43000019243F001034FF480609847D9F800403F
:10A44000019A44F806A0A3590393039BD4F804652A
:10A45000C4F84453931B23F07F43012B18D107F515
:10A46000A877194B013244F8272043F001034FF439
:10A4700080609847D9F80040D4F804359E421FD137
:10A480000020C4F84453C4F8045305B0BDE8F08F6D
:10A49000A044531EC8F84025D4F80415CBF1FF1B87
:10A4A0005B1A0BF57F4B23F07F439B4508D3002BB2
:10A4B000E6D10132C8F84025D4F804359942DFD0FE
:10A4C0000D2005B0BDE8F08F00570400036802229C
:10A4D000C3F8442309B1C3F8042370470368D3F8D1
:10A4E000040150B1002282B0C3F80421D3F8043132
:10A4F0000193019B012002B07047704702684FF43E
:10A50000803303FA01F1C2F84813C2F80813704708
:10A51000890001F5A07189B20368585840B1002242
:10A520005A5082B05B580193019B012002B07047E2
:10A53000704700BF0368D3F80405704790F90430F2
:10A54000002B09DB5A09403203F01F0301210348A5
:10A5500001FA03F340F82230704700BF00E100E049
:10A56000024A034B10681B68184700BF083E0020D2
:10A57000103E0020BAB11268D243C1B130B40144D8
:10A580000C4C4D1E013810F8013F082153405A0869
:10A59000DB0748BF624001391346F8D18542F2D14A
:10A5A000D04330BC70474FF0FF320029E6D1D04392
:10A5B000704700BF2083B8ED10B483B050E8013F6E
:10A5C0009CB2B0F80EC06444B0F80CC0644528BF1B
:10A5D000A4EB0C04B0F808C0644502BFBFF32F8F92
:10A5E000002208E0C4EA030440E8014CBCF1000F7B
:10A5F000E4D14FF001028DF803200193019B9DF8F7
:10A6000003000B6003B05DF8044B704710B483B0D7
:10A6100050E8023F1FFAA3F4B0F806C0644502BF39
:10A62000BFF32F8F002211E0B0F80EC06444B0F8E1
:10A630000CC0644528BFA4EB0C04C3EA044440E802
:10A64000024CBCF1000FE3D14FF001028DF8032062
:10A650000193019B9DF803000B6003B05DF8044B70
:10A66000704700BF99B110B4B2FBF3F403FB14249C
:10A67000A4B244B9C0E9001484608281C381204639
:10A680005DF8044B704709205DF8044B70470E20BD
:10A69000704700BF82B050E8022FC188B2EB324F42
:10A6A0004FF0000317BF92B241EA014142EA014173
:10A6B00004E04268B2EB324F08BF012340E80212C7
:10A6C000002AE8D18DF807309DF80730002B0CBF29
:10A6D0001120002002B0704738B50446FFF76CFF28
:10A6E00010B10B882068184438BD00BF0A884B8819
:10A6F0009A4201D00020704750E8012FC2EA02427E
:10A7000040E80123002BF7D10120704738B50446FB
:10A71000FFF77CFF10B14B882068184438BD00BF9C
:10A720000A884B889A4201D00020704750E8022FD7
:10A73000C2EA224240E80223002BF7D101207047F1
:10A7400033DF7047064A074B10B5002414701C60B5
:10A75000BFF35F8F0449054800F062F8204610BD42
:10A76000754400201C3E0020507F0400143E002051
:10A770002DE9F041244E05460121304604F0FCFF4E
:10A78000BFF35F8FD8B9042D2BD0204B1A789AB91C
:10A790001F4C012225701A701E4F7B688BB1B84682
:10A7A00005E0404600F046F87B6853B125781B6809
:10A7B000284698470028F4D1BFF35F8F3060BDE88A
:10A7C000F0812378023B012B0ED903F0FBF9C0B9CD
:10A7D0004FF080430122C3F80025BFF34F8F20BF05
:10A7E000FDE70B4C2578D7E7BFF34F8F0A490B4B9A
:10A7F000CA6802F4E0621343CB60BFF34F8F00BF1F
:10A80000FDE7FFF79DFFE3E71C3E002075440020B5
:10A8100074440020143E002000ED00E00400FA051E
:10A82000D1E900329342C0E9001304BF0023436022
:10A83000704700BF436843B10268D2E901210B446D
:10A840009342436004BF00234360704770B544687F
:10A85000064620680D4618B908E02468206828B12B
:10A86000B368294698470028F7D1206828602560FA
:10A8700070BD00BF4368186808B102681A6070476D
:10A8800043681868704700BF4068036873B18B4223
:10A8900003D107E0814204D0034618680028F9D1AB
:10A8A000704718460B6803600120704718467047D0
:10A8B0006DDF704779DF70477DDF704764DF704779
:10A8C0002DE9F04F83B004880C9EBDF83490B6F8A3
:10A8D00000A0002C39D09846002317468B46054629
:10A8E0001C4603E02A880134A24224DD6A6852F83B
:10A8F0002400019000220DF1030101A8FFF7DEFF03
:10A9000020BB9DF80320BA42ECD13288D11903B3A1
:10A9100049452BDC42440DF1030101A80123FFF757
:10A92000CDFF98B931889DF803200A4432802A88E7
:10A930000134A242DADC43B13388013BA3EB0A03C2
:10A940009BB2FF2B12D808F80A30002003B0BDE8F4
:10A95000F08F02310132894592B207DB328008F86C
:10A9600002B03288013292B23280D3E70C2003B0B9
:10A97000BDE8F08F2DE9F04182B01746089CBDF884
:10A98000245000940195022206469846FFF798FF4E
:10A9900010B102B0BDE8F08143463946304610227E
:10A9A000CDE9084502B0BDE8F041FFF789BF00BF1F
:10A9B0002DE9F04790F82D3017881446002286B014
:10A9C00005460E462280002B40F0FC80AB78002B21
:10A9D00040F0FE80EA78A2B12388D91CB94200F287
:10A9E000F3800221F154238801339BB2012123809B
:10A9F000F15423880B449BB22380F25423880B44E8
:10AA000023806B68B3B12288D11CB94200F2DC808C
:10AA1000022093F90010B054238801339BB20A221C
:10AA20002380F254238801339BB22380F15423887E
:10AA3000013323802B89002B40F01B812B8A002BB4
:10AA400040F024812B8B002B40F02D812B6A002BB2
:10AA500044D02288911DB94200F2B6801988052998
:10AA600040F203816FF4486801EB080080B24FF2B6
:10AA70007D3C604540F2F9805888052840F2F58019
:10AA80006FF4486E86441FFA8EFEE64540F2ED8074
:10AA90004FF6FF7C614504D0604502D0814200F250
:10AAA000E4800521B1542288013292B21221228021
:10AAB000B1542288013292B222801988B1543244B2
:10AAC000090A51702288023292B222805B88B35404
:10AAD00032441B0A53702388023323806B6A002B95
:10AAE0002FD09988B4F800C0881C0CF102020244EF
:10AAF000BA4269D8FE2867D8033106F80C102288BC
:10AB0000013292B2FF212280B1542288013292B2E6
:10AB100022801988B1543244090A517020880230C9
:10AB200080B220809A8862B199680393002900F06E
:10AB30009C8030440AF09EF9039B9A882388134432
:10AB4000238095F82C30002B40F08A80287800284C
:10AB50003BD02B88012B00F08880228802F1020C68
:10AB6000BC4531D8012804D16B78023313449F428D
:10AB70002AD3BB1E9B1A06A99BB221F8083D06EBFF
:10AB80000C00FFF799FE00BB2978BDF810200229C0
:10AB900000F0E18068789042C0F0D8809342C0F025
:10ABA000D5800921FE2A0FD82388501CF054238811
:10ABB00001339BB22380F154238801331A4422804D
:10ABC000002002E0082F23D80C2006B0BDE8F08753
:10ABD00023880433BB42F7D804A8FFF76BFE002894
:10ABE000F3D12388BDF810200321F15423880133C9
:10ABF0009BB219212380F154238801339BB2F118B1
:10AC00002380F254120A4A70238802332380E1E63B
:10AC100004A8FFF74DFE0028D7D123889DF8102007
:10AC20000821F154238801339BB21B212380F15466
:10AC3000238806A901339BB251F8070D2380F050F9
:10AC4000334489889980238806339BB212F0FE0230
:10AC500018BF01222380F254238801332380B5E6F4
:10AC6000D5F82880B8F1000F2AD1072006B0BDE83A
:10AC7000F087CDE9004733460622022105F108009E
:10AC8000FFF778FE00283FF4D9AE9EE7CDE90047F4
:10AC900033460722032105F11000FFF76BFE002861
:10ACA0003FF4D0AE91E7CDE9004733461522142199
:10ACB00005F11800FFF75EFE00283FF4C7AE84E7F9
:10ACC000B8F804300233FE2B3FF67EAF4FF0000998
:10ACD0004FF0160A22880133B354238801339BB204
:10ACE000238006F803A0238801339BB22380B8F8A1
:10ACF0000020F2543344120A5A702088023080B285
:10AD00002080B8F8043030441A465BB1D8F80830D7
:10AD10001946002BA9D00AF0ADF8B8F80420238812
:10AD20001344238009F1010995F82C305FFA89F961
:10AD30004B4509EB49087FF609AFAB6A03EB88087E
:10AD4000B8F804300233FE2BC4D93DE7012906D000
:10AD50001A46082126E79342BFF423AFF8E783425F
:10AD6000F6D3024608211DE775DF704776DF70478E
:10AD70007ADF70477BDF704730B51D4B1A8884B28D
:10AD8000A24283B001D003B030BD1A4D187A297B9E
:10AD900088420FD32A7C00211972E2B96B69002B1B
:10ADA000F1D00022ADF806408DF8042001A89847A4
:10ADB00003B030BD104603F10A01FFF7D5FF28B1FB
:10ADC0001128E0D0AB69002BF1D1DCE71A7A01320F
:10ADD0001A7203B030BD3B212046FFF7C7FF30F0A9
:10ADE0000803DBD0AB69002BD8D09847D6E700BF6B
:10ADF0003C3E0020203E002070B54B7A82B00246D7
:10AE00007BB90F4C0E7A4868D4E90153002E0CBF71
:10AE100029461946FFF74AFA08B1A3696BB902B08F
:10AE200070BD074B5B6900200872002BF7D0012131
:10AE3000ADF806208DF8041001A8984702B070BD47
:10AE4000203E00208388B3F5FA7F28BF6FF4F972A3
:10AE500030B428BF9D1804884A8838BF0025944222
:10AE60000DD8408890420AD38888A84207D303F2BD
:10AE7000F313834234BF0020012030BC7047002010
:10AE800030BC70470288112A70B503462FD01BD9F9
:10AE9000122A07D0502A04D13A4CC188E289914243
:10AEA00036D070BD384C828825889542F9D100F1A2
:10AEB000080104F10A00FFF7C5FF60722146284629
:10AEC000BDE87040FFF798BF102AEAD1C27B012A83
:10AED000E7D12D4C21884FF6FF7291422FD0294B9C
:10AEE0009B69002BDDD00420BDE870401847264C3C
:10AEF000828823889A42D4D16068FFF7F1F918B1AB
:10AF0000204B9B6903B198474FF6FF73238070BDB8
:10AF1000028A022AC5D11C4D82882E889642C0D151
:10AF2000123000F061FA30BB6868FFF7D9F90028E9
:10AF3000B7D0A369002BB4D0BDE870401847134ABE
:10AF40008588258003CA04F10A02C4F80E1003F1B3
:10AF500010010023C4F80A0023721046FFF772FFA5
:10AF6000084B6072DB89002B9BD121462846BDE847
:10AF70007040FFF741BF29463046BDE87040FFF7FB
:10AF80003BBF00BF203E00203C3E0020503E002042
:10AF900000282FD0F8B5054606460FCD164F3C4683
:10AFA0000FC4844695E80700144B3B6084E8070013
:10AFB000BCF1000F18D06046FFF7DAFE98B932688E
:10AFC0001068516803C30E4B0E490F4A18464FF6DE
:10AFD000FF7440F8041F1C800021FFF759F9002876
:10AFE00014BF03200020F8BD1846FFF7C3FE002859
:10AFF000E9D0F8BD0E207047203E0020503E0020D2
:10B000003C3E00206839002079AD0300F0B583B0E4
:10B010000190A1B1019D7DB100240E461746254641
:10B02000214601A804F064FB394610B1A0B2B04734
:10B0300001350134142CF3D1284603B0F0BD0D4680
:10B04000284603B0F0BD00BF0146014804F050BBE4
:10B050005C3E002070B582B006460191019D6DB145
:10B0600000242546214601A804F042FB18B106EB56
:10B07000450301359C800134142CF3D130463560F2
:10B0800002B070BD2DE9F0470388B0F80480103B92
:10B090008CB007460A2B1BD8DFE803F02F281A1ABA
:10B0A0001A1A1A1A1A1D0600047A38482409032CA1
:10B0B00041464BD804F012FB032C49D0414634489A
:10B0C00004F00CFB022C47D04146324804F006FB4A
:10B0D0000CB0BDE8F087037A002BF9D1437A2B48F6
:10B0E0001B0741464FD404F0F9FAF1E741462A48DC
:10B0F00004F0F4FA0CB0BDE8F087284EB3680CA851
:10B10000DB4340F8303D716804F058FB009901A81A
:10B11000FFF7A0FF019B83B10DF106097C3609EB17
:10B12000430A39F8025F1E4C20462946043404F0D5
:10B13000D5FAA642F8D1D145F3D1B8F1130F12D9FF
:10B14000042003F0A5F90CB0BDE8F08704F0ACFAD8
:10B1500041460F4804F0A8FA41460E4804F0A4FA0C
:10B160000CB0BDE8F08741460B4804F09DFA41461B
:10B170000B4804F099FAFB7B012BA9D04146094802
:10B1800004F092FAA4E704F08FFAA1E7703E0020E1
:10B190006C3E0020683E0020603E0020583E0020AB
:10B1A0005C3E0020643E0020132801D90020704737
:10B1B000FFF74ABF132801D900207047FFF744BFAB
:10B1C000132801D90020704710B50446FFF73CFF53
:10B1D00008B9002010BD2146034804F089FA002870
:10B1E00014BF0220012010BD603E0020132801D9A9
:10B1F0000020704710B50446FFF726FF08B900206D
:10B2000010BD21460248BDE8104004F071BA00BFED
:10B21000683E0020132801D90020704710B504466D
:10B22000FFF712FF08B9002010BD21460248BDE813
:10B23000104004F05DBA00BF6C3E0020132801D915
:10B240000020704710B50446FFF7FEFE08B9002045
:10B2500010BD21460248BDE8104004F049BA00BFC5
:10B26000703E002070B50A4B82B002AE9B6846F873
:10B27000043D00252C462146304604F039FA0134BD
:10B2800000B10135142CF6D1284602B070BD00BFC4
:10B29000583E002070B50E4A82B0D36802A8DB4346
:10B2A00040F8083D02AE916804F088FA009B46F829
:10B2B000043D00252C462146304604F019FA01349D
:10B2C00000B10135142CF6D1284602B070BD00BF84
:10B2D000583E002010B5034B04465968FFF7BAFEEC
:10B2E000204610BD583E002010B5094982B0CA68FA
:10B2F00002ABD24343F8042D04468968184604F093
:10B300005DFA20460199FFF7A5FE204602B010BD68
:10B31000583E002008B51821024804F0F3F9C0B2E5
:10B3200008BD00BF583E002070B50C4C05462046B5
:10B330000E4604F0DDF908B1132D01D9002070BDCF
:10B340002846FFF781FE0028F8D0F01D04EB8000AE
:10B350002946BDE8704004F0CBB900BF583E00203C
:10B36000F8B50E4C0546204617460E4604F0C0F9C7
:10B3700008B1132D00D9F8BD2846FFF765FE002857
:10B38000F9D0F01D04EB800029461FB9BDE8F84054
:10B3900004F0A4B9BDE8F84004F086B9583E002096
:10B3A000034B9B680A4601461846FFF72FBE00BFB5
:10B3B000583E0020F8B50A4C05460E462046294660
:10B3C000174604F095F900B9F8BD063504EB85047D
:10B3D0003A4660683146BDE8F840FFF717BE00BF47
:10B3E000583E0020AADF7047007800F00100704747
:10B3F0000078C0F34000704770B58C7890B0134669
:10B40000002C40F0AF8001228DF80E204A7C0C8881
:10B41000ADF80C40013A00248DF80240ADF8004030
:10B42000042A09D8DFE812F00500C600CA00CE00E1
:10B43000C20011228DF800208C7C013C042C09D81C
:10B44000DFE814F00500C800CC00B000C4001122F1
:10B450008DF80120CD7B9DF802400A7C0E7B65F3C0
:10B46000C3040D7D62F30414002D4A7B14BF022532
:10B47000012566F3000465F3420412F0300F4FF02B
:10B4800000058DF80240CDE90955CDE90B55CDE910
:10B490000D550F9569D10022CDE906224D7B08920A
:10B4A0008C688A7B8DF824508DF8252003AD8A881E
:10B4B000CDF814D00495ADF81C201CB1CA880894AE
:10B4C000ADF818208C69002C2FD000268DF806606E
:10B4D000ADF804602688227BADF82C606688ADF854
:10B4E0002E6001AD66680A96013A0D95042A28D8A7
:10B4F000DFE802F024948488900011228DF8052062
:10B50000A67A9DF80650E27A66F3C30562F3041545
:10B51000A27B267A002A2C4666F3000414BF02227E
:10B52000012262F342048DF80640CA6902B10C920E
:10B5300009A904AAFFF756FF10B070BD11228DF8BB
:10B540000420627B013A042ADAD801A555F822F0DA
:10B55000FBB40300EDB50300F5B50300E5B503004A
:10B560000DB603008DF80E4050E7CA7CADF80850C8
:10B57000013A8DF80A50042A07D8DFE802F0035F89
:10B580005B57530011228DF809209DF80A2002AC68
:10B590000E94012464F3420211248DF80A208DF8E0
:10B5A000084078E712228DF8012053E722228DF817
:10B5B000002041E721228DF800203DE731228DF85F
:10B5C000002039E712228DF8002035E722228DF87D
:10B5D00001203FE721228DF801203BE731228DF841
:10B5E000012037E712228DF8052089E721228DF806
:10B5F000052085E731228DF8052081E731228DF87D
:10B6000004209EE712228DF804209AE722228DF86A
:10B61000052075E722228DF8042092E721228DF87B
:10B6200004208EE722228DF80920AEE712228DF841
:10B630000920AAE731228DF80920A6E721228DF8FA
:10B640000920A2E790DF7047A5DF7047B5DF70479C
:10B6500010B5002384B004466A46184602A9ADF826
:10B660000840ADF80A4003930093ADF80430FFF7AB
:10B67000E9FF04B010BD00BF08B90E20704730B418
:10B6800003464FF017151B240020172219611D6077
:10B6900041F61B311C71DA801A819872D872998137
:10B6A00030BC70478388C3B930B50288232A83B081
:10B6B0000C4613D036D93A2A18D0552A3FD0242A1E
:10B6C0005ED0A37A3BB1E1880020FFF7BDFF10B93F
:10B6D0000123A072E37203B030BD7047007A0B7B88
:10B6E000984228BF1846FFF7B3FFEAE74289C988A6
:10B6F00025698A4228BF0A46172A38BF17222281A5
:10B7000065B1E17A51B140F67721ADF80010ADF89E
:10B710000230ADF8042069462046A8470023E372B2
:10B72000A372D8E7102A3FD0112ACAD1172241F6B6
:10B730001B31A372E372E2802281A181CBE7C28830
:10B74000C988A372172A38BF17228A4228BF0A461F
:10B7500018462281FFF77AFFE37A002BB1D12269E4
:10B76000002AAED02189ADF8023040F67720ADF83E
:10B770000000ADF80410204669469047A37AA1E77F
:10B780000A69017A6173002A9BD04DF67A20ADF8E0
:10B790000430ADF802308DF80410ADF800006946B1
:10B7A00020469047A37A8DE7C37B08790873012B65
:10B7B0000CBF2188C988238908BFE1808B4204D34C
:10B7C000637B8342BFF47DAF8DE70020FFF73CFF32
:10B7D00018B90123E372207BF2E7112809BF012386
:10B7E000207B207BA372EBE72DE9F041DFF8988006
:10B7F00000238AB04FF6FF7088F80030CDE900339F
:10B8000000F0E8FC4FF6FF76B0421FD0044648F245
:10B81000096707E000F070FC204600F0DBFCB04256
:10B82000044613D0A4F58045ADB228466A4602A965
:10B8300003F088FEB8422046ECD0284603F0F2FD23
:10B8400048F207629042034603D043B90AB0BDE80C
:10B85000F081012388F800300AB0BDE8F0810022B1
:10B860000721079305A84FF6FF73CDE90522CDE91F
:10B870000822ADF818408DF81410ADF8163000F01D
:10B8800065FA0AB0BDE8F0817644002010B58389DE
:10B89000047886B003F5804300229BB2611ECDE997
:10B8A0000122CDE90322ADF808300592042913D80E
:10B8B000DFE801F03232321903004368002B55D122
:10B8C00013238DF804304FF6FF7301A8ADF808304C
:10B8D000ADF8063000F03AFA2D4C23780BB1FFF7A3
:10B8E00083FF06B010BD43F6FE729342F4D8C289BE
:10B8F000002AF1D14268002A42D00B2303928DF82E
:10B900000430234C01224FF6FF7301A82270ADF8DA
:10B91000063000F01BFAE0E743F6FE729342C1895D
:10B920001ED8D0E90132A4F10304B4FA84F4640906
:10B930008DF80C108DF80D400492E3B99DF8143089
:10B94000082243F001038DF814308DF804204FF6DF
:10B95000FF7301A8ADF806300D4C00F0F7F9BCE715
:10B9600001F580439BB29342DBD9B5E714220393E0
:10B970008DF80420A7E7092205938DF80420E6E757
:10B9800018460A238DF8043000F0B6FBB9E700BF73
:10B990007644002010B5A1F5804182B0A0F580402A
:10B9A000002489B26B4680B2CDE9004403F08EFDDD
:10B9B000A04214BF0520204602B010BD30B5184883
:10B9C00089B003F063FB30BB03F078FB0546F0B9A8
:10B9D00000F072FBCDE903550DE005A803F0C2FCB1
:10B9E000019B9C8804F58044A4B205A803F0E4FC04
:10B9F000204600F069FB05A903AA4CF2070003F0FA
:10BA000081FD01A90028E8D0284609B030BD86256F
:10BA1000284609B030BD0325284609B030BD00BF17
:10BA20008DB80300F0B5FF2887B004D8012906D0EF
:10BA30000C1F052C03D90725284607B0F0BD164674
:10BA400003AA1F460C46FFF7A5FFE0B901A903A80A
:10BA500003F088FC0546B0B9019BB4705B88338065
:10BA60000299A7B13A6870689C00A24228BF22469A
:10BA7000164609F0FFF9B4420BD803A803F09CFC6A
:10BA8000284607B0F0BD0525284607B0F0BD716017
:10BA9000F3E70C25F8E700BF024B0022C3E90022C0
:10BAA000704700BFD43E0020012804D0031F052B9F
:10BAB00001D90120704770B5044686B0A0F58040DA
:10BAC00016460D4680B203A90D4A03F01BFD10B1C6
:10BAD000002006B070BD01A903A803F043FC0028B4
:10BAE000F6D1DDE9012193885288328003F5804345
:10BAF000B470716003A82B8003F05EFC0120E8E7BE
:10BB0000D43E0020F0B5FF2887B005D88C78012CF2
:10BB100006D0231F052B03D90724204607B0F0BD0C
:10BB20000B46A4F5804621465C681B88ADF8026090
:10BB3000A0F58047154603AAADF80070CDE9014392
:10BB4000FFF728FF052813D0694603A803F062FC1D
:10BB5000044648F206639C421AD00FD948F20763A4
:10BB60009C4203D048F20D639C420FD11124D4E7CC
:10BB7000694603A803F04AFC0446EAE734B9002DFD
:10BB8000CBD0294603A803F0FDFCC6E70324C4E795
:10BB90008624C2E74FF6FF7000F096BAFF2806D859
:10BBA00008B500F097FAFFF71FFE002008BD072038
:10BBB000704700BF00F0B4BA00F0BCBA00F0E2BABF
:10BBC00000F008BB00F00CBB70B41D4E054600220F
:10BBD00002EB4203980036F82330AB4205D0013225
:10BBE000042AF5D1002070BC7047304483788B4222
:10BBF0001ED0531C042BF5D05800C41836F824402E
:10BC0000AC420ED002EB420206EB820202E09489C3
:10BC1000AC4205D00133042B02F10C02F7D1E1E76D
:10BC20005800184406EB80001A4683788B42E0D116
:10BC3000837A9B07DDD14368002BDAD170BC704753
:10BC40002C40002070B5037A05465BB10D4E0024F0
:10BC5000697A2144C9B2304601F060F82B7A013488
:10BC6000A342F5D8AB7A002203F0FD03FF204FF684
:10BC7000FF716FF3000368722A72AB722980A9709A
:10BC80006A6070BD1C40002010B582B08278417A95
:10BC9000044600232B48CDE900338DF8022001F043
:10BCA00023F8002839D0237AA178019003EB83038D
:10BCB0009B004A1EADF800308DF80210072A08D804
:10BCC000DFE802F01E070707071E042E1423ADF855
:10BCD00000306946221D2088FFF714FF07280DD089
:10BCE00012D9112822D0862817D1A37A164A03F038
:10BCF000FD0343F001030121A372117002B010BDD6
:10BD00000123ADF80030E4E738B9A37A60F34103CA
:10BD100060F30003A37202B010BD032002B010BD97
:10BD2000838809339B08ADF80030D2E7A37A064A2E
:10BD300043F002036FF3000301210020A37211708E
:10BD400002B010BD1C400020774400202DE9F047D0
:10BD5000444EC168044686B03746334600205A68D0
:10BD6000914203F10C0375D001300428F7D1002073
:10BD70002378092B19D0132B69D0082B5FD04FF0F3
:10BD80000008204600F0EEFA204601F08DFDDFF8B5
:10BD9000D890204604F050FB204604F01DF999F895
:10BDA00000307BB906B0BDE8F087637A002BE6D19E
:10BDB000002854D0827ADFF8B090436042F002024B
:10BDC00098468272002489F800404FF0010A63000F
:10BDD0001A1907EB8202927A91072DD4D20727D540
:10BDE00089F800A0B8F1000F22D023449D007019FB
:10BDF000FFF74AFFE0B17B5BADF8083086284FF6CD
:10BE0000FF73ADF8063016BF03900623072301A881
:10BE10008DF8043000F0A6FA01A801F045FD01A854
:10BE200004F00AFB01A804F0D7F806B0BDE8F087DB
:10BE30000134042CCBD1B5E789F800A0D5E7657AA9
:10BE4000002D9CD158B1FFF7FDFEA84699E74FF0B1
:10BE5000010896E700EB400007EB800088E780468A
:10BE60008FE700BF2C40002077440020F0B5174E2C
:10BE7000002183B033460D464FF6FF74FF2701EBD8
:10BE8000410206EB82021C809C705F72907A013145
:10BE900000F0FD006FF300000429907203F10C0321
:10BEA00003F8045C43F8085CE9D15023CDE90013A2
:10BEB0004FF4A072064B0749074800F0C7FE002860
:10BEC00014BF0320002003B0F0BD00BF2C400020B1
:10BED0005C400020DC3E00201C400020F8B51E4FD6
:10BEE0000646002505EB45039A0037F82330B34298
:10BEF00005F101040AD0042C2546F3D13046FFF7A2
:10BF00004DFE10B1072818BF0320F8BD3A449178C0
:10BF10003046FFF759FE08B1FFF794FE042C234684
:10BF2000ECD06200111937F82110B1420ED005EBA8
:10BF3000450507EB850202E09189B14205D0013346
:10BF4000042B02F10C02F7D1D8E75A001A441D461F
:10BF500007EB82025C1CDAE72C4000200023FFF78D
:10BF600061BD00BF83B32DE9F041CD1F012D0C460B
:10BF700025D8551E032D22D807461E461546FFF725
:10BF800023FE804688B3037AAB421BD198F8091090
:10BF9000FF291FD0002788F80850254800F0A4FE8C
:10BFA00068B305EB85031B019BB29B083380B4701B
:10BFB00070600FB1082C09D00020BDE8F081072087
:10BFC000BDE8F0810F20FBE70E2070479B00063B89
:10BFD0008380F1E72946164800F04EFEFF2801460F
:10BFE00088F809000FD00127D5E7FF214FF6FF7031
:10BFF000FFF7EAFD804620B107808470C6E7032082
:10C00000DEE71120DCE798F80A3088F8020003F038
:10C01000FD0300226FF300034FF6FF7188F80A302A
:10C02000A8F8001088F80820C8F804201120C7E7F5
:10C030001C40002008B5FFF7C7FD18B1FFF702FE4E
:10C04000002008BD052008BDCB1F012B01D907200A
:10C05000704770B50646104615460C46FFF7AAFD18
:10C0600050B130462146FFF7AFFD38B105808470EE
:10C07000BDE87040FFF708BE072070BD052070BD09
:10C080004FF6FF73984210B509D0FF2804460FD829
:10C090000846214603F012FB50B9204610BD084661
:10C0A0004FF4807103F02EFB80B2B0F5807FF5D1A4
:10C0B0004FF6FF7010BD00BF40220021014808F07C
:10C0C000FDBE00BF604000200149FFF7D9BF00BF9F
:10C0D000604000204FF6FF72904209D010B505492C
:10C0E0000446FFF7CDFF201AB0FA80F0400910BDDA
:10C0F0000020704780400020FF2800D9704710B50D
:10C1000001460446044803F0E9FA21460348BDE825
:10C11000104003F0E3BA00BF6040002080400020E0
:10C12000FF2801D9002070470146014803F0E0BA1A
:10C1300060400020FF2801D90020704701460148D7
:10C1400003F0D6BA8040002038B54FF6FF7398420E
:10C150000D4615D0013084B2FF2C04D90CE09CB2FE
:10C16000B4F5807F08D02146284603F0C1FA631C4D
:10C170000028F4D0204638BD4FF6FF74204638BD65
:10C180000024F0E7F8B51149FFF7DEFF4FF6FF7521
:10C19000A84217D0FF28044612D80D4EA6F120075A
:10C1A00007E02046FFF7D0FFA84204460AD0FF2C44
:10C1B00006D82146304603F09BFA39460028F0D1D4
:10C1C0002046F8BD4FF6FF742046F8BD60400020C1
:10C1D000804000200149FFF7B7BF00BF804000202A
:10C1E00070B50024064E25462146304603F080FAFD
:10C1F0000134B4F5807F0544F6D1284670BD00BFF8
:10C2000060400020074B1A7802B9704710B5044609
:10C2100004F0D8FC204601F0A3FB2046BDE8104006
:10C2200003F0BCBF7944002010B504462046FFF758
:10C23000C5FC0446FFF7C0FC0028F7D1204610BD1E
:10C2400010B582B0002401926A460094FFF7EAFB21
:10C2500002B010BD2DE9F04F87B083464FF6FF7056
:10C260008A4601929946FFF7A9FC00250421CDE9F1
:10C27000031503AB04AA062102AE044602950596F7
:10C28000FFF7D0FB07283FD04FF6FF77B8464FF0B7
:10C29000FF3660B1052814D12046FFF78FFC03ABB1
:10C2A00004AA06210446FFF7BDFB0028F2D1029B39
:10C2B000AB4224BFA0461D46B3423CBF1E462746A4
:10C2C000EAE74FF6FF739C421AD1A04520D0A7425F
:10C2D0000CBF05200020BBF1000F01D0ABF800809F
:10C2E000BAF1000F01D0CAF80050019B03B11F80C2
:10C2F000B9F1000F05D0C9F8006007B0BDE8F08FB4
:10C30000032007B0BDE8F08F052007B0BDE8F08F2F
:10C310000520E0E70F4B70B51C7814B90E4B1C706C
:10C3200070BD0E4D0E4E0023294630461A46FFF7CB
:10C3300091FF052805D0B0FA80F4074B64091C7002
:10C3400070BD00232B60044B4FF6FF7232801C70CF
:10C3500070BD00BF794400207B440020A040002035
:10C36000564400202DE9F041054686B0808804F04F
:10C37000EBFA2B786880083B032B3BD8DFE803F00F
:10C38000283D1702654A664E11783378002940F03F
:10C390008A804BB1634F002457F8243028469847D1
:10C3A000337801349C42F7DB06B0BDE8F0815B4C8A
:10C3B0002378002B37D15C4B1B78DBB15B4BAA8811
:10C3C0001B889A4216D1564EFFF7A4FF3378E0E758
:10C3D0006B7A2BBB56490A681AB1E868824200F0B2
:10C3E0009480514B1B782BB1504BAA881B889A42E2
:10C3F00000F086804A4E3378CBE7494E6A7A33782C
:10C40000002AC6D14A4801680029C2D0EC68A1427E
:10C41000BFD1484C02602168EA6001392160B8E769
:10C42000012BE7D1DDE74FF6FF70FFF7C7FB4FF6B3
:10C43000FF7398420646BED1FFF7C2FBB042BAD1A5
:10C44000374E327800230DF104080C21019323703C
:10C45000C8E90133C8E90333ADF80800ADF80600B8
:10C460008DF804109AB12F4F1C4657F824302846F7
:10C470009847337801349C42F7DB43B1002457F8E6
:10C48000243040469847337801349C42F7DB264BF2
:10C490001B78002B88D0254AAB8812889A4283D11A
:10C4A000FFF738FF80E70DF1040800240D21019407
:10C4B0001470C8F80440C8E903444FF6FF728DF8C1
:10C4C0000410A968ADF80820ADF806200391002BF0
:10C4D0003FF46AAF134F57F8243028469847337813
:10C4E00001349C42F7DB002B3FF45EAF002457F889
:10C4F000243040469847337801349C42F7DB53E7B9
:10C500002B7A062B7FF476AF5DE7084A044EA888A5
:10C510000B60EB60108033783BE700BF784400206D
:10C520007A440020A44000207B4400205644002090
:10C53000B0400020A040002078B1F8B5074E337815
:10C5400053B1074F0546002457F824302846984732
:10C55000337801349C42F7DBF8BD70477A44002001
:10C56000A4400020F8B5074E337853B1064F054676
:10C57000002457F8243028469847337801349C42E9
:10C58000F7DBF8BD7A440020A4400020FFF7EABFA3
:10C59000FFF7E8BF38B5FFF711FAD0B9FFF766FC2F
:10C5A000B8B901F0A5F9A0B900F078FC88B903F09A
:10C5B00079FD70B903F04CFF58B9074A074C084998
:10C5C000084B10604FF6FF750122258008701A7025
:10C5D00038BD032038BD00BFB040002056440020C5
:10C5E0007B440020794400200A4B1B787BB10A4A27
:10C5F0001378022B09D810B4591C084C117044F858
:10C60000230000205DF8044B704704207047082089
:10C61000704700BF794400207A440020A4400020E5
:10C62000034B1B780BB101F0B5B90820704700BF70
:10C630007944002008B5054B1B782BB101F0CCF9EB
:10C64000082808BF112008BD082008BD7944002033
:10C6500009B101F0BFB97047024B1B7803B97047AD
:10C6600003F060BE79440020034B1B780BB104F04B
:10C6700003BA0820704700BF79440020034B1B78A1
:10C680000BB104F08FB90820704700BF7944002037
:10C69000034B1B780BB101F05BB80820704700BF5B
:10C6A00079440020084B1B7843B151B110B50C46BA
:10C6B00004F0D8F800232080184610BD082318463F
:10C6C00070470E231846704779440020024B1878B3
:10C6D00000B97047FFF776BA794400202DE9F04F92
:10C6E000614C94F8008089B0B8F1000F00F09F8091
:10C6F000894600294CD08246002849D014460A6851
:10C700000192002A00F09A80072B00F297804FF6E2
:10C71000FF750027AC420F6000F09B80002203F001
:10C72000020117460492CDE905220792009103F019
:10C73000010203F00401CDF80C80CDF808A003F04D
:10C740000305884692467DB1002306AA07212046AC
:10C750000793FFF767F9052827D0D0B9BAF1000F82
:10C7600041D1009B002B6DD1B8F1000F5CD1029A32
:10C7700022F81740019A7B1C9A421F4602D93A4B75
:10C780001B784BB9C9F80070002009B0BDE8F08FE4
:10C790000E2009B0BDE8F08F2046FFF745FD4FF6AB
:10C7A000FF7398420446CED1ECE7BAF1000F42D1B4
:10C7B000009B002B49D1B8F1000FE0D0DDF80CB0A0
:10C7C000002304AA092120460593FFF72BF9052829
:10C7D000D5D00028DDD1059B1B68002BCFD0BBF145
:10C7E000000FCCD1C3E78346079B5A7C12F0FC0FA5
:10C7F000009A13D0002ADED0DDF80CB003F110014E
:10C8000001E09942D7D013F8012F002AF9D0B8F1EE
:10C81000000FD5D1BBF1000FB1D1A8E7002AEDD1AF
:10C82000B8F1000FF6D0CBE74FF0000BC8E70820B7
:10C8300009B0BDE8F08FDDF80CB0D5E7072009B0EE
:10C84000BDE8F08F079BD346D8E7079BDDF80CB017
:10C85000D4E720460093FFF7E7FCA8420446009B7C
:10C860007FF45CAF90E700BF7944002000B50B4B2C
:10C8700083B01B785022019243B159B10A4601ABF3
:10C880000721FFF7DDFC03B05DF804FB082003B0CF
:10C890005DF804FB0E2003B05DF804FB7944002032
:10C8A000034B1B780BB104F061B80820704700BF40
:10C8B0007944002010B4054C24781CB15DF8044B79
:10C8C000FFF7C8BC08205DF8044B7047794400208E
:10C8D000354B1B78002B38D02DE9F041334B344DCC
:10C8E000064693E8030088B02B7801AC84E8030087
:10C8F00013B3DFF8C880D8F8005015BB2D4B2E4F6E
:10C900001A883B68B24224D05A1C20D001332146F9
:10C9100030462A4A3B60FFF7F5F898B13B680022A1
:10C92000013B11283B60C8F800200AD0862809D0B6
:10C93000072818BF032005E0FFF7ECFC2B78002B3D
:10C94000D7D1112008B0BDE8F0810820704713202E
:10C95000F8E7002BDAD008233046194C0795CDE9CB
:10C960000355CDE905558DF80C3003F0EDFF9DF82A
:10C970001C302278ADF80E0065F300030621ADF8F7
:10C9800010608DF8155006958DF81C308DF8141038
:10C9900042B10C4E56F8253003A89847237801354C
:10C9A0009D42F7DB0020CDE7794400205C7F040046
:10C9B0007B44002056440020A0400020B0400020CE
:10C9C0007A440020A440002076DF704710B504466A
:10C9D00082B059B901A9FFF75BFE43F2020290420F
:10C9E00000D0B0B99DF804309B0710D40021204638
:10C9F000FFF720FE58B1112809D00D2810D00B28C0
:10CA000005D043F20202904201D001F041FD02B094
:10CA100010BD01F03DFD9DF804309B07F7D4E5E71C
:10CA200020461321FFF7D0FFF1E700BF017839B1AD
:10CA3000072900D0704780680028FBD001F028BD8E
:10CA40004088FFF7C3BF00BF2DE9F041037886B0EF
:10CA50000446142B1BD8DFE803F00B1A4C1A1A1AE1
:10CA60006A1A1D1A1D1A1A1A1A1A1A1A1A235C009F
:10CA70008088FFF72DFF862868D0112866D01328FC
:10CA800003D8584BC340DB0701D401F001FD06B0C9
:10CA9000BDE8F081544B01221A7006B0BDE8F08168
:10CAA000524B534A1C68504B524F002504F1080862
:10CAB00015701D704FF6FF76624202F0070204F017
:10CAC000070358BF5342013437F81320B24201A87C
:10CAD0000AD0029527F813600195CDE90355059515
:10CAE000ADF80820FFF7B0FFA045E5D106B0BDE8DE
:10CAF000F081037A012BCAD800238288059301A80C
:10CB0000CDE90133CDE90333ADF80820FFF79CFFF1
:10CB1000BDE78368364948F20D62002093420870F1
:10CB200002D0B3F5064FB2D100F066F8AFE7304C53
:10CB30002378002BABD12C4D2B78E3B102F09CFC79
:10CB4000B0B148F207629042A1D09EE72749294A36
:10CB50000B68A08822F8130001335A4202F0070242
:10CB600003F0070358BF53420B6000F045F88EE70F
:10CB7000012323708BE701A802F00EFD30BBBDF846
:10CB80000A30002B14BF012300232B70D6D10023C1
:10CB900001AA19461846FFF78DFE064628B1431F25
:10CBA000012B7FF674AF30466FE7BDF80400FFF746
:10CBB00077FE064608B101F06BFC0122731F934219
:10CBC0002A707FF664AF002EB8D0ECE701F060FC6D
:10CBD000BDF80A30002B14BF012300232B707FF413
:10CBE00056AFD4E7C100080029230020B44000203C
:10CBF0007C440020E020002000B587B000230622FE
:10CC000001A8CDE90133CDE9033305938DF8042064
:10CC1000FFF71AFF07B05DF804FB00BF42685AB186
:10CC2000FF2938B50D4606D00446BFF35F8F104686
:10CC300002F05EFD08B938BD70476068BFF35F8FD2
:10CC40002946BDE8384002F049BD00BF70B4DDE9B7
:10CC5000034570B169B163B105FB04F6964208D88B
:10CC60003CB135B1C0E90245C0E9001370BC0020F9
:10CC70007047072070BC7047F8B5002830D00368B3
:10CC800006466BB3406858B3B3684BB300250F46F4
:10CC9000FF2429460EE0FF2C19BF2B1B0133012373
:10CCA0002C469F421DD00135B368EDB29D42294606
:10CCB00016D2706802F002FDBFF35F8F0028EAD041
:10CCC000FF2C0BD0AC4209D23368214630460BB161
:10CCD000FFF7A4FF0134E4B2AC42F5D1FF24E2E750
:10CCE000FF242046F8BD00BFA8B102689AB142688F
:10CCF0008AB1FF2938B50D460BD00446BFF35F8FCC
:10CD0000104602F0F5FC20B1E368206803FB050043
:10CD100038BD002038BD0020704700BF18B103683F
:10CD20000BB1FFF77BBF70477EDF70477FDF704737
:10CD300086DF704710B50446408803F093FDA0805D
:10CD40002046BDE8104000F06FBD00BF00B587B0C1
:10CD5000002304220193ADF806000DEB0200CDE99B
:10CD60000233CDE904338DF80420FFF7E3FF07B069
:10CD70005DF804FB30B50E4D87B0002403948DF8A8
:10CD80000C10ADF80E202978019422460325049456
:10CD9000ADF806008DF81030029405948DF804501B
:10CDA000FEF7DEFA01A8FFF7C5FF07B030BD00BFF0
:10CDB0002B23002030B5134B0A1C87B018BF01226B
:10CDC0000C4619780546FEF7CBFA0F4BA4F1010289
:10CDD000B2FA82F2197828465209FEF7C1FA002306
:10CDE000012201A801930393ADF806508DF80C4081
:10CDF0000293CDE904338DF80420FFF79BFF07B0C1
:10CE000030BD00BF2D2300202C230020F0B51D4B8A
:10CE100087B00D46197816460446FEF785FA38B9EC
:10CE2000014633462A462046FFF7A4FF07B0F0BD6F
:10CE3000154B20461978FEF777FA04F58073002821
:10CE40004FF0070198B214BF01270227FFF7F2F84D
:10CE500078B105280DD00023CDE901330390CDE949
:10CE6000043301A80723ADF806408DF80430FFF71E
:10CE700061FF33462A4639462046FFF77BFF07B05D
:10CE8000F0BD00BF2D2300202C230020024B0A7888
:10CE90001978FEF765BA00BF2A230020F8B5184CB0
:10CEA0002378182B28D0174D2B78182B20D0164E0E
:10CEB0003378182B18D0154F3B78182B10D02378C7
:10CEC000182B0BD02B78182B08D03378182B05D0C3
:10CED0003B78182B0CBF03200020F8BD0320F8BDC1
:10CEE000FEF718FA3870EAE7FEF714FA3070E2E756
:10CEF000FEF710FA2870DAE7FEF70CFA2070D2E796
:10CF00002B2300202D2300202C2300202A23002067
:10CF10002DE9F0418AB00E4617460546FEF74AF95C
:10CF200020220446002102A807F0C8FF012C10D0DF
:10CF300054B1002E6AD1852102AB28460022FFF7AA
:10CF4000F5FE0AB0BDE8F08143F202000AB0BDE888
:10CF5000F081DFF8D080002298F800102846FEF714
:10CF6000FFF9002E5AD0284603F07CFC4FF6FF73E1
:10CF7000984229D13378DA0758BF002139D505F511
:10CF8000807080B26B4601220721FEF7EBFF11286B
:10CF9000D7D000283ED101465022019807F08EFFDD
:10CFA00001991F4A0B4601F1180C03F8344B28462F
:10CFB00005974F1C11310293CDE906C7099203F082
:10CFC00067FC48BB014617E098F800102846FEF7BA
:10CFD000ABF90028CED12846FFF7B8FE98F800102C
:10CFE0002846FEF7A1F90028C4D13378DB0715D411
:10CFF00085210B4B05970993012C9DD102AB32463D
:10D000002846FFF793FE0AB0BDE8F081284603F0FA
:10D0100029FCAFE7032094E7082092E78521EDE79C
:10D02000B84000202A23002038B50C460546FEF7FC
:10D03000C1F801280AD13CB121462846FFF774FE09
:10D04000042808BF112038BD204638BD43F2020035
:10D0500038BD00BF2DE9F0470388113B88B0044676
:10D06000092B2ED8DFE803F0522D05682D2D2D2D2C
:10D07000A1308088FEF79EF8012811D1227AA58878
:10D08000BA4B12F0010F08BF0226024618BF012654
:10D0900028461978FEF764F931462846FFF78AFEDC
:10D0A00034F8041F0434002303A805220594CDE9B5
:10D0B0000333CDE90633ADF80E108DF80C20FFF7E1
:10D0C00039FE08B0BDE8F087A94B80881978FEF7D3
:10D0D0002BF905460028F4D1A088FEF787F8002830
:10D0E00000F0DA80A14BA08819782A46FEF738F9BB
:10D0F000A388ADF80E3003A802238DF814508DF8E4
:10D1000015508DF80C30FFF715FEDAE7037A8588A5
:10D11000964A3D2B284641F23D03117814BF4FF447
:10D1200088541C46FEF700F90028CAD0214628463C
:10D130000022FFF76BFEC4E700F11006304603F053
:10D14000DFFB4FF6FF7398420546074678D001464D
:10D15000A08803F001FCA788844B38461978012287
:10D16000FEF7FEF838460021FFF724FE284601AA04
:10D170000721FEF7F3FE002875D0002500231A468C
:10D180002946A088FFF7D4FD08289AD0002840F04F
:10D190008B80A37EDB0794D5002D92D1A0882B46EF
:10D1A00041F20602FFF7E6FD8BE7704B057A19782E
:10D1B000868875B1427A304602F00304FEF7B4F86F
:10D1C00000283FF47EAF224629463046FFF71EFE78
:10D1D00077E72A463046FEF7C3F8637A13F0040374
:10D1E0004CD006F58077BFB2384601AB012207214B
:10D1F000FEF7B8FE804600285CD003AF0723384610
:10D200000395CDF814808DF80C30ADF80E600495C0
:10D21000CDE90655FFF78EFD637AA1888DF815508C
:10D2200013F0040F0CBF0222012202233846ADF88E
:10D230000E108DF814208DF80C30FFF77BFD40E7C1
:10D24000A08803F00FFBB4F80480484B054619781A
:10D2500040460122FEF784F840460021FFF7AAFD70
:10D26000BD428AD082E7A37ED90786D5029D95F874
:10D270004430DA0740F1B98034357FE7A288ADF851
:10D280000E2003A802228DF815308DF80C208DF8A1
:10D290001420FFF74FFD14E701460123A08841F257
:10D2A0000602FFF767FD0CE70590A188002303A89D
:10D2B0000722FCE6304603F0D5FA4FF6FF7398429A
:10D2C000054681461DD0C14638462A460721FEF74D
:10D2D000BBFE034600284FD1637AA288ADF80E202A
:10D2E00013F0040F0CBF022101210222012303A825
:10D2F0008DF814108DF80C208DF81530FFF71AFDFD
:10D30000DFE60146029803F08DFA4845054682465D
:10D310005FD0DFF860A00146304603F01DFB9AF8AD
:10D3200000103046FEF700F881460028CBD1304689
:10D33000FFF70CFD9AF800103046FDF7F5FF0028C6
:10D34000C2D1637AA1888DF8150013F0040F0CBFC9
:10D3500002220122022303A8ADF80E108DF814203A
:10D360008DF80C30FFF7E6FCABE600BF2B23002066
:10D370002D2300202A230020862803AF3ED04FF023
:10D380000008384605930723CDE90388CDE90688D0
:10D390008DF80C30ADF80E60FFF7CCFC637AA188F5
:10D3A0008DF8158013F0040F0CBF02220122022316
:10D3B0003846ADF80E108DF814208DF80C30FFF7BC
:10D3C000B9FCB9F1000F3FF47CAE284603F0CEFA69
:10D3D00077E6FEF7DFFB5045054632D0294630465A
:10D3E00003F0BAFA4FF001096EE7314605F1460045
:10D3F00003F06CFA00287FF43FAFBEE60023384606
:10D400000622CDE90333CDE9053307938DF80C20CF
:10D41000ADF80E60FFF78EFC637AA288ADF80E209F
:10D4200013F0040F0CBF0221012102220123384610
:10D430008DF814108DF80C208DF81530FFF77AFC5C
:10D440003FE603AF042307223846CDE9038805935E
:10D45000ADF80E60CDE906888DF80C20FFF76AFC68
:10D46000637AA1888DF81580DAE600BF28B30278C8
:10D4700002F08203802B1ED0C2F30213042B1AD8B1
:10D4800002F0F203322B16D0437881788B4212D807
:10D49000062B10D910290ED8C17810B411F004044D
:10D4A00005D10379580702D40B43190706D500208C
:10D4B0005DF8044B704700207047704703F003008D
:10D4C000D30703D5003018BF0120F1E7B0FA80F090
:10D4D0004009EDE731F0080323D0112921D070B5C0
:10D4E0008AB000230D29064615460C46CDE90533C2
:10D4F000CDE90733099315D003F0B4F90723ADF84C
:10D500001660ADF8180005AD8DF814300FCD6E46DD
:10D510000FC62B68336068460294FFF70DF80AB017
:10D5200070BD704703F09EF90323ADF81660ADF8A7
:10D53000180005AC8DF814300FCC6E460FC623686A
:10D5400033607DB12B7813F0010F0CBF0222012252
:10D5500041F2011368468DF80820ADF80A30FEF755
:10D56000EBFFDCE70222F3E72DE9F043244B8FB019
:10D570000025CDE90A551B68099309AC0746894681
:10D5800094E807000DF1040888E807003846C4E96C
:10D590000355C4E90155099503F064F90523ADF875
:10D5A0002800ADF826708DF824300FCC04AE0FC6DD
:10D5B0002368336004A8CDF81890CDF81C80FEF7DE
:10D5C000BBFF104B01991A683846FFF7A1FC0E4BC0
:10D5D000A0F11102B2FA82F20446197838465209D3
:10D5E000FDF7BEFE094B2A4619783846FDF7B8FE0E
:10D5F00021463846019AFFF76DFF0FB0BDE8F08372
:10D6000004410020F8400020312300203023002076
:10D610000021FFF7A9BF00BF2DE9F04706468EB0F5
:10D62000904699460D4600294DD1384B0A911B680A
:10D6300009930B9109AC94E807000DF1040A8AE8FC
:10D6400007003046C4E90355C4E90155099503F0C4
:10D6500009F90527ADF82800ADF826608DF824708B
:10D660000FCC0DF1100CACE80F002368CDF81CA016
:10D6700004A8CCF80030FEF75FFF254BDDF804A0CE
:10D680001B785BB3424651463046FFF7CDFC11286C
:10D690000446204B27D0002219783046FDF760FE63
:10D6A0000B2C19D012D8BCB1082C15D00327B9F116
:10D6B000000F04D0524621463046FFF70BFF384694
:10D6C0000EB0BDE8F0874FF0000ADBE70D2C03D069
:10D6D00043F202039C42E9D12746E8E79DF80D306A
:10D6E000002BCFD1EBE7197801223046FDF738FE49
:10D6F000094B2A4619783046FDF732FE074B424661
:10D7000019783046FDF72CFE0027D0E704410020B1
:10D710007D440020302300202F2300202E230020D2
:10D72000094B70B519780446FDF7FEFD074B054619
:10D7300019782046FDF7F8FD2A46014601232046C8
:10D74000BDE87040FFF768BF2E2300202F23002084
:10D7500000293AD0F0B583B005460C46FDF730FD00
:10D76000064670B3284603F07DF8A6F1020623783A
:10D77000B6FA86F64FF6FF72821A4FEA561618BFAF
:10D78000012266F3000362F3C303237007462846B1
:10D79000FDF72CFD237860F3410323702846FDF745
:10D7A00039FD237860F3820323702846FDF746FD98
:10D7B00068B10120237860F304130020237003B0C4
:10D7C000F0BD43F2020003B0F0BD0E2070472846C2
:10D7D000FDF70CFD0028EDD038466A460721FEF71C
:10D7E000BDFB20B9019B93F84430DB07E1D4002056
:10D7F000E0E700BF10B582B002ABE02203F8042DD1
:10D800000C461946FFF7A4FF22789DF8041030B9A2
:10D8100032EA01030CBF0120002002B010BD00233A
:10D82000184602B010BD00BF30B50378052B83B099
:10D83000044614D0122B04D02046FEF77DFE03B020
:10D8400030BD184B40881A687AB1FDF7CFFC01460D
:10D8500068B960880A460123FFF7DEFEECE78168BD
:10D860004088FFF781FE03B030BD0121F3E7227A43
:10D8700060880025C2F340012B4661F38203C2F3A6
:10D88000000161F3C303C2F3800202A962F304132F
:10D8900001F8043DFFF7AEFF80F00102D2B2294645
:10D8A0006088D8E70441002008B50378083BDBB264
:10D8B0000B2B06D8012202FA03F340F60F021342A3
:10D8C00000D108BD064B074918780022FDF772FD0C
:10D8D000054B064918780022BDE80840FDF76ABDEF
:10D8E0003123002011D603003023002021D703006C
:10D8F00010B5174C2378182B0DD0164C2378182B05
:10D9000010D0154C2378182B13D0144C2378182BD7
:10D9100016D0002010BDFDF7FDFC20700D4C2378C3
:10D92000182BEED1FDF7F6FC20700B4C2378182B4A
:10D93000EBD1FDF7EFFC2070084C2378182BE8D1D1
:10D94000FDF7E8FC1828207008BF0320E1D110BDC6
:10D95000302300202E2300202F23002031230020FD
:10D9600008B5FFF777FB074B074918780022FDF74A
:10D9700021FD064B064918780022BDE80840FDF756
:10D9800019BD00BF3123002011D603003023002031
:10D9900021D7030010B5044670B1FFF767FD88B1C9
:10D9A000094B2068186021790848094A197101213A
:10D9B00003601170002010BD0449054A0860012170
:10D9C000117010BD072010BDFC4000200441002054
:10D9D0007D440020FFF75ABA00230A461946FFF794
:10D9E0001BBE00BF10DF704711DF704710B582B05B
:10D9F00004460C496846FCF713FF019B2BB90DE068
:10DA00006846FCF717FF019B43B1D3E9002120468C
:10DA100090470028F4D1112002B010BD002002B0C0
:10DA200010BD00BF687F040010B582B004460949EC
:10DA30006846FCF7F5FE019B4BB1D3E90021204677
:10DA400090476846FCF7F6FE019B002BF5D102B02B
:10DA500010BD00BF807F04000B4991F81623EC2312
:10DA600052091341DB070BD5084B9A6822B11A689B
:10DA700042F480021A6070474FF480030B607047D5
:10DA800042F2020000F004BD00E100E090440020FA
:10DA9000F0B51B4D2C7883B01CBB1A4F01262046D5
:10DAA0003E70FFF7A3FF112818D02046FFF7BCFFF8
:10DAB00002A8154B00F8054D1B68019300F0F8FC17
:10DAC000124901A8FFF78EFFB0FA80F304465B0904
:10DAD0009DF803002B7000F011FD34B1204603B017
:10DAE000F0BD0824204603B0F0BD094B3C701C700B
:10DAF000FFF7B2FF3046FFF797FF204603B0F0BDB7
:10DB00007F4400207E440020647F0400C5AD0200F5
:10DB100080440020F0B51F4D2B7883B083B30123E0
:10DB20001D4E18463370FFF761FF112824D00220E4
:10DB3000FFF77AFF02A8002700F8017D00F0B8FC8B
:10DB4000FFF752FF04469DF807002F7000F0D6FC47
:10DB50009CB9124B34709A68B2B9114B4FF48002E1
:10DB6000C3F88020BFF34F8FBFF36F8F0320FFF701
:10DB70005BFF204603B0F0BD0024204603B0F0BD9B
:10DB80000824204603B0F0BD1A6822F480021A600F
:10DB9000ECE700BF7F4400207E440020904400203A
:10DBA00000E100E0054B1B7833B1054B1B780BB946
:10DBB000FFF76EBFFFF7AEBF082070477E4400201E
:10DBC0007F440020014B1878704700BF7F4400203D
:10DBD0000B4B1B7873B10B4B9A6862B90A4B4FF42D
:10DBE0008002C3F88020BFF34F8FBFF36F8F074BC6
:10DBF00001221A7070471A6822F480021A60F6E750
:10DC00007F4400209044002000E100E08044002098
:10DC100010B5084C237813B1074B1B7803B910BD1E
:10DC2000064B4FF48002C3F80021FFF715FF0023D5
:10DC3000237010BD804400207F44002000E100E0FC
:10DC4000034B1B7813B1034B1878704701207047C2
:10DC50007F4400208044002000B583B06846084916
:10DC6000FCF7DEFD019B43B1D3E9002090476846F5
:10DC7000FCF7E0FD019B002BF6D103B05DF804FB3F
:10DC8000747F0400FFF7E8BF60DF704769DF70470B
:10DC900061DF7047134B1B781BB330B5124D91B049
:10DCA00034240DF1020103A8ADF80240FFF7F0FFA4
:10DCB00088B9294601A8FCF7B3FD029B002BF0D0E0
:10DCC000D3E9002103A8904701A8FCF7B3FD029B0C
:10DCD000002BF5D1E5E7052801D000F0D9FB11B004
:10DCE00030BD7047814400208C7F0400002942D061
:10DCF00070B584B00023214A0A60CDE901330C4697
:10DD0000012501A98DF804000626202003938DF833
:10DD10000650ADF80860FFF7B9FF01A9226801932A
:10DD20004020CDE902338DF80550FFF7AFFF01A980
:10DD30002268039328460425CDE901338DF8045069
:10DD4000FFF7A4FF0DEB0501226802934FF4E46591
:10DD5000A12003930195FFF799FF2268019301A980
:10DD60000124A020CDE902338DF80440FFF78EFF97
:10DD7000184604B070BD0E20704700BF4020002040
:10DD800008B5FFF781FF10B9014B01221A7008BDD9
:10DD9000814400204BDF704710B5114C84B001A8BE
:10DDA000FFF7F8FFA8B9214602A8FCF739FD039B4D
:10DDB000002BF4D0D3E900210198904702A8FCF78A
:10DDC00039FD039B002BF5D101A8FFF7E3FF0028E5
:10DDD000E9D0052801D000F05BFB04B010BD00BF06
:10DDE000987F040000207047A8DF7047ADDF7047C0
:10DDF000AEDF7047B0DF704762DF70473CDF7047CF
:10DE00003DDF7047704700BFF8B10388112B17D072
:10DE100010D9F0B5512B89B0044618D0532B07D137
:10DE2000314DC288EB889A4202D12B7E002B44D11F
:10DE300009B0F0BD102B09D12B4B82889A80704716
:10DE4000294B81889A88914233D070477047264D7C
:10DE50008388A8889842EBD1A379022BE8D1218945
:10DE6000EA889142E4D1A27B043A022AE0D9002652
:10DE700001AF02AA69890293CDE90466CDE906667D
:10DE80008DF810300397FFF7B1FFF0B140F2FD13AA
:10DE9000ADF8143004A9A888FFF7ACFF1128F9D019
:10DEA000BDF81430002BC3D104F1080000F046F98E
:10DEB000BEE74FF6FF729A80704700F0C9F900285C
:10DEC000B6D06B6902209847B2E73846FDF790FA62
:10DED0000028DBD09DF81630ADF8146043F0010344
:10DEE0008DF81630D6E700BF0841002030B5144B3E
:10DEF00087B0DA888DF8050002248DF8061098881E
:10DF0000ADF8082000230321CDF80A302025ADF814
:10DF10000E300DEB040201ABADF8021002A98DF832
:10DF200004508DF80A40CDE90423FFF761FF20B9C2
:10DF3000BDF80230032B18BF0C2007B030BD00BF66
:10DF40000841002010B54FF0FF310020FFF758FFC7
:10DF5000044608B1204610BDB121FFF74FFF04462B
:10DF60000028F7D1044B01205B6998470220FCF799
:10DF7000FFFB204610BD00BF0841002030B51A4B02
:10DF800005460FCB87B002AC84E80F004DB32A687A
:10DF9000164B4FF6FF7000215A6198801976EAB14E
:10DFA000124800F083F808B107B030BD06A94FF65B
:10DFB000596321F8143D012318460D4A8DF80630A7
:10DFC000FFF712FF0028EFD120460849FFF714FFA2
:10DFD0000028E9D1054800F087F8E5E7054A5A61CD
:10DFE000DEE70E2007B030BDA47F0400084100200A
:10DFF0000A41002005DE0300B2DF70474FF0020C3B
:10E0000000DF704710B50E4C2368BBB11A7EAAB171
:10E010000278082A0AD0092A10D1FFF793FF68B1C5
:10E02000236802205B69BDE810401847027A012A84
:10E0300004D11A69013A1A61002AEED010BD00BF5E
:10E040008C44002017490B6853B34B6843B370B539
:10E05000083198470828044621D0134D2B6888B111
:10E0600000221A765A7606210120FFF73FFF18B1E9
:10E070002B6803205B6998472B6802205B69BDE829
:10E08000704018470121587619760846FFF72EFF91
:10E0900028B12B6803205B6998472B681C7670BDFC
:10E0A000704700BF644100208C440020034620B12B
:10E0B000034A04481360FEF797BA0E20704700BF6A
:10E0C0008C44002005E0030008B501F0B1FD00B16B
:10E0D00008BD0448FFF792FF0028F9D1BDE80840C9
:10E0E00001F0B6BD6441002030B589B004461E225F
:10E0F00000210DF1020006F0E1FE2246608812F8D0
:10E10000063B8DF80230042528240123ADF8005089
:10E110008DF80D406946022417258DF810308DF8D2
:10E120000C308DF81130ADF804508DF813408DF897
:10E130001240FDF761F909B030BD00BF2DE9F04292
:10E14000047B012C96B01FD13E4D2F68797E064688
:10E1500059BB02A8502206F0B1FEB88801A9FEF70B
:10E16000A1FA48B9BDF804004FF6FF73984265D094
:10E1700002A9FEF77BFB18B31128347B1ED00F28B1
:10E1800014BF0421072101E02E4D02212046FFF794
:10E19000ADFE18B12B6803205B6998472B680220FD
:10E1A0005B69984716B0BDE8F08220460621FFF76C
:10E1B0009DFE0028F6D01128347BE0D10621E5E74A
:10E1C0000DF1580C204F5CF84F0DDCF80410DCF812
:10E1D0000820DCF80C30BCF814900FC70DF13C0E91
:10E1E000DCF810003860BEE80F009CF816C087F815
:10E1F00006C007F1080CA7F80490ACE80F009EE8F1
:10E20000070016AB8CE80700082223F8522D2A6875
:10E2100007F1240190881A462346FFF7EDFE0028F7
:10E22000AAD10A49A7F1140051F8083B98470028E1
:10E23000A2D12B685C7616B0BDE8F082347B072152
:10E24000A4E700BF8C440020284100206441002046
:10E2500010B5064C236800205B6998472468FDF7D9
:10E26000BFFF206102F08CF9002010BD8C4400201B
:10E27000A8DF7047F0B5074689B014461E460D4624
:10E28000E9B114B9204600F003F91E2200210DF176
:10E29000020006F013FE0C4B0E9A1888ADF80070C1
:10E2A00002236946ADF80440ADF8064002958DF8AA
:10E2B00011608DF80D30FDF79FF809B0F0BD0846EC
:10E2C00000F0E6F8DDE700BF5844002070B586B0E6
:10E2D00006A941F60A0321F80C3D01230446624ACF
:10E2E0008DF80E301846FFF7C3FF0546002869D1A8
:10E2F0002288002A69D12289002A40F08D80228A52
:10E30000002A40F09680228B002A40F09F80228CC9
:10E31000002A69D1228D002A72D1236B1BB3D3E965
:10E320000021160A100C8DF81410110E8DF81160D2
:10E330008DF810208DF812008DF8131099684B4A53
:10E3400094F83C308DF81510080A0E0C00928DF8E8
:10E350001600082204A942F623208DF81760FFF763
:10E3600089FF00283CD1616B51B141480A7994F88A
:10E370003C300968009042F62A20FFF77BFF78BB0B
:10E38000A26BFAB113788DF8103053888DF81130E4
:10E390001B0A8DF8123093888DF813301B0A8DF804
:10E3A000143094F83C30D488324A0092250A07226F
:10E3B00004A942F650208DF816508DF81540FFF74D
:10E3C00059FF0546284606B070BD2B4894F83C30EE
:10E3D0006168009042F62920FFF74CFF00288AD0A0
:10E3E0000546284606B070BD244894F83C30616A62
:10E3F000009042F62620FFF73DFF00288AD0EFE785
:10E400001F4894F83C30E16A009042F62820FFF75C
:10E4100031FF002881D0E3E71A4894F83C30E168E6
:10E42000009042F62420FFF725FF00283FF467AF55
:10E43000D6E7154894F83C306169009042F62520F3
:10E44000FFF718FF00283FF45EAFC9E70F4894F8C4
:10E450003C30E169009042F62720FFF70BFF0028CF
:10E460003FF455AF0546BCE758440020B0410020BA
:10E470009841002090410020804100207041002000
:10E48000A841002088410020A041002078410020C0
:10E4900000B585B000230390194601AA44F201009B
:10E4A000CDE90133ECF78EFC05B05DF804FB00BF4D
:10E4B00070B4EFF3108472B60D4B9A68AAB90D4987
:10E4C0000D4E01259D60D1F8805035401D60C1F88A
:10E4D0008060D1F884505D604FF0FF33C1F8843024
:10E4E000027004B962B670BC704701230370F8E78C
:10E4F0009044002000E100E0FC06FFBD094B9A6853
:10E500007AB170B910B4EFF3108172B6064A1C6884
:10E5100014605C685460986001B962B65DF8044BA1
:10E52000704770479044002000E100E070B50A4C4D
:10E530000A48626886885388016882B003330020E5
:10E540009BB2009003259B0001EB860104482570D7
:10E5500001F078F902B070BDDC410020A842002033
:10E560005C230020014608B50548FCF7B5F80022F9
:10E57000026042608260C26002614261826108BDE5
:10E58000944200201D4B0A6800EB800003EB8003DF
:10E590005B6803F5805072B35388033302EB830248
:10E5A000824217D21368013314D05388033302EB2D
:10E5B000830398420ED330B44FF6FF759488AC4273
:10E5C0000AD0148844B19468013405D001200A604F
:10E5D00030BC704700207047984209D91A68013250
:10E5E0001A4605D05C88033403EB84039842E5D2D5
:10E5F000002030BC704703F10802D1E7F44100204D
:10E60000F0B5426883B01AB11F4BDC68A2421FD23A
:10E6100000270E4605460F800197002005E0019B6C
:10E620002A689C6894420DD0308801A9FFF7AAFFA0
:10E630000028F4D1338801339BB23380002BEBD018
:10E6400003B0F0BD114A6B6013892B8103B0F0BD9C
:10E650001B699A42DCD812F00303D9D10B4C05890F
:10E660002489A542D4D105689468A542D0D1084830
:10E670004068824206D900F58050824202D20B8067
:10E680000120DDE71846DBE75C230020DC410020A9
:10E69000F44100202DE9F0419C8854B9DFF86480F2
:10E6A00017460E4605461C4698F8000058B101234F
:10E6B000A38048F20960BDE8F08186B119883288EC
:10E6C00091420CD0A0882146FFF75CFF80B12368FF
:10E6D000002DF2D099882A889142EED0F2E70849BD
:10E6E0009A6809893981C7E900230020BDE8F081D3
:10E6F000A388206001339BB2A380002BD4D0D8E73D
:10E70000DC410020F441002030B40E4C0E4A6388F6
:10E7100003EB830302EB8302D3685BB10B4B0C4822
:10E720001968022205259A8025700023012230BC39
:10E7300001F0BCB80425516825700548012230BCA1
:10E7400001F0B4B8DC410020F4410020A8420020D0
:10E750005C23002008B5074B191D5888FFF712FFEE
:10E7600018B9BDE80840FFF7CFBFBDE80840FFF784
:10E77000DDBE00BFDC4100202DE9F04FDFF88083D3
:10E78000DFF880A3DFF880B3DFF880938BB0054615
:10E79000D8F80040002C00F0898023785A1E052A02
:10E7A00060D8DFE802F05237371C1C03002D40F020
:10E7B000B88099F80B2099F80030002A00F03781D2
:10E7C000013B89F80B50062B00F2A482DFE813F01E
:10E7D00034038C02AF01C401A2028F027202002D29
:10E7E00040F01C812779012F00F05581C0F02C8169
:10E7F00005AE022F0595C6E90255356140F09E80B1
:10E800002846023B0690042B35D8DFE803F07E6AE9
:10E810005E579300A68AA07D002D40F0E080B700EF
:10E82000AD4DB91905EB8101B1F808C04A6802EB9A
:10E830008C02062800F2D282DFE810F01702C20133
:10E84000D301E801FC019101B701002D40F0BB802C
:10E850002279032A00F29580DFE812F0A9005A011C
:10E860009E007300002305AEC6E9033348F20E6232
:10E87000B36005930692994C04F1100554F8043BDB
:10E88000304603B19847A542F8D151460025584675
:10E89000C8F80050FBF744FF0121914800F0B2FF97
:10E8A00000287FF475AF0BB0BDE8F08F5146584695
:10E8B000FBF72CFF0446C8F800006EE7E388ADF8CC
:10E8C000203004238DF81430D5E70323E188228912
:10E8D0008DF81430E3680793ADF82010ADF82220CE
:10E8E000C9E7A37D2289A088E168ADF82020A3F1C3
:10E8F0000603B3FA83F35B0902228DF82430ADF8E6
:10E90000220007918DF81420B5E701232189A28800
:10E910008DF81430E3680793ADF82010ADF822208D
:10E92000A9E705AE0023B3600593C6E903334FF4AE
:10E930000643069305238DF814309CE748F20E60D9
:10E940005FE7684E684A31686848634D0027277161
:10E950000823009700F076FFB9F802303468B188D8
:10E9600003EB830305EB830205F8237053683360E0
:10E97000022354601181B380002894D0D8F800405D
:10E9800023785B4905AE00224A600592C6E902225F
:10E99000326148F20D6034E7524A5448116800234E
:10E9A000237102249480012200F080FFE4E74D4BA4
:10E9B000504A19684D48012323710023009308230E
:10E9C00000F040FFD8E705AE494A002353600593A5
:10E9D000C6E9023333614FF4064306934BE702283E
:10E9E000E28876D9B7003C4DB81905EB8000D11C00
:10E9F000B0F808C0614401813E4405EB8605C2F5CC
:10EA00007F42698905AEFD320A4400216A81B16006
:10EA10000591C6E903114FF40640F2E605AE002267
:10EA2000B2600592C6E903224FF40640E9E6072BDF
:10EA300000F2C081DFE813F07701BE01BE014D0195
:10EA4000AD013E013E01A701022305AE2371304610
:10EA5000E36805930DF1120106950795FFF7D0FDC8
:10EA6000002800F01D810699234A8B88E3800B88DB
:10EA700023811E4800950423BDF8124000F0E2FEF9
:10EA8000002840F0D481144B04EB840403EB84048D
:10EA90000123237407E7164B1B78002B00F0F3804B
:10EAA00005AE164B32462946A01DFFF7F3FD0028A0
:10EAB00000F0C58148F20963104A9842C2E9005546
:10EAC0003DD1C6E90055C6E902553561284623788F
:10EAD00097E6014DB7008FE7F4410020C4410020C4
:10EAE000A4420020A8420020B87F04005C2300203C
:10EAF000D4410020C07F0400B47F0400B442002051
:10EB0000F0410020E841002094420020DC41002038
:10EB1000B44D2B78022B40F0778100236968B24A0C
:10EB20000093B2482B70082300F08CFE24E7FFF717
:10EB3000FDFC00283FF4B7AED8F8004005AE002237
:10EB400041F61D5123783261C6E90022C6E902224E
:10EB5000884208BF104654E6FFF7D6FDE9E7A44B0C
:10EB6000A44A1B8803934FF0060C0023516884F8D5
:10EB700016C0A14A00939D48042300F063FE0028BC
:10EB800000F04D81A27DE388022A48F20D600FD883
:10EB90003E4405EB8605C3F57F436A89D8F80040FB
:10EBA000FD3313446B8105AEC9E7E38841F61D5080
:10EBB000B91905EB8101DA1C0C8922440A81E7E7C7
:10EBC000032B0CBF052306230020A375111D009005
:10EBD000042304F10802854800F034FE0028D1D156
:10EBE00061E623698148002B14BF032301234FF002
:10EBF000000CA37502F108010423CDF800C004F154
:10EC00000C0200F01FFE0028BCD14CE6E3887748D8
:10EC10004FF0010C84F816C04FF0000C02F10C010B
:10EC20009B002269CDF800C000F00CFE00283FF4E4
:10EC30003AAEA7E76F4BA0690392186000226C49B7
:10EC40005A601846FFF7DCFC039A002800F009819F
:10EC50000223A37511460423002200926348E218A0
:10EC600000F0F0FD00288DD11DE602230020A375E1
:10EC7000042311460090E2185C4800F0E3FD0028F0
:10EC80003FF411AE7EE75D4B0595C3E9005505AE37
:10EC9000237848F20160C6E90155C6E90355B0E59D
:10ECA00048F209600023C6E90033C6E90233336144
:10ECB0002378A6E5524B534A19684C480023009329
:10ECC0000724C9F80430082389F8004000F0BAFD91
:10ECD0002FE74B4AD9F804109388498803330B4433
:10ECE0000221938089F80010FFF734FD21E7B9F87D
:10ECF00002203C4D9300134405EB83050023696813
:10ED0000394A009306240823384889F8004000F067
:10ED100099FD0EE705AE0023B3600593C6E9033302
:10ED200048F20E6305E62F4DB9F808202B78013222
:10ED3000B3FA83F300215B09A9F80820012289F8BE
:10ED40000A30A9F8021089F80B1089F800204BB19D
:10ED5000244DEB68002289F80A201BB92A7C002A7E
:10ED600040F0898005AED8F800400020706089F836
:10ED70000000A9F80200C9F804000590C6E90200E5
:10ED8000306123783DE5012389F8003099F80A3095
:10ED9000DDE7B9F80220134D19489300991805EBE7
:10EDA000810104684F6886884C60022407600E81E8
:10EDB0008480A0E7013B062BACD801A252F823F0D7
:10EDC00039EE0300E9EC03002FEB030059EB0300DD
:10EDD00015ED0300EFEC0300B5EC0300E38848F207
:10EDE0000E60E5E6F4410020B87F04005C230020BB
:10EDF0005A440020B8410020B47F0400B4420020EF
:10EE0000A8420020C07F04001D4A05AE01231370F4
:10EE1000002353600593C6E902333361DDE5039BAC
:10EE200003EB830B05EB8B0501232B743BE5D8F833
:10EE3000004048F20D6035E799F80A3087E7114C39
:10EE400000950699104A1148A488042300F0FAFCA2
:10EE50000028ECD10E4B04EB840403EB84042774EC
:10EE600021E505AE0590C6E90100C6E90300237857
:10EE700048F20960C5E4A9F80230FFF76BFC58E6D8
:10EE8000D4410020B4420020B47F04005C23002061
:10EE9000F44100204068FFF76FBC00BF08B50121B6
:10EEA000044800F097FC00B108BDBDE80840FFF73A
:10EEB00063BC00BFA44200202DE9F0474E4C2478EB
:10EEC00082B0002C4FD0002969D00D884FF6FF7416
:10EED000A54243D04C88002C40D04C68A40763D195
:10EEE000002A45D0B2F800905788804601A81E46F7
:10EEF0000C46FFF737FB054600285DD063680361C9
:10EF00004FF0000A0670A0F8149080F816A00121B6
:10EF10003A4800F06BFC22886388AB80032EE860DF
:10EF20002A81EF8058D0A5F80AA001A93448FBF740
:10EF3000DDFBB8F1000F0BD0324AEB681289C8F83C
:10EF400000300023A8F80820C8F8043088F80A30F8
:10EF5000FFF7A4FF002002B0BDE8F08748F203608D
:10EF600002B0BDE8F08748F2016002B0BDE8F0876A
:10EF70000F89FA1C92B240F2FE34A24219D8224DF7
:10EF80002E78B6BBB5F80AC02C8964441444A4B2E8
:10EF9000B4F5806F2DD862446A81B146A5E748F286
:10EFA000046002B0BDE8F08748F2026002B0BDE83C
:10EFB000F08748F20860D3E7134B09EB890903EBAC
:10EFC0008909C7F57F47B9F80A30FD371F44A9F80A
:10EFD0000A7048F20760C3E7D8F80030AB6104223A
:10EFE000AA750DEB0201A5F80AA00548FBF77EFB08
:10EFF000A2E748F20660B3E7D4410020EC410020CC
:10F0000094420020DC410020F44100208368F0B5E8
:10F0100001334FF002040C8015D01B4F00F58055D2
:10F020004FF6FF7608304FF0010CB0F802E00EF119
:10F03000030400EB8404A54206D20AB10123137035
:10F040004FF480630B80F0BD8388B34216D00388F1
:10F05000A3B183685C1C11D03C689C4200D23B6029
:10F060000B88033373440B804388033300EB830026
:10F070008542E8D903680133D7D1F0BD002AEFD02B
:10F0800082F800C0ECE700BFEC41002038B5094B26
:10F090001A68042A0AD01D68074C02460121184646
:10F0A00044F8252000F0A2FB002038BD48F20B6098
:10F0B00038BD00BFB0420020C44100202DE9F04F10
:10F0C0009B4C89B022780023CDE90333CDE9053389
:10F0D000079372B1974C04F1100554F8043B03A850
:10F0E00003B19847A542F8D10025284609B0BDE8EC
:10F0F000F08F201D02F0FF0600F090FB074600286D
:10F10000F2D140F6F8731B685D1C00F09D804FF053
:10F11000805211695269DFF848828749C8F8103077
:10F120004046A3F500530022C8F80C3000F082FBE3
:10F1300005460028D9D11C238C2280498048FBF742
:10F1400091FAA9464FF0020BAA46D8F80C3019EBF9
:10F15000030C59F803204CD07A4B9A4200F082807D
:10F1600001324BD078480AEB8A0300EB830203217B
:10F170000BF1FF3B0AF1010A00F823101FFA8BFB89
:10F180001FFA8AFAC2F804C009F58059B9F5005F80
:10F19000DBD1BBF1010F62D9FFB2022F5FD0062F86
:10F1A00000F09180002F5AD002A8FFF7DBF9002869
:10F1B00000F0BA800123013F03700A2F09D8DFE86D
:10F1C00007F0120812080F080F0815061500022391
:10F1D000037102A95A48FBF789FAFFF75FFE84E73B
:10F1E00001230371F5E700230371F2E703230371A1
:10F1F000EFE7531C02D0534B9A42B3D10CF10403F6
:10F200000CF580511A68013203F10403AAD1994226
:10F21000F8D14E4B1A68002A7ED04B4ADFF838E10D
:10F220000AEB8A0302EB830110460222C1F804C0F4
:10F230000A8100F823200AF10101AEF802A01FFAAA
:10F2400081FA47F001079FE7414B4FF080521B685E
:10F2500011695269581C08BF02FB01F35BE748F2D1
:10F260000A6542E7DCF804303A498B423AD0013172
:10F270008B42BED1002E55D0374A344BA2F802A0A3
:10F28000314A196801910AEB8A0E02EB8E01084699
:10F29000022102F82E1002460AF1010A019850607C
:10F2A00011811FFA8AFA604600222C49C3F800C077
:10F2B0000193FFF7ABFE019B9B88022B14BF082331
:10F2C00004231F4360E71B4D01220023227005F138
:10F2D0001006636055F8043B03A803B19847B54294
:10F2E000F8D101E70AEB8A0217489300002100F8E1
:10F2F00022100146184403F1100208330A44C0F8F2
:10F3000004C0194460460AF1010AFFF77FFE47F086
:10F3100002071FFA8AFA37E70222C3F800C09A8070
:10F3200001268EE7094BBEE748F20765DDE600BF20
:10F33000D4410020C4410020D47F040008420020B2
:10F3400094420020DEC0ADDEF4410020A84200203F
:10F3500014100010FE011EF1DC410020AC42002020
:10F360005C23002010B309B370B582B00C460DF1D8
:10F3700006010546FFF744F9A0B1BDF806000D4BA4
:10F380006E6800EB800003EB800001210C3000F080
:10F390002DFA6B6826600C33012200206360AA728C
:10F3A00002B070BD48F2096002B070BD48F204605E
:10F3B000704700BFF4410020F0B110B582B00DF1EC
:10F3C00006010446FFF71CF990B1BDF806300E4A5D
:10F3D00003EB830302EB8303DA6882B1A27A72B192
:10F3E000DA680021013A0846DA60A17202B010BD65
:10F3F00048F2096002B010BD48F20460704748F25C
:10F40000056002B010BD00BFF441002002230022BD
:10F41000FFF752BD18B103230022FFF74DBD48F29C
:10F4200004607047124B1B78DBB14FF6FF739842B4
:10F4300014D010B582B0044601A8FFF793F898B134
:10F440000522012302700371C48001A90948FBF75A
:10F450004DF9FFF723FD002002B010BD48F2036014
:10F46000704748F20160704748F2076002B010BD73
:10F47000D441002094420020114B1B78A3B100B569
:10F4800083B001A8FFF76EF8A0B10623037001A9AD
:10F490000C48FBF72BF90C4B1A7842B9FFF7FEFC2E
:10F4A000002003B05DF804FB48F2016070470122C0
:10F4B000DA72F3E748F2076003B05DF804FB00BFBF
:10F4C000D441002094420020DC41002010B50C4CB7
:10F4D00082B0ADF806002078ADF8041060B13AB102
:10F4E00033B101A90DF10600FFF7D4F802B010BD49
:10F4F00048F2046002B010BD48F2016002B010BDD5
:10F50000D441002000B50E4B83B01B78ADF8060047
:10F5100083B151B14AB1134600200A460DF10601EC
:10F52000FFF7B8F803B05DF804FB48F2046003B0DD
:10F530005DF804FB48F2016003B05DF804FB00BF16
:10F54000D441002000B50E4B83B01B78ADF8060007
:10F5500083B151B14AB113460DF106000A460021AC
:10F56000FFF798F803B05DF804FB48F2046003B0BD
:10F570005DF804FB48F2016003B05DF804FB00BFD6
:10F58000D441002020B119B103680B6000207047FE
:10F5900048F20460704700BF3F4B1B78002B6ED0D1
:10F5A00000286FD0F0B43D490025C0F80250C0F8E3
:10F5B0000650C0F80A504E890B894C68C0F80E50AE
:10F5C000334402229BB202801CB1354A2568954221
:10F5D0005BD001220280CD6802894188478932448C
:10F5E0000D4486890281C3F5806189B2A268458095
:10F5F0008E423B4438BF81810132438104F5805102
:10F6000004F108032BD06289033203EB820291429A
:10F610001BD34FF6FF759A88AA4223D01A880AB3E3
:10F620009A6801321ED08288013282805A88033261
:10F6300003EB8203994212D91A6801320FD05A881B
:10F64000033203EB82029142E5D2C489C288CB1A0D
:10F6500004EBA30301320121C381C28001740020A5
:10F66000F0BC7047C488C2890134C4805C8803320E
:10F670002244C2815A88033203EB8203DAE748F25C
:10F680000160704748F2046070476568054A2A4483
:10F69000012AA0D99DE700BFD4410020F4410020F9
:10F6A000DEC0ADDE02FEE10E01F01F024B090121BA
:10F6B00000EB8300914000F075B800BF10B5012346
:10F6C00001F01F04490900EB810003FA04F100F086
:10F6D0005DF8E04000F0010010BD00BF01F01F0226
:10F6E00001234909934000EB8100D94300F066B83B
:10F6F0004B0901F01F0150F82300C84000F0010041
:10F70000704700BF2DE9F84301F1FF384FEA581365
:10F7100000F104080F46064608EB8308044600255E
:10F7200023686FEA030999FAA9F9B9FA89F9B9F1D5
:10F73000200F18D0A9444F450CD814E02368DB43B0
:10F7400093FAA3F3B3FA83F3202B05EB03090AD052
:10F750004F4508D949463046FFF7B0FF0028EDD1A4
:10F760004846BDE8F8830434444505F12005D7D167
:10F77000B9464846BDE8F88350E8002F0B4640E8FC
:10F78000003C9CF0000FF7D11046704750E8002F66
:10F7900042EA010340E8003C9CF0000FF6D110461D
:10F7A000704700BF50E8003F43EA010240E8002CE8
:10F7B0009CF0000FF6D11046704700BF50E8003FA4
:10F7C00003EA010240E8002C9CF0000FF6D110463D
:10F7D000704700BF50E8002F02EB010340E8003CF7
:10F7E0009CF0000FF6D11046704700BF50E8003F74
:10F7F00003EB010240E8002C9CF0000FF6D110460C
:10F80000704700BF50E8003FA3EB010240E8002C26
:10F810009CF0000FF6D11046704700BF012350E85E
:10F8200000CF4CEA030240E8002191F0000FF6D12E
:10F830006046704720B119B101600B681146184746
:10F840000E20704750B32DE9F0414AB3D0F800E0E4
:10F85000BEF1000F27D01D4673B14768D7F804806A
:10F86000B3FBF8F708FB173737B942EA0104A407DE
:10F8700005D01020BDE8F0810920BDE8F081C46802
:10F88000A142F6D301F1FF3C04696544A542F0D8DA
:10F89000DEF80C40A446BDE8F04160470E207047FA
:10F8A0000E20BDE8F0810820BDE8F08100B3D0F85B
:10F8B00000C0F0B5BCF1000F1CD0AAB14768D7F862
:10F8C00000E00EF1FF370F4210D1C768B9420DD3E7
:10F8D0004D1E04690EFB0255A54207D8DCF8104006
:10F8E000A446BDE8F04060470920F0BD1020F0BDFF
:10F8F0000E2070470820F0BD29DF704728DF7047D1
:10F9000003689A6832B330B50479856887B00023FC
:10F91000019102930093CDE9033305956CB1012C5D
:10F9200007D1C368416904911B03022102938DF83A
:10F9300000106846904707B030BDD0E90314436912
:10F94000049301258DF80050CDE9024168469047A7
:10F9500007B030BD704700BF0846704700207047B1
:10F96000024B187A003018BF01207047584300201E
:10F97000034B187A0122B0FA80F05A74400970479C
:10F980005843002008B510461A4605F073FA0020C7
:10F9900008BD00BF10B5064B06480024C3E900446B
:10F9A000C3E902441C61FAF775FE204610BD00BF92
:10F9B000584300204843002010B5094C094B4360D0
:10F9C0002046FFF72BFF40B9FEF7FCF81C232074FC
:10F9D0008C2205490548FAF745FE002010BD00BFFE
:10F9E00058430020C87F0400BC4200204843002048
:10F9F00038B5254C237AFBB1244B1B681A790221B8
:10FA0000217222B3012A0AD1D3E903021044FFF77D
:10FA100075FF80B3112802D10123237238BD184627
:10FA20000321FFF76DFF0023237263601849194813
:10FA3000BDE83840FAF774BE15491648FAF766FE75
:10FA4000124A034610600028D8D1606038BDD3E95F
:10FA50000525521BB2F5805F28BF4FF48052D3E9D1
:10FA600003109208012A38BF012229442844FFF7D5
:10FA700043FF0028CED1237C002BCFD10220BDE84C
:10FA8000384000F009B800BF584300207043002000
:10FA90006C4300204843002010B5234C237AA3B1C7
:10FAA000022B08D1022811D0032804D1E3680133C6
:10FAB000082B1CD8E360637C1BB1BDE81040FEF747
:10FAC00071B8BDE81040FFF793BF10BD174B186821
:10FAD00003790022E260D3B1012BECD1D0E90432EA
:10FAE000013393420361E6D10021217205E00F4A00
:10FAF00000231068E36023720D21FFF701FF0C491A
:10FB00000C48FAF70DFE637C002BD6D1D9E7D0E97B
:10FB10000523D11AB1F5805F94BF5B1803F58053BC
:10FB20009A428361C7D1DFE7584300207043002029
:10FB30006C43002048430020831E012B00D97047EE
:10FB4000FFF7AABF00F0FD03012B00D07047A0F122
:10FB50000100044BB0FA80F04009002218745A7476
:10FB6000FFF746BF5843002010B5064C201DFFF795
:10FB700055FE08B9637C03B110BDBDE81040FFF726
:10FB800037BF00BF584300202DE9F04383B08146C2
:10FB90000D46114801A917469846FAF79DFDB0B1E8
:10FBA000002401232D0B446001A9037104618461C9
:10FBB000C560C0F80090C0F8088047610648FAF7B1
:10FBC00095FDFFF7D1FF204603B0BDE8F083042088
:10FBD00003B0BDE8F08300BF484300202DE9F041A9
:10FBE00082B080460F46104801A916461D46FAF716
:10FBF00073FDA0B10024089B83604460C0F80080BE
:10FC0000C0E90367456101A9846104710648FAF7F8
:10FC10006DFDFFF7A9FF204602B0BDE8F08104208A
:10FC200002B0BDE8F08100BF4843002013DF7047F9
:10FC300040F6F8731868421C01D0FFF7F7BF034B7A
:10FC40001868431CF9D10420704700BF141000103D
:10FC50000148FFF7EBBF00BF00C00100A0DF704705
:10FC6000A1DF7047ADDF7047B3DF7047B4DF704787
:10FC700010B50446408800F0F5FDA0802046BDE8A0
:10FC80001040FCF76FBC00BF70B54FF6FF728AB032
:10FC900000249042CDE90044CDE902440494ADF83B
:10FCA000020001D10AB070BD054600F027FC0B2808
:10FCB000064629D00FD911280BD043F202039842EF
:10FCC00012D12246144B28461978FBF749FB0AB09B
:10FCD00070BD0122F6E738B90E2368468DF8003072
:10FCE000FFF7C6FF3246EDE70024072305A8CDE95C
:10FCF00005440796ADF81650CDE908448DF8143048
:10FD0000FFF7B6FF2246DDE70F2368468DF8003087
:10FD1000FFF7AEFF2246D5E785440020FFF7B4BFCA
:10FD20002DE9F0474A4E88B031780546FBF7FCFADA
:10FD300010B108B0BDE8F0870446284600F044FC46
:10FD4000082839D017D8002863D006281DD12846A6
:10FD500000F088FD00F054FC00273E4B3A4619782D
:10FD60002846FBF7FDFA224631782846FBF7F8FAD9
:10FD700008B0BDE8F08743F20203984215D043F281
:10FD80000143984213D011280FD00023CDE903334B
:10FD90000590CDE9063303A80723ADF80E508DF882
:10FDA0000C300127FFF764FFD7E70127D5E7284686
:10FDB000FFF76AFF0127D0E70DF10600FFF754FFB8
:10FDC000BDF80630012BC2D9274601230DF10808E2
:10FDD0004FF0020942F6021A07E0524529D00133DA
:10FDE000BDF806209BB29A42B1D94146002218467E
:10FDF000CDE90398FFF73AFF42F605210028A6D186
:10FE0000BDF80820002FE8D1571AB7FA87F77F0905
:10FE1000E5E7CDE90344CDE9054407941023012427
:10FE200003A8ADF80E508DF80C302746FFF720FFE1
:10FE300093E7194603AA01AB28460493FFF712FF84
:10FE4000002884D1BDF80430002B80D085E700BFA6
:10FE5000884400208744002010B582B0044600F09A
:10FE600001FD00236A460921FBF7DCFD052801D0CE
:10FE700002B010BD034B204619780122FBF770FA3F
:10FE800002B010BD8344002030B50E4B83B002AAEF
:10FE90001B6842F8043D42F6A6240025012369466A
:10FEA000ADF80250ADF800408DF802300446FFF77F
:10FEB000D5FE28B904491A4620460978FBF750FABE
:10FEC00003B030BDF47F04008244002030B501212E
:10FED00087B005462648FFF74FFCBFF35F8F08B198
:10FEE00007B030BD0446284600F0BAFA1128034690
:10FEF0001BD012D986282ED043F2020290421BD189
:10FF00001C4B224628461978FBF72AFABFF35F8F6D
:10FF1000174B00221A6007B030BD68B91549024678
:10FF200009782846FBF71CFADAE7124B28461978BD
:10FF30000122FBF715FAE9E70024CDE90444072282
:10FF4000CDE9014401A80393ADF806508DF80420D3
:10FF5000FFF78EFED4E70623CDE9014401A8ADF8F2
:10FF60000650CDE9034405948DF80430F0E700BF56
:10FF7000744300208644002038B5037803B138BDAF
:10FF800004464088FFF780FE6588284600F006FB9F
:10FF900028B10C4B284619780122FBF7E1F960885B
:10FFA000FFF75AFF084B094918780022FBF702FABD
:10FFB00002460028E3D1064B06491878BDE83840D0
:10FFC000FBF7F8B98744002086440020CDFE0300EB
:10FFD0008344002089FE0300F0B50378082B83B02A
:10FFE0000ED0294C207829490022FBF7E3F902467C
:10FFF00020B9274B27491878FBF7DCF903B0F0BD8F
:020000040004F6
:10000000437A0446002BECD1057A072D22D0082D27
:1000100031D0012DE5D16A4629468088FBF79EFF45
:1000200006460028DDD1019B1B78002BD9D0A08883
:1000300000F08AFC4FF6FF739842D2D0164F124C54
:1000400039782A46FBF78CF9324638781349FBF7A2
:10005000B1F9C7E780880C4C00F076FC4FF6FF73CF
:1000600098420546BED001222178FBF779F928464F
:10007000FFF7F2FEB6E70A4A11680129B1D1BFF3D2
:100080005F8F014C1360ADE786440020CDFE030076
:100090008344002089FE03008744002021FD0300E3
:1000A000744300202DE9F843FBF734F91E4C1F4D33
:1000B0002070FBF72FF92870FBF72CF91C4E1D4F11
:1000C0003070FBF727F93870FBF724F9DFF8708000
:1000D000DFF8709088F80000FBF71CF989F8000041
:1000E000FBF718F92378144A182B107019D02B78C5
:1000F000182B16D03378182B13D03B78182B10D030
:1001000098F80030182B0CD099F80030182B08D034
:10011000182806D0094B00201860BFF35F8FBDE898
:10012000F8830320BDE8F88386440020854400203E
:100130008744002088440020844400207443002029
:10014000834400208244002070B5114B82B000240B
:1001500022460D4601261978CDF802400923ADF854
:1001600000608DF802300646ADF80640FBF7F8F85F
:10017000084B09493046A54208BF1946019100F0D5
:1001800071FB22466946FBF7BDFC02B070BD00BFA3
:1001900083440020F87F0400FC7F040070B50388CE
:1001A0008588353B86B004461F2B23D8DFE803F053
:1001B0005210222222222222222222222222222201
:1001C0002222222222222222222222672286223058
:1001D000494E28463178FBF7A7F858B1317800220C
:1001E0002846FBF7BDF8E18800296CD0002128469D
:1001F000FFF7AAFF414C424B424918780022FBF717
:10020000D9F8207840490022FBF7D4F806B070BD39
:10021000002611232846CDE90166CDE903668DF855
:100220000430ADF80650059600F01CFBADF8080050
:1002300000F0E6F9354B314C197832462846FBF789
:100240008FF8284632462178FBF78AF801A8FFF795
:100250000FFDD0E72E4E28463178FBF765F80028D1
:10026000C8D0002231782846FBF77AF8E288002AC5
:1002700031D028460021FFF767FF204CBBE7037B06
:10028000012BB7D1827A012AB4D1018942F6021337
:100290009942AFD11F4C28462178FBF761F8002224
:1002A00020781D49FBF786F802460028A2D11B4B97
:1002B0001B491878114CFBF77DF89CE72846FFF79F
:1002C000E3FC0E4C97E7E389012B90D1217C0031B0
:1002D00018BF01218BE7A389012BCAD1E1892846E8
:1002E000FFF7BEFC0028C4D1034A044C117828460D
:1002F0001A46FBF735F87EE7844400208744002047
:10030000854400201DFD030021FD030088440020DA
:100310008244002086440020CDFE03008344002058
:1003200089FE03002DE9F0418CB000F029F901A805
:10033000FAF7D0FF019EDFF85480DEB100244FF6BB
:10034000FF7703E00134A4B2B44213D20CAB03EB49
:10035000440333F8285C284600F084FAB842F1D10F
:1003600001342846012298F80010A4B2FAF7F8FFE9
:10037000B442EBD398F80000034900220CB0BDE86A
:10038000F041FBF717B800BF21FD030087440020B0
:10039000AFDF7047B1DF7047B2DF7047B3DF704740
:1003A00010B50446808800F0CFFA60802046BDE892
:1003B0001040FCF7EBB800BF70B51D4B1D4C93E827
:1003C0000300238888B04FF6FF7501AEAB4286E884
:1003D000030007D122E02088FBF7F0FBA842034688
:1003E00020801BD0184600223146FBF78BFB0346CA
:1003F0000028F0D00022218807921128CDE903229D
:10040000CDE90522ADF8101008D0862B03A807D03F
:10041000072205938DF80C20FFF7C2FF08B070BDCE
:1004200006238DF80C30FFF7BBFF08B070BD00BF8E
:10043000008004005C440020044B1A884FF6FF73D0
:100440009A4201D0FFF7B8BF704700BF5C4400205C
:10045000024B4FF6FF721A80002070475C44002068
:100460002DE9F04182B0074600F0FCF94FF6FF732A
:1004700098423CD0064601244FF003086B462246C2
:1004800008213046FBF76EFD03230546F0B9019ABB
:100490003846911D42F8048BFFF77EFF0134034676
:1004A0000821D8B10C28304603D1A4B2FBF7C2FD15
:1004B000E4E70821052B18BF1D46FBF7BBFD00280C
:1004C00018BF0325284602B0BDE8F081072814BFF5
:1004D00005460C25284602B0BDE8F081324630467C
:1004E000FBF7B2FD0546284602B0BDE8F08143F2B5
:1004F0000205284602B0BDE8F08100BF2DE9F041B9
:1005000082B0074600F0AEF94FF6FF73984227D14C
:100510000026354603244FF001082346324629467B
:100520003846FFF737FF04280AD008280AD00B28DE
:100530000AD0B8F1000F08BF0B2002B0BDE8F0816F
:100540001120F6E70020F4E714F0020406D195B17B
:100550002646254603244FF00008DEE70124FAE78B
:100560006A460821FBF7FAFC0028D1D1019DAE882C
:100570002C680635CFE7002EDFD02E460324EAE7AD
:1005800008B54FF6FF70FBF719FB034B1880BDE869
:100590000840FFF711BF00BF5C44002000B585B0E4
:1005A0000DF10703039300F05DF902AA0121FBF7A7
:1005B000D5FC20B9039B187805B05DF804FB00203A
:1005C00005B05DF804FB00BF38B50C4B0446184677
:1005D000FFF7E4FE78B9198843F203054FF6FF727E
:1005E0002046FFF7D5FEA84200D038BD198801315A
:1005F00089B21980F2E7032038BD00BF5E440020B5
:1006000010B5074B044693E8030082B06B4683E8BD
:100610000300002219462046FBF774FA02B010BD11
:10062000088004006EDF70476FDF704746DF704759
:100630002DE9F04F9BB050240394DDE92459002AA2
:100640005FD0002B58D000241C6001240194002DA1
:1006500055D0B9F1000F5FD00024C9F800404FF029
:10066000010B00240DF11808CDE9044800294AD0F7
:10067000C1EBC1015F46144602EB010A861E9B4690
:1006800025E09DF82910032941D8019959B152F864
:100690003F1D216091889279A180A271DBF8002032
:1006A0000132CBF8002007346FB153F84F2D2A6088
:1006B00059689A68DB686960AA60EB60D9F8003015
:1006C0000133C9F80030544505F110051BD0502204
:1006D0000021404604F0F2FB03AB04AA072136F8E0
:1006E000020FFBF79FF920F002001AAB05281A460B
:1006F000C7D11BB0BDE8F08F0193002DA9D1AB4647
:10070000AFE70192A3E700201BB0BDE8F08F43F2F2
:1007100002201BB0BDE8F08FCB46A2E7F8B50C4D28
:100720000746002401E0142C0ED02B88BB42A6B251
:1007300005F10A0504F10104F5D13046FAF734FD5C
:100740000028F0D03046F8BD4FF6FF763046F8BDB1
:100750007843002090B191B108B50A7803785340EE
:1007600013F0FE0F08D101310622013004F073FBB3
:10077000B0FA80F0400908BD002008BD7047084667
:10078000704700BF2DE9F0414C1C0E46054621463E
:100790000130102205F1110706F1110804F05BFB8E
:1007A00008BB2B4605F1100101E08B421BD013F86A
:1007B000012F002AF9D073784BB9214606F11002B7
:1007C00001E091420FD011F8013F002BF9D04146D2
:1007D0003846FFF7BFFF6B7C03F0FE03042B1ED1EE
:1007E0000120BDE8F08141463846FFF7B3FF6B7C3E
:1007F00003F0FE03042B0FD00022062B09D0737CDC
:1008000003F0FE03042B04D0062B08BF1046BDE8FE
:10081000F0811046BDE8F0810020BDE8F0810122A2
:10082000EBE700BF70B584B006460D46FBF734F920
:1008300002AA0DF106010720FBF736F960B1BDF8F9
:100840000640AC423046F3D00399FFF79BFF0028E7
:10085000EED0204604B070BD4FF6FF74204604B0C1
:1008600070BD00BF13280DD810B50446FAF79CFCE4
:1008700028B104EB8403054A32F8130010BD4FF68B
:10088000FF7010BD4FF6FF70704700BF7843002027
:10089000132816D838B504460D46FAF785FC68B11A
:1008A000094A04EB840302EB4303002053F8022FB0
:1008B0002A609A889B79AB71AA8038BD43F2020006
:1008C00038BD43F2020070477843002038B50588F0
:1008D0004DB9821C00F10A0412F8013B1BB9944285
:1008E000FAD1002038BD0B88AB42FAD10231082280
:1008F000023004F0B0FAB0FA80F0400938BD00BF11
:1009000030B585B00546FBF7C7F80CE0039C2846D8
:1009100004F14601FFF7DAFF04F12A0178B928460D
:10092000FFF7D4FF58B902AA0DF106010720FBF723
:10093000BBF80028EAD14FF6FF7005B030BDBDF816
:10094000060005B030BD00BF4FF6FF73984201D0DE
:10095000FFF7E4BE704700BF132804D800EB800007
:10096000014B23F8101070477843002070B54FF604
:10097000FF75A84203D1BDE87040FBF7AFBA04464B
:10098000FFF7CCFE06462046FBF7A8FA30B9132E37
:1009900004D806EB8606024B23F8165070BD00BF44
:1009A00078430020082961D82DE9F0410546CEB0F2
:1009B0000E4600B139B9002211461046FFF734FE49
:1009C0004EB0BDE8F08120AC5023B82200210CAF1E
:1009D00020460193039704F071FA0DF1AE010DF179
:1009E000C5020DF19703069107920DF1F3010DF584
:1009F0008572CDE90443CDE9091237AB08930DF2B6
:100A000021130B9305EB460850220021384604F0D1
:100A100055FA01AB02AA072135F8020BFBF702F8E1
:100A200020F002000528CBD07B7C032B20D8DDF8FA
:100A30003130DDF8352023606260DDF83930DDF8D3
:100A40003D20A360E260DDF84130BDF845109DF81F
:100A5000472023614545A182A27504F11704D3D133
:100A6000F2B204A80021FFF7DFFDA9E707207047D5
:100A700043F20220A4E700BFF0B5254B00249BB051
:100A8000C3E90044C3E9024408B10D4641B900235B
:100A9000204A194618461370FFF7C4FD1BB0F0BD7D
:100AA0000646DFF870C018464A00CFB231468CF8CF
:100AB000007004F0DFF9382221460CA8039404F0FA
:100AC000FDF9CDE90044294630460CAA03ABFFF7F7
:100AD000AFFD0028E2D10DF137020DF13E030DF11B
:100AE00045000CAC0494059206930DF15A020DF1E9
:100AF00061030790394613AD0DF1530404A8CDE905
:100B00000854CDE90A23FFF78DFD1BB0F0BD00BFEF
:100B1000404400208944002030B58DB010300DF1E4
:100B2000FF330DF10F0510F8014D03F8014FAB42F3
:100B3000F9D100230D784C78897806936846CDE981
:100B400004338DF81C308DF81D108DF81F508DF872
:100B50001E40FFF76BFD9DF82F009DF82E109DF8AD
:100B60002D301070517093700DB030BD30B503460C
:100B700085B030F8015F33F8042F84789B78ADF8A6
:100B80000C20084602AA03A98DF80E30ADF80450D7
:100B90008DF80640FFF7C0FFBDF80420BDF808300F
:100BA0009A4204D0012080F0010005B030BD9DF8CC
:100BB00006209DF80A309A42F4D1002080F001000E
:100BC00005B030BD0388102B00D07047F0B5041D70
:100BD0000FCC91B006AD0FC50FCC0FC59DF81C30E2
:100BE00094E8030003F0FE03062B85E8030014D10C
:100BF000BDF818304849079803EB83035B004FF6B4
:100C0000FF74CC52CA18BDF820409DF82210117212
:100C1000C2F80200D48011B0F0BDFAF73DFF9DF894
:100C20001C305B08012B25D9022BE1D107AE01ACAA
:100C30000DF1020505E09DF81C3003F0FE03042BC6
:100C40005DD0224629460720FAF72EFF0028F2D170
:100C5000BDF81830304A0798B488B17903EB8303A4
:100C60005B004FF6FF75D5521344C3F80200DC80D9
:100C70001972D0E701AC0DF1020522462946072082
:100C8000FAF712FF002844D0029911F1110FF4D0A5
:100C90004E7C9DF81C30734013F0FE0F4FF006029F
:100CA00001F112010DF11D00E7D104F0D4F8002884
:100CB000E3D1BDF8021007AEBDF81820164F079813
:100CC00002EB82035B00FD18F952AB1CC5F8020071
:100CD000B08898804FF6FF70B5799D7181429AD0A7
:100CE00000232046ADF80620ADF808108DF804303A
:100CF000FBF74EFC2046FFF73FF911B0F0BD02991B
:100D000030460131FFF732FF00289AD0BDF80210BB
:100D1000D2E707AE9CE700BF784300202DE9F84FEB
:100D2000DDF828904A45904638BFC846B8F1000F14
:100D30001BD09B468A4605461746002406E0A1457F
:100D400088BF0BF80400013444450ED02B68A7423D
:100D500088BF1AF804101E6998BF00212846B047C2
:100D60000028ECDA0248BDE8F88F0020BDE8F88FD3
:100D70000AFCFFFF30B583B00468069D00956469E6
:100D8000A047044A0446DDE90701EEF761FF20466B
:100D900003B030BDC9FF020082B070B50C4684B00C
:100DA00005464968206802AC03C4039908AC4810A2
:100DB00084E80C00CB0745BF2A58029B029CD458FC
:100DC0000AAB2E1893E803008DE8030008AB0CCBA8
:100DD0003046A04704B0BDE8704002B0704700BF85
:100DE00082B0D0B50699C16000F11004002600273A
:100DF000C0E9086704A9204681E80C00EFF7CAF9AA
:100E00002046BDE8D04002B0EFF778B982B038B5DF
:100E1000D0E9084504A981E80C0054EA050303D190
:100E2000BDE8384002B070470446F1F7F1F9D4E963
:100E300008238B4208BF8242F2D2002304F110053E
:100E400000200021C4E90801E3602846EFF7A2F979
:100E50002846BDE8384002B0EFF750B970B50446F7
:100E600000250A4B036000F1100681602A4601212B
:100E7000304625716571EFF737F93046E560E56278
:100E800084F82850EFF73AF9204670BD208004001E
:100E90002DE9F041044682B00E46154610309846C2
:100EA000BDF82870F4F7AAFD26806580182003F0AD
:100EB000AAFF08AB054693E803006A4682E80300F0
:100EC0002E4603CA46F80C8B0023084AEB6047F015
:100ED0000207736068602046A780A560E360C4E9EC
:100EE0000833A9606A6102B0BDE8F081990D040081
:100EF0002DE9F04385B0BDF838806BB30C9C44B34A
:100F00000F2902D1B8F1C00F26D1064628201C4671
:100F10000D46174603F077FF0CAB814693E80300BC
:100F20003A468DE803002346CDF808802946484616
:100F3000FFF7AEFF33680E4A5B6893420FD1484615
:100F4000EFF746FA484603F057FF0A4805B0BDE8F8
:100F5000F0830D9CE407D3D46FF47A70F6E7304643
:100F6000494698470028EAD105B0BDE8F08300BFA4
:100F70001DF5020016FCFFFF2DE9F04390F8283024
:100F800089B004460D469BB1002D4FD100220023AD
:100F9000C4E908230023E36004F11000EFF7AEF882
:100FA000E0682F4B002808BF184609B0BDE8F08361
:100FB00080682C4A03685B6D93424CD12A4B0493A2
:100FC0004FF0000804AACDF81480284FC688B0F866
:100FD00008C03B68DFF89C9092E8030016F4807F1D
:100FE0004FF0C0068DE803000CBF052204226146C5
:100FF000184602962346FFF77BFF1D4B3A68CDE962
:10100000063808AB13E9030023468DE80300029677
:101010001046232142F21072FFF76AFF99F8003060
:1010200063B1012384F82830002DAFD0F1F7F0F838
:10103000421941EBE573C4E90823ABE7009323228F
:1010400042F2107342F210700021F1F7F1F801231F
:1010500089F80030E5E703219847A068AEE700BFB4
:1010600011FCFFFF15930200E10D04003C3C002041
:101070000D0E04008A440020F0B52B4B81682B4EE6
:10108000CD88B1F808C0376893B00022CDE90632A8
:1010900006AB80F82820044693E8030015F4807F0F
:1010A0004FF010058DE8030014BF042205222346EB
:1010B0000295614608A8FFF7EBFE3B681C4D9B6854
:1010C000AB4228D108A8EFF783F91A4B0493002309
:1010D000059304AB93E80300366810238DE8030002
:1010E000029342F210722346232108A8FFF7D0FE94
:1010F00033689B68AB4212D108A8EFF769F9002169
:1011000000230020C4E90801E36004F11000EFF7B8
:1011100041F813B0F0BD384608A99847D2E73046E9
:1011200008A99847E8E700BFE10D04003C3C002017
:101130009DF702000D0E040090F8283010B504460B
:101140003BB923791BB1236820469B689847002050
:1011500010BDFFF791FFF4E790F82830044A10B56E
:10116000044602600BB1FFF787FF204610BD00BFA9
:101170002080040090F82830054A10B5044602602B
:101180000BB1FFF779FF204603F036FE204610BD75
:1011900020800400024B1868BFF35B8F704700BFCC
:1011A00050440020024B1868BFF35B8F704700BFAC
:1011B000F020002030B5214A21F00043934287B04F
:1011C0001BDD1F4A934205DD02460B4602F024FF59
:1011D00007B030BD02AADDF7F3FD00F00303012BD9
:1011E00011D0022B23D0DBB10124DDE90423DDE99A
:1011F00002010094DEF7F4FDEAE700220023DEF7A7
:10120000C7F807B030BDDDE904450093DDE9020110
:1012100022462B46DEF7E4FD01F1004107B030BD68
:10122000DDE90423DDE90201DEF7B2F8D0E7DDE90C
:101230000423DDE90201DEF7ABF8EDE7FB21E93F2E
:10124000FFFFEF7F21F000431946704730B51F4A7A
:1012500021F00043934287B01CDD1D4A934205DD17
:1012600002460B4602F0D8FE07B030BD02AADDF7F9
:10127000A7FD00F003000128DDE9042312D00228B5
:101280001CD0A0B1DDE90201DEF782F801F10041D6
:1012900007B030BD0023009300220023DEF7A0FD3D
:1012A00007B030BDDDE90201DEF772F8DCE70124AA
:1012B000DDE902010094DEF793FDD5E70124DDE9C5
:1012C00002010094DEF78CFDE0E700BFFB21E93F5F
:1012D000FFFFEF7F30B5144A21F00043934287B0FF
:1012E00019DD124A934205DD02460B4602F094FED8
:1012F00007B030BD02AADDF763FD440004F002042C
:10130000C4F10104DDE90423DDE902010094DEF704
:101310001FFE07B030BD0123009300220023DEF73B
:1013200017FE07B030BD00BFFB21E93FFFFFEF7F95
:10133000334A21F000439342D0B506460F460C468F
:101340000DDD02460B4600202E4903F047F9002F21
:101350004FF000022B4B2EDB02F060FED0BD2A4A7C
:10136000934207DD27490020002CF7DA01F1004302
:101370001946D0BDB3F1725F20DB244A934226DDCB
:10138000FFF760FF02460B4602F048FEDEF7C4FF9F
:1013900000224FF0804302F041FE02460B4600203F
:1013A0004FF0804103F01AF902460B460020154920
:1013B00002F032FED8E702F02FFED0BD0022114B22
:1013C00002F02CFE32463B4602F0DEFFD0BDFFF7B6
:1013D00039FF00224FF0404302F0D6FFDEF79CFFBA
:1013E00000224FF08043064601F1004702F016FE4E
:1013F00002460B463046394603F0F0F8B4E700BF2A
:10140000FFFFEF7F0000F03FFFFF3540FFFFEF3FA2
:1014100070B5C1F30A56A6F2FF33132B0A4608DC57
:10142000002B1BDB0F4C44FA03F3002022EA0301DC
:1014300070BD332B044607DDB3F5806FF8D102464B
:101440000B4602F0EBFD70BD4FF0FF33A6F21346E2
:1014500023FA06F6114624EA060070BD002002F0C9
:10146000004170BDFFFF0F0000B585B0234A019019
:10147000019B23F0004393421DDDB3F1FF4F08DBD6
:10148000DDED017A77EEE77A17EE900A05B05DF8A8
:1014900004FB02A901F06EFC00F00302012A14D043
:1014A000022A22D0D2B101220399029802F084F9D3
:1014B00007EE900AE8E7002101F0B4FD07EE900A7C
:1014C00017EE900A05B05DF804FB0399029802F04C
:1014D00073F907EE900AF1EE677AD5E7039902985F
:1014E00001F0A0FD07EE900ACEE70399029801F003
:1014F00099FD07EE900AF1EE677AC5E7D80F493FEC
:1015000000B585B0244A0190019B23F0004393422B
:101510001EDDB3F1FF4F08DBDDED017A77EEE77AF0
:1015200017EE900A05B05DF804FB02A901F022FC59
:1015300000F00300012816D0022823D0D0B103996F
:10154000029801F06FFD07EE900AF1EE677AE7E787
:101550000022002102F030F907EE900A17EE900AFF
:1015600005B05DF804FB0399029801F05BFD07EEFE
:10157000900AD5E701220399029802F01DF907EEBF
:10158000900ACDE701220399029802F015F907EEBF
:10159000900AF1EE677AC3E7D80F493F2DE9F0438F
:1015A000DFF898808BB004460D46DCF701F998F916
:1015B0000030013306460F462BD022462B462046EC
:1015C000294603F07BF9814618BB20462946FFF7E0
:1015D00039FE0022164B03F067F9D0B1154B1648BF
:1015E00001930122CDF820900092CDE90445CDE988
:1015F000024502F037F998F90030022BCDE90601D7
:101600000CD0684602F02CF940B1089B5BB9DDE9CB
:101610000667304639460BB0BDE8F08302F074FC33
:1016200021230360F1E702F06FFC089B0360EEE703
:101630000000F03F2C800400486A040032230020A0
:101640002DE9F0438BB004460D46DCF705FB244B37
:1016500093F90080B8F1FF3F06460F460ED02246B0
:101660002B462046294603F029F9814630B900224D
:101670001C4B2046294603F0F9F820B9304639467C
:101680000BB0BDE8F0830022002301210091164E2B
:10169000CDF8209010461946CDE90445CDE9024524
:1016A000019602F09BFFB8F1020FCDE906010CD0C4
:1016B000684602F0D5F840B1089B5BB9DDE90667E2
:1016C000304639460BB0BDE8F08302F01DFC212303
:1016D0000360F1E702F018FC089B0360EEE700BF2F
:1016E000322300200000F03F348004002DE9F04355
:1016F000DFF898808BB004460D46DCF739FB98F98B
:101700000030013306460F462BD022462B4620469A
:10171000294603F0D3F8814618BB20462946FFF737
:1017200091FD0022164B03F0BFF8D0B1154B1648BF
:1017300001930122CDF820900092CDE90445CDE936
:10174000024502F08FF898F90030022BCDE906012E
:101750000CD0684602F084F840B1089B5BB9DDE923
:101760000667304639460BB0BDE8F08302F0CCFB8B
:1017700021230360F1E702F0C7FB089B0360EEE75B
:101780000000F03F3C800400486A0400322300203F
:10179000DCF71EBD2DE9F04FDFF8CCA08BB004467E
:1017A0000D46DCF705FE9AF90030013306460F4678
:1017B00037D022462B462046294603F07FF8834641
:1017C00078BB20462946FFF73DFD0022244B80468A
:1017D000894603F05FF820B3404649460022204B7B
:1017E00003F062F89AF9006060B3CDE90445CDE9F1
:1017F00002450121002200231A4F0091CDF820B0AC
:1018000010461946019702F0E9FE022ECDE90601C5
:101810000CD0684602F024F840B1089B6BB9DDE9B2
:101820000667304639460BB0BDE8F08F02F06CFB1E
:1018300021230360089B002BF1D002F065FB089B7D
:101840000360ECE7022308900093064FCDE90445BE
:10185000CDE902452046294600220023D2E700BFF9
:101860000000F03F44800400322300202DE9F04FB7
:101870008BB01D4606460F46144600F07FFC294BF0
:1018800093F900A0BAF1FF3F8046894635D0224641
:101890002B462046294603F011F870BB32463B46E2
:1018A0003046394603F00AF8834630BB0022002355
:1018B0002046294602F0D0FFF8B11B4BCDF820B0EE
:1018C0000122CDE90267CDE90445CDE90023BAF153
:1018D000000F17D0002200231046194602F07EFEAA
:1018E000BAF1020FCDE906010ED102F00DFB212362
:1018F0000360089B83B9DDE90689404649460BB081
:10190000BDE8F08FCDE90667684601F0A9FF002821
:10191000EBD0089B002BEED002F0F6FA089B036098
:10192000E9E700BF32230020588004002DE9F0438E
:101930008BB004460D46DCF7EBFF364B93F90060A5
:10194000731C804689460DD022462B4620462946E8
:1019500002F0B4FF30B9002200232046294602F0ED
:10196000A3FF20B1404649460BB0BDE8F0832A4BA7
:101970000890CDE90245CDE904450193DEB9274F32
:101980004FF060462046294600220023CDE9066735
:1019900002F062FF002835D002230093684601F070
:1019A0005FFFB8B1089BD3B9DDE9068940464946D7
:1019B0000BB0BDE8F0831A4B0022CDE90623204688
:1019C00029460022002302F047FF68B102239E420D
:1019D0000093E3D102F098FA22230360E2E702F0D9
:1019E00093FA089B0360DFE70123022E00930BD1DB
:1019F00002F08AFA212303600A4801F033FFCDE99F
:101A00000601CFE701230093684601F029FF002873
:101A1000F2D1EDE73223002060800400FFFFEFC722
:101A20000000F0FF486A04002DE9F0438BB0044643
:101A30000D46DDF739F9374B93F90060731C80468A
:101A400089460ED022462B462046294602F036FF14
:101A5000074630B9002200232046294602F010FF35
:101A600020B9404649460BB0BDE8F0832A4B0897A1
:101A7000CDE90245CDE904450193DEB9274F4FF08A
:101A800060462046294600220023CDE9066702F081
:101A9000E3FE002835D002230093684601F0E0FE03
:101AA000B8B1089BD3B9DDE90689404649460BB079
:101AB000BDE8F0831A4B0022CDE9062320462946D3
:101AC0000022002302F0C8FE68B102239E42009368
:101AD000E3D102F019FA22230360E2E702F014FADC
:101AE000089B0360DFE70123022E00930BD102F075
:101AF0000BFA212303600B4801F0B4FECDE9060187
:101B0000CFE701230093684601F0AAFE0028F2D136
:101B1000EDE700BF3223002064800400FFFFEFC721
:101B20000000F0FF486A04002DE9F0432B4E8BB013
:101B300080468946DDF768FB96F90030013304469C
:101B40000D4603D001F086FE074620B12046294607
:101B50000BB0BDE8F0834046494601F07BFE00280B
:101B6000F4D01F4B96F9004008970322CDE90023DB
:101B7000CDE90489CDE90289404649460022002387
:101B800064B902F091FE4FF06042E8B1154BCDE927
:101B90000623684601F064FE68B908E002F084FE9E
:101BA000002298B1104B022CCDE90623F1D102F0AE
:101BB000ABF922230360089B53B9DDE906452046B3
:101BC00029460BB0BDE8F083084BE0E7084BEAE795
:101BD00002F09AF9089B0360EFE700BF3223002070
:101BE0006C800400FFFFEF470000F07FFFFFEFC7AE
:101BF0000000F0FF2DE9F04F8BB004460D4600F0D9
:101C0000CFFB294B93F900A0BAF1FF3F06460F46E0
:101C100012D022462B462046294602F04FFE83462C
:101C200050B94FF000084FF00009204629464246BF
:101C30004B4602F01BFE20B9304639460BB0BDE8DA
:101C4000F08F0122194BCDF820B00092CDE9044568
:101C5000CDE902450193BAF1000F17D042464B4639
:101C60004046494602F0BAFCBAF1020FCDE906013E
:101C70000ED102F049F921230360089B73B9DDE915
:101C80000667304639460BB0BDE8F08FCDE90689CE
:101C9000684601F0E5FD0028EFD1EAE702F034F9EB
:101CA000089B0360EBE700BF322300207480040030
:101CB00000F036BC10B52DED028B8AB008EE100A8C
:101CC00000F0E8FC334B93F90040631C09D0B4EEFC
:101CD000488AF1EE10FA04D6B5EEC08AF1EE10FA99
:101CE00003D90AB0BDEC028B10BD2B4B019318EE4B
:101CF000100A0023089302F0EFFACDE90401CDE9C0
:101D00000201CCB9254BB5EE408A4FF06042F1EEAE
:101D100010FACDE9062334D102230093684601F07E
:101D20009FFDB0B1089BCBB9DDE9060102F024FEAE
:101D30000AB0BDEC028B10BD194BB5EE408A0022F3
:101D4000F1EE10FACDE906230DD102239C42009357
:101D5000E4D102F0D9F822230360E3E702F0D4F8DB
:101D6000089B0360E0E70123022C00930BD102F0F3
:101D7000CBF8212303600B4801F074FDCDE9060187
:101D8000D0E701230093684601F06AFD0028F2D1F4
:101D9000EDE700BF322300207C800400FFFFEFC787
:101DA0000000F0FF486A04002DE9F0432DED048B9C
:101DB000B34E8BB008EE900A08EE101A00F0E0FC6B
:101DC00096F900506B1C044630D0B4EE488AF1EE10
:101DD00010FA2BD6F4EE688AF1EE10FA68D69FED71
:101DE000A99AF4EE498AF1EE10FA25D1B4EE498AA7
:101DF000F1EE10FA40F090800123A34A009318EE10
:101E0000900A00230192089302F066FACDE90201DC
:101E100018EE100A02F060FA00220023CDE9040156
:101E2000CDE90623002D60D04FF07E5420460BB044
:101E3000BDEC048BBDE8F08301F0FCFD05460028F5
:101E400000F09A8007EE904AF5EE407AF1EE10FA33
:101E5000ECD118EE900A01F0EDFD0028E6D018EE66
:101E6000100A01F0E7FD0028E0D00423864A009321
:101E700018EE900A00230893019202F02DFACDE9A2
:101E8000020118EE100A02F027FA96F90030002439
:101E90000025022BCDE90401CDE9064503D06846B3
:101EA00001F0DEFC38BB02F02FF82223036022E0B1
:101EB000B5EE408AF1EE10FAB8D10123724A0093D0
:101EC00018EE900A00230192089302F005FACDE97A
:101ED000020118EE100A02F0FFF96C4B0022022DED
:101EE000CDE90401CDE906239ED0684601F0B8FC97
:101EF000002800F08480089B1BB102F005F8089BC5
:101F00000360DDE9060102F037FD044620460BB010
:101F1000BDEC048BBDE8F08318EE100A01F08AFDD9
:101F2000002883D0B5EEC08AF1EE10FA7FF57EAFBF
:101F30000123554A009318EE900A0023089301925A
:101F400002F0CAF9CDE9020118EE100A02F0C4F954
:101F500096F90030CDE90401002B55D04C49002002
:101F6000022BCDE9060153D101F0CEFF21230360FE
:101F7000089B002BC5D0C0E718EE900A01F05AFD6F
:101F800000283FF45FAF18EE100A01F053FD00285F
:101F90003FF458AF18EE900A02F09EF9804618EE12
:101FA000100A894602F098F907EE904AF4EE677A33
:101FB000F1EE10FA96F9007072D6F6EE007A03226E
:101FC000314B08950092CDE90289CDE904010193D6
:101FD00028EE278A17BB2F4BF5EEC08A4FF06042E0
:101FE000F1EE10FACDE9062324D4684601F038FC5E
:101FF0000028BDD101F088FF22230360B8E701F07B
:1020000083FF2123036076E700220023CDE9062326
:10201000684601F025FC0028AAD1A5E71E4BF5EE85
:10202000C08A0022F1EE10FACDE9062315D4022F62
:10203000E0D0DAE718EE100A01F062FD07EE900A30
:10204000F4EE487AF1EE10FA16D0144B96F90070BF
:102050004FF06042CDE90623E9E718EE100A01F0DF
:102060004FFD07EE900AF4EE487AF1EE10FA03D035
:10207000074B0022CDE9062396F90070D7E700BF91
:102080003223002000000000848004000000F03FA4
:102090000000F0FFFFFFEF470000F07FFFFFEFC7FA
:1020A00001220B4B08950092CDE90289CDE904018C
:1020B0000193002FA8D0C9EE097A17EE900A02F01A
:1020C0000BF9022FCDE906013FF44EAFA0E700BFA8
:1020D0008480040010B52DED028B8AB008EE100A42
:1020E00000F098FF234B93F90040631C09D0B4EE35
:1020F000488AF1EE10FA04D6B5EEC08AF1EE10FA75
:1021000003D40AB0BDEC028B10BD01231A4A009320
:1021100018EE100A00230192089302F0DDF8002265
:10212000CDE90401CDE902010023ACB11046194606
:1021300002F054FA022CCDE906010FD101F0E4FEC1
:1021400021230360089B7BB9DDE9060102F014FC42
:102150000AB0BDEC028B10BDCDE90623684601F044
:102160007FFB0028EED1E9E701F0CEFE089B03607B
:10217000EAE700BF322300208C8004002DE9F047FD
:1021800023F0004E5EEA020620D07E4E21F0004889
:10219000B04589461ADC564216437B4F4EEAD67646
:1021A000BE42144612D8F0451D4694468246074664
:1021B00001F0004612DC0FDB90420DD30ED1734BC1
:1021C000F60F03EBC603D3E9000105E002F0DCF8EB
:1021D00002460B4602F002FABDE8F087B8F5801F10
:1021E0003BDB4FEA2852A2F2FF32BEF5801F80F29D
:1021F0008F80BEF1000F40F09F80002C2346644981
:1022000004DD5B00002B01F1FF31FADC614B9A42E7
:1022100070DBC9F3130343F480135E4881425BDB38
:10222000C5F3130444F48014501A07E052EA05037E
:1022300021D0EB0F03EB42036F0001381A1BA7EB11
:102240000C05F8B1674538BF02F1FF32002AEDDA1C
:10225000FA0F02EB43037F00EFE7B8F1000F5CD108
:10226000BAF1000F53464A4ABFDD5B00002B02F172
:10227000FF32FADCB9E7454BF60F03EBC606D6E9A9
:102280000001A9E7674538BF02F1FF32002ABCBF51
:102290003D461A4652EA0503EDD03F48824208DC2B
:1022A000EB0F03EB4202824201F1FF314FEA450599
:1022B000F6DD384B99424EDA5B1A142B54DC01F2EE
:1022C0001E41DD4002FA01F142FA03F31E4341EAE6
:1022D0000502314610467FE7401A1F2826DC01F22E
:1022E0001E450EFA00FE24FA05F504FA00FC45EA44
:1022F0000E0499E79F1A1F2F27DC02F21E4308FAEB
:1023000007F82AFA03F30AFA07F743EA080384E70F
:102310004FEA2E51A1F2FF3178E71E4A4FEAC82357
:102320005B00002B02F1FF32FADC5EE71B4D6D1AF9
:10233000AC404FF0000C77E716494FEACE235B0024
:10234000002B01F1FF31FADC60E7144B9B1A0AFA0B
:1023500003F3002761E7A2F58012164301F2FF3371
:1023600046EA0351284637E71F2B07DC01F21E41DE
:1023700002FA01F125FA03F20A43AAE7074B591AB8
:102380000A41A6E7FFFFEF7F0000F07FF05704004F
:10239000EDFBFFFF02FCFFFFFFFF0F00E2FBFFFF73
:1023A0005E4A8A432DE9F04104460D4600F09580CF
:1023B00000290B460646844656DD0F1500F0A58021
:1023C000C3F31303A7F2FF3743F480134FEADC7221
:1023D000F80702EB43034FEA4C0504D5ED0F05EB7C
:1023E00043034FEA8C0500267F10B44616224FF4B3
:1023F00000110CEB010098424FEAD5744FEA4505F5
:1024000003DC1B1A00EB010C0E44013A04EB4303FE
:102410004FEA5101EDD11046964620244FF000427C
:1024200009E051D05B00013C03EBD5734FEA520247
:102430004FEA450537D0634502EB0E01F1DD002977
:1024400001EB020E0ADBE046A3EB0C03A94288BFB6
:1024500003F1FF336D1A1044C446E3E7BEF1000FE9
:10246000F1DB0CF10108EFE721F00042024329D033
:10247000002942D10146CA0A153B4905002AFAD073
:1024800012F4801001D044E060465200D40200F102
:10249000010CF9D5CCF1200401FA0CFCE1401F1A23
:1024A00041EA02038CE72B4321D14408731003F166
:1024B0007F53F20703F5001348BF44F0004403EBD9
:1024C00007512046BDE8F081A942ABD8002901EBB5
:1024D000020EC3DB98460023BCE702460B4601F020
:1024E00053FF22462B4601F099FDBDE8F081411CC7
:1024F00016BF421C01365408D8E7024601F08CFD95
:1025000002460B4602F06AF8DCE71A4631463B46C3
:10251000B6E78C4620244FF0FF30BFE70000F07F85
:1025200030B583B007EE900A0191019B23F0004281
:10253000B2F1FF4F17DC20F00041B1F1FF4F05462B
:1025400011DCB3F17E5F3FD09C1704F0020444EA33
:10255000D07481B9022C4CD09FED437A032C08BF74
:10256000F0EE477A03E09DED017A77EE277A17EED9
:10257000900A03B030BDF2B1B2F1FF4F29D0B1F1F2
:10258000FF4F18D08A1AD2153C2A35DC002B36DAD8
:102590003C3234DADFED357A012C47D0022C3CD0C6
:1025A000002CE4D0DFED326A9FED327A77EEA67A26
:1025B00077EEC77ADBE7DFED307A9FED307A002DDA
:1025C000B8BFF0EE477AD2E703B0BDE8304001F083
:1025D0004FB9B1F1FF4F30D0022C0AD0032C39D0C3
:1025E000DFED277A9FED217A012C18BFF0EE477AB4
:1025F000BDE7DFED207ABAE7DFED1F7ACCE701987F
:1026000007EE100AC7EE877A17EE900A01F00EFA6D
:1026100001F02EF907EE900ABEE7DFED156A9FED97
:10262000157A77EEA67A77EE677AA0E717EE903AFA
:1026300003F1004307EE903A99E7022C10D0032CE7
:102640000BD0DFED107A9FED107A012C18BFF0EE61
:10265000477A8CE7DFED047A89E7DFED0C7A86E7CD
:10266000DFED0B7A83E700BFDB0F49C000000000FD
:102670002EBDBB33DB0F4940DB0FC93FDB0FC9BFAA
:1026800000000080DB0F49BFDB0F493FE4CB16C0E1
:10269000E4CB164000B52DED028B83B0019001987C
:1026A00030F0004337D0002842DBB0F1FF4F4EDA64
:1026B000B0F5000F56DADFED2C7A9DED017A67EE6A
:1026C000277A6FF0180217EE900AC3157F3B134468
:1026D000DA0F134407EE903AC2F17F01C0F31600FF
:1026E00040EAC150B8EEE78A01F0E6FADFED1F7A62
:1026F000DFED1F6A9FED1F7A06EE100A66EE277A5D
:10270000E8EE267AE8EE077A17EE900A03B0BDEC01
:10271000028B5DF804FBDFED186A9FED187AC6EEB8
:10272000877A17EE900A03B0BDEC028B5DF804FBCC
:10273000DDED017A9FED117A77EEE76AC6EE877AD2
:1027400017EE900A03B0BDEC028B5DF804FBDDEDE3
:10275000017A77EEA77A17EE900A03B0BDEC028BF0
:102760005DF804FB0022B0E70000004CD95BDE3EC0
:10277000DB27543580209A3E000000CC000000008A
:102780002DE9F04731F000462DED028B12D020F0FC
:102790000047B7F1FF4F804606DDBDEC028B5A487B
:1027A000BDE8F04701F0A8B9B6F1FF4F08DDB7F179
:1027B0007E5FF2D14FF07E50BDEC028BBDE8F0871A
:1027C00000280C462BDB4FF00009B6F1FF4F38D044
:1027D000B6F17E5F3DD0B4F1804F19D0B4F17C5F8B
:1027E00005468A4643D1B8F1000F6FDA01F01EF9B1
:1027F000B7F1FF4F01D0002F3FD1A7F17E5757EA25
:10280000090369D0B9F1010FD6D180F00040D3E7B8
:1028100007EE900A67EEA77A17EE900ACCE7B6F1BA
:10282000974F21DAB6F17E5F08DBF315C3F196030B
:1028300046FA03F202FA03F3B34256D04FF000090E
:10284000C6E7B7F17E5FB5D03BDD002C28DB08463C
:10285000B2E7002CB0DA07EE100AF7EE007AC7EE06
:10286000877A17EE900AA7E74FF00209ADE701F06B
:10287000DDF8B7F1FF4F15D0A7B1B7F17E5F11D0EA
:102880004FEAD873013B59EA030233D0B6F19A4FAD
:1028900040DD1E4A974200F39481002CC0F29781DC
:1028A000002089E7002C07DA07EE100AF7EE007A1D
:1028B000C7EE877A17EE900AB8F1000FBFF67CAF2B
:1028C0009BE7002CECDA81F0004075E7BDEC028B51
:1028D000BDE8F04700F09EBB07EE900A77EEE77A7E
:1028E000C7EEA77A17EE900A66E702F00102C2F17E
:1028F00002096DE707EE905A77EEE77AC7EEA77AFE
:1029000017EE900A58E700BF486A0400F7FF7F3FC0
:102910000000804BB7F5000F80F249815FED047A2B
:1029200007EE100A67EE277A6FF0170217EE907A1B
:10293000F048F915C7F316077F398742114447F06D
:102940007E5240F33681EC48874240F3B9819FEDD7
:10295000EB5A0131A2F50002F0EE453A0020F7EE05
:10296000006A04EE902A74EEA67AB7EE007A87EE3B
:10297000278A521042F0005202F58022024434EEBF
:10298000E67ADFEDDF8A9FEDDF2A9FEDDF0ADFEDDC
:10299000DF0A9FEDDF1ADFEDDF1ADFEDDF2A9FEDA3
:1029A000DF3A27EE084A07EE902A24EE046ADC4A52
:1029B000A6EE282A14EE100A104005EE900AA2EEA8
:1029C000060AB1EE652A77EEE66AA2EE277AF0EE05
:1029D000607AE0EE067A74EEE64AF0EE476AB0EE10
:1029E000417AA7EE867AE2EE246AE7EE061A66EEF0
:1029F000886A75EE847A26EE066A67EEA67AF0EEAD
:102A0000084AE6EE217AB0EE646AA5EEA56A07EE02
:102A1000101A36EE276ADFEDC31A16EE101A1140AF
:102A200006EE101A76EE644AB8EEC77AE2EE254A50
:102A300077EEE47A67EE847AE6EE267AF0EE676A5D
:102A4000E5EE866A16EE901A114006EE901AE2EE56
:102A5000066A05EE901A77EEE67A67EEA27AE5EE60
:102A6000837A77EEA37AF0EE676AE5EEA16A76EEF6
:102A7000856A76EE876A16EE901A114006EE901A75
:102A800036EEC77A37EE457AA5EEE17A77EEC77A69
:102A900024F47F6424F00F0407EE10AA06EE104A17
:102AA00067EE877A37EE466A07EE104AE6EE267A38
:102AB00009F1FF3959EA030326EE877ABFEE008A4F
:102AC00077EE876AB7EE006A16EE900A18BFB0EE8E
:102AD000468A002820F0004340F39480B3F1864FEB
:102AE00000F387807AD0B3F17C5F00F397800021F8
:102AF00016EE903A23F47F6323F00F0306EE903A2C
:102B00009FED896ADFED895A9FED893ADFED893AB9
:102B10009FED892A9FED894ADFED894A9FED895A09
:102B200036EEC77AF0EE002A77EEC77A26EE867A7E
:102B3000A7EEA57AF7EE005AF0EE477AA6EE837A72
:102B400027EE076AF0EE471AE6EEC31AF0EE636A64
:102B5000E6EE026A77EEE17AA6EE864AE7EE277A9B
:102B6000E4EE064AA4EE865AF0EE456AB0EE475A05
:102B7000A6EEC65AF0EE456A36EEE26A27EE055A30
:102B8000C5EE066A76EEE77A37EEC77A35EEC77A93
:102B900017EE103A03EBC153B3F5000FC0F2A28059
:102BA00007EE903A67EE887A17EE900A04E6002264
:102BB000BEE69FED525A0020F0EE453AF7EE006A6D
:102BC000CFE6614A974248DD002C7FF769AEDFED22
:102BD0005F7A67EEA77A17EE900AEDE59FED5C6AE3
:102BE00076EEC76A37EE866AB4EEE66AF1EE10FA60
:102BF00014DD9FED567A68EE077A67EE877A17EE56
:102C0000900AD9E5534A934263DC7FF46CAF76EEC9
:102C1000C76AF4EEE76AF1EE10FA5ADADB154FF400
:102C200000027E3B42FA03F30344C3F3C7524A4C0B
:102C30007F3A1441C3F3160123EA040306EE903AE7
:102C4000C2F1170241F4000137EE667A1141002803
:102C5000B8BF494277EE876A4AE707EE100AF7EEF7
:102C6000007A77EE677A9FED296A9FED3C7ADFED77
:102C70003C4ADFED3C5AB1EE675AF5EE006AA5EE2C
:102C8000266AF6EE006AE6EE676A27EEA76A66EE47
:102C9000866A27EE667AA7EEA47AF0EE476AE7EE38
:102CA000A56A16EE902A22F47F6222F00F0207EE48
:102CB000902AE5EE257A06EE902A77EE677AE7E627
:102CC0009FED295ADFED293A4FF40010F7EE086A1C
:102CD00047E69FED277A68EE077A67EE877A17EE68
:102CE000900A69E517EE100A00F072FF07EE900AED
:102CF00058E700BF71C41C00D6B35D00000000009F
:102D000042F1533E55326C3E05A38B3EABAAAA3E20
:102D1000B76DDB3E9A99193F4F38763FA0C39D3679
:102D200000F0FFFF0038763F8CBEBF351872313F90
:102D30000072313F0EEADDB54CBB313355B38A38F2
:102D4000610B36BBABAA2A3E0700803FCAF249712D
:102D50003CAA383300001643FFFF7F003BAAB83F70
:102D600070A5EC3600AAB83F00C0153FDCCFD135C6
:102D70006042A20D70B5994A20F00044944286B09A
:102D80006BDD974A944206461CDC002824F00F04B1
:102D9000DFED947A944A07EE100A64DD944277EEF0
:102DA000677A00F0D5809FED917A77EEC76A0120AF
:102DB00077EEE67AC1ED006A77EEC77AC1ED017A67
:102DC00006B070BD8A4A94420D4660DDB4F1FF4FF3
:102DD00080F2B480E215863AA4EBC25307EE903A33
:102DE000BDEEE77ADFED836AB8EEC77A77EEC77A91
:102DF0008DED037A67EEA67ABDEEE77AB8EEC77A74
:102E000077EEC77A8DED047A67EEA67AF5EE407A12
:102E1000F1EE10FACDED057A40F0CC80B5EE407AB7
:102E2000F1EE10FA0CBF0123022373490191022134
:102E3000009103A8294600F07FF9002E11DA95EDE4
:102E4000007AD5ED017AB1EE477AF1EE677A404229
:102E500085ED007AC5ED017A03E0002208604A6042
:102E6000002006B070BD944277EE277A00F08F8084
:102E70009FED5E7A77EE876A4FF0FF3077EEE67A65
:102E8000C1ED006A77EE877AC1ED017AE9E700F0DB
:102E9000CDFD9FED5A6A9FED535ADFED546A07EE60
:102EA000100AF6EE007AE7EE067AFDEEE77AB8EE63
:102EB000E76A17EE900AF1EE465AF0EE477A1F28BD
:102EC000E5EE857A26EE267A54DD77EEC76A16EEB1
:102ED000903AE415C3F3C753E31A082B54DD9FED72
:102EE000487ADFED486AB0EE675AA5EE875A77EE6A
:102EF000C57AE5EE877AD6EE267A75EE676AB0EE89
:102F0000677A16EE903AC3F3C753E41A192C53DCD0
:102F1000C5ED006AF0EE457A77EEE67A002E77EEA0
:102F2000C77AC5ED017A9CDAF1EE666AF1EE677A4E
:102F3000C5ED006AC5ED017A404292E707EE900ABE
:102F400077EEE77A0020C1ED017AC1ED007A88E7DB
:102F5000DFED2B6A9FED2B7A77EEE67A012077EE94
:102F6000C76A77EEE67AC1ED006A77EEC77AC1EDFF
:102F7000017A76E7421E244B53F8223024F0FF02F8
:102F80009A4277EEC76AA2D0C5ED006AC4E7DFEDCA
:102F90001C6A9FED1C7A77EEA67A4FF0FF3077EE31
:102FA000876A77EEE67AC1ED006A77EE877AC1ED3F
:102FB000017A56E7032338E7DFED146ADFED144AA0
:102FC000F0EE457AE5EEA67A35EE677AA5EEA67ABA
:102FD00096EE247A77EEC76AD6E700BFD80F493F4E
:102FE000E3CB1640800FC93FD00FC93F434435376C
:102FF000800F4943000080439C82040084F9223FF3
:103000000044353708A3852E1C82040000A3852EBA
:1030100032318D2407EE900AF1EEE77A17EE900A2E
:10302000704700BF20F00043B3F1485F06EE100A7E
:1030300006EE901A2EDAFDEEC67A17EE903A002BC5
:103040005FD026EE067ADFED343A9FED344ADFEDAD
:10305000344A9FED345ADFED347ADFED345AA7EE6F
:10306000234AE7EE044AA7EE245AE7EE057AE7EE94
:10307000275A65EE875A66EEC66AB6EE006AE7EE34
:10308000256AF7EE007AD7EE066A77EEE67A17EE53
:10309000900A704726EE067ADFED1F3A9FED1F4A31
:1030A000DFED1F4A9FED1F5ADFED1F7ADFED1F5A3C
:1030B0001F4AA7EE234A9342E4EE074AA4EE875A3A
:1030C000E5EE077AE7EE875A65EE875AD3DD194AAF
:1030D00093421BDC03F17F4307EE903AB7EE005AB0
:1030E00035EE675A66EEC66AB6EE006AE7EE256A06
:1030F000D7EE067A77EEE67A75EE677A17EE900AE3
:103100007047F7EE007A17EE900A7047B6EE075A4E
:10311000F5EE027AE6E700BF4ED747ADF6740F3101
:103120007CF293B4010DD037610BB6BAABAA2A3D3D
:103130009999993E0000483F2DE9F04F2DED048B01
:10314000D7B003F1FF390293D31E48BF131DBA4C09
:10315000649D0591DB1023EAE37354F82560039323
:1031600003F10108A2EBC80816EB09028646A3EB9F
:10317000090316D41A449FEDB17A6598511C1AAA16
:10318000002BA4BF50F8234007EE904A03F101033F
:10319000ACBFF8EEE77AF0EE477A8B42E2EC017AC8
:1031A000EED1029B002E4FEA83044FEA860A1DDB14
:1031B0001AAB181943AA7346191902EB0A0742AD54
:1031C000F446B9F1000FDFED9D7A09DB0246634654
:1031D000F3EC016A32ED017A8B42E6EE877AF7D1A1
:1031E000E5EC017ABD4200F10400EAD1AAF108033E
:1031F00006ADEB1804939FED939ADFED918A00964C
:1032000005ABB34674449A4442AF76464FEA8B030B
:1032100056AA1A44BBF1000F52ED146A16DD07EBF3
:103220008B02294666EE897AB0EE667AFDEEE77A81
:1032300032ED016AF8EEE77ABA42A7EEE87A77EE65
:10324000866ABDEEC77AA1EC017AEBD1414616EE53
:10325000900A019300F0BCFC08EE100AF4EE007A2C
:1032600068EE277A17EE900A00F0ECFB07EE100AE2
:10327000F2EE007AA7EE678AB8F1000F019BFDEE2F
:10328000C89AF0EE487AB8EEE98A37EEC88A40F379
:10329000C6800BF1FF3CC8F1080255F82C1041FA2A
:1032A00002F000FA02F2891A45F82C1019EE90CAC1
:1032B0008444C8F1070209EE90CA41FA02F2002ADA
:1032C00048DD19EE901ABBF1000F01F1010109EE82
:1032D000901A40F33682D5F800C0BCF1000F40F0E0
:1032E0009B80BBF1010F20D0AE4601205EF8041F89
:1032F00000F1010C002900F09980E6468C467146E9
:10330000CCF5807C8B4545F820C00CDD55F82100BC
:103310002B4405EB810100E00868C0F1FF0041F893
:10332000040B9942F8D14FF0010CB8F1000F0EDDFB
:10333000B8F1010F00F02E81B8F1020F07D10BF1A7
:10334000FF3155F8213003F03F0345F82130022AC0
:1033500000F00981B5EE408AF1EE10FA40F0868067
:10336000009B0BF1FF3C63450EDC0BF18041013902
:1033700005EB8101002051F80439514540EA030072
:10338000F9D1002840F00F81009B013B55F8233014
:10339000002B40F0FC80049B4FF0010C53F80429F3
:1033A0000CF1010C002AF9D0DC440BF1010EE645CA
:1033B00030DC039B029A0EEB03015A4403EB0C0B27
:1033C0001AAB01F1804103EB8202659B013903EBEB
:1033D000810107EB8E0E03EB8B0B51F8043F9FED41
:1033E000177A07EE903AF8EEE77A1046B9F1000F37
:1033F000E0EC017A09DB334601E072ED017AF3EC8F
:10340000016AA342A6EEA77AF7D15945AEEC017A3C
:103410000246E2D1E346F9E60121002070E715D12A
:103420000BF1FF3255F82220121248E7E3456046BF
:103430007FF45CAF8C4678E7F08504000000000064
:10344000000080430000803B0000C93FF6EE007A98
:10345000B4EEE78AF1EE10FA80F25D81B5EE408AB3
:10346000F1EE10FA4FF000023FF47AAFC8F100011C
:1034700018EE100A0192009E00F0AAFB5FED106AA0
:10348000019A07EE100AB4EEE67AF1EE10FAC0F2F5
:103490005B815FED147A67EE277A0BF10103FDEE95
:1034A000E77A08F10808F8EEE77AA7EEE67AFDEE8B
:1034B000E77ABDEEC77A17EE101A45F82B1017EE13
:1034C000901A45F8231041464FF07E50CDE9002375
:1034D00000F07EFB019B009A002B07EE100AC0F261
:1034E0004A819F0042A907F1040E5FED2A6A0F444A
:1034F000381D05EB0E0171ED017AF8EEE77AA9426D
:1035000067EE877A27EE267A60ED017AF3D10DF126
:10351000B8081FED336AC44603F101090025002EE7
:10352000C0F20481A24CDFEDA37A3846B0EE467AB1
:10353000002103E0A94208DCB4EC017AF0EC016A56
:1035400001318E42E6EE877AF4DA01354D45ECEC36
:10355000017AA7F10407E2D16499032955D8DFE87D
:1035600001F0CAB7B75DF7EE007A37EEC88ABCF152
:10357000000F3FF4EFAE17EE900A4146019200F0C3
:1035800027FB07EE900A019A38EE678AE2E64FF0D1
:10359000010C09E70BF1FF3155F8213003F07F03EF
:1035A00045F82130D3E655F82C10009E6346A8F16B
:1035B0000808002987D10CF18041013905EB810110
:1035C00051F80409013BA8F108080028F8D07AE76F
:1035D000DFED787A002A40F0BF809DED2E7A0599C4
:1035E000002BC1ED007A77EE677A0BDD2FA8012161
:1035F000B0EC017A01318B4277EE877AF8DA002A53
:1036000040F0B680059BC3ED017A19EE903A03F0C5
:10361000070057B0BDEC048BBDE8F08F002B40F3E2
:10362000C4809C0056A921440DF1B80803F18040E4
:1036300051ED286A013808EB830171ED017A37EE0C
:10364000A67A884577EEC77A81ED007A77EEA67A7A
:10365000F0EE476AC1ED017AEFD1012B40F3A5806E
:1036600056AB1C448000031D54ED286A43442FA927
:1036700073ED017A37EEA67A994277EEC77A83ED39
:10368000007A77EEA67AF0EE476AC3ED017AEFD1C1
:103690000830DFED487A08EB000308F1080833ED45
:1036A000017A984577EE877AF9D1DDED2E6A9DEDA6
:1036B0002F7A2AB1F1EE666AB1EE477AF1EE677AB7
:1036C000059BC3ED006A83ED017AC3ED027A9CE7A6
:1036D000002BFFF67DAF2EA800EB8301DFED357ADE
:1036E000043131ED017A884277EE877AF9D1002AE8
:1036F0003FF473AF30E0DFED2F7AC6443EED017A40
:10370000F04577EE877AF9D10AB1F1EE677A059B39
:10371000C3ED007A79E719EE902ABBF1000F02F1B0
:10372000010209EE902A3ADD0222D4E5DFED217A8A
:1037300001354D45ECEC017AA7F104077FF4EFAEBB
:103740000AE74FF0000CF0E5BDEEC77A5B4617EED6
:10375000101A45F82B10B6E6DDED2E6A0599B1EE8C
:10376000677A002B76EEE77A81ED007A3FF73EAF7D
:10377000F1EE677A46E7649903293FF646AF01A068
:1037800050F821F095370400D1360400D1360400FA
:103790001D360400DFED077A002AB6D1B7E7F7EE51
:1037A000007A37EEC88A0222D4E5DFED027A7CE7A0
:1037B000C88504000000000020F00043B3F1485F1A
:1037C00007EE900A06EE101A04DABDEEE77A17EE5D
:1037D000103A23B327EEA77A9FED174ADFED174A79
:1037E0009FED175ADFED175ADFED176AE7EE044A2F
:1037F00027EE874AA4EE875AE5EE075AE5EE876A78
:1038000082B166EEC46AF6EE005AE6EE256ADFED96
:103810000F5A96EE876AA4EE256A77EEC67A17EEFF
:10382000900A70479FED0A6AA7EE266AE6EE047AD0
:1038300017EE900A704700BFD3C92E2F342FD7B28E
:103840001BEF3836010D50B98988083CABAA2A3ED7
:10385000ABAA2ABE41F0004101F58010C00F7047AD
:103860000020704700200149704700BF0000F87F2A
:1038700038B520F00044B4F1A14F07EE900A054698
:103880000DDBB4F1FF4F5CDC9FED557ADFED557A2F
:103890000028C8BFF0EE477A17EE900A38BD524BA9
:1038A0009C4261DCB4F1445F50DB4FF0FF3327EE04
:1038B000A76A9FED4E1A9FED4E2ADFED4E1ADFEDFF
:1038C0004E2A9FED4E3ADFED4E3A9FED4E4ADFED28
:1038D0004E4A9FED4E5A9FED4E7ADFED4E5A66EE00
:1038E000066A5A1CA6EE812AE6EEA12AA2EE263A24
:1038F000E2EEA63AA3EE264AE3EEA64AA4EE265A44
:10390000A4EEA67AE5EE265A27EE267AA5EE867A6A
:1039100027EE277A3FD04049404A9B001944D1ED19
:10392000006A37EE667A134437EE677AD3ED007A91
:1039300077EEC77A002DB8BFF1EE677A17EE900ADE
:1039400038BD77EEA77A17EE900A38BD9FED347A2E
:1039500037EE877AF7EE006AB4EEE67AF1EE10FA07
:10396000A3DD17EE900A38BD00F060F82D4B9C42A5
:1039700007EE100A14DCA3F5D0039C4225DCF0EE20
:10398000007AFFEE006AE7EE276A002337EE277A17
:10399000C6EE877A8BE777EEC77A17EE900A38BDC6
:1039A000214B9C420BDCF7EE087AF7EE006AE7EE5B
:1039B000276A022337EE677AC7EE267A77E7FFEEAB
:1039C000006AC6EE877A032371E7F7EE007A77EE96
:1039D000676A37EE277A0123C6EE877A67E700BF6A
:1039E000DB0FC93FDB0FC9BFFFFFDF3ED769853C57
:1039F00059DA4B3D21A215BD6BF16EBD356B883D8B
:103A000095879DBD6E2EBA3D388EE3BD2549123E89
:103A1000CDCC4CBEABAAAA3E0C860400FC850400AB
:103A2000CAF24971FFFF973FFFFF1B4020F00040A3
:103A3000704700BF20F00040B0F1FF4FACBF002046
:103A40000120704782B00190019A22F00041CB0D15
:103A50007F3B162B20DC002B10462EDB234919411F
:103A60000A4224D0DFED227A9DED017A77EE277AA3
:103A7000F5EEC07AF1EE10FA19DD002A04DA4FF4FF
:103A8000000242FA03F3184420EA010307EE903AD9
:103A900017EE900A02B07047B1F1FF4FDDED017AE9
:103AA000F6D377EEA77A17EE900A02B07047DDEDF5
:103AB000017A17EE900A02B07047DFED0D7A9DEDA6
:103AC000017A77EE277AF5EEC07AF1EE10FAEEDDA4
:103AD000002A02DBDFED077ADAE7FFEE007A002941
:103AE00018BFB0EE677AF0EE477AD1E7FFFF7F00AC
:103AF000CAF2497100000000004870470000C07F12
:103B000010B485B00190019A22F00041CB0D7F3BAB
:103B1000162B2ADC21B3002B11464FEAD27032DB80
:103B2000294A1A4111421BD05208114207D04FF4C2
:103B3000001421EA020244FA03F342EA0301234B90
:103B400003EB800090ED007A07EE901A77EE277A6B
:103B5000CDED037ADDED037A77EEC77ACDED017A0C
:103B6000019805B05DF8044B7047B1F1FF4FF7D3F2
:103B7000DDED017A77EEA77ACDED017A019805B0F7
:103B80005DF8044B7047C2F316035B420F495B0AB2
:103B9000120D03F4800312051A4301EB800191ED2D
:103BA000007A07EE902A77EE277ACDED037ADDEDE5
:103BB000037A77EEC77A17EE903A23F0004343EA90
:103BC000C0730193CCE700BFFFFF7F001C86040099
:103BD00000B52DED028B83B00190019B33F00042C4
:103BE0001DD0B2F1FF4F0FD2B2F5000F20D3D20D8E
:103BF0000A44FE2A2CDC002A3DDD23F0FF4343EA81
:103C0000C25307EE903A03E007EE900A77EEA77AE8
:103C100017EE900A03B0BDEC028B5DF804FBDDEDFE
:103C2000017A17EE900A03B0BDEC028B5DF804FB3D
:103C30009DED017ADFED1B7A1B4B67EE277A9942E7
:103C4000CDED017A10DB019BC3F3C752193ACFE7E0
:103C50009FED168A019918EE100A00F041F907EE5F
:103C6000900A67EE887AD3E7DFED117A9DED017A4D
:103C700067EE277ACCE712F1160F06DA4CF25033D2
:103C80009942E5DC9FED0A8AE4E7193223F0FF430D
:103C900043EAC2539FED077A07EE903A67EE877AC0
:103CA000B6E700BF0000004CB03CFFFFCAF249710C
:103CB0006042A20D0000003330B482B00190019B3D
:103CC00033F0004241D0002B4ADBB3F1FF4F54DA0E
:103CD000B3F5000F80F29D80DFED6E7A9DED017AE5
:103CE00067EE277A6FF0180517EE903A6A4AC3F329
:103CF0001604224402F4000282F07E50DB1504F127
:103D00000F0120437F3B07EE900AC1F316012B44BD
:103D1000B7EE007A0F2903EBD25337EEC77A35DCC2
:103D2000B5EE407AF1EE10FA75D1002B00F0AE80BE
:103D300007EE903AB8EEE77ADFED587ADFED586A91
:103D400067EE277AE7EE267A05E0DFED566A9FED0B
:103D5000567AC6EE877A17EE900A02B030BC7047EA
:103D6000DDED017A9FED507A77EEE76AC6EE877A4D
:103D700017EE900A02B030BC7047DDED017A77EEA5
:103D8000A77A17EE900A02B030BC7047B0EE006A16
:103D900037EE066A9FED452ADFED453ADFED454AED
:103DA000DFED452A9FED454ADFED456ADFED457AB7
:103DB0004549C7EE065AC4F55712214402F522724E
:103DC0000A43002A06EE103A25EEA55AB8EEC63A86
:103DD00025EE056AE6EE023AA6EE224AE3EE864AB0
:103DE000E4EE067AE4EE866A66EE856AE7EE866AB7
:103DF0003BDDB6EE006A27EE066A26EE076A76EE2F
:103E0000866A66EEA56A03BB76EE666A77EE667A28
:103E1000A1E700256AE7DFED2D6AF6EE007AE7EE0E
:103E2000667A67EE076A67EEA67ADBB106EE903A2D
:103E3000DFED1A5A9FED1A6AF8EEE66AE6EEE57AC9
:103E400077EEC77AD6EE867A85E7DFED147ADFED76
:103E5000145AE3EE276A76EE667A77EEC77AD3EEE7
:103E6000257A78E777EE677A75E777EE667A67EE18
:103E7000A57A002BF6D09FED096ADFED096AE3EE23
:103E8000467A77EEC77AD3EE267A64E7DFED067AD4
:103E900061E700BF0000004C20FB4A00D1F7173754
:103EA0008071313F000000CC000000009788173E71
:103EB00025333A3E2549923E4FD01C3E298E633E23
:103EC000ABAA2A3FCDCCCC3E305CCFFFABAAAA3EFA
:103ED00003F0004321F0004242EA0301704700BFB3
:103EE00001F0004120F000400843704710B5054C38
:103EF00013462CB10A4601460220AFF3008010BDE4
:103F00002046FCE700000000014B1868704700BF26
:103F1000F420002008B5074B044613B10021AFF38D
:103F20000080054B1868836A03B19847204600F06B
:103F300061FF00BF000000002486040070B50D4E34
:103F40000D4CA41BA4100025A54209D10B4E0C4C0E
:103F500001F010F9A41BA4100025A54205D170BDE5
:103F600056F8253098470135EEE756F82530984742
:103F70000135F2E7342300203423002034230020CD
:103F800058230020024B0146186800F09FBF00BF75
:103F9000F420002038B5074C00230546084611469A
:103FA000236000F01FFF431C02D1236803B12B6084
:103FB00038BD00BF9C440020084B37B51C68084D35
:103FC000236A002B08BF2B46009313460A4601467E
:103FD000204600F0B7FF03B030BD00BFF420002042
:103FE00058210020084B37B51C68084D236A002B68
:103FF00008BF2B46009313460A460146204601F0AF
:104000001CF803B030BD00BFF42000205821002070
:1040100081F0004102E000BF83F0004330B54FEA79
:1040200041044FEA430594EA050F08BF90EA020FE6
:104030001FBF54EA000C55EA020C7FEA645C7FEA79
:10404000655C00F0E2804FEA5454D4EB5555B8BF9C
:104050006D420CDD2C4480EA020281EA030382EA0D
:10406000000083EA010180EA020281EA0303362D9F
:1040700088BF30BD11F0004F4FEA01314FF4801C72
:104080004CEA113102D0404261EB410113F0004F84
:104090004FEA03334CEA133302D0524263EB43033B
:1040A00094EA050F00F0A780A4F10104D5F1200ED9
:1040B0000DDB02FA0EFC22FA05F2801841F1000134
:1040C00003FA0EF2801843FA05F359410EE0A5F108
:1040D00020050EF1200E012A03FA0EFC28BF4CF039
:1040E000020C43FA05F3C01851EBE37101F00045EF
:1040F00007D54FF0000EDCF1000C7EEB00006EEBFC
:104100000101B1F5801F1BD3B1F5001F0CD3490885
:104110005FEA30004FEA3C0C04F101044FEA4452DC
:1041200012F5800F80F09A80BCF1004F08BF5FEA63
:10413000500C50F1000041EB045141EA050130BD43
:104140005FEA4C0C404141EB010111F4801FA4F1E6
:104150000104E9D191F0000F04BF01460020B1FA3B
:1041600081F308BF2033A3F10B03B3F120020CDA73
:104170000C3208DD02F1140CC2F10C0201FA0CF051
:1041800021FA02F10CE002F11402D8BFC2F1200CB6
:1041900001FA02F120FA0CFCDCBF41EA0C0190406C
:1041A000E41AA2BF01EB0451294330BD6FEA0404B5
:1041B0001F3C1CDA0C340EDC04F11404C4F12002A0
:1041C00020FA04F001FA02F340EA030021FA04F3B2
:1041D00045EA030130BDC4F10C04C4F1200220FA09
:1041E00002F001FA04F340EA0300294630BD21FA47
:1041F00004F0294630BD94F0000F83F4801306BF0D
:1042000081F480110134013D4EE77FEA645C18BF00
:104210007FEA655C29D094EA050F08BF90EA020F97
:1042200005D054EA000C04BF1946104630BD91EA8F
:10423000030F1EBF0021002030BD5FEA545C05D192
:104240004000494128BF41F0004130BD14F58004D1
:104250003CBF01F5801130BD01F0004545F0FE4145
:1042600041F470014FF0000030BD7FEA645C1ABF7A
:10427000194610467FEA655C1CBF0B46024650EAB1
:10428000013406BF52EA033591EA030F41F40021DD
:1042900030BD00BF90F0000F04BF0021704730B563
:1042A0004FF4806404F132044FF000054FF0000138
:1042B00050E700BF90F0000F04BF0021704730B5F9
:1042C0004FF4806404F1320410F0004548BF4042CE
:1042D0004FF000013EE700BF42004FEAE2014FEA23
:1042E00031014FEA02701FBF12F07F4393F07F4FFE
:1042F00081F06051704732F07F4208BF704793F001
:104300007F4F04BF41F40021704730B54FF4607413
:1043100001F0004521F000411CE700BF50EA010216
:1043200008BF704730B54FF000050AE050EA0102BF
:1043300008BF704730B511F0004502D5404261EB2F
:1043400041014FF4806404F132045FEA915C3FF470
:10435000D8AE4FF003025FEADC0C18BF03325FEA0D
:10436000DC0C18BF033202EBDC02C2F1200300FABE
:1043700003FC20FA02F001FA03FE40EA0E0021FAE3
:1043800002F11444BDE600BF70B54FF0FF0C4CF4D1
:10439000E06C1CEA11541DBF1CEA135594EA0C0F83
:1043A00095EA0C0F00F0DEF82C4481EA030621EABE
:1043B0004C5123EA4C5350EA013518BF52EA0335F9
:1043C00041F4801143F4801338D0A0FB02CE4FF0AB
:1043D0000005E1FB02E506F00042E0FB03E54FF0DB
:1043E0000006E1FB03569CF0000F18BF4EF0010ED3
:1043F000A4F1FF04B6F5007F64F5407404D25FEACF
:104400004E0E6D4146EB060642EAC62141EA555181
:104410004FEAC52040EA5E504FEACE2EB4F1FD0CC3
:1044200088BFBCF5E06F1ED8BEF1004F08BF5FEA41
:10443000500E50F1000041EB045170BD06F00046F3
:1044400046EA010140EA020081EA0301B4EB5C04A0
:10445000C2BFD4EB0C0541EA045170BD41F4801198
:104460004FF0000E013C00F3AB8014F1360FDEBFBD
:10447000002001F0004170BDC4F10004203C35DA99
:104480000C341BDC04F11404C4F1200500FA05F31C
:1044900020FA04F001FA05F240EA020001F00042BD
:1044A00021F0004110EBD37021FA04F642EB060133
:1044B0005EEA430E08BF20EAD37070BDC4F10C045D
:1044C000C4F1200500FA04F320FA05F001FA04F221
:1044D00040EA020001F0004110EBD37041F100010D
:1044E0005EEA430E08BF20EAD37070BDC4F1200518
:1044F00000FA05F24EEA020E20FA04F301FA05F280
:1045000043EA020321FA04F001F0004121FA04F227
:1045100020EA020000EBD3705EEA430E08BF20EAF7
:10452000D37070BD94F0000F0FD101F00046400031
:1045300041EB010111F4801F08BF013CF7D041EAB3
:10454000060195F0000F18BF704703F000465200B7
:1045500043EB030313F4801F08BF013DF7D043EA88
:104560000603704794EA0C0F0CEA135518BF95EA3E
:104570000C0F0CD050EA410618BF52EA4306D1D1C5
:1045800081EA030101F000414FF0000070BD50EAE4
:10459000410606BF1046194652EA430619D094EA6E
:1045A0000C0F02D150EA013613D195EA0C0F05D158
:1045B00052EA03361CBF104619460AD181EA0301AC
:1045C00001F0004141F0FE4141F470014FF0000064
:1045D00070BD41F0FE4141F4780170BD70B54FF0FF
:1045E000FF0C4CF4E06C1CEA11541DBF1CEA13557F
:1045F00094EA0C0F95EA0C0F00F0A7F8A4EB050461
:1046000081EA030E52EA03354FEA013100F0888057
:104610004FEA03334FF0805545EA131343EA126320
:104620004FEA022245EA111545EA10654FEA0026D5
:104630000EF000419D4208BF964244F1FD0404F58E
:10464000407402D25B084FEA3202B61A65EB0305EA
:104650005B084FEA32024FF480104FF4002CB6EBA7
:10466000020E75EB030E22BFB61A754640EA0C0027
:104670005B084FEA3202B6EB020E75EB030E22BF67
:10468000B61A754640EA5C005B084FEA3202B6EBA8
:10469000020E75EB030E22BFB61A754640EA9C0067
:1046A0005B084FEA3202B6EB020E75EB030E22BF37
:1046B000B61A754640EADC0055EA060E18D04FEAF5
:1046C000051545EA16754FEA06164FEAC30343EA95
:1046D00052734FEAC2025FEA1C1CC0D111F4801F62
:1046E0000BD141EA00014FF000004FF0004CB6E75B
:1046F00011F4801F04BF01430020B4F1FD0C88BFFA
:10470000BCF5E06F3FF6AFAEB5EB030C04BFB6EB04
:10471000020C5FEA500C50F1000041EB045170BDF7
:104720000EF0004E4EEA113114EB5C04C2BFD4EB24
:104730000C0541EA045170BD41F480114FF0000EA8
:10474000013C90E645EA060E8DE60CEA135594EA24
:104750000C0F08BF95EA0C0F3FF43BAF94EA0C0F27
:104760000AD150EA01347FF434AF95EA0C0F7FF49C
:1047700025AF104619462CE795EA0C0F06D152EAF0
:1047800003353FF4FDAE1046194622E750EA4106D4
:1047900018BF52EA43067FF4C5AE50EA41047FF4E5
:1047A0000DAF52EA43057FF4EBAE12E74FF0FF3C4A
:1047B00006E000BF4FF0010C02E000BF4FF0010C1B
:1047C0004DF804CD4FEA410C7FEA6C5C4FEA430C94
:1047D00018BF7FEA6C5C1BD001B050EA410C0CBFE3
:1047E00052EA430C91EA030F02BF90EA020F002045
:1047F000704710F1000F91EA030F58BF994208BFAC
:1048000090422CBFD8176FEAE37040F00100704768
:104810004FEA410C7FEA6C5C02D150EA013C07D1BF
:104820004FEA430C7FEA6C5CD6D152EA033CD3D00A
:104830005DF8040B704700BF8446104662468C4604
:104840001946634600E000BF01B5FFF7B7FF002837
:1048500048BF10F1000F01BD4DF808EDFFF7F4FF60
:104860000CBF012000205DF808FB00BF4DF808EDEB
:10487000FFF7EAFF34BF012000205DF808FB00BF0E
:104880004DF808EDFFF7E0FF94BF012000205DF830
:1048900008FB00BF4DF808EDFFF7CEFF94BF0120E5
:1048A00000205DF808FB00BF4DF808EDFFF7C4FFDE
:1048B00034BF012000205DF808FB00BF4FEA410C27
:1048C0007FEA6C5C02D150EA013C0AD14FEA430C0A
:1048D0007FEA6C5C02D152EA033C02D14FF0000047
:1048E00070474FF0010070474FEA410212F5001285
:1048F00015D211D56FF47873B3EB625212D94FEA27
:10490000C12343F0004343EA505311F0004F23FA10
:1049100002F018BF404270474FF00000704750EA65
:10492000013005D111F0004008BF6FF00040704722
:104930004FF00000704700BF4A0011D212F500127C
:1049400011D20DD56FF47873B3EB62520ED44FEAE7
:10495000C12343F0004343EA505323FA02F0704767
:104960004FF00000704750EA013002D14FF0FF30A5
:1049700070474FF0000070474FEA4102B2F1E04348
:1049800024BFB3F5001CDCF1FE5C0DD901F0004C36
:104990004FEAC0024CEA5070B2F1004F40EB830086
:1049A00008BF20F00100704711F0804F21D113F1B2
:1049B0003872BCBF01F00040704741F480114FEAEB
:1049C0005252C2F11802C2F1200C10FA0CF320FA74
:1049D00002F018BF40F001004FEAC1234FEAD32391
:1049E00003FA0CFC40EA0C0023FA02F34FEA4303FB
:1049F000CCE77FEA625307D150EA01331EBF4FF084
:104A0000FE4040F44000704701F0004040F0FE409E
:104A100040F40000704700BF53B94AB9002908BFED
:104A200000281CBF4FF0FF314FF0FF3000F0D0B92D
:104A3000ADF1080C6DE904CE00F064F8DDF804E097
:104A4000DDE9022304B070472DE9F84382EAE274FD
:104A5000A4EBE2741546E20758BFDFF86090064603
:104A60000F4652BF4FF00008804689466408324620
:104A70003B463046394613D0FFF786FCE30706462F
:104A80000F46F3D54046494632463B46FFF77CFC8D
:104A900064088046894632463B4630463946EBD16B
:104AA000002D07DA42464B4600200449FFF796FDE9
:104AB0008046894640464946BDE8F8830000F03FFD
:104AC000D0B500220D4B06460F46FFF75DFCFFF701
:104AD00033FF0446FFF7DEFB0022094BFFF754FCCF
:104AE00002460B4630463946FFF796FAFFF724FF99
:104AF0000022234610431946D0BD00BF0000F03D00
:104B00000000F0412DE9F047089E04468846002B3E
:104B10004BD18A42154667D9B2FA82F24AB1C2F144
:104B2000200701FA02F320FA07F7954047EA030845
:104B300094404FEA154E230CB8FBFEF71FFA85FC94
:104B40000EFB178843EA084307FB0CF1994209D989
:104B5000EB1807F1FF3080F01B81994240F2188179
:104B6000023F2B445B1AA4B2B3FBFEF00EFB1033E2
:104B700044EA034400FB0CFCA44509D92C1900F1BC
:104B8000FF3380F00781A44540F2048102382C44B1
:104B900040EA0740A4EB0C0400271EB1D4400023D8
:104BA000C6E900433946BDE8F0878B4209D9002E9B
:104BB00000F0EB800027C6E9000138463946BDE821
:104BC000F087B3FA83F7002F47D18B4202D382429A
:104BD00000F2FA80841A61EB030301209846002E4C
:104BE000E0D0C6E90048DDE702B9FFDEB2FA82F2A2
:104BF000002A40F08F80491B4FEA154E1FFA85F8B6
:104C00000127B1FBFEFC230C0EFB1C1143EA014300
:104C100008FB0CF1994207D9EB180CF1FF3002D2D6
:104C2000994200F2CD808446591AA3B2B1FBFEF03E
:104C30000EFB101443EA044408FB00F8A04507D912
:104C40002C1900F1FF3302D2A04500F2B6801846BD
:104C5000A4EB080440EA0C409FE7C7F1200CBB40DE
:104C600022FA0CFE4EEA030E01FA07F420FA0CF5C4
:104C700021FA0CF34FEA1E482543B3FBF8F92C0C3C
:104C800008FB19331FFA8EFA44EA034309FB0AF4BE
:104C90009C4202FA07F200FA07F10BD91EEB03035C
:104CA00009F1FF3080F087809C4240F28480A9F1B6
:104CB000020973441B1BADB2B3FBF8F008FB1033C1
:104CC00045EA034400FB0AFAA24508D91EEB040496
:104CD00000F1FF336BD2A24569D90238744440EA2F
:104CE0000940A0FB0289A4EB0A044C45C2464B468E
:104CF00054D351D0002E69D0B1EB0A0564EB030404
:104D000004FA0CFCFD40FC404CEA0505C6E90054E1
:104D1000002747E7C2F1200320FA03F7954001FA84
:104D200002F021FA03F34FEA154E3843010CB3FBAE
:104D3000FEF71FFA85F80EFB173341EA034107FB24
:104D400008F38B4204FA02F407D9691807F1FF3C13
:104D50002FD28B422DD9023F2944CB1A81B2B3FB0B
:104D6000FEF00EFB103341EA034100FB08F38B42D7
:104D700007D9691800F1FF3C17D28B4215D90238C8
:104D80002944C91A40EA07473BE73746304609E756
:104D90000746E7E61846FBE64145ABD2B8EB020A08
:104DA00069EB0E0201381346A4E76046E9E71846AE
:104DB00095E76746D1E781467CE702382C4447E710
:104DC000ACF1020C2B442FE7384608E73746E9E6FA
:104DD000704700BF024B58221A604FF0FF307047F7
:104DE0009C440020024B58221A604FF0FF3070475D
:104DF0009C440020FEE700BFEBF786BA0B46014655
:104E00001846FFF773B810B5002814BF04460124F4
:104E10002046EBF753FA30B9FCF7BCF908B900F0BB
:104E20000FF88047F4E710BD08B500F004F808B5A6
:104E3000804700F005F808B5FCF7B4F9FFF7F7FF75
:104E400008B50620FFF79EF80120FFF7D3FF0A22DE
:104E50000021FFF7B1B830B50024A24201D10020F3
:104E600007E0035D01340D1915F8015CAB42F4D085
:104E7000581B30BD10B5431E0A44914200D110BDED
:104E800011F8014B03F8014FF7E7884210B501EB29
:104E9000020307D8421E99420AD011F8014B02F8CA
:104EA000014FF8E78342F5D98118D21AD34200D1D5
:104EB00010BD13F8014D01F8014DF7E70244034618
:104EC000934200D1704703F8011BF9E71F2938B559
:104ED00004460D4604D9162303604FF0FF3038BD59
:104EE000426C12B152F821304BB9204600F016F84E
:104EF0002A4601462046BDE83840FFF74BB8012B53
:104F00000AD0591C03D1162303600120E7E70024CF
:104F100042F82540284698470020E0E7FFF75ABFAF
:104F200010F8012B11F8013B012A28BF9A42F7D053
:104F3000D01A7047034613F8012B002AFBD1181A28
:104F4000013870472DE9F0478046894692461E4653
:104F50000F463D46089815F8014B00F0E8F820444C
:104F6000437813F0080332D12D2C32D17C78BD1C4C
:104F70000122002E5DD0102E09D1302C07D12B78C4
:104F800003F0DF03582B4FD16C7810260235002A2E
:104F900014BF4FF000416FF000410027B1FBF6FC59
:104FA000384606FB1C1EA4F13003092B17D81C46FB
:104FB000A64223DD7B1C07D084451CD301D1A64526
:104FC00019DB00FB0640012715F8014BEBE72F46E4
:104FD000BFE72B2C04BFBD1C7C781A46C9E7A4F19F
:104FE0004103192B01D8373CE2E7A4F16103192BE7
:104FF00004D8573CDCE74FF0FF37E5E77B1C08D1CE
:105000002223C8F800300846BAF1000F07D1BDE8E6
:10501000F08702B14042BAF1000FF8D00FB105F1AC
:10502000FF39CAF80090F2E73024002EAFD10826ED
:10503000ADE7302CA3D00A26A9E72DE9F04780463A
:10504000894692461E460F463D46089815F8014B84
:1050500000F06DF82044437813F0080330D12D2C74
:1050600030D17C78BD1C0121002E5CD0102E09D1DE
:10507000302C07D12B7803F0DF03582B4ED16C78FE
:10508000102602354FF0FF320023B2FBF6F206FB8A
:1050900002FC6FEA0C0C1846A4F13007092F17D850
:1050A0003C46A64223DD002B1EDB82421CD301D1ED
:1050B000A44519DB00FB0640012315F8014BEBE783
:1050C0002F46C1E72B2C04BFBD1C7C781946CBE7CB
:1050D000A4F14107192F01D8373CE2E7A4F1610799
:1050E000192F04D8573CDCE74FF0FF33E5E7002BDE
:1050F00009DA2223C8F800304FF0FF30BAF1000F70
:1051000007D1BDE8F08701B14042BAF1000FF8D0F5
:105110000BB105F1FF39CAF80090F2E73024002EF8
:10512000B0D10826AEE7302CA4D00A26AAE7D0F8E2
:10513000EC00704782B001B901A942B14BB11378BC
:105140000B601278101C18BF012002B07047104687
:10515000FBE76FF00100F8E749B1FF2A85BF8A231A
:1051600003600A704FF0FF3098BF01207047084677
:1051700070470000F8B500BFF8BC08BC9E467047F9
:10518000F8B500BFF8BC08BC9E46704700000000A0
:10519000000000000000000000000000000000000F
:1051A00010420000009004006E3C00A3AE9A43B889
:1051B00000300700790A0200B10A0200CD0A02009D
:1051C000E50A0200010B02001D0B0200390B020070
:1051D000550B0200650B02009D0B0200ED0B020057
:1051E000150C0200890C0200D10C0200E10C020037
:1051F000F10C0200F50C0200F90C0200090D02008E
:10520000C5160200ED540200FD4C020021500200C0
:105210002D5002004550020089260200395002003C
:10522000514D02001950020055340200A12602001F
:10523000592A02008529020035290200892B020023
:10524000E5230200C1250200D1250200E525020068
:1052500001260200B12F0200012F0200DD340200FE
:10526000FD3402001D5702002157020004590400BA
:105270003459040064590400BC5A0400ED4C020087
:105280009D4D0200253F0200213702003D570200DC
:1052900035570200395702005533020069310200C8
:1052A000D9310200892702009D270200BD27020094
:1052B0007D28020091280200C9280200DD22020098
:1052C0002D26020041260200452602004D2602003E
:1052D000592602006126020071260200792602008A
:1052E000812602001D3102004D310200914D020065
:1052F000E5500200115102007D510200CD21020053
:10530000D92102003122020039220200AD2502001B
:105310005D250200592202001D2302009124020093
:105320002123020065230200CD230200DD230200B9
:10533000F9300200D52B0200FD2B0200252C0200C3
:105340007D2C0200A92C02005D2A0200552B0200D0
:105350008D2A0200BD2A0200E52A02000D2B020060
:105360002D2B0200A9320200CD320200F1320200E0
:105370001533020035330200FD3002000D3102000A
:10538000912F0200A12F0200092D02000D2602001C
:10539000C52D02007D2E0200912E0200A52E0200D6
:1053A000B92E0200CD2E0200E12E02001D260200C1
:1053B00025260200255702008926020099260200B0
:1053C000A12602001D270200212702002527020036
:1053D000392702006D270200712702008127020091
:1053E000DD280200E9280200ED2802008D340200C9
:1053F000053502001D3502004135020089350200E5
:10540000A9350200153702002D370200293E02009F
:105410001D4004006D480400A94804001940040020
:10542000DD45040089430400C5160200CD3F02009B
:10543000F13F0200F53F020025400200514002000A
:10544000814002008D400200D1400200F540020080
:105450002541020051410200594102006141020010
:105460006D4102007D410200750E0200A10E020096
:10547000010F02000D0F02003D0F0200790F020024
:105480007D0F02008941020091410200F5410200B6
:105490001942020059440200414202004D420200FA
:1054A000554202005D4202000143020039430200FE
:1054B0004543020055430200614302008543020058
:1054C00019440200294402003D440200D11F020099
:1054D000D91F0200E51F0200E91F0200ED1F0200B4
:1054E000F11F0200F51F0200FD1F0200152002003F
:1054F000212002002D200200392002004D20020050
:105500009520020099200200A5200200A920020097
:10551000B9200200C1200200C5200200C9200200FB
:10552000D5200200DD200200F1200200FD20020053
:1055300001210200A1440200B1440200054502001D
:10554000154502004D45020059450200254502005F
:10555000314502003D4502006545020079450200E3
:105560005D4602006D460200D5470200D9470200A1
:10557000ED470200014802001548020029480200D8
:105580003D4802005D480200614802007548020083
:10559000D148020029490200354902007D49020034
:1055A000A5490200B5490200BD490200C94B0200ED
:1055B000F94B0200FD490200114A0200754A02003F
:1055C000894A0200A14A0200F94A0200214B020066
:1055D0002D4B02005D4B0200854B0200B14B0200D7
:1055E000FD540200C9520200155302005953020033
:1055F00089530200A1530200FD53020045540200EA
:105600008954020095540200C5540200D15402008E
:10561000DD540200E50F0200E90F02000110020054
:10562000151002002D10020041100200A513020007
:10563000E1140200A5100200A9100200D910020016
:10564000051102008511020091110200D51102001E
:105650004912020061120200891202009112020036
:10566000D50D0200E90D0200FD0D0200110E020031
:10567000250E0200390E02004D0E0200610E0200DE
:1056800095550200BD550200D1550200E5550200B6
:10569000F95502000D56020021560200355602004F
:1056A00011460200354602005946020061460200DA
:1056B0006546020069460200CD510200D151020048
:1056C000B1520200BD5202003D5502008955020050
:1056D000450D0200550D0200610D02006D0D020026
:1056E000910D0200150D0200310D0200A90D0200FE
:1056F00071560200CD5602000000000000000000BC
:105700000338FDD8704700000100000000000000D1
:105710000A0000000000000064000000000000001B
:10572000E803000000000000102700000000000057
:10573000A08601000000000040420F0000000000B1
:10574000809698000000000000E1F50500000000D0
:1057500000CA9A3B0000000000E40B540200000065
:1057600000E87648170000000010A5D4E80000000B
:1057700000A0724E1809000000407A10F35A000091
:105780004FBB610567ACDD3F182D4454FB21E93F59
:105790009BF681D20B73EF3F182D4454FB21F93F48
:1057A000E2652F227F2B7A3C075C143326A6813CCE
:1057B000BDCBF07A8807703C075C143326A6913C79
:1057C000000000000000E03F000000000000E0BF1B
:1057D0000000E0FE422EE63F0000E0FE422EE6BF63
:1057E000763C7935EF39EA3D763C7935EF39EABDDB
:1057F0000000000000000000000000000000008029
:1058000000000040FB21F93F000000002D44743EE1
:10581000000000809846F83C0000006051CC783BC6
:1058200000000080831BF0390000004020257A38FA
:10583000000000802282E336000000001DF369357D
:1058400000000000000000000DAE02000DAE0200DE
:105850000DAE020061090200650902003DAE0200C2
:105860000DAE02000DAE0200F1B0020011AE02005A
:1058700045B1020019B2020029AE0200B1120000C7
:10588000267930DAA26E0273B604384AB1120000EB
:10589000267930DAA26E0273B604384930313233D9
:1058A000343536373839616263646566000000005C
:1058B000000000000000000069700300C16F0300D9
:1058C000150F0300150F03001D0F03001D0F03002C
:1058D000050F0300250F030031730300410F030080
:1058E000F973030031700300610F0300A11502007A
:1058F000B515020035710300322E3000322E320011
:10590000322E5800080003F90000000001000000DA
:105910000000000039210200553402003521020048
:10592000052102000D210200112102003121020097
:1059300015210200080004F9000000000300000027
:105940000000000039210200553402000000000070
:1059500029210200000000000000000000000000FB
:10596000000000000C0002F900000000020000002E
:105970000000000039210200553402000000000040
:1059800025210200000000000000000000000000CF
:1059900000000000045904000700626F6F6C65612D
:1059A0006E000000045904000900756E64656669A4
:1059B0006E6564003459040000000000000000001F
:1059C0000459040000000000045904000800667532
:1059D0006E6374696F6E0000045904000900756EEF
:1059E000646566696E656400045904000800496EC8
:1059F00066696E69747900000459040003004E6101
:105A00004E0000000459040009002D496E66696EBD
:105A1000697479000459040004006E756C6C000010
:105A200004590400040074727565000004590400F0
:105A3000050066616C7365000459040008005B4F43
:105A4000626A6563745D0000045904000A005B46E5
:105A5000756E6374696F6E5D000000000459040088
:105A600006006E756D626572000000000459040046
:105A700006006F626A656374000000000459040048
:105A80000600737472696E6700000000080004F974
:105A9000000000000900000000000000713F02004B
:105AA000693F0200793F02006D3F020000000000E4
:105AB0000000000000000000000000000C0005F9DC
:105AC000000000000400000000000000F94C02008B
:105AD000E94C0200F93E02003D3F020000000000D8
:105AE000000000000000000000000000140004F9A5
:105AF000000000000800000000000000254C02002B
:105B0000314C02000D3F02004D3F0200000000003A
:105B1000000000000000000000000000080004F980
:105B2000000000000700000000000000F54C02002B
:105B3000F14C0200053F0200493F02000000000056
:105B40000000000000000000000000000C0004F94C
:105B5000000000000600000000000000194C0200D8
:105B6000214C0200F13E0200393F0200000000001B
:105B70000000000000000000000000000000000025
:105B80000000000041570200B557020049570200CB
:105B9000FD5802005DF50200095A02008D5A02000C
:105BA0007A76677074756F6965617A7667707475F7
:105BB0006F6965617A76677074000000756E6B6E50
:105BC0006F776E001B1B000E1100000015160F18DA
:105BD000130000001C0B1F251E0000000000000029
:105BE00000000000AD5C020095F70200A55C020019
:105BF000655C0200A15C020075600200995C020015
:105C0000955C020000000000000000004157020007
:105C1000A960020049570200817E02005DF5020082
:105C2000B5600200E1600200310E0300350E030092
:105C300015830200490E03001D800200ED7D020065
:105C4000510E0300C4FFFFFF000000004157020097
:105C50009127030049570200AD6002005DF5020084
:105C6000D96002000D610200554249545F4C4F4714
:105C70005F46535F565F3030320A0000845C040098
:105C80000800000001000000020000000200000007
:105C900002000000030000000200000004000000F9
:105CA00001000000050000000800000006000000E0
:105CB00001000000070000000100000008000000D3
:105CC0000100000000000000000000004157020039
:105CD000A9600200F5670200AD6002005DF50200F8
:105CE000B5620200CD62020000000000000000006A
:105CF00041570200A9600200416D0200AD60020040
:105D00005DF50200456C02005D6C0200145D04004C
:105D100008000000010000000C000000020000006C
:105D20000500000003000000020000000400000065
:105D30000100000005000000010000000600000056
:105D4000020000000700000003000000080000003F
:105D500001000000000000000000000041570200A8
:105D6000A960020049570200AD6002005DF5020023
:105D70006D6D02009D6D0200A1700200E1700200D5
:105D80000D750200596D020035750200557502004F
:105D90005D6D0200F8FFFFFF00000000D56D0200FE
:105DA0004D75020065750200656D0200D970020034
:105DB000B97102002D750200000000000000000013
:105DC0006D750200C9750200E17502000000000057
:105DD000000000004177020079750200857502001D
:105DE000DD4403009175020099750200C17502003F
:105DF000F1440300F544030000000000000000002F
:105E0000317C0200F97C0200357C0200397C020002
:105E1000457C0200597C0200157D02000000000054
:105E20000000000041570200A9600200495702002B
:105E3000817E02005DF50200AD7D0200C97D020099
:105E4000310E0300350E030015830200490E0300D6
:105E50001D800200ED7D0200510E030000000000D5
:105E600000000000894F03006D4F0300714F0300D5
:105E7000DD4403007D4F0300814F0300ED44030028
:105E8000F1440300F544030000000000000000009E
:105E90002D8902008183020085830200DD44030016
:105EA00091830200E544030095830200F14403005E
:105EB000F5440300A5830200F9830200F8FFFFFF09
:105EC0000000000041570200A9600200495702008B
:105ED000AD6002005DF50200F18302000D84020056
:105EE000676967676C6500003031303233303938AC
:105EF0003830313930303834343030343430303870
:105F0000383831303233303031363031303033336D
:105F1000303032343030303030303030303030307B
:105F20003030303030303030303030303030303071
:105F30002C3131303233323537303038373431313B
:105F4000343430303434303038383830333532301F
:105F5000303539303130303333303030313030302B
:105F60003030303030303030303030303030313030
:105F70003030303030303030302C3331303233321A
:105F800037323930323131303534343032383839D3
:105F900030383838303039313030363330303030D6
:105FA00030303030323430373030303230303030E2
:105FB00030303030303030303330303030303030DE
:105FC00030302C33313032333237323930313032B5
:105FD0003035343430323838393038383830303978
:105FE00031303036333030303030303030323430A1
:105FF0003730303032303030303030303030303098
:1060000030333030303030303030302C333130328B
:10601000333237323930313134303534343032384C
:106020003839303838383030393130303633303034
:106030003030303030303234303730303032303051
:10604000303030303030303030303330303030304D
:10605000303030300000000068617070790000005E
:1060600030313032333139393230363639313134FA
:1060700034303034343030383838303236323030F2
:1060800032383030303031383030303230353030F6
:1060900030303030303030303030303030313030FF
:1060A00030303030303030302C30303233323231EA
:1060B00032393032393530383434303234303430AB
:1060C00038383830303030303030343030303232B0
:1060D00034303031313030303030303030303030BA
:1060E00030303030303030373530303030303030A4
:1060F000302C303030303032313239303239353086
:106100003934343032343034303838383031343552
:106110003030303430303032323430303131303071
:10612000303030303030303030303030303030306F
:1061300037353030303030303030000068656C6CCE
:106140006F0000003331303233303637333031397D
:106150003730323434303131383730383838313004
:106160003233303132383030303030303030323419
:10617000303030303030303030303030303030301F
:106180003030303030303030303030302C33303010
:1061900030303130363430303136303234343030E3
:1061A00039383130383838303030303031323830BA
:1061B00030303030313030303430303030303030DA
:1061C00030303030303030303030303030303030CF
:1061D00030303030302C33313032333130363430AF
:1061E000323933303234343030393831303838386D
:1061F000313032333031323830303030303130308D
:10620000303430303030303030303030303030308A
:1062100030303030303030303030303030300000DE
:106220006D7973746572696F757300003430303046
:10623000303233393030333331303034343032343B
:10624000303430383838303437373030303430301C
:106250003032323430303131303430303030303030
:106260003030303030303030303038303030303026
:10627000303030302C3430353531323834353338F5
:1062800035303030343430303434303038383830E1
:1062900030303030313238303330313035303031E9
:1062A00036303030303030303030303030303030E8
:1062B0003030383530303035303030313500000056
:1062C000736164003331303233323232363037303A
:1062D0003830313434303136323430383838313087
:1062E0003233303132383030303030313030323497
:1062F000303030303030303030303030303030309E
:106300003030303030303030303030302C3331308D
:106310003233313632333039333630323434303050
:106320003933393038383830303030303132383035
:106330003030303031303032343030303030303056
:10634000303030303030303030303030303030304D
:106350003030303030000000736C6964650000003C
:10636000313035323032333235303232333032340C
:1063700034303234303430383838313032333031F0
:1063800032383031303230303030313130343030FA
:1063900030303030303030303030303030313030FC
:1063A00030303030303030302C30313032333235E4
:1063B00032303039313030323434303034343030BF
:1063C000383838313032333031323830313032329F
:1063D00034303031313034303030303030303030B3
:1063E00030303030303031303030303030303030AC
:1063F00030000000736F6172696E670032313032B5
:106400003334303039353330393035343430353950
:106410003939303838383130323330303232303246
:10642000303030343030303230323530303030305F
:10643000303030303030303030323030303030305A
:10644000303030302C343032323333373237323729
:10645000333031343434303034343030383838300C
:10646000303030303033313031303234343030301D
:106470003330303030303030303030303030303019
:10648000303030303030303030303030300000009C
:10649000737072696E6700003330363539303033CF
:1064A00037313136333132343430303538373038B3
:1064B00038383038303730303334303030303030B6
:1064C00030303234303030303030303030303030C6
:1064D00030303030303530303030303030303030B7
:1064E0002C30313032333030333731313633313391
:1064F0003434303035383730383838313032333062
:106500003033313030303030303030323430303081
:106510003030303030303030303030303030353076
:106520003030303030303030300000007477696EF9
:106530006B6C6500303130313830303037363732BF
:106540003230393434303037353630383838303806
:106550003535303132383030303030303030323420
:10656000303030303030303030303030303030302B
:1065700030303030303030303030303000000000DB
:106580007961776E000000003230303030323238BE
:1065900031313333323032343430313530303038D9
:1065A00038383130323330313238303130323431C2
:1065B00030303234303430303033303030303030CE
:1065C00030303030303130303030303030303030CA
:1065D0002C303035333132353230303931303032A1
:1065E0003434303034343030383838303633363074
:1065F0003132383031303232343030313130333082
:106600003030303030303030303030303030313089
:106610003030303030303030302C30303832323072
:106620003738343031393030383434303034343035
:10663000303838383036383130303136303030302C
:10664000353530303234303030303030303030303A
:106650003030303030303030353030303030303035
:1066600030302C30303437393037383430313930FD
:1066700030383434303034343030383838303239DF
:1066800038303031363030303030303030323430F5
:1066900030303030303030303030303030303030FA
:1066A00030353030303030303030302C30303332E4
:1066B00031303738343031393030383434303034A8
:1066C000343030383838303130383030313630309E
:1066D00030303333303030383030303030303030AC
:1066E00030303030303030303030353030303030A5
:1066F00030303030000000000000000000000000DA
:106700002992020031920200399202005192020055
:10671000599202006192020069920200799202008D
:106720008992020095920200A5920200AD920200A9
:10673000B5920200BD920200CD920200D5920200F5
:10674000DD920200F5920200FD9202000593020024
:106750000D930200159302001D9302005593020051
:10676000599302005D930200919302000000000023
:1067700000000000299202003192020039920200CA
:10678000A9960200599202006193020069920200E8
:10679000799202008992020095920200A59202006D
:1067A000AD920200B592020065930200D1960200FC
:1067B0007593020069940200F5920200FD920200B6
:1067C000059302000D930200159302001D93020031
:1067D0005593020059930200F5930200DD940200E4
:1067E0009D93020029970200799302007D93020095
:1067F000E8FFFFFF0000000041570200A96002000F
:10680000ED930200AD6002005DF502002D940200E0
:1068100099940200E0FFFFFF00000000859702004E
:10682000D944030089930200DD44030095940200DB
:10683000E5440300ED440300F1440300F544030084
:10684000686804000C00000098680400060000005E
:10685000B068040004000000C068040007000000E5
:10686000DC680400070000000000803F6D56853F93
:106870000000903F9A99993F0000A03F93A9AA3F3A
:10688000A301B43F0000C03FCDCCCC3F6D56D53FF7
:106890006666E63F0000F03F0000803F0000903F4A
:1068A0000000A03FA301B43FCDCCCC3F6666E63FDD
:1068B0000000803F9A99993FA301B43F6D56D53FA0
:1068C0000000803F0000903F0000A03F93A9AA3F36
:1068D0000000C03F6D56D53F0000F03F0000803FF4
:1068E0000000903F9A99993F93A9AA3F0000C03FAA
:1068F000CDCCCC3F6666E63F000000000000000003
:10690000A59A02000DAE02000DAE02004D9A0200E3
:10691000519A02003DAE0200F59C0200559D020016
:10692000F1B0020011AE020045B1020019B202003E
:1069300029AE0200FFFF14000500FFFFFFFFFFFF6D
:10694000FFFFFFFFFFFF00FFFFFF000000FFFFFF53
:10695000FFFFFFFFFF00FFFFFF000000FF00000040
:106960000000FFFF00FFFFFF000000FF000000002D
:10697000000000000000FFFFFFFFFFFFFF00FFFF20
:10698000FF000000FF0000000000FFFFFFFFFFFF0F
:10699000FFFFFFFFFFFF00FFFFFF000000FF000001
:1069A0000000FFFF00FF00FF00FF00FFFFFF00FFF0
:1069B00000FF00FF0000FFFF00000000D8ECF0F433
:1069C000F8FC0004302C302C3235352C302C300AB9
:1069D000302C3235352C302C302C300A3235352CD9
:1069E0003235352C3235352C3235352C3235350AA9
:1069F000302C3235352C302C302C300A302C302CC9
:106A00003235352C302C300A00000000302C302C70
:106A1000302C302C300A302C302C302C302C3235AD
:106A2000350A302C302C302C3235352C300A3235AA
:106A3000352C302C3235352C302C300A302C323578
:106A4000352C302C302C300A000000003235352C2B
:106A5000302C302C302C3235350A302C3235352C58
:106A6000302C3235352C300A302C302C3235352C48
:106A7000302C300A302C3235352C302C3235352C38
:106A8000300A3235352C302C302C302C3235350A4A
:106A9000000000005265626F6F744D6F6465000006
:106AA000205B00005D000000205632000000000066
:106AB0000000000041570200A9600200059F02008B
:106AC000D99F02005DF50200D59E020081A102005F
:106AD00043616C6C696F7065206D696E69000000C0
:106AE000E95D0000251D470AA062FA1922DFA9A866
:106AF00000000000000000000DAE02000DAE02001C
:106B00000DAE0200294E0400294E04003DAE0200E5
:106B10000DAE02000DAE0200F1B0020011AE020097
:106B200045B1020019B2020029AE020000000000C7
:106B3000000000000DAE02000DAE02000DAE02001E
:106B400009B302000DB302003DAE0200E9B6020037
:106B5000F1B60200F1B0020011AE020045B1020030
:106B600019B2020029AE020000000000000000007F
:106B7000BDB7020035BC02000DAE0200F9B602003E
:106B8000FDB602003DAE02000DAE02000DAE0200E9
:106B9000F1B0020011AE020045B1020019B20200CC
:106BA00029AE020071BC020009B702005DB7020005
:106BB000F8FFFFFF0000000041570200A96002003B
:106BC000C9BC0200AD6002005DF5020031B70200F1
:106BD0008DB70200000000000000000059BD020057
:106BE000E1BC02000DAE0200D1BC0200D5BC020027
:106BF0003DAE02000DAE02000DAE0200F1B002008B
:106C000011AE020045B1020019B2020029AE020025
:106C1000000000000000000061BF02000DAE020095
:106C20000DAE020009BF02000DBF02003DAE020022
:106C3000C1C3020021C40200F1B0020011AE020083
:106C400045B1020019B2020029AE020001AA0000FB
:106C5000666C617368496E636F6D706C6574650016
:106C6000E97D0000251D470AA062FA1922DFA9A8C4
:106C7000000000000000000045C602000DAE02004A
:106C80000DAE020029C402002DC402003DAE020078
:106C90000DAE02000DAE0200F1B0020011AE020016
:106CA00045B1020019B2020029AE02000000000046
:106CB0000000000061CA02000DAE02000DAE02002D
:106CC00009CA02000DCA02003DAE020095CC0200C6
:106CD000F5CC0200F1B0020011AE020045B1020095
:106CE00019B2020029AE02006E400000B5A3F39372
:106CF000E0A9E50E24DCCA9E0000000000000000B0
:106D000059CE02000DAE0200E1CD0200FDCC020022
:106D100001CD02003DAE02000DAE02000DCD02001D
:106D2000F1B0020011AE020045B1020019B202003A
:106D300029AE02000000000000000000317D0300C9
:106D4000D17D0300617A030065840300797A030032
:106D5000CD7B0300E57A0300F57A0300297B03006D
:106D6000357B0300A5920200518003005585030086
:106D7000457B0300217C03006D7E0300557B0300EF
:106D80006D7B0300FD920200059302000D8303005A
:106D9000BD820300B57C0300457A0300997E0300A1
:106DA000F5D302003DD40200E8FFFFFF0000000021
:106DB00041570200592B030049570200452C03009C
:106DC0005DF5020019D4020065D402009D2C030079
:106DD000352B0300FD2C0300DCFFFFFF000000004B
:106DE000512B0300FFFFFFFF000000010002000322
:106DF000000401000101010201030104020002017B
:106E0000020202030204030003010302030303045A
:106E10000400040104020403040400000000000054
:106E200000000000AD5C0200E9D40200A55C020095
:106E3000655C0200A15C020075600200995C0200C2
:106E40000DD60200D1C50100E5D4020051D60200E2
:106E50002D180200851D0200FCFFFFFF000000004E
:106E6000ADDA020075D602007DD60200AD600200E8
:106E70005DF50200F1190200B91B020000000000DC
:106E80000000000041570200A960020049570200BB
:106E9000AD600200F9DF0200B5DA0200CDDA0200CF
:106EA000000000000000000041570200A96002003D
:106EB00049570200AD6002005DF5020021E10200C9
:106EC00035E10200F5050300BD050300C50503001B
:106ED000C1050300E9E0020005E102001D0903000D
:106EE000000000000000000041570200A9600200FD
:106EF00049570200AD6002005DF50200C5E20200E4
:106F0000D9E202008DE20200AD0A0300410A03004B
:106F1000A9E20200450A0300302C3235352C302C12
:106F20003235352C300A302C3235352C302C323578
:106F3000352C300A302C302C302C302C300A3235A5
:106F4000352C302C302C302C3235350A302C323563
:106F5000352C3235352C3235352C300A0000000006
:106F6000636F6D7061737343616C0000000001001A
:106F700002000300040004010402040304040304E7
:106F800002040104000400030002000100000100EB
:106F900002000300040000010101020103010401D9
:106FA00000020102020203020402000301030203C1
:106FB00003030403000401040204030404040000A6
:106FC000D8ECF0F4F8FC0004000000000000000021
:106FD00041570200A960020025EF020031F20200D1
:106FE0005DF50200EDEE020005EF0200000000007A
:106FF0000000000041570200A9600200495702004A
:10700000AD6002005DF50200E9F4020025F5020022
:10701000000000000000000041570200A9600200CB
:1070200049570200AD6002005DF50200000000005B
:1070300000000000294E04000000000000000000D5
:1070400041570200A960020049570200AD600200EA
:107050005DF502000000000000000000F5050300DF
:10706000BD050300C5050300C1050300294E04004A
:10707000294E04001D09030000000000000000006C
:1070800041570200A960020049570200AD600200AA
:107090005DF502000000000000000000294E040021
:1070A000AD0A0300410A0300294E0400450A03000B
:1070B000000000000000000041570200A96002002B
:1070C00049570200AD6002005DF50200710E030039
:1070D000990E0300310E0300350E0300390E030034
:1070E000490E03004D0E03004D0E0300510E030028
:1070F00000000000000000003D1103000D0F030020
:10710000150F0300150F03001D0F03001D0F0300D3
:10711000050F0300250F0300C50F0300410F0300F7
:1071200059100300810F0300610F030000000000ED
:10713000000000003D1103000000000000000000FE
:107140003D110300294E0400294E0400294E04007D
:10715000294E0400FD120300294E0400294E0400AC
:10716000A5110300DD17030000000000000000006F
:10717000F8FFFFFF0000000041570200A960020075
:1071800025130300AD6002005DF502000000000061
:10719000000000000000000000000000051D0300CA
:1071A000F51C030000000000000000004157020031
:1071B0009127030049570200AD6002005DF502000F
:1071C0002D2403006D2403000000000000000000D7
:1071D00041570200592B030049570200452C030078
:1071E0005DF50200F52A0300112B03009D2C03001E
:1071F000352B0300FD2C0300F4FFFFFF000000000F
:10720000512B0300147204000400000034720400C7
:10721000090000000200000000000000040000005F
:107220001000000008000000200000001000000016
:10723000300000006902000080000000E802000049
:1072400090000000C40900007000000088130000D6
:10725000600000001027000050000000204E0000D9
:1072600040000000409C000030000000A0860100AB
:107270002000000040420F0010000000000000004D
:107280000000000041570200A9600200093203001B
:10729000E93203005DF50200B9320300CD3203008C
:1072A000F5050300BD050300C5050300C105030086
:1072B00011320300213303001D090300C4720400CE
:1072C00004000000102700000C000000204E000009
:1072D0000800000050C3000004000000A086010068
:1072E0000000000000000000000000004157020004
:1072F000A960020051340300F93403005DF5020077
:10730000C9340300DD34030059340300AD0A03001F
:10731000410A030031350300450A03000000000064
:1073200000000000253603001DF502009DF7020055
:10733000353603000000000000000000B93B0300E8
:10734000993603008D37030039360300C93803002E
:1073500055390300F4FFFFFF000000004157020011
:10736000A960020049570200AD6002005DF502000D
:107370004D390300693903000000000000000000DF
:1073800041570200A960020049570200AD600200A7
:107390005DF50200853C0300993C0300293C030095
:1073A000000000000000000041570200592B0300BC
:1073B00049570200452C03005DF5020059400300C7
:1073C000814003009D2C0300E141030025400300A0
:1073D000F4FFFFFF00000000014203000000000076
:1073E0000000000041570200A96002004957020056
:1073F000AD6002005DF5020051440300C14403008A
:107400009942030009420300E54203000000000026
:107410000000000079450300D9440300D54403006F
:10742000DD440300E1440300E5440300ED440300B0
:10743000F1440300F54403000000000000000000D8
:107440001D4603007545030009450300154503006B
:107450001D450300254503002D4503003545030068
:10746000F544030091450300B14503003D46030088
:10747000F8FFFFFF000000008D4603000000000041
:10748000000000007945030005450300094503009D
:10749000154503001D450300254503002D45030048
:1074A00035450300F544030001450300854503000D
:1074B00041450300F8FFFFFF0000000055450300B1
:1074C0000000000000000000F9440300000000007C
:1074D00000000000415702000D4803004957020018
:1074E000AD6002005DF50200C5470300E5470300FB
:1074F00075480300F8FFFFFF000000007D4C03000B
:107500000000000000000000894F03006D4F0300E1
:10751000714F0300DD4403007D4F0300814F0300E2
:10752000ED440300F1440300F544030000000000B3
:10753000000000001D51030005450300094503003C
:1075400015450300095103000D5103002D450300AB
:1075500035450300F5440300355303005953030038
:1075600025530300F8FFFFFF000000002D53030028
:107570000000000000000000BD550300BD540300E2
:10758000F5540300AD530300355503005156030075
:1075900081550300ED53030051540300FCFFFFFF2E
:1075A0000000000041570200A96002004957020094
:1075B000AD6002005DF50200ED5403002D5503009F
:1075C00000000000000000006557030005450300AF
:1075D000094503001545030085530300915303003B
:1075E0002D54030055540300F54403007D5403005B
:1075F00099540300414503009D530300F8FFFFFF2A
:1076000000000000554503000000000000000000DD
:107610000000000000000000000000000000010069
:10762000010001000100020002000200030003004B
:107630000300040004000500050006000600070022
:10764000070008000800090009000A000B000B00F1
:107650000C000D000D000E000F00100010001100B6
:107660001200130014001500160016001700180071
:1076700019001A001B001C001D001E002000210024
:1076800022002300240025002600280029002A00CB
:107690002B002D002E002F0031003200330035006A
:1076A0003600380039003A003C003D003F00400001
:1076B000420044004500470048004A004C004D008D
:1076C0004F005100520054005600570059005B0013
:1076D0005D005F00600062006400660068006A0090
:1076E0006C006E00700072007400760078007A0002
:1076F0007C007E00800082008400860088008A0072
:107700008D008F0091009300950098009A009C00D6
:107710009E00A100A300A500A700AA00AC00AF0036
:10772000B100B300B600B800BB00BD00BF00C2008E
:10773000C400C700C900CC00CE00D100D300D600E1
:10774000D800DB00DE00E000E300E500E800EB002D
:10775000ED00F000F300F500F800FB00FD00000173
:107760000301060108010B010E01110113011601AD
:1077700019011C011F012101240127012A012D01EA
:1077800030013301350138013B013E014101440123
:1077900047014A014D0150015301560159015C0155
:1077A0005F016201650168016B016E017101740185
:1077B00077017A017D0180018301860189018C01B5
:1077C0008F019201950198019B019E01A101A401E5
:1077D000A801AB01AE01B101B401B701BA01BD010D
:1077E000C001C401C701CA01CD01D001D301D60136
:1077F000D901DD01E001E301E601E901EC01EF015E
:10780000F201F601F901FC01FF0102020502080282
:107810000C020F021202150218021B021E022102A4
:10782000250228022B022E023102340237023A02CC
:107830003E024102440247024A024D0250025302F4
:1078400056025A025D0260026302660269026C021D
:107850006F027202750278027B027E02810284024C
:1078600087028A028D0290029302960299029C027C
:107870009F02A202A502A802AB02AE02B102B402AC
:10788000B702BA02BD02C002C302C602C902CB02DD
:10789000CE02D102D402D702DA02DD02DF02E20216
:1078A000E502E802EB02ED02F002F302F602F80252
:1078B000FB02FE0201030303060309030B030E038D
:1078C00011031303160319031B031E0320032303D1
:1078D000260328032B032D0330033203350337031C
:1078E0003A033C033F0341034303460348034B036E
:1078F0004D034F0352035403570359035B035D03C6
:10790000600362036403660369036B036D036F0323
:1079100071037403760378037A037C037E03800388
:1079200082038403860388038A038C038E039003F7
:1079300092039403960398039A039C039E039F0368
:10794000A103A303A503A703A803AA03AC03AD03E4
:10795000AF03B103B203B403B603B703B903BA0369
:10796000BC03BE03BF03C103C203C403C503C603F4
:10797000C803C903CB03CC03CD03CF03D003D1038A
:10798000D303D403D503D603D803D903DA03DB0327
:10799000DC03DD03DE03E003E103E203E303E403CE
:1079A000E503E603E703E803E803E903EA03EB037F
:1079B000EC03ED03EE03EE03EF03F003F103F10339
:1079C000F203F303F303F403F503F503F603F603FD
:1079D000F703F703F803F803F903F903FA03FA03CB
:1079E000FB03FB03FB03FC03FC03FC03FD03FD03A0
:1079F000FD03FD03FE03FE03FE03FE03FE03FE0381
:107A0000FE03FE03FE03FE03FF03FE03000000006F
:107A10000008080800080A4A4000000A5FEA5FEA16
:107A20000ED92ED36E19324489330C924C924D08E4
:107A30000800000004880808040804848488000AF8
:107A4000448A4000048EC480000000048800000EB8
:107A5000C000000000080001224488100C9252521D
:107A60004C048C84848E1C824C901E1EC244924C0A
:107A700006CA525FE21FF01EC13E02448ED12E1F85
:107A8000E24488100ED12ED12E0ED12EC4880008CB
:107A900000080000048004880244880482000EC0AC
:107AA0000EC008048244880ED126C0040ED135B31E
:107AB0006C0C925ED2521C925C925C0ED010100E36
:107AC0001C9252525C1ED01C901E1ED01C90100E98
:107AD000D013712E12525ED2521C8808081C1FE26D
:107AE00042524C1254981492101010101E113B75F3
:107AF000B131113935B3710C9252524C1C925C90D9
:107B0000100C92524C861C925C92510ED00C825CEE
:107B10001FE4848484125252524C1131312A441190
:107B20003135BB7112524C9252112A4484841EC4C6
:107B300088101E0EC808080E10080482410EC242AA
:107B4000424E048A400000000000001F080480002C
:107B500000000ED2524F10101C925C000ED0100E7E
:107B600002424ED24E0C925C900E06C81C88080E43
:107B7000D24EC24C10101C92520800080808024055
:107B800002424C10149814920808080806001B754D
:107B9000B131001C925252000C92524C001C925C6B
:107BA00090000ED24EC2000ED010100006C80498ED
:107BB00008080EC807001252524F0011312A440023
:107BC000113135BB00124C8C9200112A4498001ED2
:107BD000C4881E06C48C8486080808080818080C87
:107BE000881800000C836000FFFF01000000000007
:107BF000FFFF0000FFFF0000007C04000800000001
:107C0000020000000100000003000000020000006C
:107C10000400000003000000050000000400000054
:107C20001C000000050000001D0000000600000010
:107C30001E000000070000001F00000008000000F8
:107C40000000000000000000C5640300B1640300F0
:107C5000BD640300DD440300816403008564030008
:107C600095640300496C0300F5440300416A030076
:107C7000000000000000000041570200A96002005F
:107C800049570200696903005DF50200DD6E0300DB
:107C90004D6F0300916C0300F8FFFFFF0000000030
:107CA000BD6C0300000000000000000069700300CC
:107CB000C16F0300150F0300150F03001D0F030014
:107CC0001D0F0300050F0300250F03003173030090
:107CD000410F0300F973030031700300610F0300CB
:107CE00021700300257003003571030000000000BF
:107CF0000000000041570200A9600200495702003D
:107D0000AD6002005DF50200CD740300497503000B
:107D1000E178030011750300F8FFFFFF0000000089
:107D200061790300F4FFFFFF0000000041750300CC
:107D30000000000000000000317D0300D17D030041
:107D4000617A030065840300797A0300CD7B030028
:107D5000E57A0300F57A0300297B0300357B0300F5
:107D6000A59202005180030055850300457B030066
:107D7000217C03006D7E0300557B03006D7B0300B7
:107D8000FD920200059302000D830300BD820300F3
:107D9000B57C0300457A0300997E0300E5E002000C
:107DA00081E2020002000000040000000600000062
:107DB00000000000000000003D110300F9870300EF
:107DC000C185030061860300B58903002D89030086
:107DD0006D890300758603007986030000000000AA
:107DE000000000003D110300D18A0300E589030073
:107DF000F5890300998A0300FD1203006D8B0300CF
:107E0000C98A0300A5110300DD170300C58C030018
:107E10006D8D0300018C0300F8FFFFFF00000000E0
:107E200041570200A960020025130300BD8C030026
:107E30005DF50200658D0300818D030000000000E8
:107E40000000000041570200A960020049570200EB
:107E5000AD6002005DF502004590030059900300FB
:107E6000F99103002192030001910300000000003A
:107E70000000000041570200A960020049570200BB
:107E8000399403005DF50200019403001994030086
:107E9000A16202004992030079920300B5920300A7
:107EA000D5920300ED920300899403001993030017
:107EB00039930300699303009D9303000995030020
:107EC000D1940300BD9303004592030000300040AD
:107ED000030000000F00000000400040040000000C
:107EE0000F00000000300240230000000C000000E2
:107EF00000200040020000001000000000F00240DE
:107F00002F00000004000000008002402800000054
:107F1000100000000000000000000000C99B0300EA
:107F2000C19B0300D5440300DD440300C59B03004F
:107F3000E5440300ED440300F1440300F54403006D
:107F40000100060000000000983D0020759F03001E
:107F500090870400948704000400000001000600DC
:107F6000A040002000100201AC870400BC87040080
:107F7000080000009C870400AC8704000800000093
:107F8000948704009C8704000800000038870400E0
:107F900070870400080000007087040090870400C8
:107FA0000800000050EADA308883B89F604F15F36C
:107FB0000000C98E0000FFFFDEC0ADDEFE011EF135
:107FC000DEC0ADDEFF011EF1001000000400000065
:107FD00001000000B9F9030095F9030085F90300D9
:107FE000DDFB030089FB030059F903005DF9030081
:107FF00061F903000100FFFF000000000100000024
:108000000100010010800400010001001480040040
:10801000010000000000000000000000000000005F
:1080200039110400591104007511040061636F7364
:108030000000000061636F73680000006173696E87
:10804000000000006174616E68000000636F736877
:108050000000000065787000666D6F64000000002D
:108060006C6F67006C6F67313000000073696E6879
:108070000000000073717274000000006C6F6731C3
:1080800030660000706F77660000000073717274D4
:1080900066000000FB21F93FFB2109407CD912401A
:1080A000FB2119407A6A1F407CD92240BBFD254044
:1080B000FB2129403A462C407A6A2F405C473140E8
:1080C0007CD932409C6B3440BBFD3540DB8F374060
:1080D000FB2139401BB43A403A463C405AD83D4017
:1080E0007A6A3F404C7E40405C4741406C104240C1
:1080F0007CD942408CA243409C6B4440AC34454008
:10810000BBFD4540CBC64640DB8F4740EB5848405F
:10811000FB21494083F9A200444E6E00FC29150062
:10812000D1572700DD34F50062DBC0003C99950093
:10813000419043006351FE00BBDEAB00B761C50058
:108140003A6E2400D24D42004906E00009EA2E00B2
:108150001C92D100EB1DFE0029B11C00E83EA700D7
:10816000F535820044BB2E009CE98400B4267000E3
:10817000417E5F00D6913900538339009CF4390069
:108180008B5F840028F9BD00F81F3B00DEFF9700DD
:108190000F980500112FEF000A5A8B006D1F6D001C
:1081A000CF7E360009CB2700464FB7009E663F00C2
:1081B0002DEA5F00BA277500E5EBC7003D7BF100B3
:1081C000F739070092528A00FB6BEA001FB15F008B
:1081D000085D8D00300356007BFC4600F0AB6B0061
:1081E00020BCCF0036F49A00E3A91D005E61910027
:1081F000081BE60085996500A0145F008D406800AB
:1082000080D8FF0027734D0006063100CA561500BE
:10821000C9A873007BE260006B8CC000000FC93FEF
:10822000000F494000CB9640000FC9400053FB406F
:1082300000CB164100ED2F41000F49410031624152
:1082400000537B41003A8A4100CB9641005CA34138
:1082500000EDAF41007EBC41000FC94100A0D541F7
:108260000031E24100C2EE410053FB4100F2034203
:10827000003A0A420083104200CB164200141D420D
:10828000005C234200A5294200ED2F420036364211
:10829000007E3C4200C74242000F4942A20000005B
:1082A000F9000000830000006E0000004E00000096
:1082B000440000001500000029000000FC00000040
:1082C0002700000057000000D1000000F50000006A
:1082D00034000000DD000000C0000000DB000000F2
:1082E0006200000095000000990000003C000000C2
:1082F000430000009000000041000000FE0000006C
:108300005100000063000000AB000000DE00000030
:10831000BB000000C500000061000000B7000000C5
:10832000240000006E0000003A000000420000003F
:108330004D000000D2000000E00000000600000038
:10834000490000002E000000EA00000009000000C3
:10835000D1000000920000001C000000FE000000A0
:108360001D000000EB0000001C000000B100000038
:1083700029000000A70000003E000000E800000007
:108380008200000035000000F50000002E00000013
:10839000BB0000004400000084000000E900000071
:1083A0009C0000007000000026000000B4000000E7
:1083B0005F0000007E000000410000003900000066
:1083C00091000000D600000039000000830000008A
:1083D0005300000039000000F40000009C00000081
:1083E000840000005F0000008B000000BD00000062
:1083F000F9000000280000003B0000001F00000002
:10840000F800000097000000FF000000DE00000000
:1084100005000000980000000F000000EF000000C1
:108420002F000000110000008B0000005A00000027
:108430000A0000006D0000001F0000006D00000039
:10844000360000007E000000CF0000002700000082
:10845000CB00000009000000B70000004F00000042
:10846000460000003F000000660000009E00000083
:108470005F000000EA0000002D0000007500000011
:1084800027000000BA000000C7000000EB00000059
:10849000E5000000F10000007B0000003D0000004E
:1084A0000700000039000000F70000008A0000000B
:1084B0005200000092000000EA0000006B00000083
:1084C000FB0000005F000000B10000001F00000082
:1084D0008D0000005D000000080000005600000054
:1084E000030000003000000046000000FC00000017
:1084F0007B0000006B000000AB000000F0000000FB
:10850000CF000000BC000000200000009A00000026
:10851000F4000000360000001D000000A90000006B
:10852000E300000091000000610000005E00000018
:10853000E60000001B0000000800000065000000CD
:1085400099000000850000005F000000140000009A
:10855000A000000068000000400000008D00000046
:10856000FF000000D8000000800000004D00000067
:10857000730000002700000031000000060000002A
:10858000060000001500000056000000CA000000B0
:1085900073000000A8000000C90000006000000097
:1085A000E20000007B000000C00000008C00000022
:1085B0006B00000002000000030000000400000047
:1085C000060000000000C93F0000F0390000DA3763
:1085D0000000A2330000842E0000502B0000C227B0
:1085E0000000D0220000C41F0000C61B000044177A
:1085F0000400000007000000090000003863ED3EA1
:10860000DA0F493F5E987B3FDA0FC93F6937AC31DB
:1086100068212233B40F14336821A2330000004BC9
:10862000000000CBF82000204300504F5349580071
:108630002E0000202020202020202020282828284C
:108640002820202020202020202020202020202022
:108650002020208810101010101010101010101072
:108660001010100404040404040404040410101082
:10867000101010104141414141410101010101012E
:1086800001010101010101010101010101011010BC
:108690001010101042424242424202020202020202
:1086A000020202020202020202020202020210108E
:1086B000101020000000000000000000000000007A
:1086C00000000000000000000000000000000000AA
:1086D000000000000000000000000000000000009A
:1086E000000000000000000000000000000000008A
:1086F000000000000000000000000000000000007A
:108700000000000000000000000000000000000069
:108710000000000000000000000000000000000059
:108720000000000000000000000000000000000049
:08873000000000000000000041
:1087380085B0030000000000A5B60300A43A00209D
:1087480085AE03000000000005C203000000000021
:108758002DB202000000000009DE030008410020DD
:08876800A1A3020000000000C3
:10877000217C0200000000007DEB020000000000F0
:1087800039FB03000000000045E00300000000008A
:0487900061A90200D9
:0887940045FB0300000000009A
:10879C0095DC03000000000099DD030000000000E0
:1087AC0091A902000000000071F903000000000014
:0887BC003081FD7F0100000087
:1087C40000000000F8580400FC580400005904009C
:1087D400A10D0C005068040058680400606804008F
:1087E4004068040048680400BC5B0400D06A0400CC
:1087F400060000007D0000000138FDD1704700BF75
:10880400B9500300B9500300BD500300C550030024
:10881400C9500300D1500300D9500300E1500300B4
:10882400E5500300E9500300E9500300BD52030082
:10883400ED500300F1500300F5500300F550030020
:1088440001510300055103000C7A0400FFFFFFFFF0
:10885400A04400200090D003001001401100040047
:10886400FFFFFFFFFFFFFFFFFFFFFFFFFFFFFFFF14
:10887400414E0400F8200020000000000000000029
:1088840000000000000000000000000000000000E4
:1088940000000000000000000000000000000000D4
:1088A40000000000000000000000000000000000C4
:1088B40000000000000000000000000000000000B4
:1088C40000000000000000000000000000000000A4
:1088D4000000000000000000430000000000000051
:1088E4000000000000000000000000000000000084
:1088F4000000000000000000430000000000000031
:108904000000000000000000000000000000000063
:108914000000000000000000430000000000000010
:108924000000000000000000000000000000000043
:1089340000000000000000004300000000000000F0
:108944000000000000000000000000000000000023
:1089540000000000000000004300000000000000D0
:108964000000000000000000000000000000000003
:1089740000000000000000004300000000000000B0
:1089840000000000000000000000000000000000E3
:108994000000000000000000430000000000000090
:1089A40000000000000000000000000000000000C3
:1089B400000000000000000059510400355104007B
:1089C4000000000032860400308604003186040072
:1089D40031860400318604003186040031860400A7
:1089E4003186040031860400318604003186040097
:1089F400FFFFFFFFFFFFFFFFFFFFFFFFFFFF000081
:108A040001004153434949000000000000000000F8
:108A14000000000000000000000000000000000052
:108A240000004153434949000000000000000000D9
:108A34000000000000000000000000000000000032
:108A440000000000F0B50F0D11F0FF01012414FA2D
:108A540001F114461D4603461BE0996008220642B4
:108A640008BF5FF00302013AFDD1D9600422064237
:108A740008BF5FF00602760805D000BF00BF00BF44
:108A8400013AFDD1E9E7023A013AFDD10134013D51
:108A940005DD802620787843000AD960DDE7D960B7
:108AA400F0BD00FA0004FFFF030118181818181885
:108AB40018180100D1080200FD170200513F0200FE
:108AC400E58F0200B1F302009D580300AD5F03007F
:108AD400496303007D970300AD0802000000000015
:108AE4000000000095EE03000000000000000000FC
:0C8AF40000000000000000000000000076
:108B00000000000000000000000000000000000065
:108B10000000000000000000000000000000000055
:108B20000000000000000000000000000000000045
:108B30000000000000000000000000000000000035
:108B40000000000000000000000000000000000025
:108B50000000000000000000000000000000000015
:108B60000000000000000000000000000000000005
:108B700000000000000000000000000000000000F5
:108B800000000000000000000000000000000000E5
:108B900000000000000000000000000000000000D5
:108BA00000000000000000000000000000000000C5
:108BB00000000000000000000000000000000000B5
:108BC00000000000000000000000000000000000A5
:108BD0000000000000000000000000000000000095
:108BE0000000000000000000000000000000000085
:108BF0000000000000000000000000000000000075
:108C00000000000000000000000000000000000064
:108C10000000000000000000000000000000000054
:108C20000000000000000000000000000000000044
:108C30000000000000000000000000000000000034
:108C40000000000000000000000000000000000024
:108C50000000000000000000000000000000000014
:108C60000000000000000000000000000000000004
:108C700000000000000000000000000000000000F4
:108C800000000000000000000000000000000000E4
:108C900000000000000000000000000000000000D4
:108CA00000000000000000000000000000000000C4
:108CB00000000000000000000000000000000000B4
:108CC00000000000000000000000000000000000A4
:108CD0000000000000000000000000000000000094
:108CE0000000000000000000000000000000000084
:108CF0000000000000000000000000000000000074
:108D00000000000000000000000000000000000063
:108D10000000000000000000000000000000000053
:108D20000000000000000000000000000000000043
:108D30000000000000000000000000000000000033
:108D40000000000000000000000000000000000023
:108D50000000000000000000000000000000000013
:108D60000000000000000000000000000000000003
:108D700000000000000000000000000000000000F3
:108D800000000000000000000000000000000000E3
:108D900000000000000000000000000000000000D3
:108DA00000000000000000000000000000000000C3
:108DB00000000000000000000000000000000000B3
:108DC00000000000000000000000000000000000A3
:108DD0000000000000000000000000000000000093
:108DE0000000000000000000000000000000000083
:108DF0000000000000000000000000000000000073
:108E00000000000000000000000000000000000062
:108E10000000000000000000000000000000000052
:108E20000000000000000000000000000000000042
:108E30000000000000000000000000000000000032
:108E40000000000000000000000000000000000022
:108E50000000000000000000000000000000000012
:108E60000000000000000000000000000000000002
:108E700000000000000000000000000000000000F2
:108E800000000000000000000000000000000000E2
:108E900000000000000000000000000000000000D2
:108EA00000000000000000000000000000000000C2
:108EB00000000000000000000000000000000000B2
:108EC00000000000000000000000000000000000A2
:108ED0000000000000000000000000000000000092
:108EE0000000000000000000000000000000000082
:108EF0000000000000000000000000000000000072
:108F00000000000000000000000000000000000061
:108F10000000000000000000000000000000000051
:108F20000000000000000000000000000000000041
:108F30000000000000000000000000000000000031
:108F40000000000000000000000000000000000021
:108F50000000000000000000000000000000000011
:108F60000000000000000000000000000000000001
:108F700000000000000000000000000000000000F1
:108F800000000000000000000000000000000000E1
:108F900000000000000000000000000000000000D1
:108FA00000000000000000000000000000000000C1
:108FB00000000000000000000000000000000000B1
:108FC00000000000000000000000000000000000A1
:108FD0000000000000000000000000000000000091
:108FE0000000000000000000000000000000000081
:108FF0000000000000000000000000000000000071
:10900000708E3B92C615A841C49866C975EE5197FB
:109010006E3C00A3AE9A43B86B005A00B9007C00C6
:1090200010000D04ACA7040000000100A0A704007C
:10903000AF9E040064B004000B9F040050B0040015
:10904000BC5A0400000000004D90040000B5002050
:1090500037687860D7483768B863412037687863E5
:1090600000203768B8606F467760D9F7DFFA01B43F
:1090700001B4D1486F467760DAF7A8FF01B40198D0
:1090800000996F467760D9F7E1FA02B0CB486F4696
:109090007760DAF79BFF01B4009901986F4677601B
:1090A000D9F7D4FA01B0C6486F467760DAF78EFF79
:1090B00001B4009901986F467760D9F7C7FA01B0FB
:1090C000C0486F467760DAF781FF01B400990198D4
:1090D0006F467760D9F7BAFA01B0BB486F46776040
:1090E000DAF774FF01B4009901986F467760D9F7F9
:1090F000ADFA01B0B5486F467760DAF767FF01B4A3
:10910000009901986F467760D9F7A0FA01B0B0488E
:109110006F467760DAF75AFF01B4009901986F46FD
:109120007760D9F793FA01B0AA486F467760DAF70B
:109130004DFF01B4009901986F467760D9F786FA20
:1091400001B0009801B401B001BC3768F8606F4607
:109150007760D9F76BFA01B401B49F486F46776026
:10916000DAF734FF01B4019800996F467760D9F7B8
:109170006DFA02B099486F467760DAF727FF01B4BD
:10918000009901986F467760D9F760FA01B094486A
:109190006F467760DAF71AFF01B4009901986F46BD
:1091A0007760D9F753FA01B08E486F467760DAF7E7
:1091B0000DFF01B4009901986F467760D9F746FA20
:1091C00001B089486F467760DAF700FF01B4009973
:1091D00001986F467760D9F739FA01B083486F4636
:1091E0007760DAF7F3FE01B4009901986F46776073
:1091F000D9F72CFA01B07E486F467760DAF7E6FEC1
:1092000001B4009901986F467760D9F71FFA01B051
:1092100078486F467760DAF7D9FE01B40099019873
:109220006F467760D9F712FA01B0009801B401B027
:1092300001BC376838613768386901B43768F86845
:1092400001B400F0AFFD02B0376878613768F868A4
:1092500001B43768386901B400F0A4FD02B0376882
:10926000B861654801B400F03BFD01B00A203768E1
:1092700078620A203768B8620A203768F8620A20E4
:109280003768386301203768F86101203768386231
:1092900004200002B13001B4052001B400F0F2F95D
:1092A00002B07D2080006F467760D7F767FE6F467B
:1092B0007760D7F725FE514801B401F0ABF86F464F
:1092C0007760D7F759FE01B0002000BDBC5A0400FA
:1092D00000000000D9920400022C06DA00B501F06B
:1092E0009EF800F002F802B000BD00B5019801B48C
:1092F000039801B401F09CF86F467760D7F7BCFB88
:1093000002B0002000BD0000BC5A040000000000B4
:109310001593040000B500206F467760DAF7F0FF80
:1093200001F06DF93768F86101206F467760DAF770
:10933000E7FF01F064F93768386201206F46776013
:10934000DBF78AF86F467760D9F75AF937687862A1
:1093500002206F467760DBF77FF86F467760D9F7BA
:109360004FF93768B8623768786A01B46F4677603A
:10937000D9F7FAFE002802D1009801B004E0009865
:10938000009801B03768B86A6F467760D9F724FF54
:10939000002837D03768386A01B401F057F8184808
:1093A0006F467760D8F758FF01B001B400F0E2F8DB
:1093B00001B04AE0F8AF0400F0AD040010AE0400C4
:1093C00030AE040050AE040070AE040090AE040055
:1093D000B0AE0400D0AE0400F0AE040010AF040044
:1093E00030AF040050AF040070AF040090AF040031
:1093F000B0AF0400D0AF0400CC9204000893040086
:109400000CB004003768F86901B401F01FF8BF48D8
:109410006F467760D8F720FF01B001B401F01DF866
:10942000BB496F467760D8F717FF01B001B43768C2
:10943000386A01B401F017F86F467760D8F70CFF6F
:1094400002B001B400F096F801B03768786A01B450
:109450006F467760D9F788FE002802D1009801B0E6
:1094600010E00098009801B03768F86A6F4677609E
:10947000D9F7B2FE6F467760D8F7B0FF6F467760D6
:10948000D9F7BEF801B46F467760D9F76DFE0028B2
:1094900002D1009801B010E00098009801B0376840
:1094A000B86A6F467760D9F797FE6F467760D8F74E
:1094B00095FF6F467760D9F7A3F86F467760D9F7C5
:1094C0008BFE002804D0934801B400F053F801B09B
:1094D0003768B86A01B46F467760D9F745FE00284F
:1094E00002D1009801B010E00098009801B03768F0
:1094F000386B6F467760D9F76FFE6F467760D8F7A5
:109500006DFF6F467760D9F77BF801B46F467760DF
:10951000D9F72AFE002802D1009801B010E0009887
:10952000009801B03768786A6F467760D9F754FEC3
:109530006F467760D8F752FF6F467760D9F760F8CB
:109540006F467760D9F748FE002804D0724801B40E
:1095500000F010F801B03768786A3768F862376849
:10956000B86A376838630A206F467760D7F706FD18
:10957000002000BD00B5002001B401B403986F467F
:109580007760D9F729FE6F467760D8F727FF6F46D7
:109590007760D9F735F86F467760D9F71DFE002858
:1095A00004D06F467760D8F743FE0390039801B468
:1095B00000F053FF6F467760DBF7CEFE01B03768EF
:1095C000786B012101F03BF84FD03768786B01B41C
:1095D000049801B400F041FF6F467760D8F79EFE13
:1095E00001B001F00CF801B43768B86B01B400F0B9
:1095F00034FF6F467760D8F791FE01B000F0FFFFAF
:1096000001B40198009900F069FF02B001B4376815
:10961000786B01B4019800996F467760D9F744FBE5
:1096200002B001B40198009900F068FF02B001B4E3
:109630003768786B01B4019800996F467760D9F765
:1096400033FB02B00090012001900198009900F0D6
:10965000E2FF0AD031486F467760DBF77DFE019864
:10966000032100F03BFF0190EFE73768B86B01B4CE
:1096700000F0F3FE6F467760DBF76EFE01B000206E
:1096800002B000BD00B5002001B4029801B400F0A2
:1096900011F801B00090009801B4049801B400F0F2
:1096A000FCFE00216F467760DAF7D2FC02B00020A2
:1096B00001B000BD00B5019801B40146012001F0E0
:1096C0004AF8002801D001B08CE10320009901F094
:1096D00042F8002801D001B08AE10920009901F088
:1096E0003AF8002801D001B088E10B20009901F080
:1096F00032F8002801D001B086E10D20009901F078
:109700002AF800280CD001B084E100001CB004004D
:1097100028B0040030B0040040B0040004B00400DD
:109720000F20009901F017F8002801D001B077E16F
:109730001120009901F00FF8002801D001B075E167
:109740001320009901F007F8002801D001B073E15F
:109750001520009900F0FFFF002801D001B071E151
:109760001720009900F0F7FF002801D001B06FE149
:109770001920009900F0EFFF002801D001B06DE141
:109780000520009900F0E7FF002801D001B06BE14F
:109790000720009900F0DFFF002801D001B069E147
:1097A0004320009900F0D7FF002801D001B067E105
:1097B0004520009900F0CFFF002801D001B065E1FD
:1097C0004720009900F0C7FF002801D001B063E1F5
:1097D0004920009900F0BFFF002801D001B061E1ED
:1097E0004B20009900F0B7FF002801D001B05FE1E5
:1097F0004D20009900F0AFFF002801D001B05DE1DD
:109800004F20009900F0A7FF002801D001B05BE1D4
:109810005120009900F09FFF002801D001B059E1CC
:109820001B20009900F097FF002801D001B057E1FC
:109830001D20009900F08FFF002801D001B055E1F4
:109840001F20009900F087FF002801D001B053E1EC
:109850002120009900F07FFF002801D001B051E1E4
:109860002320009900F077FF002801D001B04FE1DC
:109870002520009900F06FFF002801D001B04DE1D4
:109880002720009900F067FF002801D001B04BE1CC
:109890002920009900F05FFF002801D001B049E1C4
:1098A0002B20009900F057FF002801D001B047E1BC
:1098B0002D20009900F04FFF002801D001B045E1B4
:1098C0002F20009900F047FF002801D001B043E1AC
:1098D0003120009900F03FFF002801D001B041E1A4
:1098E0003320009900F037FF002801D001B03FE19C
:1098F0003520009900F02FFF002801D001B03DE194
:109900003720009900F027FF002801D001B03BE18B
:109910003920009900F01FFF002801D001B039E183
:109920003D20009900F017FF002801D001B037E179
:109930003B20009900F00FFF002801D001B035E175
:109940003F20009900F007FF002801D001B033E16B
:109950004120009900F0FFFE002801D001B081E114
:109960005320009900F0F7FE002801D001B07FE1FC
:109970005520009900F0EFFE002801D001B07DE1F4
:109980005720009900F0E7FE002801D001B07BE1EC
:109990005920009900F0DFFE002801D001B079E1E4
:1099A0005B20009900F0D7FE002801D001B077E1DC
:1099B0005D20009900F0CFFE002801D001B075E1D4
:1099C0005F20009900F0C7FE002801D001B073E1CC
:1099D0006120009900F0BFFE002801D001B071E1C4
:1099E00001BC75E177486F467760DAF7EFFA76E108
:1099F00075486F467760DAF7E9FA70E173486F46A9
:109A00007760DAF7E3FA6AE171486F467760DAF770
:109A1000DDFA64E16F486F467760DAF7D7FA5EE106
:109A20006D486F467760DAF7D1FA58E16B486F46B8
:109A30007760DAF7CBFA52E169486F467760DAF778
:109A4000C5FA4CE167486F467760DAF7BFFA46E13E
:109A500065486F467760DAF7B9FA40E163486F46C8
:109A60007760DAF7B3FA3AE161486F467760DAF780
:109A7000ADFA34E15F486F467760DAF7A7FA2EE176
:109A80005D486F467760DAF7A1FA28E15B486F46D8
:109A90007760DAF79BFA22E159486F467760DAF788
:109AA00095FA1CE157486F467760DAF78FFA16E1AE
:109AB00055486F467760DAF789FA10E153486F46E8
:109AC0007760DAF783FA0AE151486F467760DAF790
:109AD0007DFA04E14F486F467760DAF777FAFEE0E7
:109AE0004D486F467760DAF771FAF8E04B486F46F9
:109AF0007760DAF76BFAF2E049486F467760DAF799
:109B000065FAECE047486F467760DAF75FFAE6E01F
:109B100045486F467760DAF759FAE0E043486F4608
:109B20007760DAF753FADAE041486F467760DAF7A0
:109B30004DFAD4E03F486F467760DAF747FACEE057
:109B40003D486F467760DAF741FAC8E03B486F4618
:109B50007760DAF73BFAC2E039486F467760DAF7A8
:109B600035FABCE037486F467760DAF72FFAB6E08F
:109B700035486F467760DAF729FAB0E033486F4628
:109B80007760DAF723FAAAE031486F467760DAF7B0
:109B90001DFAA4E02F486F467760DAF717FA9EE0C7
:109BA0002D486F467760DAF711FA98E02B486F4638
:109BB0007760DAF70BFA92E029486F467760DAF7B8
:109BC00005FA8CE0B0A70400D0A70400F0A70400B9
:109BD00010A8040030A8040050A8040070A80400D5
:109BE00090A80400B0A80400D0A80400F0A80400C5
:109BF00010A9040030A9040050A9040070A90400B1
:109C000090A90400B0A90400D0A90400F0A90400A0
:109C100010AA040030AA040050AA040070AA04008C
:109C200090AA0400B0AA0400D0AA0400F0AA04007C
:109C300010AB040030AB040050AB040070AB040068
:109C400090AB0400B0AB0400D0AB0400F0AB040058
:109C500010AC040030AC040050AC040070AC040044
:109C600090AC0400C9486F467760DAF7AFF936E088
:109C7000C7486F467760DAF7A9F930E0C5486F4604
:109C80007760DAF7A3F92AE0C3486F467760DAF71E
:109C90009DF924E0C1486F467760DAF797F91EE036
:109CA000BF486F467760DAF791F918E0BD486F4614
:109CB0007760DAF78BF912E0BB486F467760DAF726
:109CC00085F90CE0B9486F467760DAF77FF906E06E
:109CD000B7486F467760DAF779F900E0002000BDF9
:109CE00000B53768F86B6F467760D9F775FA6F463D
:109CF0007760D8F773FB6F467760D8F781FC6F46C3
:109D00007760D9F769FA002805D06F467760D8F7F1
:109D10008DFC3768F86301986F467760D9F75CFA75
:109D20006F467760D8F75AFB6F467760D8F768FCC4
:109D300001B46F467760D9F717FA002802D000986F
:109D400001B019E00098009801B03768F86B01B4D1
:109D5000029801B400F0BCFB00226F467760D9F78F
:109D6000DDF902B000F04BFC01B4012149426F461D
:109D70007760D9F7DFFA01B06F467760D9F72CFA30
:109D8000002800D00BE03768F86B01B4029801B4EA
:109D900000F09EFB6F467760D8F758FC02B00020B9
:109DA00000BD000000B5002001B401B401B401B44D
:109DB00001B401B401B46F467760D8F737FC009066
:109DC000002001900898029001200390039801B4AC
:109DD00003986F467760D8F733FC00F010FC01B4AD
:109DE000019800996F467760D9F75EFA02B00028B3
:109DF0001ED0029801B4049800F0F7FB01B401985A
:109E000000996F467760D8F72BFC02B0019000985C
:109E100001B4029801B400F05BFB6F467760D8F79D
:109E200015FC02B00398032100F058FB0390CDE726
:109E300000200290002004900998059001200690CF
:109E4000069801B406986F467760D8F7F9FB00F0E2
:109E5000D6FB01B4019800996F467760D9F724FAD0
:109E600002B000281ED0059801B4079800F0BDFB91
:109E700001B4019800996F467760D8F7F1FB02B002
:109E80000490009801B4059801B400F021FB6F46DE
:109E90007760D8F7DBFB02B00698032100F01EFBC9
:109EA0000690CDE700200590009807B000BDF0B502
:109EB00044464D4656465746F0B40C4615461E4697
:109EC000074600F099FA6846F0B46946D9F7ACFF46
:109ED00006463D462846A96803248847074604B03D
:109EE0003046D9F723FC3846F0BCA046A946B24616
:109EF000BA46F0BD01B56F467760D9F703FB12BCD7
:109F0000416069468160C56020470E4681688D4684
:109F1000C568416801200143084782070ED1002827
:109F20000CD003681A89012A00D170471F6A002FDC
:109F300004D001B50124B847009000E001B56F4698
:109F40007760D9F707FA02BD840733D1002831D0F2
:109F500003681C89032C2DD1491007D34468A14202
:109F60002DD24418207A400001307047490005B5D1
:109F700008466F467760D8F76FFD014605BC6F460F
:109F80007760D8F76DFB4000013000BDB0AC040035
:109F9000D0AC0400F0AC040010AD040030AD0400FF
:109FA00050AD040070AD040090AD0400B0AD0400ED
:109FB000D0AD040071466F467760D9F78FFA012063
:109FC000704784071CD100281AD003681C89062C0E
:109FD00016D1491006D30489A14216D289004468DB
:109FE00060587047490005B508466F467760D8F756
:109FF00033FD014605BC6F467760D8F731FB00BDE5
:10A0000071466F467760D9F769FA00207047840778
:10A010001BD1002819D003681C89032C15D14910C5
:10A0200005D34468A14215D24418227270474900F2
:10A0300005B508466F467760D8F70EFD014605BCAA
:10A040006F467760D8F714FB00BD71466F467760A6
:10A05000D9F744FA00B5F3E784071CD100281AD0D9
:10A0600003681C89062C16D1491006D30489A14225
:10A0700016D28900446862507047490005B5084609
:10A080006F467760D8F7E8FC014605BC6F467760FD
:10A09000D8F7EEFA00BD71466F467760D9F71EFA21
:10A0A00000B5F3E784073DD100283BD003681C8945
:10A0B000082C05D100B56F467760D8F76FFB00BD5F
:10A0C0001C4601B50846D8F779FB0146009823469F
:10A0D00000F002F801B000BDDA68170022D04F434B
:10A0E000D7407F005B68DB191A88D75A8F420BD0A4
:10A0F00002331A88D75A8F4206D002331A88D75AA9
:10A100008F4201D0002070479B185A68D70707D0AC
:10A110005F88012F01D101241047744600F051F8E7
:10A120008058704771466F467760D9F7D7F96F4608
:10A130007760D9F7E3F984073AD1002838D003686B
:10A140001C89082C05D100B56F467760D8F7A0FBB5
:10A1500000BD1C4605B50846D8F730FB01460098FF
:10A16000234600F002F802B000BDDA6817001FD0E5
:10A170004F43D7407F005B68DB191A88D75A8F425C
:10A1800009D002331A88D75A8F4204D002331A8872
:10A19000D75A8F4211D19B185A68D70705D01F890B
:10A1A0008F420AD1DA6802241047019B835070471E
:10A1B00071466F467760D9F791F96F467760D9F7A6
:10A1C0009DF905B40220D5496F467760DAF796FD10
:10A1D00006BCC16002612047BC5A040000000000B8
:10A1E000E5A104000C2C06DAA300CD4AD158C368BF
:10A1F0000269641C084771466F467760D9F76EF9AB
:10A2000031A2040041A2040055A204006DA2040082
:10A2100089A20400A9A20400CDA20400F5A20400B2
:10A2200021A3040051A3040085A30400BDA30400DE
:10A2300081B008B4714601919047019902B0084776
:10A2400081B00199009108B471460291904702993A
:10A2500002B0084781B0019900910299019108B4B8
:10A26000714603919047039902B0084781B0019964
:10A270000091029901910399029108B471460491E9
:10A280009047049902B0084781B001990091029962
:10A290000191039902910499039108B471460591C3
:10A2A0009047059902B0084781B001990091029941
:10A2B000019103990291049903910599049108B4BD
:10A2C000714606919047069902B0084781B00199FE
:10A2D00000910299019103990291049903910599C2
:10A2E00004910699059108B4714607919047079922
:10A2F00002B0084781B00199009102990191039938
:10A300000291049903910599049106990591079981
:10A31000069108B4714608919047089902B0084721
:10A3200081B00199009102990191039902910499D8
:10A330000391059904910699059107990691089949
:10A34000079108B4714609919047099902B00847EE
:10A3500081B00199009102990191039902910499A8
:10A360000391059904910699059107990691089919
:10A3700007910999089108B471460A9190470A9982
:10A3800002B0084781B001990091029901910399A7
:10A3900002910499039105990491069905910799F1
:10A3A000069108990791099908910A99099108B4A9
:10A3B00071460B9190470B9902B0084781B0019903
:10A3C00000910299019103990291049903910599D1
:10A3D00004910699059107990691089907910999A1
:10A3E00008910A9909910B990A9108B471460C9148
:10A3F00090470C9902B00847820706D1002804D084
:10A4000003681A89042A00D1704771466F46776045
:10A41000D9F764F800B50198FFF7EEFF00BD002002
:10A42000002101B4012C01DB0298029101B47047B4
:10A4300000B50298401002D2400000F0D6F801B4F6
:10A440000298FFF76AFD0290014601BD00B5019830
:10A45000FFF763FD0190014600BD00B50198FFF7CD
:10A460005CFD019000BD00B50298FFF756FD02901B
:10A4700001B40298FFF751FD0290014601BD820729
:10A4800006D1002804D003681A89092A00D1704730
:10A4900071466F467760D9F721F800B50298FFF74B
:10A4A000EEFF01B40298401002D2400000F09DF887
:10A4B000024601BD820706D1002804D003681A892C
:10A4C000062A00D1704771466F467760D9F706F8C3
:10A4D00000B50298FFF7EEFF019900BDC20706D054
:10A4E000CA0704D04A1E821801D61000F04703B5EF
:10A4F0006F467760D8F76EFB02B000BDC20706D08A
:10A50000CA0704D04A1E821A01D61000F04703B5CC
:10A510006F467760D8F772FB02B000BDD8A1040087
:10A5200000A20400C20703D0CA0701D00840F047C8
:10A5300003B56F467760D8F7F9FA02B000BDC207DD
:10A5400003D0CA0701D00843F04703B56F467760D0
:10A55000D8F7C8FA02B000BDC20704D0CA0702D0BB
:10A560004840401CF04703B56F467760D8F7A6FA1D
:10A5700002B000BDC2070CD0CA070AD08B06DB0EA2
:10A5800042109A40930F01D0032B02D15000401C7F
:10A59000F04703B56F467760D8F760FA02B000BDA8
:10A5A000C2070AD0CA0708D08B06DB0E4210DA4079
:10A5B000930F02D15000401CF04703B56F467760FF
:10A5C000D8F7C8FA02B000BDC20707D0CA0705D045
:10A5D0008B06DB0E184101221043F04703B56F468E
:10A5E0007760D8F753FA02B000BD401000D3F047AF
:10A5F000400000B56F467760D8F72EFA00BD4200E4
:10A600005110884201D1501CF04700B56F46776069
:10A61000D7F7DEFF00BDC20707D0CA0705D0401A32
:10A6200001DB002070470120704703B56F4677605B
:10A63000D8F75EFED8F7D0FD002802B000BDC207F3
:10A6400007D0CA0705D0401A01DC0020704701205E
:10A65000704703B56F467760D8F76CFED8F7BCFD3E
:10A66000002802B000BDC20707D0CA0705D0401AB3
:10A6700001DD002070470120704703B56F46776009
:10A68000D8F724FED8F7A8FD002802B000BDC20705
:10A6900007D0CA0705D0401A01DA00207047012010
:10A6A000704703B56F467760D8F734FED8F794FD4E
:10A6B000002802B000BDC20707D0CA0705D0401A63
:10A6C00001D0002070470120704703B56F467760C6
:10A6D000D8F714FDD8F780FD002802B000BDC207EE
:10A6E00007D0CA0705D0401A01D0002070470120CA
:10A6F000704703B56F467760D8F74AFCD8F76CFD12
:10A70000002802B000BDC20707D0CA0705D0401A12
:10A7100001D1002070470120704703B56F46776074
:10A72000D8F7F4FCD8F758FD002802B000BDC207E6
:10A7300007D0CA0705D0401A01D100207047012078
:10A74000704703B56F467760D8F72AFCD8F744FD09
:10A75000002802B000BDC20707D0CA0705D0884252
:10A7600001D0002070470120704703B56F46776025
:10A77000D8F7C2FC02B000BD810709D1002807D07C
:10A7800002681289062A03D100894000401C7047E4
:10A7900000B56F467760D7F753FFFFF730FF00BD76
:10A7A00001000000F0AF0400000000000000000005
:10A7B000FFFF0500050000FF00FF00FFFFFFFFFF98
:10A7C000FFFFFFFFFF00FFFFFF000000FF00000092
:10A7D000FFFF05000500000000000000FF00FF0073
:10A7E00000FFFFFF000000FF00000000000000006D
:10A7F000FFFF05000500000000000000FF00FF0053
:10A800000000000000FF000000FF00FFFFFF00004D
:10A81000FFFF05000500000000000000FF00FF0032
:10A82000000000000000FFFFFF00FF000000FF002D
:10A83000FFFF05000500000000000000FF00FF0012
:10A84000000000000000FF00FF00FF00FF00FF000D
:10A85000FFFF05000500FF000000FF00FF00FF00F4
:10A860000000000000FFFFFFFFFFFF00FF00FF00F0
:10A87000FFFF050005000000000000FFFF00FFFFD4
:10A88000000000000000FFFFFF00000000000000CB
:10A89000FFFF0500050000FF00FF000000000000B2
:10A8A0000000FF000000FF00FF000000FF000000AC
:10A8B000FFFF05000500FF000000FF000000000092
:10A8C000FFFFFFFFFF000000FFFF000000FFFF0091
:10A8D000FFFF05000500FFFFFFFFFFFFFF00FFFF79
:10A8E000000000000000FF00FF0000FFFFFF00006D
:10A8F000FFFF05000500FFFF00FFFF000000000054
:10A90000000000FF000000FF000000FF000000004A
:10A91000FFFF05000500000000000000000000FF30
:10A92000000000FF00FF00FF000000FF000000002B
:10A93000FFFF05000500FF000000FF00FF00FF0013
:10A940000000FF000000FF00FF00FF000000FF000C
:10A95000FFFF0500050000000000000000FF0000F0
:10A9600000FF00FF00FFFFFFFFFF000000000000EE
:10A97000FFFF05000500FF00000000FFFF000000D2
:10A98000FF00FF0000FF0000FF00FFFFFFFFFF00D0
:10A99000FFFF0500050000FF00FF00FF00FF00FFB4
:10A9A00000FF00FF00FF00FF00FF00FF00FF0000AE
:10A9B000FFFF050005000000FF000000FF00FF0092
:10A9C000FF000000FF00FF00FF000000FF0000008C
:10A9D000FFFF0500050000000000000000FF000070
:10A9E00000FF00FF000000FF00000000000000006A
:10A9F000FFFF05000500FFFFFFFFFFFF000000FF56
:10AA0000FF000000FFFF000000FFFFFFFFFFFF004F
:10AA1000FFFF05000500000000000000FFFFFF0031
:10AA200000FF00FF0000FFFFFF000000000000002B
:10AA3000FFFF05000500FFFF0000FFFFFF00FF0014
:10AA40000000FF0000FFFF00FF00FFFF0000FF000D
:10AA5000FFFF05000500FFFF00FFFFFFFFFFFFFFF7
:10AA600000FFFFFF0000FFFFFF0000FFFFFF0000EF
:10AA7000FFFF05000500000000FFFF000000FFFFD2
:10AA8000FFFFFFFFFFFFFFFFFFFF00FF00FF0000D2
:10AA9000FFFF0500050000FFFF0000FFFFFF0000B3
:10AAA00000FFFFFFFF00FFFFFF00000000000000AD
:10AAB000FFFF050005000000FF000000FFFFFF0092
:10AAC000FFFFFFFFFF00FFFFFF0000FF00FF000090
:10AAD000FFFF05000500000000000000FFFFFF0071
:10AAE000FFFFFFFFFF00FF00FF000000000000006D
:10AAF000FFFF05000500FFFF00FFFFFFFFFFFFFF57
:10AB00000000FF0000FFFFFFFFFFFFFF00FFFF004F
:10AB1000FFFF050005000000FF0000FFFFFFFFFF33
:10AB20000000FF000000FF00FF00FF000000FF002A
:10AB3000FFFF0500050000FFFFFF00FF00FF00FF13
:10AB4000FFFFFFFFFFFFFFFFFFFFFF00FF00FF0012
:10AB5000FFFF050005000000FF00000000FF0000EF
:10AB60000000FF000000FFFFFF000000FF000000EA
:10AB7000FFFF05000500FFFF00000000FF000000D0
:10AB800000FF00000000FFFFFF0000FF00FF0000CB
:10AB9000FFFF0500050000FFFFFF00FF00FF00FFB3
:10ABA000FFFFFFFFFF00FFFFFF0000FFFFFF0000B0
:10ABB000FFFF0500050000FFFFFF00FFFFFFFFFF95
:10ABC0000000FF0000FF00FF0000FFFFFF0000008B
:10ABD000FFFF05000500FFFF000000FFFF00FFFF73
:10ABE00000FF00FF0000FFFFFF000000000000006A
:10ABF000FFFF05000500FF00FF0000FF00FF000051
:10AC0000FFFFFFFF00FFFF00FF00FFFFFFFF00004F
:10AC1000FFFF05000500FF000000FFFF000000FF30
:10AC2000FFFFFFFFFF00FFFFFF000000FF0000002D
:10AC3000FFFF050005000000FF00000000FF00000E
:10AC40000000FF0000FFFFFF0000FFFFFF0000000B
:10AC5000FFFF050005000000FF00000000FFFF00EF
:10AC60000000FF00FFFFFFFF0000FFFFFF000000EC
:10AC7000FFFF050005000000FF00000000FFFF00CF
:10AC80000000FF00FFFFFFFF0000FFFFFF000000CC
:10AC9000FFFF05000500FF00FF00FFFF00FF00FFB2
:10ACA000FFFFFFFFFF0000FF00000000FF000000AB
:10ACB000FFFF050005000000FF000000FFFFFF0090
:10ACC000FFFF00FFFF00FFFFFF000000FF0000008C
:10ACD000FFFF050005000000FF000000FFFFFF0070
:10ACE000FF00FF00FF0000FF00000000FF00000069
:10ACF000FFFF050005000000FFFFFF000000FFFF51
:10AD00000000FF00FF00FF000000FF000000000047
:10AD1000FFFF050005000000FF0000000000FF002D
:10AD2000FFFFFFFFFF000000FF000000FF0000002A
:10AD3000FFFF05000500FF0000000000FF0000000D
:10AD40000000FF00FF000000FFFF0000FFFFFF000A
:10AD5000FFFF050005000000FF00000000FF0000ED
:10AD6000FF00FF00FF00FFFFFF000000FF000000EA
:10AD7000FFFF0500050000000000FF000000FF00CD
:10AD8000FF00FF0000FFFF000000FFFFFF000000CA
:10AD9000FFFF050005000000FF000000FF000000AD
:10ADA000FFFFFFFFFF00FF0000000000FF000000AA
:10ADB000FFFF05000500FFFFFF0000FFFF00000090
:10ADC000FF00FF0000000000FF0000000000FF0087
:10ADD000FFFF05000500000000000000000000006B
:10ADE0000000000000000000000000000000000063
:10ADF000FFFF050005000000FF000000000000004C
:10AE00000000FF0000000000000000000000000043
:10AE1000FFFF0500050000FF00000000000000002B
:10AE20000000FF0000000000000000000000000023
:10AE3000FFFF05000500FF0000000000000000000B
:10AE40000000FF0000000000000000000000000003
:10AE5000FFFF050005000000000000FF00000000EB
:10AE60000000FF00000000000000000000000000E3
:10AE7000FFFF0500050000000000000000000000CA
:10AE8000FF00FF00000000000000000000000000C4
:10AE9000FFFF0500050000000000000000000000AA
:10AEA0000000FF0000FF00000000000000000000A4
:10AEB000FFFF05000500000000000000000000008A
:10AEC0000000FF00000000000000FF000000000084
:10AED000FFFF05000500000000000000000000006A
:10AEE0000000FF0000000000000000FF0000000064
:10AEF000FFFF05000500000000000000000000004A
:10AF00000000FF000000000000000000FF00000043
:10AF1000FFFF050005000000000000000000000029
:10AF20000000FF00000000000000000000FF000023
:10AF3000FFFF050005000000000000000000000009
:10AF40000000FF0000000000000000000000FF0003
:10AF5000FFFF0500050000000000000000000000E9
:10AF60000000FF000000000000FF000000000000E3
:10AF7000FFFF0500050000000000000000000000C9
:10AF80000000FF00FF0000000000000000000000C3
:10AF9000FFFF05000500000000000000000000FFAA
:10AFA0000000FF00000000000000000000000000A2
:10AFB000FFFF0500050000000000FF00000000008A
:10AFC0000000FF0000000000000000000000000082
:10AFD000FFFF05000500000000FF0000000000006A
:10AFE0000000FF0000000000000000000000000062
:10AFF00004590400000000000459040002000D0A76
:10B00000000000000459040001002000045904005D
:10B0100007005343524F4C4C2C00000004590400CD
:10B0200005004D4F56452C000459040001002C002A
:10B03000045904000700434C49434B5F4C00000097
:10B04000045904000700434C49434B5F5200000081
:10B05000045904000B004D6F74696F6E204D6F75BD
:10B06000730000000000000000000000000000006D
:020000040007F3
:1070000000000220F97207002173070023730700B4
:10701000257307002773070029730700000000008D
:107020000000000000000000000000001DB5070087
:107030002D730700000000002F7307003173070055
:10704000337307003373070033730700337307008C
:10705000337307003373070033730700337307007C
:10706000337307003373070033730700337307006C
:10707000337307003373070033730700337307005C
:10708000998E0700337307003373070033730700CB
:1070900033730700337307001DB70700337307000E
:1070A000337307003373070033730700337307002C
:1070B0003373070033730700000000000000000076
:1070C000337307003373070033730700337307000C
:1070D0001D8B0700337307003373070033730700FA
:1070E00033730700000000000000000000000000F3
:1070F0000000000033730700000000003373070036
:10710000000000000000000000000000000000007F
:10711000000000000000000000000000000000006F
:10712000000000000000000000000000000000005F
:10713000000000000000000000000000000000004F
:10714000000000000000000000000000000000003F
:10715000000000000000000000000000000000002F
:10716000000000000000000000000000000000001F
:10717000000000000000000000000000000000000F
:1071800000000000000000000000000000000000FF
:1071900000000000000000000000000000000000EF
:1071A00000000000000000000000000000000000DF
:1071B00000000000000000000000000000000000CF
:1071C00000000000000000000000000000000000BF
:1071D00000000000000000000000000000000000AF
:1071E000000000000000000000000000000000009F
:1071F000000000000000000000000000000000008F
:107200000348044B834202D0034B03B11847704735
:10721000A02B0020A02B00200000000005480649FC
:107220000B1AD90F01EBA301491002D0034B03B194
:1072300018477047A02B0020A02B00200000000062
:1072400010B5064C237843B9FFF7DAFF044B13B1AE
:107250000448AFF300800123237010BDB42B00203D
:1072600000000000B0D2070008B5044B1BB1044970
:107270000448AFF30080BDE80840CFE700000000FD
:10728000B82B0020B0D20700A3F5803A704700BFAA
:10729000154B002B08BF114B9D46FFF7F5FF002152
:1072A0008B460F461148124A121A05F00FFC0C4B80
:1072B000002B00D098470B4B002B00D098470020A4
:1072C000002104000D000B4805F0DEFA05F010FB6C
:1072D0002000290001F020F905F0DCFA0000080088
:1072E000000000000000000000000220B42B00207D
:1072F0004C520020BDC807000649074A074B9B1A9D
:1073000003DD043BC858D050FBDC00F023F8FFF746
:10731000BFFF000020D30700E82A0020B42B002084
:10732000FEE7FEE7FEE7FEE7FEE7FEE7FEE7FEE735
:10733000FEE7FEE7054B1B680D2B01BF044B1868E9
:10734000B0FA80F0400918BF0020704730010010EB
:107350003401001008B5FFF7EDFF40B14FF0804356
:107360000022C3F80C21C3F81021C3F83825FFF719
:10737000E1FF002846D04FF080524D4BD2F8041464
:10738000C3F82015D2F80814C3F82415D2F80C1449
:10739000C3F82815D2F81014C3F82C15D2F8141419
:1073A000C3F83015D2F81814C3F83415D2F81C14E9
:1073B000C3F84015D2F82014C3F84415D2F82414A9
:1073C000C3F84815D2F82814C3F84C15D2F82C1479
:1073D000C3F85015D2F83014C3F85415D2F8341449
:1073E000C3F86015D2F83814C3F86415D2F83C1409
:1073F000C3F86815D2F84014C3F86C15D2F84424C9
:10740000C3F87025FFF796FF48B14FF08043D3F8DB
:107410000024D20744BF6FF00102C3F80024254ABC
:10742000D2F8883043F47003C2F88830BFF34F8F2E
:10743000BFF36F8F4FF01023D3F80022002A03DB35
:10744000D3F80432002B2FDA1B4B0122C3F804259A
:10745000D3F80024002AFBD04FF010221221C2F8EA
:107460000012D3F80024002AFBD04FF01023122280
:10747000C3F80422104B1A46D3F800140029FBD09D
:107480000021C3F80415D2F80034002BFBD0BFF361
:107490004F8F0849094BCA6802F4E0621343CB607E
:1074A000BFF34F8F00BFFDE7054B064A1A6008BDCA
:1074B00000C0004000ED00E000E001400400FA05DB
:1074C000E82A00200090D0034B1C30B5DB000446B6
:1074D00012F003009BB20DD1074D2A601A44074BEE
:1074E0001A60074B1870074B1870074B1C80074B2E
:1074F000198030BD0720FCE7D82B0020D42B0020BA
:10750000D02B0020E02B0020DC2B0020DE2B0020E5
:107510002DE9F3472B4F3B888B4206460D4690469C
:107520004BD300240DF107008DF8074000F086F8DA
:10753000254B26481A78264B008893F800C08445CE
:107540005FFA8CF138BF4C1CD2B238BFE4B2A24211
:107550002DD01C781A78D1B2904286BF0131C9B2C1
:10756000002119709DF8070000F08CF84FF6FF73AA
:107570009C4224D0DFF86090D9F800204FEAC40A7A
:1075800042F8348002EBC403A6B19DB1114B388898
:107590001B682A4604FB0030314605F0FDF9D9F896
:1075A0000030534400209D8002B0BDE8F0874FF6C4
:1075B000FF74D7E700209880F6E70920F4E704205D
:1075C000F2E700BFDC2B0020E02B0020DE2B0020A8
:1075D000D02B0020D42B0020D82B0020F8B5114C44
:1075E000114D264622782B789A4200D1F8BD0F48DB
:1075F0000F4A2378126807880E4802EBC30100681F
:1076000052F83320898803FB070090470A49227803
:107610000988D3B2914286BF0133DBB200233370B5
:10762000E0E700BFE02B0020D02B0020DC2B002067
:10763000D82B0020D42B0020DE2B002070B5EFF3D8
:10764000108672B60C4A946801239CB993600B4B68
:107650000B4DD3F8801029401160C3F88050D3F847
:10766000841051604FF0FF32C3F88420047006B9D3
:1076700062B670BD0370FAE7C04E002000E100E082
:10768000FC06FFBD10B5084B9A685AB150B9EFF32C
:10769000108172B6054A1C6814605C68546098607A
:1076A00001B962B610BD00BFC04E002000E100E08D
:1076B00030B53AB11368DB430A4D0144814204D12D
:1076C000D84330BD4FF0FF33F6E710F8012B53409D
:1076D000082213F0010418BF2C46013A84EA530330
:1076E000F7D1EBE72083B8ED10B561B1B2FBF3F44D
:1076F00003FB1424A4B244B9C0E90014846082815D
:10770000C381204610BD0E20FCE70920FAE782B0B5
:1077100050E8022FC188B2EB324F4FF0000317BF81
:1077200092B241EA014142EA014104E04268B2EB0F
:10773000324F08BF012340E80212002AE8D18DF839
:1077400007309DF80730002B0CBF1120002002B03D
:10775000704737B550E8013F9DB2C48925448489FC
:10776000A54228BF2D1B0489A54202BFBFF32F8F5E
:10777000002207E0C5EA030540E80154002CE9D1E6
:107780004FF001028DF803200193019B9DF8032027
:107790000B6002F0FF0322B10B880068184403B0AD
:1077A00030BD1846FBE70A884B889A4209D150E859
:1077B000012FC2EA024240E80123002BF7D1012049
:1077C00070470020704737B550E8023F1FFAA3F515
:1077D000C488A54202BFBFF32F8F00220DE0C489E9
:1077E00025448489A54228BF2D1BC3EA054540E8EE
:1077F0000254002CE8D14FF001028DF803200193D0
:10780000019B9DF803200B6002F0FF0322B14B881F
:107810000068184403B030BD1846FBE70A884B885F
:107820009A4209D150E8022FC2EA224240E80223DC
:10783000002BF7D1012070470020704710B5034698
:1078400053E8000F40EA010243E8002494F0000FDF
:10785000F6D110BD10B5034653E8002F02EA01002F
:1078600043E8000494F0000FF6D110BD0121FFF7AA
:10787000E5BF0021FFF7EEBF10B590B1D0E90123BD
:1078800001689B1ADBB20A60013BDBB2FF2B026886
:1078900002D10020107110BD11684C1C14600B70D7
:1078A000F2E70E20F7E737B5044600250DF1070093
:1078B0008DF80750FFF7C2FE2268616813688B429B
:1078C00010D9591E116013F8015C228AE36802FB8B
:1078D00005352268A36811685B1A1179DBB29942F9
:1078E00038BF13719DF80700FFF7CCFE284603B0A0
:1078F00030BD37B5054600230DF107000C468DF865
:107900000730FFF79BFE2A681368591C1160E9686D
:10791000641A298AB4FBF1F41C709DF80700FFF784
:10792000B1FE03B030BD01600B681146184710B4BA
:107930000468E468A4465DF8044B604710B404682A
:107940002469A4465DF8044B6047000070B550B947
:107950000E4D0F4C0026641B1423B4FBF3F4B44209
:1079600008D1002010E00368002BF1D0BDE8704082
:10797000DB6918472B6813B901361435EFE7DB696B
:10798000284698470028F7D070BD00BFA02B0020E4
:10799000B42B0020014B436000207047B4CD07009A
:1079A0000846704700207047024B1868003818BF1F
:1079B00001207047E42B002008B50248FFF759FF6B
:1079C000002008BDE42B002008B510461A4604F03C
:1079D000E3FF002008BD00002DE9F043814687B099
:1079E00014480E4615469846FFF740FF0446F0B986
:1079F0000746BD4215D10F48FFF73BFFD9F80830C5
:107A00005BB102228DF800200022CDE90126CDE9EC
:107A10000325CDF8148068469847204607B0BDE896
:107A2000F08306EB073000F07DFB0137E1E711241E
:107A3000F3E700BFE42B00202DE9F041804686B03B
:107A400011480F4616461D46FFF710FF0446C8B9F9
:107A5000AA083146384600F093FB0B48FFF709FFB0
:107A6000D8F8083053B101228DF800200C9A059205
:107A7000CDE90147CDE9036568469847204606B041
:107A8000BDE8F0811124F9E7E42B002029DF7047DD
:107A900028DF704770B50668B36886B004460D46A7
:107AA00073B114220021684605F010F8A36805930D
:107AB0002379019533B1012B0ED0B36868469847FE
:107AC00006B070BD01238DF8003023690293E3688E
:107AD000039363690493F0E702238DF80030E368B1
:107AE0001B030293F5E7084670470020704700002B
:107AF000024B187A003818BF01207047D42D00209F
:107B0000034B187A0122B0FA80F05A74400970478A
:107B1000D42D002008B510461A4604F03DFF002081
:107B200008BD000008B514220021044804F0CEFF6F
:107B30000348FFF7ECFD002008BD00BFD42D002056
:107B4000C42D002010B5094C094B43602046FFF7B7
:107B50008DFE48B903F0C8FD064920741C23064871
:107B60004FF4EE72FFF7C0FD002010BDD42D0020B1
:107B7000E0CD0700E82B0020C42D002070B5234C79
:107B8000234E237A25463BB922492348FFF71BFEA3
:107B9000306008B9606070BD022334682B722379AD
:107BA00073B1012B22D020460321FFF773FF00237E
:107BB0002B726B60BDE8704016491748FFF72EBE68
:107BC000D4E90523D21A142AD4E9031028BF1422B9
:107BD0009208012A38BF012219441844FFF756FFC2
:107BE00050B11128DFD101232B72D4E7D4E903036C
:107BF0001844FFF74DFFF3E72B7C002BCBD1014658
:107C0000BDE87040022000F009B800BFD42D00206C
:107C1000EC2D0020E82D0020C42D002038B5831E57
:107C2000012B43D8224C237A002B3FD0022B09D1C1
:107C300003282ED01F4B00221B68E2601A793AB14C
:107C4000012A20D0637C6BBBBDE83840FFF796BFAC
:107C5000D3E905128D1A142D94BF521914329A616A
:107C60009142EFD102284FF0000308BF194623725A
:107C7000104B18BF0D211868FFF70CFF0E490F4875
:107C8000FFF7CCFDDEE71A6901321A615B699A429F
:107C9000E7E7E3680133082B01D8E360D2E700236C
:107CA000E360DFE7BDE8384003F00EBD38BD00BF3C
:107CB000D42D0020EC2D0020E82D0020C42D002024
:107CC00000F0FD03012B08D1044B00225A74421E20
:107CD000504250411874FFF751BF7047D42D002017
:107CE00010B5064C201DFFF7C1FD28B9637C1BB9F8
:107CF000BDE81040FFF742BF10BD00BFD42D0020EB
:107D00002DE9F34180460D460F4801A916461F464E
:107D1000FFF71FFD0446A8B11C22002104F0D6FE87
:107D20002D0B0123237101A90748C4F80080A76027
:107D3000E5606661FFF737FDFFF7D2FF002002B074
:107D4000BDE8F0810420FAE7C42D00202DE9F743B7
:107D500081468846104801A917461E46FFF7F9FCE0
:107D60000446B0B11C22002104F0B0FE00250A9B9D
:107D7000A36001A9C4E9037807482571C4F80090FD
:107D80006661FFF710FDFFF7ABFF284603B0BDE8C3
:107D9000F0830420FAE700BFC42D002001600B68C7
:107DA00043604A68934204BF0023436070474368BE
:107DB00043B1026891680B4443605268934204BF28
:107DC00000234360704700002DE9F04FC9B008AAB6
:107DD00001F1400514464B780E781B0443EA066314
:107DE000CE7833438E78043143EA06238D4244F83B
:107DF000043BF0D11024916B16464FEAF14383EA1D
:107E0000714383EA9123716A366852F8045F314402
:107E10000B444FEAB54181EAF51181EAD5010134FD
:107E20000B44402CD363E6D1D0E914E30093836D77
:107E30000193C36D0293036E0393436E0493836EA9
:107E40000593C36E0693DDE9057BDDE9031CDDE9DF
:107E500001592B4B009E079374464FF00008079B77
:107E600053F8042B07934FEAF12383EAB11383EA13
:107E7000716A08AB53F828301A440AEB020327EA68
:107E8000010A01EA0C028AEA02021A444FEA743A31
:107E900086EA05035A448AEAB40A06EA050B234037
:107EA00083EA0B038AEAB45A08F101089A44B8F14C
:107EB000400F02EB0903BB465244A94619D1724454
:107EC0000265009A22444265019A32448265029A10
:107ED0002A44C265039A1A44049B02660B44436613
:107EE000059B63448366069B3B44C36649B0BDE87B
:107EF000F08F674635468C46264619461446AEE74F
:107F00000CCE070030B5E0B10F4A1049002400251F
:107F1000C0E91245C0E914120D4C0E4A0E4DC0E9DD
:107F200016420E4AC0E918520D4A826602F1745296
:107F3000A2F523020023A2F692420364C266184609
:107F400030BD0E20FCE700BF85AE67BB67E6096A5F
:107F500072F36E3C3AF54FA57F520E518C68059B2B
:107F6000ABD9831F70B5F0B1DAB900201CE00C4624
:107F70008D180026AC42F8D0036C14F8012BC254C3
:107F80000133402B0364F5D10146FFF71DFFD0E913
:107F9000123213F5007342F10002C0E91232066496
:107FA000E8E70029E3D10E2070BD70B50D461646F6
:107FB0000446002875D0002973D0026C8021372A2E
:107FC000815402F101034FF0000240D8382B39D11F
:107FD000D4E91201226C0823E3FB020103BAE36334
:107FE0000B0A84F83A300B0C84F839300B0EC4E9D4
:107FF000120184F83B1084F8383021462046FFF700
:10800000E3FE691E76B30023E26EDA4001F8012F29
:10801000A26EDA400A71626EDA400A72226EDA40AB
:108020000A73E26DDA400A74A26DDA400A75626D75
:10803000DA400A76226DDA400833202B0A77E3D142
:10804000002070BDE2540133C0E7E25401333F2BFE
:10805000FBD921462046FFF7B7FE3822002104F065
:1080600035FDB5E71823226DDA4001F8012F626D66
:10807000DA400A71A26DDA400A72E26DDA400A73E0
:10808000226EDA400A74626EDA400A75A26EDA4035
:108090000A76E26EDA40083B13F1080F0A77E2D164
:1080A000CEE70E20CDE743689B68184708B54368C4
:1080B00008305A7900F083F9002008BD2DE9F0411D
:1080C0000C469CB008461F460392FFF7ECFFD4F81D
:1080D0000480039998F80550BD4228BF3D460646E6
:1080E0002A4604A800F060F998F8052022990CA807
:1080F00000F065F900960CAB2A4604A904F10800CB
:1081000004F044FA002848F2425018BF00201CB086
:10811000BDE8F081024AD2F80034002BFBD0704752
:1081200000E001400A4908B50223C1F80435BFF355
:108130006F8FBFF34F8FC1F80805FFF7EBFF0023E8
:10814000C1F80435BFF36F8FBFF34F8F08BD00BF79
:1081500000E0014010B5094C0123C4F80435BFF319
:108160006F8FBFF34F8F0160FFF7D4FF0023C4F878
:108170000435BFF36F8FBFF34F8F10BD00E0014098
:108180000E4B10B50124C3F80445BFF36F8FBFF346
:108190004F8F01EB8204401AA14208D1074B002205
:1081A000C3F80425BFF36F8FBFF34F8F10BD431883
:1081B00051F8042B1A60FFF7ADFFEDE700E0014036
:1081C00028B139B10023C1E900301846704748F2A0
:1081D0001050704748F21350704738B1006848F2A9
:1081E0004053884214BF18460020704748F2105090
:1081F000704730B148F21153914214BF1846002025
:10820000704748F21050704770B506460C461D4640
:10821000FFF7D6FF50B9B3794AB1AB420AD1114644
:108220002046FFF743FF08B9044B236070BD48F2B6
:108230001050FBE748F21150F8E700BF7052464D6E
:108240002DE9F0470C4606460F492046DDE908892E
:1082500015461F46FFF7C1FFA0B963685A79494622
:1082600052004046FFF7C5FF60B94DB1CDF8208000
:108270003B462A4621463046BDE8F047FFF71EBF81
:1082800048F21050BDE8F0877052464D10B50446D4
:1082900038B149B141600B68984708B9044B236075
:1082A00010BD48F20150FBE748F21050F8E700BF5C
:1082B0006E524648F0B4134648B10768094EB742BB
:1082C0000AD161B12AB14368F0BC5B68184748F233
:1082D00001531846F0BC704748F20253F9E748F2E0
:1082E0001053F6E76E524648F0B460B107680C4E82
:1082F000B7420CD171B143681568DC68A5420CD354
:10830000F0BC9B68184748F20150F0BC704748F237
:108310000250FAE748F21350F7E748F21450F4E736
:108320006E524648F7B50446DDE9086715460193E5
:10833000FFF7ACFF68B9019A29462046FFF7BAFF5C
:1083400038B93A463146204603B0BDE8F040FFF761
:10835000CBBF03B0F0BD0000F8B50A4F0A4C0B4D7F
:10836000E41B0121E40829700026A64203D1022360
:108370002B700020F8BD57F8363098470028F9D107
:108380000136F2E7B4D20700B4D20700F02D002086
:1083900001390144814200D2704703780A7800F81D
:1083A000012B01F80139F5E7013A02440139824213
:1083B00000D2704711F8013F02F80139F7E770B5B4
:1083C00016460D46FFF7F0FF3246A9193044BDE8C6
:1083D0007040FFF7E9BF38B50D460446FFF7D8FFF8
:1083E00029466019BDE83840FFF7D2BFBFF34F8F71
:1083F0000549064BCA6802F4E0621343CB60BFF341
:108400004F8F00BFFDE700BF00ED00E00400FA055C
:10841000044A136801331360034B1B780BB100F05F
:10842000FFB87047FC2D0020F82D002010B5094C36
:1084300000F018F923785BB9074A137000F0B8F818
:10844000012323700549BDE81040A32000F0D6BBEE
:1084500010BD00BFF82D0020F12D00201184070071
:1084600008B5084B00221A7000F030F90649A32025
:1084700000F0C4FB054B1A68054B1A60054B01223E
:108480001A7008BDF82D002011840700FC2D002073
:10849000F42D0020F12D0020013870B5082823D8D4
:1084A000DFE800F00A0C23220522050E0C0011481B
:1084B000BDE87040FFF7BABF0F48F9E70F48F7E78C
:1084C00002F07AF80E4B1B787BB10E4E0E4D3468DD
:1084D0002B68E41A3B2C94BF0021012100F040F9E5
:1084E0003B2C01D933682B6070BDBDE87040FFF7AD
:1084F000B7BF00BF5DCF070058CF070062CF0700AE
:10850000F12D0020FC2D0020F42D002008B5FFF7F0
:108510006DFF08B5FFF76AFF08B500F089FC024857
:1085200000F0A6F9FFF762FF99840700F0B51B4B36
:108530001B4819781B4B1C4D5F5C0422012447FA31
:1085400002F6F60710F8013B1BD51F2B86BF03F080
:108550001F032E464FF0A04604FA03F3C6F80C356D
:10856000013AECD2114B5B5C1F2B86BF0E4903F026
:108570001F034FF0A041012202FA03F3C1F80835AE
:10858000F0BD1F2B86BF03F01F032E464FF0A04601
:1085900004FA03F3C6F80835E2E700BF052E002011
:1085A00067CF0700002E0020000300506CCF0700AB
:1085B00030B41748174D0022032410F8013B1F2B3D
:1085C00086BF03F01F0329464FF0A04103F5E07377
:1085D0000132052A41F82340EFD10F480D4D00220A
:1085E000032410F8013B1F2B86BF03F01F0329460D
:1085F0004FF0A04103F5E0730132052A41F8234012
:10860000EFD1064B00221A7030BCFFF78FBF00BFBE
:1086100067CF0700000300506CCF0700052E002035
:1086200010B40D4A0D4913780120C95C03441F2979
:10863000DBB28ABF0A4C4FF0A04401F01F01042BAB
:1086400000FA01F188BF0023C4F80C1513705DF81F
:10865000044BFFF76BBF00BF052E00206CCF070057
:108660000003005001460522014804F095B900BFFF
:10867000002E00201F2886BF054A00F01F004FF083
:10868000A042012303FA00F0C2F80805704700BFBA
:10869000000300500B4B185C1F288ABF0A4B4FF099
:1086A000A04300F01F01D3F8042598BF0146CA403B
:1086B000D20704D501228A40C3F80C257047FFF782
:1086C000D9BF00BF71CF070000030050F8B5204AA2
:1086D000204D214E002313602846032410F8012B5F
:1086E0001F2A86BF02F01F0231464FF0A04102F55B
:1086F000E0720133052B41F82240EFD1174C164FA1
:1087000020460022032610F8013B1F2B86BF03F0F2
:108710001F0339464FF0A04103F5E0730132052AEB
:1087200041F82360EFD1002115F8010BFFF7A2FFFC
:1087300001310529F8D1002114F8010BFFF79AFF48
:1087400001310529F8D1BDE8F8400020FFF7A2BFAC
:10875000082E002071CF07000003005076CF0700DD
:10876000F0B5164A164F1668DFF858C03446002593
:108770004FF0010E00EB8000642390FBF3F0A04269
:108780000BDCB042B8BF304605B11060A1B104287F
:1087900012DCBDE8F040FFF77DBFE35D1F2B8ABF11
:1087A00065464FF0A04503F01F030EFA03F3C5F82A
:1087B0000C3501340125E2E7F0BD00BF082E002092
:1087C00071CF070000030050007800F001007047EF
:1087D00041DF7047014B01221A7070472C32002094
:1087E000BFF34F8F0549064BCA6802F4E06213439A
:1087F000CB60BFF34F8F00BFFDE700BF00ED00E08F
:108800000400FA05024B034800221A7001F0F2BF7F
:108810002C320020E1870700042810B5044609D84F
:10882000022811D816D00D4B1B68B3B12046BDE805
:1088300010401847831F012BF5D8094B0948002227
:108840001A7001F0D7FFEEE707494FF4701000F0FF
:10885000A7F9E8E701F014FFE5E710BD303200208A
:108860002C320020E18707000588070000207047B0
:1088700038B5504B1860002001F0D2FF04460028A4
:1088800040F0928000F07EFA012800F088800228F3
:1088900000F08C80002840F087804FF08043D3F8B0
:1088A000004414F4803435D04FF48032C3F80024EF
:1088B0000446414D2B6A012B3FD04FF4701400F059
:1088C000F7FA3E4A20211820FEF7FEFD08B1FFF717
:1088D00020FE3B4B1A6802F0F802B02A06D11A6853
:1088E000D20742BF1A6802F04E021A60FFF7BEFFBD
:1088F000002859D12046334900F052F9324800F09F
:10890000E9FF002850D100F0F9FAFEF767FEFFF703
:108910005FFFF8E7D3F8202502F0F802A82A0AD171
:10892000D3F82025D10706D5D3F8202502F056022A
:10893000C3F82025BDE70124BBE743F204031A680E
:10894000224B9A4209D002F023F8AA69014694B159
:108950001F4802F07AFB90B9AFE76A6B1CB995F833
:108960006032012BEFD01B484FF4805102F06DFBB9
:108970000028E8D1A1E795F8A132012BE8D1104BEE
:108980001B6813F0B10F98D101F0AEFF60B9124B24
:108990001870124801F02EFF00F024F804E00E4B8E
:1089A0000F481C7001F026FF032038BD4FF4A024AF
:1089B00085E700BF30320020CC4E00200C2E002076
:1089C0001C0500400588070019880700DBE5B15148
:1089D0006D5100202C5100202C320020D58707003B
:1089E000E187070008B5074B4FF0FF32C3F880203E
:1089F000C3F8802101F060FCBDE808404FF48050CE
:108A000000F002B800E100E000B5EFF305830023B9
:108A1000D0E9001283F3148883F3108883F311885C
:108A200083F3138881F308884FF0FF339E46104785
:108A30005DF804FB00F1402000F50030002382B017
:108A4000036003680193019B02B0704738B56FF073
:108A50007F42134C057BD4F804358A4228BF0A466E
:108A6000891A13444A1E942A23F07F4305F5A872FD
:108A70009BBF963B96314160416044F82230094BE0
:108A80004FF4F86043F00103984705F1500080006F
:108A9000FFF7D0FF4FF48033AB40C4F8043338BD48
:108AA0000040024080CF070008B517490A7852BB42
:108AB0004FF080434FF48070D3F81834DB035EBF6F
:108AC000124B01221A60FFF7B5FF4FF4A070FFF7B9
:108AD000B1FF4FF4A270FFF7ADFF4FF4A470FFF7A2
:108AE000A9FF0B4B0B48A02283F8242310225A60C5
:108AF000094A0023C2F808350123036002201360ED
:108B0000C2F804030B7008BD383200200800004092
:108B100000E100E008400240004002402DE9F04141
:108B2000194B1B683BB1194A13684FF4827001332B
:108B30001360FFF77FFF164C164DDFF86080164E6E
:108B40004FF480372B68A5F5804080B25BB1FFF70A
:108B500071FF237B07FA03F3C8F80833616849B152
:108B60002046FFF773FF0435B54204F11004E9D144
:108B7000BDE8F081A16811B12046FFF767FF2368C7
:108B8000002BF0D09847EEE7044102403432002039
:108B9000EC2A0020404102404C410240004002408B
:108BA00070B50B4B1D682A7B4FF480339340094A04
:108BB0000E46C2F80833044640B1FFF775FF2E6039
:108BC00021462846BDE87040FFF740BF70BD00BF9A
:108BD0001C2B00200040024070B5074B1D680E465C
:108BE000A8600446FFF760FF2E6021462846BDE8D6
:108BF0007040FFF72BBF00BF242B002070B50E4B39
:108C00001C68237B4FF480329A400C4B0E46D3F8FD
:108C100004130A42054602D0A16881420BD0C3F872
:108C20000823A560FFF740FF266029462046BDE8DF
:108C30007040FFF70BBF70BD202B002000400240AA
:108C4000014B01221A7070473932002038B50F4BA2
:108C5000DA6A5D6A9C6CAC2A10D15B6B1C44ED1A1D
:108C60000B482A46214603F067FE68B100F046F93A
:108C700029462046BDE8384001F000BB002CEFD16A
:108C800001F09CFE0446EBE738BD00BFCC4E00204F
:108C9000007007002DE9F74F06468846A8EB060549
:108CA0002D0B02F6FF77144600F002F9802D28BF45
:108CB00080252B03DFF868B001933F0B0CB92346E6
:108CC00029E0BD422CBFBA46AA464FF000025146E9
:108CD000304634BFDDF80490A14601F0B7FA0346F0
:108CE000C8B909F1030222F003024146304601F0FF
:108CF0009FFA034678B9DBF830304B44CBF830307C
:108D000001F07EFDA7EB0A07A4EB09044E44C8441A
:108D100003460028D2D0184603B0BDE8F08F00BF4C
:108D2000CC4E002010B501F059FE154A42F2040362
:108D3000916CCC5803F1A34303F5471303F2D753C7
:108D40009C4218D1D2E90C32934216D0884204D109
:108D5000BDE81040002001F053BDD21A02F6FF72A8
:108D600022F47F6222F00F0219441844FFF792FFA9
:108D70000028EDD010BD0320FCE70020FAE700BF7B
:108D8000CC4E002070B5264CE36AAA2B37D005D80C
:108D9000012B0BD0A52B2ED0002070BDAC2BFBD10E
:108DA000FFF7C0FF48BBFFF751FF26E0A66C656ADE
:108DB00001F0EEFD864229D101F0EAFD00222946AC
:108DC000FEF776FCA36A984202BF0123C4E90703B9
:108DD000A5610025134801F0CFFD134B1348002275
:108DE0001A7001F00DFD68B975B1236A012B14BF2B
:108DF00001200220D1E7FFF795FF0125EAE7FFF701
:108E000025FFE6E70320C8E70120C6E7236BEA1A3F
:108E1000F1181844FFF73EFF0028DAD1CCE700BF75
:108E2000CC4E0020F04E002039320020418C07004B
:108E300008B540F6F8700368013302D10749FFF71F
:108E400089F940F6FC700368013305D1BDE808409C
:108E50004FF4FC21FFF77EB908BD00BF007007008A
:108E60000A4AD2F800347BB109480023D2F8081529
:108E7000D940C90748BF03F5C07103F1010348BFDA
:108E800042F82100072BF1D1704700BF00000140DC
:108E90003546526EFFF7E4BF044B002282B01A60E1
:108EA0001B680193019B02B0704700BF00010140A5
:108EB00038B50E4C2278BAB90D4BD3F800248AB1DC
:108EC000D3F80455FFF7CCFF40F61650A842B8BFC0
:108ED00028460849A0F54860FFF77EFE064B4FF490
:108EE00080321A600123237038BD00BF3A3200205F
:108EF00000000140958E070000E100E0034BD3F82D
:108F000000340BB1FFF7ACBF704700BF0000014059
:108F10000023C0E90232C0E900118B881A440261C3
:108F2000B1F906301A4442610888003818BF0120A0
:108F3000704710B5426811880346002939D002F104
:108F400010014160148A2CB9C2680168FFF7E0FF84
:108F5000204610BD9078118900F03004302C1BD1D0
:108F6000947C04F03004302C1DD190881969091AC2
:108F700019610021907810F0300F02BF986801301D
:108F80009860908A0844196901441961B2F9162061
:108F9000114459610120DCE700F0F004202C02D1DB
:108FA00050894143E6E700F0C000802808BF042153
:108FB000E0E70846CDE770B5466804460D466368AD
:108FC0001A88AA4204D19B7803F00F03082B07D11B
:108FD0002046FFF7AEFF6368B342F0D1002070BDBA
:108FE0000120FCE743681A44426011B101399A42FA
:108FF00001D10120704713F8010B01F8010FF6E7CA
:109000002DE9F34183680446884623B9002630469B
:1090100002B0BDE8F081036801220DF10701984715
:1090200006460028F2D0A3689DF80750013BA360D4
:109030009DF90730002B1ADA05F07F050727A36892
:10904000002BE3D0236801220DF107012046984749
:109050000028DBD0A3689DF80720013BA36002F045
:109060007F03BB401D43130607F1070702D4C8F86E
:109070000050CCE7232FE2D1C8E770B54268927860
:1090800002F00F01082986B003461FD103691C684E
:1090900000260CB906B070BD236826739D6862680F
:1090A00029466846FFF734FF6368049304F10C0314
:1090B0000593AB7803F0C003802B08BF231D6846DF
:1090C00008BF0493FFF7D9FFA468E2E712F0C001DC
:1090D00020D102F0300010280ED15A6911705A6860
:1090E00018699378D46803F00F03072B09D1014660
:1090F000204600F017F8CDE79006F0D55B6919809F
:10910000C8E71289214614B103F046FCC2E703F018
:10911000DDFCBFE78029BDD1006900219206016016
:10912000B8D5EBE77FB50A4601466846FFF7F0FE83
:1091300030B16846FFF7A1FF6846FFF7FAFEF7E790
:1091400007B05DF804FB000030B5044685B0154655
:10915000A9B90268114B9A4211D0102D06D82A469F
:1091600069462046FFF7F0FF05B030BD1022694682
:109170002046FFF7E9FF0028F6D0103DEDE7A36891
:10918000AB4201D20020EFE723682A4620469847E9
:109190000028F7D0A268521BA260E5E7E58F070020
:1091A000F7B50E4601A907461546FFF729FFA8B1F6
:1091B000019A0123D3184FF0000404D2B17801F0D2
:1091C000C001802901D1204608E031899942FAD3B3
:1091D00029463846FFF7B8FF019BEC5403B0F0BDB9
:1091E00073B50D4601A906461446FFF709FF98B16D
:1091F000019AB2F5803F11D2AB7803F0C003802B07
:1092000002F102010AD02B898B4207D32146304656
:1092100021F8022BFFF798FF02B070BD0020FBE79A
:1092200010B5034C82600022C0E90041C26010BD4D
:10923000E58F07002DE9F341002604460F46B046AE
:109240003546A3682BB3236801220DF107012046A0
:109250009847F0B1A3689DF807C0013B0CF07F026E
:10926000C5F12001A360A5F1200302FA03F322FA5D
:1092700001F10B43AA401CF0800F46EA020643EAC4
:10928000080805F1070502D1C7E9006802E0462D8C
:10929000D7D1002002B0BDE8F08173B50C46694615
:1092A0001646FFF7C7FF68B12389082B0CD1DDE90B
:1092B0000045C6E90045DDE90023AB4206BFA242F6
:1092C0000120002002B070BD042B04D1009B33604C
:1092D0001C460025EFE7022B4FF0000004D1009B55
:1092E00033809CB20546E6E7012BEBD1009B33703F
:1092F00003F0FF04F6E737B50D4669461446FFF75D
:1093000099FF30B12A89082ADDE9003103D1C4E987
:10931000003103B030BD042A18464FEAE37108D18A
:1093200023601A460B468B4206BF82420120002072
:10933000EFE7022A04D11BB223801AB2D317F2E757
:10934000012A03D15BB223705AB2F7E70020E0E7AD
:10935000F7B51F4600233B700D460B70136001A943
:1093600004461646FFF74CFE30B9A36813B9012333
:109370003B70002003B0F0BD019C002CF7D0E30847
:1093800004F0070433602C70F4E713B50446052994
:109390001FD8DFE801F0030F151E1E1C012201A9D2
:1093A0002046FFF7D1FE18B19DF90430002BF5DB04
:1093B00002B010BD082200212046FFF7C5FEF7E7E6
:1093C00001A9FFF71DFE0028F2D0019AF3E704225D
:1093D000F1E70020ECE773B50D4601A90446FFF75D
:1093E0000FFE064618B90026304602B070BD94E85C
:1093F0000F0085E80F0001998A42F4D3A960A368A1
:109400005B1AA360F0E700002DE9F0435768BB78D2
:1094100013F0C00489B006468C46154603D0402C94
:109420006AD000240CE003F00F025F4903F0300320
:10943000202B51F8228026D006D8CBB1102B1CD07F
:10944000204609B0BDE8F083302BF9D16B6939882B
:109450001980072A0AD16B6828691A89214603F006
:1094600035FB6B682969D868FFF75CFE2A6940E024
:109470002A693946C0470446E2E76B6901221A703F
:109480002A696968F6E7BCF1020FD5F8149024D177
:10949000042A22D804A9FFF79EFF04460028C0D062
:1094A000069B2BB16968B9F800304A899A4205D801
:1094B000059B7360069B002BC2D0B2E708892A691E
:1094C00003FB002204A8C04728B1B9F800300133DB
:1094D000A9F80030E4E70446EAE7B9F800307A89F1
:1094E0009A429ED92A693989581CA9F8000003FBC1
:1094F000012269683046BDE7D2F81080474657F828
:10950000043B13B9FFF741FFB5E7022914D104A9C1
:10951000FFF761FF002884D0D8F8003069683A4628
:1095200004A89847044600283FF47BAF069B002B15
:10953000F2D1059B736083E7012925D005292BD043
:1095400000297FF46EAF0C460DF1040901340B2C99
:109550003FF467AF012249463046FFF7F5FD00288A
:109560003FF45FAF19F9013B002BEFDB0F4B049386
:1095700001ABCDE9053400230793D8F800306968C2
:109580003A4604A8984776E7082201A9FFF7DCFDD0
:1095900008240028EAD144E704220DEB0201FFF77A
:1095A000D3FD0424F5E700BF88CF0700E58F07004F
:1095B0002DE9F04F91B00446002604A8CDE90266DB
:1095C000FFF7A6FCA3683BBBDDE9053404A89D7842
:1095D000FFF7AFFC0028F7D115F0300F03D1059B42
:1095E0001B8803B10134002C00F0A980630900221C
:1095F00002A9934240F09C8010AA02EB830304F07E
:109600001F0453F8383CC4F120044FF0FF30E04011
:10961000C31A584258410DE00DF1030301AA0DF1A0
:1096200002012046FFF794FE38B99DF80330002B65
:10963000CAD1002011B0BDE8F08F019904A8FFF74E
:10964000BAFC002850D1019BB3427DD3059D059AF9
:10965000937803F00F03082B7FD004A8FFF769FC71
:10966000059B9D42F3D14FF0FF36019FB7426BD36C
:10967000089B9DF802A0D4F808801D684FF00109EE
:10968000A368002D5DD098459CD12B68D3F800B01D
:10969000BBF1000F08D053463A4629462046D8472A
:1096A0000028C6D0AD68EBE7D3F808B0BBF80030AF
:1096B0009F42F7D16A6859460AA8FFF729FC6B68F0
:1096C0000E9305F10C030F939BF8023003F0C003D7
:1096D000802B04BF2B1D0E930AAA85F80C905146CF
:1096E0002046FFF791FEDBE7059B9B7813F0300FD8
:1096F0000FD1069A3F2A0CD8510910AB03EB810118
:1097000002F01F020123934051F8382C134341F813
:10971000383CE5682DB19DF80220019904AB204644
:10972000A8479DF8021004AA2046FFF76DFE10E03E
:1097300051F8225001357FF47DAF013259E7012005
:1097400078E798457FF43EAF9DF802102046FFF77A
:109750001CFE00287FF436AF6BE7168885E737B527
:109760000C460546114620460192FFF7DBFC019AA4
:109770002146284603B0BDE83040FFF719BF70B559
:1097800086B0CE6801920C4602A90546FFF723FE7B
:1097900068B1E06858B1A378019A03F03003202B38
:1097A000314602A805D1FFF7DAFF039B6B6006B0D4
:1097B00070BDFFF7FDFEF8E7D3B50C466946FFF72D
:1097C00039FD80B1DDE9001300274A0801F00106E8
:1097D00042EAC37256EA07014FEA53031CBFD24361
:1097E000DB43C4E9002302B0D0BD37B50D4669465E
:1097F0001446FFF7E1FF68B12B89082B0CD1DDE996
:109800000001C4E90001DDE900238B4206BF82426A
:109810000120002003B030BD042B03D1009820604C
:10982000C117F0E7022B04D1BDF90000208000B27F
:10983000F6E7012B04D19DF90000207040B2EFE75C
:109840000020E7E713B504220C460DEB0201FFF7F9
:109850007BFC08B1019B236002B010BD1146FFF7ED
:10986000F1BF13B508220C466946FFF76DFC18B12D
:10987000DDE90023C4E9002302B010BD1146FFF763
:10988000F0BF10B513681F2B144607D9002208300B
:10989000FEF78BFB08B92023236010BD48F214505B
:1098A000FBE70830FEF75EBB0830FEF72BBB00007D
:1098B000831F012B10B5044602D8002001F044F8A4
:1098C000034B1B681BB12046BDE81040184710BD74
:1098D0003C32002008B5074B18600020FFF7E8FF76
:1098E000054801F019F820B9BDE80840024800F029
:1098F0007BBE08BD3C320020B19807006EDF704788
:109900006FDF704772DF704773DF704774DF704737
:1099100075DF704776DF70477ADF70477CDF70470E
:109920007DDF70477FDF704786DF70478FDF7047CE
:1099300090DF7047A8DF7047AADF7047ADDF704740
:10994000AEDF7047AFDF7047B0DF7047B1DF704701
:10995000B5DF704762DF704766DF704713DF70471F
:109960007FB50023CDF80B308DF80F300A4BADF8E2
:1099700006109B89ADF8083001238DF80A300DF1EF
:109980000603CDE90430054B02A91888FFF7D8FF7C
:1099900007B05DF804FB00BF8E4200202A2B002098
:1099A00001460148FDF7A5BFBCD2070070B51822DB
:1099B0008CB00DEB0200002103F088F801238DF834
:1099C00018308DF82D30324B1B7828220892002B4E
:1099D0005CD0304B02AA03F110061546186859688E
:1099E000144603C40833B3422246F7D12A4C10224E
:1099F0002946204602F0A0FF002847D002238DF818
:109A00002C30012104F110036846CDE90034FFF742
:109A100075FF0122002101A8FFF772FF04231F4CEC
:109A200002941622A37003230926ADF80420E370E4
:109A300000225923CDE903220592012502226371F8
:109A400001A9FE23A019ADF80C6022706570227187
:109A5000A371FFF765FFB8B9BDF8043026725A1933
:109A6000E271BDF80C200E4C134402A906AA204650
:109A7000ADF80C30FFF746FF30B92078FFF746FF0E
:109A800020782946FFF740FF0CB070BD0623C6E7DB
:109A90000C43002080D10700D0420020A2420020C9
:109AA000282B00202DE9F0410388232B8AB004469F
:109AB00036D80F2B05D8012B00F0EB800AB0BDE89B
:109AC000F081103B132BF9D801A252F823F000BF0C
:109AD000519B07006D9B0700BD9A07003D9C070046
:109AE0008F9D0700BD9A0700BD9A0700BD9A070029
:109AF000BD9A0700BD9A0700E99D0700BD9A0700BF
:109B0000BD9A0700BD9A0700BD9A0700BD9A0700DD
:109B1000BD9A07006F9C0700BD9A07002D9C0700A7
:109B2000503B9AB2062AC9D8062BC7D801A252F8D0
:109B300023F000BF959B07009F9C0700E99D07004D
:109B4000BD9A0700BD9A0700ED9B07007F9C0700A8
:109B5000984B82881A80984A12681C460AB10120E4
:109B6000904796492088FFF7D3FEA7E7914B4FF621
:109B7000FF721A80924B1B685A0704D4FFF716FF36
:109B800008B1FEF7C6FC8C4B1B68002B96D0022058
:109B9000984793E78B4EE288B3889A428ED18A48E1
:109BA000FDF781FE0546002888D0228A04F11201C3
:109BB00002F0F2FE1822002104A802F087FF082319
:109BC0008DF81030814B0693814B0596CDE9073512
:109BD00004A8238AADF8243000F0FCFC00283FF4F0
:109BE0006DAF79482946FDF784FE67E7E188F629DD
:109BF0001AD8CB1E9B070DD0CB1F9BB2013B5A42FC
:109C000002F0030203F0030301F1FF3158BF534296
:109C1000C91A89B2674B1888FFF79AFE00283FF4EB
:109C20004DAFFEF776FC49E7F721F3E7002204A9E0
:109C30008088CDE90422FFF77BFEEFE700235D4C2F
:109C4000ADF812300223ADF81030208802AB04AA20
:109C500042F605210593FFF771FE08B1FEF759FCA6
:109C6000002320881A468521FFF75CFED6E70023F3
:109C700004A98088ADF81030FFF758FECEE7A3792D
:109C8000002B7FF41BAF4B4B13211888FFF742FECC
:109C9000C4E7484B00211888FFF75EFEBEE7A379B2
:109CA000002B3FF40BAF022B7FF408AF454920890E
:109CB0008A8990420E467FF401AFA27B012A7FF48D
:109CC000FDAE00220120CDE904228DF81600208A85
:109CD000384DADF81800608AADF81A0004F1140090
:109CE0000790ADF80A20098A28888DF8103001AF56
:109CF00002AAADF808300397FFF720FEA84660B926
:109D00003846FEF761FD40B940F2FD132888ADF8F2
:109D1000143004A9FFF718FED0E6002304A9B8F810
:109D20000000ADF81430FFF70FFE014600287FF465
:109D3000C5AE182204A802F0C9FE237D234A8DF87F
:109D40001030022B0596069218D0062B10D0012B4E
:109D500010D1204B1A88204B1A80637DD4F816202E
:109D60000893012B099205D11C4800F0EDFD01E09C
:109D7000637D089304A800F02DFC9FE6A27D637D1F
:109D800043EA0223134A1380134A1380F2E7144B69
:109D90001A7862B11349028ACB8D9A4201F104020A
:109DA00005D11C31A0880023FFF7BEFD36E7002156
:109DB000F8E700BF2A2B0020C8420020A6D10700E8
:109DC000C44200208E420020BCD20700BD9E070086
:109DD000A19907000E43002010430020B4D20700D1
:109DE0000C430020CC420020174B1B7833B3174B99
:109DF00017491C88082201232046FFF7A7FD0028E9
:109E00007FF40FAF0246014602232046FFF79EFD76
:109E100000287FF406AF0F4B4FF6FF7219882046DB
:109E2000FFF790FD43F2020398423FF447AE082843
:109E30003FF444AE11287FF4F1AE3FE6A0881A4605
:109E40001946FFF783FDE9E60C4300202A2B00208A
:109E5000044300208E42002038B5134A1368D90706
:109E600001D4002038BD11498842FAD01049088831
:109E70004FF6FF71884211D043F0040313211360A1
:109E8000FFF748FD0028EDD10A4DC82445F0010533
:109E90004FF47A40A847013CFAD1E2E7064B187824
:109EA000BDE83840FFF732BDC4420020B4D20700FD
:109EB0002A2B0020A0D10700282B002010B5044633
:109EC00086B000210D2202A8019102F0FFFD237847
:109ED000082B0BD1364A374913880988013B9BB2BE
:109EE0001380D9B1D3B9032311802370627823780A
:109EF0008DF805306021012A8DF804108DF80620B8
:109F00000ED00B2A12D100F0AFF98DF80700002017
:109F100000F0A4F9042101A8FFF722FD06B010BD4E
:109F2000062B05D0082B29D0032B27D00321F2E7DD
:109F3000E1688DF80710D4E90123080A8DF80800BC
:109F4000080C090E8DF80A10110A8DF80B208DF8F7
:109F50000C10110C120E8DF80E201A0A8DF80F300D
:109F60008DF810201A0C1B0E8DF80D108DF80900BD
:109F70008DF811208DF812300F21CCE7D4E90123A0
:109F8000110A8DF807208DF80810110C120E8DF8AB
:109F90000A201A0A8DF80B308DF80C201A0C1B0EB3
:109FA0008DF809108DF80D208DF80E300B21B2E7D9
:109FB000104300200E4300202DE9F0414D4B94B09A
:109FC00005464FF6FF721A8001204FF659632A4664
:109FD00002A98DF80A00ADF80830FFF7ABFC044683
:109FE000002840F08380444B04AA03F11007164672
:109FF00018685968144603C40833BB422246F7D197
:10A00000A91C3046FFF7A6FC044600286ED11C228E
:10A0100001460DA802F05AFD04F0F8029DF8343014
:10A02000ADF8044042F003028DF80620F42243F01C
:10A030000403CDE90A44ADF82C20304A8DF83430C1
:10A040000223ADF80C3092F80080AB788DF80E301A
:10A0500001AE212303AFCDE908768DF805300C94CD
:10A06000B8F1000F04D1012262F307138DF8053017
:10A070002B4608AA33F8040B0DA9FFF75DFC044634
:10A08000A0BB01461C220DA802F020FD9DF8343033
:10A09000ADF8044023F0180343F0180304F0E8027D
:10A0A00042F013028DF83430AB788DF80E30012178
:10A0B00021238DF806201722CDE90A44CDE9087640
:10A0C000ADF80C108DF805300C94ADF82C20B8F1DB
:10A0D000000F03D161F307138DF805302B4608AA52
:10A0E00033F80C0B0DA9FFF727FC0446204614B0EB
:10A0F000BDE8F0812A2B002090D107000C430020FE
:10A1000073B5354D2B6813F0010403D000242046AD
:10A1100002B070BD314E30603148FDF7ADFB0194A7
:10A1200000F0BDF804460028F1D12E48FFF716FCD8
:10A1300004460028EBD101F059FA04460028E6D184
:10A1400001A801F021FB04460028E0D101A901206B
:10A1500001F024FB04460028D9D101A801F082FBBC
:10A1600004460028D3D100F093FB1F4B002830D0C9
:10A170001E4A126A012A2CD11D481A7000F07CFB7D
:10A1800011231C488DF8043002F0FAFC194982B200
:10A1900001A8FFF7C3FB04460028B8D11648FFF713
:10A1A000BBFB04460028B2D11448FFF705FF044664
:10A1B0000028ACD1FFF7FAFB04460028A7D12B6892
:10A1C00043F001032B603368002B9FD00920984790
:10A1D0009DE700221A70D3E7C4420020C842002045
:10A1E000BCD20700007007000C430020CC4E0020BA
:10A1F000CC42002078D10700A6D107008E42002073
:10A2000043690BB1C06818477047000010B4054996
:10A21000054C0022904218BF214604485DF8044BCB
:10A22000FDF781BBC0CD0700ECCD0700A02B0020BF
:10A2300007B5009313460A4601460348FDF777FB2E
:10A2400003B05DF804FB00BFA02B002013460A46B4
:10A2500001460148FDF772BBA02B0020014B18708E
:10A260000B20704712430020024B002218781A700E
:10A27000704700BF1243002018DF704730B585B02B
:10A28000054610220C466846002102F01FFCA40877
:10A29000684601950294FFF7EFFF05B030BD1FB58A
:10A2A0000023CDE901330393684602230093FFF7AF
:10A2B000E3FF05B05DF804FB4FF000534FF480520C
:10A2C0001A60002070470000014B06201B681847E9
:10A2D0001C4300200A2803D90B38C0B2FFF7BEBFC9
:10A2E0007047000010B5044686B00020FDF72EFB35
:10A2F000014630B1164A18212046FDF709F906B08B
:10A3000010BD1822684602F0E1FB0423114A8DF8C3
:10A310000030114B116D1B68994211D10F4B186819
:10A3200000F0F4FF8DF80100FFF7D4FFD4E901132A
:10A330008DF8010068469847094800F061FADEE7A9
:10A3400001238DF801306846D4E901139847D6E718
:10A35000E5A20700CC4E0020144300201843002043
:10A36000C9A20700F0B5044687B01822002168464C
:10A3700002F0ACFB22788DF8002001238DF801302B
:10A38000531E0B2B00F20C81DFE813F01100330099
:10A39000110011000A0111000A0111000A010A014D
:10A3A0000A010C007F4B1B680720984721E0062A12
:10A3B0007D4901D0012A01D122690A700A78012A57
:10A3C00004D0022A51D000230B7094E0072B10D840
:10A3D000DFE803F0040F452F0F420F1C714B0320E1
:10A3E0001B689847606900F06BFDFFF773FF8DF8FD
:10A3F0000100D4E90113684698479DF80130012B0C
:10A4000000F0C380674B05201B68BDE0A18A20696E
:10A4100000F06EFDFFF75EFF644B8DF80100DA6B14
:10A420001B6C0293E3680192002BE2D020699847ED
:10A43000DFE75F495F4800F0A7FDFFF74BFF01280A
:10A440008DF80100D5D1002000F0DAF90028D0D035
:10A450000A238DF80130CCE74FF400730393534B7C
:10A46000DA6B1B6C01920293C3E7072BC1D801A2E0
:10A4700052F823F095A40700F3A3070059A507009D
:10A4800065A50700F3A307008FA50700F3A3070046
:10A49000FBA4070000F04CFD08B90823D9E7626966
:10A4A0000AB90323D5E7C2F30B0333B13F4B40494D
:10A4B0005B6D096813448B42F3D1B2F5805F01D91B
:10A4C0000423C6E7394B3A49586D096815188D427F
:10A4D000E3D85A64DA6C9A6418651863354B61697D
:10A4E0001B6801F6FF710022090B1844FFF7AEFE4E
:10A4F00000283FF47EAF0523ABE700F019FD0028EC
:10A50000CBD02A4DA18AD5E914329B1A6A6C0B4430
:10A510009342C6D8274B2F6B1B68206905F1480270
:10A520001F44FDF7C5F8E368A28A2169064638464C
:10A53000FFF77EFE08B1E36878E7A28A2B6B13442D
:10A540002B63A38A2A6DAE641344CDE901362B65D3
:10A55000144B08201B6828E7144B9A6C1B6D029261
:10A56000019346E7114BD3E91402596C821A8A42CF
:10A5700093D19A6C5865002120465964DA64FFF73C
:10A58000B1FE084B1B680420984707B0F0BD074B8D
:10A590009A6C1B6D01934FF480530292039328E74A
:10A5A000022356E71C4300202C2B0020CC4E002019
:10A5B0001443002018430020044B054A186D6423FF
:10A5C00043431068B3FBF0F0704700BFCC4E00204F
:10A5D0001443002083681BB1024A1821FCF798BF7E
:10A5E0000720704765A3070038B50546C0B10120B4
:10A5F000FFF70CFE044648B900F054FC00F098FC4C
:10A6000030B9084B00201D60FFF728FE204638BDFA
:10A610000549064800F0B8FC0128F2D00324F5E70C
:10A620000724F3E71C4300201443002018430020B4
:10A630002DE9F04115464FF46072064688461F46E4
:10A6400002F07AF928B915B90020BDE8F081A847D1
:10A65000FAE7002201213046FFF7F8FD70B94FF408
:10A6600060724146384602F097F92B464FF460720B
:10A6700039463046FFF7DCFD0028E5D00320E4E74B
:10A680002DE9F0413D4C236801335CD00022582174
:10A69000201DFDF70DF8D4F80080A8EB0002D2F1E0
:10A6A000000848EB0208364D364E2F683B680133F0
:10A6B0005ED000225821381DFCF7FAFF3B68834228
:10A6C00044D17C68012C0AD00022C32107F5187000
:10A6D000FCF7EEFFD7F85C42231A5C425C41B8F10C
:10A6E000000F35D0254927484FF4607202F054F925
:10A6F00064B1296824485422043102F04DF92968D4
:10A7000022484FF432725C3102F046F97468012C31
:10A710002CD11F49402201F5E47002F03DF91D499A
:10A720001C2201F5E47002F037F91B4986F8A142BA
:10A730000023042201F2862086F8603286F8E23295
:10A7400002F02AF910E04FF00008ACE70024C6E759
:10A7500024B129680B484FF46072D5E709484FF4DB
:10A760006072002102F0B2F902237360BDE8F0814B
:10A77000B8F1000FF2D00024B4E700BF00F00700EA
:10A78000302B0020CC4E0020D04E0020284F00203F
:10A790002850002068500020E84E002070B50D4C75
:10A7A0000546002258212046FCF782FF002244F88B
:10A7B000040CC32104F51770FCF77AFF261FC4F8B8
:10A7C00058022A463146044B0448BDE87040FFF762
:10A7D0002FBF00BFD04E00202043002000F0070014
:10A7E00002460248024B0068FFF722BF302B0020D0
:10A7F000A04600200149FFF7F3BF00BF00F00700AB
:10A8000038B505460020FFF7C9FF044618B90349CB
:10A810002846FFF7E5FF204638BD00BFCC4E00209C
:10A8200010B5FFF7F3FC044628B9FFF729FF2046CF
:10A83000FFF7E6FF00B1032010BD29DF70470000DD
:10A8400038B50C4D0446D5F8243378B101330FD117
:10A8500000223C210430FCF72BFF2060214605F547
:10A8600049701022BDE83840FFF7E7BF0E2038BD21
:10A870000820FCE700F0070008B528B10349402292
:10A8800002F08AF8002008BD0E20FCE724F3070040
:10A8900010B5064C00223C212046FCF709FF54F875
:10A8A000043C1B1A5842584110BD00BF28F3070052
:10A8B00038B50C4D0446D5F8643378B101330FD167
:10A8C000002218210430FCF7F3FE2060214605F534
:10A8D00059700722BDE83840FFF7AFBF0E2038BDE2
:10A8E0000820FCE700F0070010B50A4CD4F8243328
:10A8F000D4F864231340013309D04FF4FE20FDF750
:10A9000011FCC92221464FF4FE20FDF739FC00203E
:10A9100010BD00BFCC4E0020F8B5094E094CA41B59
:10A920000746E4080025A54201D10020F8BD56F8ED
:10A930003530384698470028F8D10135F3E700BF95
:10A94000B4D20700BCD20700F8B5094E094CA41BCD
:10A950000746E40800250436A54201D10020F8BDD1
:10A9600056F83530384698470028F8D10135F3E7D6
:10A97000B4D20700BCD2070008B50C22002102F0B7
:10A98000A5F8024B00221A6308BD00BFCC4E002080
:10A9900043F204031A68084B9A4201BF43F20803CA
:10A9A000186800F6FF7020F47F600CBF20F00F00E5
:10A9B0004FF48050704700BFDBE5B15108B5FFF799
:10A9C000E7FF054B9B69184400F6FF7020F47F6099
:10A9D00020F00F0008BD00BFCC4E00204FF4805087
:10A9E000704700002DE9F74F0193244BDFF894B036
:10A9F0001B6ADFF894900093054616464FF0000856
:10AA000043F2040AB8F1010F5FFA88F714D0022F5D
:10AA10001FD0FFF7D3FF6EB1009B013B5C425C414E
:10AA2000A9EB0000A84200D3F9B1B4B1A8421CD2EE
:10AA300004201FE03446F3E7FFF7AAFF019B33B978
:10AA4000DAF80040B4EB0B0418BF0124E8E74446F1
:10AA5000E6E701244FF48050E2E708F10108B8F17D
:10AA6000030FCFD1A842E3D300E017B10448FFF7AA
:10AA700083FF002003B0BDE8F08F00BFCC4E002064
:10AA8000E44E0020DBE5B1510040070090F855206E
:10AA900012F0FB0F07D190F8643023B1836ECBB175
:10AAA0000B600120704712F0010303D090F856307C
:10AAB00003B1836D9207F2D590F85C20002AEED0A6
:10AAC000054A006EC2F5FC22904201D80344E6E735
:10AAD000042070470F2070470070070010B5084C25
:10AAE0004FF40072FF21204601F0F0FF20220021E8
:10AAF000A4F1240001F0EAFF002344F82C3C10BD2F
:10AB0000284F00202DE9F0475A495B48DFF888813B
:10AB1000DFF88891DFF888A1584C92B00C2201F040
:10AB20000BFF064600284CD15349382204A801F0F7
:10AB300033FF4FF447723146204688F80060C9F869
:10AB40000060CAF8006001F0C1FF079D012D58D1D7
:10AB50004FF48073A3803423636143F20C0384F8C1
:10AB60006C612570A5712572E560257425831B88AD
:10AB7000E361089B2367032384F87630099BA4F8DC
:10AB80005C5084F85E50266684F86450A66684F8AB
:10AB90006C5084F87450A4F8783020220AA904F18B
:10ABA0007A0001F0F9FEA4F89A50A4F89C5084F8B9
:10ABB0009E60A4F8A06088F800500834304B1C60F8
:10ABC00020E03049304E8A6B6F465C313846FEF7E4
:10ABD00027FB97E80F0086E80F0000212B4B88F831
:10ABE00000104FF447722046C9F80010CAF8001050
:10ABF000F36001F06BFF264922463046FEF7AFFDB9
:10AC000020B90025284612B0BDE8F08798F800501A
:10AC1000002DF6D094F86C3194F800801BB3B8F195
:10AC2000000FEED194F87231002BEAD0DAF8002050
:10AC3000D9F800103846FEF7F3FA97E80F0086E8D7
:10AC40000F004FF4B272414604F5BA7001F03EFFB6
:10AC5000104904F5BA723046FEF781FD0028D0D0C5
:10AC600004F5BA74AAE7B8F1000FCAD0A379002B93
:10AC7000A3D1C6E7AED10700284F0020504A0020DC
:10AC8000284E0020CC4E00206C4D0020A5AC0700C3
:10AC900008D1070054D007004C4A0020484A002041
:10ACA000444A002030B55B68DA680D4B9A4208D1FF
:10ACB0000C490A6812B90C4A14681CB10B4B0022EB
:10ACC0001A7030BDD0E90134181913F9015B002D59
:10ACD000A0EB0304F9DB0B601460044B0122EFE7E7
:10ACE00054D00700484A0020444A00204C4A002023
:10ACF00010B543F2040319491C688C4202462BD05C
:10AD000042F20403C358581A434243418C42184646
:10AD100021D142F20403D358A3421CD14FF4405333
:10AD200002F500511B780978142B81BF43F21403FC
:10AD30000B481B68B3FBF0F398BF0023142989BFAD
:10AD400042F2140100205058054A88BFB0FBF2F0CF
:10AD5000181A18BF012010BD0023D7E7DBE5B15159
:10AD600040420F0000B591B0FDF7F6FA6846084979
:10AD70002022FDF724FB6A46064907484023FDF7D9
:10AD800043FA064B01221A7011B05DF804FB00BFB4
:10AD900018CF07007C4D00200CCF0700204A002070
:10ADA000F0B5A3B007460D4614461E467822202370
:10ADB000002104A8029301F089FE00230393194B9C
:10ADC0001B780BB9FFF7CEFF2DB337BB02AB164F85
:10ADD00001931649289B0097324604A8FDF7A2FA72
:10ADE000E8B9402C1BD1124E22462946304601F0CC
:10ADF000D3FD20213046FDF7EEFACDE90064029B39
:10AE00000C493A4603A8FDF71BFA00280CBF0120A5
:10AE1000052023B0F0BD1320FBE71620F9E70A2038
:10AE2000F7E700BF204A0020C44D0020ACCF070048
:10AE3000E44D00207C4D0020F0B5ABB004460D463B
:10AE400016461F467822202300210CA8039301F008
:10AE50003DFE114B1B780BB9FFF784FF2FB1214644
:10AE6000202204A8FDF7A0FA04AC03AB0B4F01931A
:10AE70000B49009733462A460CA8FDF753FA48B908
:10AE800020222146384601F057FDB0FA80F04009F3
:10AE90002BB0F0BD0020FBE7204A0020214A002013
:10AEA000ACCF070008B5044B986B08B1FFF72AFE3A
:10AEB000024B187008BD00BFCC4E0020244E00206D
:10AEC00010B5044658B1B0F5007F0AD8064B0022F1
:10AED0001A70FFF703FE054B01209C6310BD032091
:10AEE000FCE70420FAE700BF244E0020CC4E0020EF
:10AEF00070B50E4C0646E06BA36B42189A420D46A5
:10AF000011D85C300A462044314601F045FDE36B20
:10AF100004F140022B4429463046E363FCF7C8FBAA
:10AF20002064012070BD0320FCE700BFCC4E002050
:10AF3000014B1878704700BF244E002013B50F4C0A
:10AF400094F86C31B3B10E4B1B6800930D4BB4F801
:10AF5000DA221B6894F8D80204F53771FFF720FF56
:10AF6000012809D104F5B874201D02B0BDE81040D5
:10AF700000F0D0B90434F7E702B010BD504A002009
:10AF8000444A0020484A00202DE9F843DFF8888031
:10AF9000D8E90E329A4206460D4637D1DFF87C904A
:10AFA00099F800704FB1FFF709FD1A4B3060294640
:10AFB0001868BDE8F843FFF769BDFFF7A3FD38B394
:10AFC000FFF7BCFF0128376004462F601BD1114BEF
:10AFD00029461868FFF75AFD0128044613D198F84E
:10AFE000A112B1FA81F103463A4628684909FFF7F0
:10AFF000F9FC38B9FFF7E2FC89F8004030602046E0
:10B00000BDE8F8830424FFF769FDF8E70824F6E7B4
:10B010000524F4E7284E0020CC4E0020244E0020CA
:10B0200010B490F86C305BB190F86E404CB1B0F851
:10B03000704034B15DF8044B01237230FFF7FCBE61
:10B04000012318465DF8044B704713B504460846C3
:10B0500023781146032B03D8DFE803F021050F18EE
:10B06000002002B010BD0022D4F80140FCF720FB04
:10B07000844214BF00200120F3E70A460023014662
:10B08000601C02B0BDE81040FFF7D6BE0091034639
:10B090004022611C0020FFF783FE0128E9E7012020
:10B0A000DFE700002DE9F041A2B004460D46164648
:10B0B000002178221F4604A8202303939DF8A08036
:10B0C00001F004FD41220021204601F0FFFCB5F80B
:10B0D00094300BB195F8968084F80080B8F1030F96
:10B0E0001ED8DFE808F00902111F00223946304659
:10B0F000FCF7DEFAC4F801003A4631462046FFF775
:10B10000A4FF22B0BDE8F08103AB0193631C009360
:10B1100008493B46324604A8FDF704F90028EBD065
:10B120000020EEE7B5F8982005F19A01601C01F0C7
:10B1300033FCE1E7ACCF07002DE9F0476D4B1D680C
:10B14000A4B004460F4690460A4601462846FFF73B
:10B1500067FF002800F0CC8095F855601EBB4FF0CB
:10B160000109CDF800903B462246294613A8FFF777
:10B1700099FF00287FD0B8F1000F6DD041225E48C2
:10B1800013A901F009FC5D4BC3F82C901E626A689C
:10B190009A60002239462046FCF78AFA574B01256F
:10B1A000C3E909709FE04122002102A801F08EFC52
:10B1B00006F001094122002113A806F0020601F061
:10B1C00085FCB9F1000F4BD042F20403E15803F1C2
:10B1D000A34303F5471303F2D75399424BD1D5F854
:10B1E00058A00AF5FF520AF6FF73C3F30B031F3290
:10B1F000D21A42F20803E35893423CD343F20403C9
:10B200001B688B4213D14FF440531B78102B8ABF1D
:10B2100043F2100300221A6804F500531B78102B28
:10B220008ABF42F210030023E3589A4223D12046FA
:10B23000FFF75EFD00B1F6B10123009322465346AD
:10B24000294602A8FFF72EFFA8B1AB6DE218FB1A42
:10B250004EB9B8F1000F18D1284B01255D6110E0FF
:10B260003B462246F4E70021009113A82946FFF748
:10B2700019FF0028EDD10525B8F1000F30D1FFF7F7
:10B280002DFC284624B0BDE8F087DFF87080B9F1C6
:10B29000000F21D02046FFF72BFD18B108F1180050
:10B2A000FFF76AFB1648412202A901F075FB002E48
:10B2B00014BFAC23A523C8F82C30AB6DC8F83430CC
:10B2C000002E3FF466AF0F48412213A901F064FB42
:10B2D0006B68C8F80C305CE7AA23C8F82C30EFE79D
:10B2E0000948FFF749FBFFF7F9FB044B9C64C8E7EB
:10B2F0001725C1E7284E00206D510020CC4E0020BC
:10B300002C510020AE510020F04E00200122FFF70A
:10B3100013BF0000F0B590F854200346002A51D026
:10B3200090F8550003284DD893F86E20032A47D192
:10B330001A7A002A46D0DA68342A45D143F2040149
:10B340001A8A0C6821498C422AD152B15969E9B153
:10B35000D2B2002103F1140543F20C06CCB2A24292
:10B3600001D8122011E055F821703488A74201F16C
:10B370000101F3D11A78FAB101285B68144A15D893
:10B380009068834234BF10200120F0BD10B9012A1B
:10B39000E7D8EFE7421E18BF0122002AEAD1E0E712
:10B3A00012B15A69002ADCD11A78F6E7D0688342D4
:10B3B0008CBF01201020E8E7012818BF0F20E4E728
:10B3C0001420E2E70F20E0E71120DEE7DBE5B151D2
:10B3D000CC4E002038B1054B0360054B4360012380
:10B3E0000372002070470E20704700BF61B4070051
:10B3F00015B4070038B1054B0360054B43600123CA
:10B400000372002070470E20704700BF91B4070000
:10B410003BB4070069B10B78022B0CD1022804D091
:10B42000032814BF08201120704703230B7000204D
:10B4300070470E2070470820704769B10B78022BC7
:10B440000CD1022804D0032814BF08201120704713
:10B4500003230B70002070470E20704708207047B0
:10B4600010B50C4681B10B78012B06D00ED9033BE9
:10B47000012B94BF0820112010BDFFF7E1F900282F
:10B48000FAD102232370F7E70E20F5E70820F3E74F
:10B4900010B50C4681B10B78012B06D00ED9033BB9
:10B4A000012B94BF0820112010BDFFF701FA0028DE
:10B4B000FAD102232370F7E70E20F5E70820F3E71F
:10B4C00070B5144B144A0C21D21AB2FBF1F2816907
:10B4D00011F8025C044635B900690021914205D19A
:10B4E000012323600EE04FF0FF30F6E71E68AE4206
:10B4F0000CD1461C07D19D68D4E90001D4E9022390
:10B50000A847206070BD5E688642F4D001310C33DC
:10B51000E4E700BFD0D20700E8D207001EF0040F16
:10B520000CBFEFF30880EFF30980FFF7C9BF00BF3E
:10B5300010DF704711DF704713B5044609496846AC
:10B54000FCF72CFC019808B902B010BDD0E900212D
:10B550002046904718B16846FCF729FCF2E7112015
:10B56000F2E700BFC0D1070013B50446074968469B
:10B57000FCF714FC019B0BB902B010BD2046D3E9C7
:10B58000002190476846FCF712FCF3E7D8D107008A
:10B59000064B9A6822B11A6822F480021A6070473A
:10B5A000034B4FF48002C3F880207047C04E002048
:10B5B00000E100E00B4991F816335A09EC231341DE
:10B5C000DB0706D5084B9A683AB94FF480030B6045
:10B5D000704742F20200FCF79CBF1A6842F48002F6
:10B5E0001A60704700E100E0C04E0020F7B5194F27
:10B5F0003C7864BB184E012520463570FFF79CFF50
:10B60000112821D02046FFF7AFFF144B8DF80340DF
:10B61000186801900DF10300FCF710F8104901A81B
:10B62000FFF786FF0446B0FA80F0400938709DF8B5
:10B630000300FCF727F83CB90A4B34701C70FFF785
:10B64000B9FF2846FFF790FF204603B0F0BD08245D
:10B65000FAE700BF2D4E00202C4E0020BBD1070082
:10B660000D8507002E4E0020F7B5154F3B781BB314
:10B67000144E01203070FFF75FFF11284FF00005D6
:10B680001CD00220FFF770FF0DF107008DF8075066
:10B69000FBF7D4FFFFF74EFF04469DF807003D700F
:10B6A000FBF7F0FF2CB93470FFF772FF0320FFF7B0
:10B6B0005BFF204603B0F0BD0824FAE72C46F8E70C
:10B6C0002D4E00202C4E0020054B1B7833B1054B2E
:10B6D0001B780BB1FFF7C8BFFFF788BF0820704782
:10B6E0002C4E00202D4E0020014B1878704700BFD3
:10B6F0002D4E002007B508496846FCF74FFB019B1B
:10B7000013B903B05DF804FBD3E900209047684605
:10B71000FCF74DFBF3E700BFCCD10700FFF7EABF12
:10B7200060DF704769DF704761DF704730B5114DEA
:10B73000ADF5017D4FF4FA740DF1020103A8ADF8E7
:10B740000240FFF7F1FF70B9294601A8FCF726FB7C
:10B75000029B002BF0D003A8D3E90021904701A859
:10B76000FCF725FBF4E7052801D0FCF7D2FE0DF528
:10B77000017D30BDE4D10700024B1B780BB1FFF710
:10B78000D5BF70472F4E002018B1034B0360002037
:10B7900070470E20704700BFE82A00207FB506469C
:10B7A0000C46002959D02E4B0B600C22002101A819
:10B7B00001F08CF9012506232268ADF8083001A9B3
:10B7C00020208DF804608DF80650FFF7ABFF0C22A7
:10B7D000002101A801F07AF922688DF8055001A92D
:10B7E0004020FFF79FFF0C22002101A801F06EF915
:10B7F000F7232268ADF8063001A923208DF80460F4
:10B80000FFF790FF0C22002101A801F05FF92268E8
:10B810008DF8045001A92846FFF784FF0C2200216F
:10B8200001A801F053F94FF4B0632268019301A914
:10B83000A120FFF777FF0C22002101A801F046F9B3
:10B840009DF8043022682B4301A9A0208DF8043014
:10B85000FFF768FF002004B070BD0E20FBE700BFBB
:10B86000E82A002008B5FFF75BFF10B9014B012261
:10B870001A7008BD2F4E00204BDF70471FB50D4CCE
:10B8800001A8FFF7F9FF70B9214602A8FCF786FA74
:10B89000039B002BF4D00198D3E90021904702A824
:10B8A000FCF785FAF4E7052801D0FCF732FE04B076
:10B8B00010BD00BFF0D107008B1802448B4200D1AD
:10B8C000704713F8010D02F8010DF7E700000000C2
:10B8D000C3F10803DB0070B501330446002003A563
:10B8E0005B1920C940CAAD1920C4184720C940CAF5
:10B8F000754120C420C940CA754120C420C940CA2E
:10B90000754120C420C940CA754120C420C940CA1D
:10B91000754120C420C940CA754120C420C940CA0D
:10B92000754120C4404170BD0000000000000000CF
:10B93000C3F10803DB0070B50133002403A500BF89
:10B940005B1920C940CAAD1B20C0184720C940CA96
:10B95000B54120C020C940CAB54120C020C940CA55
:10B96000B54120C020C940CAB54120C020C940CA45
:10B97000B54120C020C940CAB54120C020C940CA35
:10B98000B54120C06441B4FA84F0400970BD00BFE5
:10B990002DE9F04F08B4F8CA04B451F8042BA3FB06
:10B9A000028940F8048B4FF0000AE4FB629A4FF0E2
:10B9B000000BE5FB62AB4FF0000CE6FB62BC4FF006
:10B9C000000EE7FB62CE51F8042B4FF00008E3FBBA
:10B9D000628940F8048BE4FB629AE5FB62ABE6FB0C
:10B9E00062BCE7FB62CE51F8042B4FF00008E3FB8A
:10B9F000628940F8048BE4FB629AE5FB62ABE6FBEC
:10BA000062BCE7FB62CE51F8042B4FF00008E3FB69
:10BA1000628940F8048BE4FB629AE5FB62ABE6FBCB
:10BA200062BCE7FB62CE51F8042B4FF00008E3FB49
:10BA3000628940F8048BE4FB629AE5FB62ABE6FBAB
:10BA400062BCE7FB62CE40F8049B40F804AB40F8D0
:10BA500004BB40F804CB40F804EB0CBC052B00F011
:10BA60001E810C68A0F11400A1F11401A2F11402CE
:10BA700052F804EB4FF0000550F8046BE4FB6E56EF
:10BA800052F804EB50F8047BE4FB6E6752F804EBC9
:10BA900050F8048BE4FB6E7852F804EB50F8049BEA
:10BAA000E4FB6E8952F804EB50F804ABE4FB6E9AA9
:10BAB000A0F1140052F8044B51F804EB4FF0000CC5
:10BAC000E4FB6EC540F804CB51F804EBE4FB6E5682
:10BAD00040F8045B51F804EBE4FB6E6740F8046B3C
:10BAE00051F804EBE4FB6E7840F8047B51F804EB6A
:10BAF000E4FB6E8940F8048B51F804EBE4FB6E9A8A
:10BB0000A0E80006062B00F0CA800C68A0F118001F
:10BB1000A1F11801A2F1180252F804EB4FF0000550
:10BB200050F8046BE4FB6E5652F804EB50F8047BBB
:10BB3000E4FB6E6752F804EB50F8048BE4FB6E787C
:10BB400052F804EB50F8049BE4FB6E8952F804EBC6
:10BB500050F804ABE4FB6E9A52F804EB50F804BBC7
:10BB6000E4FB6EABA0F1180052F8044B51F804EB63
:10BB70004FF0000CE4FB6EC540F804CB51F804EB29
:10BB8000E4FB6E5640F8045B51F804EBE4FB6E678F
:10BB900040F8046B51F804EBE4FB6E7840F8047B4A
:10BBA00051F804EBE4FB6E8940F8048B51F804EB88
:10BBB000E4FB6E9A40F8049B51F804EBE4FB6EAB97
:10BBC000A0E8000C072B6AD008B40C68A0F11C0098
:10BBD000A1F11C01A2F11C0252F804EB4FF0000588
:10BBE00050F8046BE4FB6E5652F804EB50F8047BFB
:10BBF000E4FB6E6752F804EB50F8048BE4FB6E78BC
:10BC000052F804EB50F8049BE4FB6E8952F804EB05
:10BC100050F804ABE4FB6E9A52F804EB50F804BB06
:10BC2000E4FB6EAB52F804EB50F804CBE4FB6EBCC3
:10BC3000A0F11C0052F8044B51F804EB4FF0000344
:10BC4000E4FB6E3540F8043B51F804EBE4FB6E5620
:10BC500040F8045B51F804EBE4FB6E6740F8046BBA
:10BC600051F804EBE4FB6E7840F8047B51F804EBE8
:10BC7000E4FB6E8940F8048B51F804EBE4FB6E9A08
:10BC800040F8049B51F804EBE4FB6EAB40F804ABC6
:10BC900051F804EBE4FB6EBCA0E8001808BCBDE85A
:10BCA000F08F002310B51C465AB2914200DC10BD43
:10BCB00040F823400133F7E710B500231A465CB281
:10BCC000A14203DCB2FA82F0400910BD50F82340D3
:10BCD00001332243F3E74A11012350F8220001F017
:10BCE0001F0103FA01F108407047013910B549B24C
:10BCF000041D0A06CBB204D4013954F82120002ACD
:10BD0000F7D001335BB273B103F18042013A50F8CE
:10BD10002220002022B9013B00EB431318B210BDD2
:10BD200052080130F6E71846F9E710B500235CB277
:10BD3000A24200DC10BD51F8234040F823400133FB
:10BD4000F5E710B5013A52B2130601D5002010BD37
:10BD500050F8224051F822309C4205D802F1FF32BF
:10BD6000F2D24FF0FF30F2E70120F0E700EB810163
:10BD70000023884200D3704751F8042D43EA520350
:10BD80000B60D307F5E737B51D469DF918300193D1
:10BD90000446FFF79DFD019B38B91A462146284607
:10BDA000FFF7CFFF0128019B07D02A4621462046F6
:10BDB00003B0BDE83040FFF7BBBD03B030BD37B5C1
:10BDC0001D469DF9183001930446FFF7B1FD019B14
:10BDD00038B12A462146204603B0BDE83040FFF77F
:10BDE00077BD03B030BD2DE9F04FB5B004AC9DF97F
:10BDF000F8501E4680462B462046FFF7C9FD24AB6F
:10BE000029463046CDE90234FFF76FFFC0EB8510BD
:10BE100004B2002C2146B8BF04F11F01634241F374
:10BE2000471103F01F0314A804F01F0758BF5F4217
:10BE3000FFF737FF002F08B22BDD14AB002203EB16
:10BE40008001C7F1200E1346AB4217D36B0001935C
:10BE500014AB03EB85096F1E34AB012603EB870798
:10BE6000002C54DA34AB03EB86062A4656F8C81C7D
:10BE70004046FFF75AFF35B0BDE8F08F56F823C0B3
:10BE80000CFA07F0024341F8042B01332CFA0EF2AE
:10BE9000DAE714AB2A46314603EB8000FFF745FF93
:10BEA000D4E70FFA82FE5AF8C83C53F82EB034ABF0
:10BEB00003EB8202013052F8803C0B44BBEB0303DE
:10BEC00034BF012200229B4518BF11465CF8C82CE4
:10BED00042F82E30019B42B29A42E2DB731A5E4274
:10BEE000294614A85E41FFF741FF34AB03EB8503FD
:10BEF000294653F8802C57F8803C484643EAC273E1
:10BF0000013C47F8803C24B2FFF730FFA8E734AB90
:10BF10000020C6F1010C014603EB860A03EB8C0CF2
:10BF2000D8E730B51C4691B0054693F90030684615
:10BF3000FFF72EFDD4F8AC3069462846984711B07B
:10BF400030BD13460A46FFF7ECBF2DE9F04793F9E1
:10BF5000006092B0044689461046314615461F4699
:10BF6000FFF7AAFE002840F091803A46494602A811
:10BF7000FFF7E7FF3B4602AA21460AA8FFF7D1FFD9
:10BF800002A908463A46FFF7DCFF3B462A464946E7
:10BF90004846FFF7C6FF07F104083A4629462846F7
:10BFA000FFF7CFFF43462A46214620460096FFF77B
:10BFB000EAFE43462A46294628460096FFF7E3FE56
:10BFC00043462A46214628460096FFF7F8FE3B46A0
:10BFD0002A4621462046FFF7A4FF43462246214633
:10BFE00028460096FFF7CFFE434600962A46214694
:10BFF0002046FFF7C8FE2368DB074AD53346424692
:10C0000021462046FFF764FC314682462046FFF772
:10C01000ADFE06F18043013B54F8232042EACA7288
:10C0200044F823203A4621462846FFF78AFF434634
:10C030000AAA294628460096FFF7C1FE43460AAAE7
:10C04000294628460096FFF7BAFE0AA90846434645
:10C050002A460096FFF7B3FE3B460AAA2146204631
:10C06000FFF75FFF02AA4346104621460096FFF7FE
:10C07000A6FE324629462046FFF757FE4946284687
:10C08000FFF753FE02A94846FFF74FFE12B0BDE886
:10C09000F08731462046FFF769FEC3E72DE9F041FE
:10C0A00015468AB004460E461C22002103A800F063
:10C0B0000DFD2F1D95F9008003232A4631462046A9
:10C0C0000293FFF73EFF3B4602AA21462046CDF8E9
:10C0D0000080FFF774FE2B46324621462046FFF7CC
:10C0E00020FFCDF800803B4605F184022146204622
:10C0F000FFF749FE0AB0BDE8F08100002DE9F042EB
:10C10000082288B00C468146FFF70FFECB6A0393E6
:10C110000B6B04934B6B05938B6B0693CB6B079365
:10C12000002708236A4669466846CDE901770097EB
:10C13000FFF7CEFB082305466A4649464846FFF707
:10C14000C7FB236B0393636B0493A36B0593E36BB0
:10C150000544CDE906376A46082369466846FFF775
:10C16000B7FB082305446A4649464846FFF7B0FB3B
:10C17000236A0093636A0193A36A0293A36B0693F5
:10C18000E36B0793054408236A4649464846CDE9D0
:10C1900004770397FFF79CFB636A0093A36AA26B83
:10C1A0000193E36A02930492636BE26B0393CDE91C
:10C1B0000523236A07932E1808236A4649464846F2
:10C1C000FFF786FBE36A0093236B0193636B029393
:10C1D000236A0693A36A0793351808236A464946DB
:10C1E0004846CDE904770397FFF7A2FB236B009342
:10C1F000636B0193A36B0293E36B0393636A0693F0
:10C20000E36A07932E1A08236A4649464846CDE951
:10C210000477FFF78DFB636B0093A36B0193E36BD4
:10C220000293236A0393636A0493A36ACDE90537F3
:10C23000236B0793361A08236A4649464846FFF798
:10C2400077FBA36B0093E36BCDE90137636A03933C
:10C25000A36A0493E36ACDE90537636B0793361A43
:10C2600008236A4649464846FFF762FB361A0E4CD9
:10C270000FD436B9082249462046FFF762FD01284F
:10C280000FD00823224649464846FFF751FB361A8D
:10C29000EFE70823224649464846FFF719FB3618C0
:10C2A000F7D408B0BDE8F08200D2070070B514469C
:10C2B0008AB006460D461A46214602A80193FFF7AA
:10C2C00040FE019B02AA31463046FFF72AFE02A932
:10C2D000019B22460846FFF724FE019B02AA29463D
:10C2E0002846FFF71EFE0AB070BD2DE9F0478AB060
:10C2F0001446DDF848A055461F4615F9046B009614
:10C30000804689462B460246214602A8FFF757FD84
:10C3100002A952460846FFF714FE534602AA4146B8
:10C320004046FFF7FEFD534602AA21462046FFF78E
:10C33000F8FD2B464A46394638460096FFF73FFD42
:10C340005246394602A8FFF7FCFD02A92B46424699
:10C3500008460096FFF733FD02A92B462246084601
:10C360000096FFF72CFD2B464246214620460096BC
:10C37000FFF725FD5346224649464846FFF7D1FDC3
:10C380002B4602AA414620460096FFF718FD534669
:10C39000224639463846FFF7C4FD2B464A46394601
:10C3A00038460096FFF70BFD324602A92046FFF7FC
:10C3B000BCFC0AB0BDE8F0872DE9F0479846B3F918
:10C3C0000230894613F11F0148BF03F13E01DD1D14
:10C3D00048BF03F10E05EC104E11944275B228BF10
:10C3E000144629460746FFF75CFC22464946FFF7FC
:10C3F00063FAB8F90230B3EBC40F4FEAC40220D29B
:10C40000D21A07EB86010020C2F120068F420FD31B
:10C4100008F124082A4639464046FFF792FC0128D5
:10C420000FD02B4642463846BDE8F047FFF780BAAA
:10C4300051F8044D24FA02F303430B6004FA06F0AA
:10C44000E4E7BDE8F08770B5036813F00106054620
:10C45000144605D013460A460146FFF739FA064648
:10C4600021462846FFF782FC46B104F18042013A9A
:10C4700055F8223043F0004345F8223070BDF0B546
:10C480000F46A1B006461946384615461C46FFF72A
:10C4900013FC20B13046FFF704FC21B0F0BD22466A
:10C4A00039466846FFF741FC294608A8FFF73DFCDE
:10C4B00010A82146FFF7F5FB012318A81093FFF7FA
:10C4C000F0FB224608A96846FFF73BFC28B9224644
:10C4D00010A93046FFF729FCDFE7009BDA0709D4F3
:10C4E00021466846FFF742FC2246294610A8FFF77E
:10C4F000AAFFE6E7089BDB0707D4214608A8FFF759
:10C5000035FC2246294618A8F1E7002823461CDD01
:10C5100008AA69466846FFF70BFA21466846FFF706
:10C5200025FC224618A910A8FFF70BFC002805DA05
:10C5300010A923462A460846FFF7CAF910A9234640
:10C5400018AA0846FFF7F4F9CEE708A96A46084694
:10C55000FFF7EEF9214608A8FFF708FC224610A9CC
:10C5600018A8FFF7EEFB002805DA18A923462A468B
:10C570000846FFF7ADF918A9234610AA0846FFF7A9
:10C58000D7F9BEE700487047FCD107002DE9F04F0E
:10C590002DED028BEDB08946789E05901946B6F9CF
:10C5A000023096F9004013F11F0748BF03F13E0720
:10C5B00047F3471707F1FF3B24AB002543F82B5007
:10C5C0006CAB03EB8B0307EE902A4CA896F9012085
:10C5D00043F8805C43F8605CFFF76EF996F9012040
:10C5E00054A81144FFF768F921464CA8FFF764FBF3
:10C5F0008046002840F0428154A8FFF75DFB03907D
:10C60000002840F03D8106F1240A3A464CA95046E4
:10C61000FFF797FB012840F035813A4654A9504670
:10C62000FFF78FFB0128069040F02C811CAD3B46A4
:10C63000524654A92846FFF722FF0DF13008039B0C
:10C6400048F82B3017EE902A494640463346FFF70C
:10C65000B3FE4146404653462A460097FFF7C3FBC8
:10C660000DF5B87B53462A464CA914A80097FFF74E
:10C67000BAFB224658460599FFF757FBA3000793DC
:10C68000059B0BEB840903EB84014846FFF74DFB48
:10C6900006F14403194634A80493FFF746FB049BB4
:10C6A000A10059183CA8FFF740FB331D08EE903A53
:10C6B000594634AA28460094FFF781FB4B465A4658
:10C6C0003CA934A80096FFF710FE18EE902A2346E6
:10C6D00029462846FFF7D3FE2A46494658463346A0
:10C6E000FFF7E4FD039B0893049B0993059B3946E0
:10C6F0004046CDE90A3BFFF7F8FA3946834614A8CD
:10C70000FFF7F3FA5845B8BF58461FFA80FB0BF104
:10C71000FF3109B240460491FFF7DDFA0499B0F108
:10C72000000814A818BF4FF00108FFF7D4FA00283A
:10C7300014BF0220002048EA00080DF1200922461B
:10C7400059F8281024A8FFF7F0FA0DF1B009A3005A
:10C7500019444846FFF7E9FA21462846FFF7A1FAAF
:10C76000069B2B60ABF1020824AB08EE105A0FFABF
:10C7700088F80493B8F1000F2ADA18EE902A18EE20
:10C78000101A18EE100A2346FFF779FE18EE102A49
:10C79000049833464946FFF789FD04993A465046C6
:10C7A000FFF7CFFA012805D004993B4652460846C8
:10C7B000FFF7BEF8013C64B24CAA230653D5039B95
:10C7C000B3FA83F040096DB0BDEC028BBDE8F08F89
:10C7D000334618EE102A0498D6F8A4504946A847C4
:10C7E00041460CA8FFF777FA4146B0F1000B14A8B8
:10C7F00018BF4FF0010BFFF76EFA002814BF02209C
:10C8000000204BEA000B08AB53F82B1031B3224643
:10C8100034A8FFF78AFA079B3CA81944FFF785FA6A
:10C8200018EE102A33463CA934A8FFF73FFD18EE56
:10C83000903A0499009434AA44A8FFF7C0FA049AE5
:10C8400000964B463CA934A8FFF74FFD18EE101A8E
:10C8500018EE100A334644AAFFF763FB08F1FF38CD
:10C860000FFA88F886E7049B52F8241053F8243016
:10C870004B40039919430391013C9EE72846A2E7E8
:10C880004046A0E703989EE7002301461A46184653
:10C8900000F0E4B908B5074B044613B1002100F0DD
:10C8A0002DFA054B1868836A03B19847204600F0BB
:10C8B00073FA00BFFDCC0700ACD2070038B50A4CB4
:10C8C0000A4D641BA4100AD004F18043013B05EB20
:10C8D0008305013C55F804399847002CF9D1BDE88F
:10C8E000384000F061BA00BFA02B00209C2B002034
:10C8F00070B50D4E0D4D761BB61006D000240134D8
:10C9000055F8043B9847A642F9D1094E094D761BCC
:10C9100000F044FAB61006D00024013455F8043B68
:10C920009847A642F9D170BD982B0020982B002083
:10C930009C2B0020982B0020032A70B412D940EAC7
:10C940000105AD0704460B4620D11946204653F891
:10C95000045B54F8046BAE4218D1043A032A204613
:10C960001946F2D8541E72B103780A789A4208BF69
:10C97000241806D00CE010F8013F11F8012F934263
:10C9800006D1A042F7D1002070BC7047541EEBE7DF
:10C99000981A70BC704700BF844641EA000313F048
:10C9A00003036DD1403A41D351F8043B40F8043BB6
:10C9B00051F8043B40F8043B51F8043B40F8043B79
:10C9C00051F8043B40F8043B51F8043B40F8043B69
:10C9D00051F8043B40F8043B51F8043B40F8043B59
:10C9E00051F8043B40F8043B51F8043B40F8043B49
:10C9F00051F8043B40F8043B51F8043B40F8043B39
:10CA000051F8043B40F8043B51F8043B40F8043B28
:10CA100051F8043B40F8043B51F8043B40F8043B18
:10CA200051F8043B40F8043B403ABDD2303211D3B8
:10CA300051F8043B40F8043B51F8043B40F8043BF8
:10CA400051F8043B40F8043B51F8043B40F8043BE8
:10CA5000103AEDD20C3205D351F8043B40F8043BB8
:10CA6000043AF9D2043208D0D2071CBF11F8013BB6
:10CA700000F8013B01D30B8803806046704700BF7C
:10CA8000082A13D38B078DD010F003038AD0C3F18B
:10CA90000403D21ADB071CBF11F8013B00F8013B6D
:10CAA00080D331F8023B20F8023B7BE7043AD9D32C
:10CAB000013A11F8013B00F8013BF9D20B78037001
:10CAC0004B7843708B78837060467047F0B486076C
:10CAD00046D0541E002A3CD0CAB2034602E014F1EC
:10CAE000FF3436D303F8012B9D07F8D1032C29D945
:10CAF000CDB245EA05250F2C45EA054533D9A4F109
:10CB00001006360903F1200707EB061703F11002A0
:10CB100042E9045542E902551032BA42F8D1721C7A
:10CB200014F00C0F03EB021204F00F0613D0331FA6
:10CB300023F003030433134442F8045B9342FBD114
:10CB400006F003042CB1C9B21C4403F8011B9C423B
:10CB5000FBD1F0BC704734461346002CF3D1F8E704
:10CB600014460346C2E71A462646E0E700000000E6
:10CB700000000000000000000000000000000000B5
:10CB800090F800F06DE9024520F007016FF0000C0D
:10CB900010F0070491F820F040F049804FF00004B5
:10CBA0006FF00700D1E9002391F840F000F1080090
:10CBB00082FA4CF2A4FA8CF283FA4CF3A2FA8CF3C8
:10CBC0004BBBD1E9022382FA4CF200F10800A4FA2F
:10CBD0008CF283FA4CF3A2FA8CF3E3B9D1E9042383
:10CBE00082FA4CF200F10800A4FA8CF283FA4CF3BA
:10CBF000A2FA8CF37BB9D1E9062301F1200182FA74
:10CC00004CF200F10800A4FA8CF283FA4CF3A2FA79
:10CC10008CF3002BC6D0002A04BF04301A4612BA87
:10CC2000B2FA82F2FDE8024500EBD2007047D1E98A
:10CC3000002304F00305C4F100004FEAC50514F019
:10CC4000040F91F840F00CFA05F562EA05021CBFEA
:10CC500063EA050362464FF00004A9E72DE9F843B3
:10CC6000224C25680DB36C681F2C3BDC984691461E
:10CC70000F46064688B1D5F8880028B3D0F80031B1
:10CC800040F824900122A24000EB84011343022EBD
:10CC9000C0F80031C1F8808010D0A31C01346C6052
:10CCA00045F823700020BDE8F883114E114D256032
:10CCB000002ED8D03468C5F88840D4E7D0F80431C5
:10CCC0001A43C0F80421E8E70B4B5BB14FF48470C2
:10CCD000AFF3008030B100236C68C0E94033C5F881
:10CCE0008800CDE74FF0FF30DDE700BFBC4E0020ED
:10CCF00000000000304E0020000000002DE9F04F41
:10CD0000DFF8908083B0D8F8005001900F464FF0C4
:10CD1000010A8DB16C68D5F88860013C0CD405F12E
:10CD2000080B67B12EB106F1800353F82430BB42E3
:10CD300005D014F1FF34F4D203B0BDE8F08F6B6876
:10CD40005BF82420013BA34216BF00236C604BF824
:10CD50002430002AEDD0D5F80490B6B1D6F80011F1
:10CD60000AFA04F30B4210D0D6F8040156F8241046
:10CD700003420CD1019890476B68D8F800204B45CE
:10CD800001D1AA42D5D01546C3E79047F4E708463B
:10CD90009047F1E7BC4E0020FEE700BFF8B500BFAA
:10CDA000F8BC08BC9E467047F8B500BFF8BC08BC8C
:10CDB0009E467047001000000400000001000000C3
:10CDC00095790700B9790700C9790700397A070012
:10CDD000D9790700A1790700A5790700A97907008B
:10CDE000001000000400000001000000457B070067
:10CDF000257B0700157B07004D7D0700017D07009F
:10CE0000E77A0700EB7A0700F17A0700982F8A4249
:10CE100091443771CFFBC0B5A5DBB5E95BC256398C
:10CE2000F111F159A4823F92D55E1CAB98AA07D8A4
:10CE3000015B8312BE853124C37D0C55745DBE72C7
:10CE4000FEB1DE80A706DC9B74F19BC1C1699BE447
:10CE50008647BEEFC69DC10FCCA10C246F2CE92DD7
:10CE6000AA84744ADCA9B05CDA88F97652513E98FB
:10CE70006DC631A8C82703B0C77F59BFF30BE0C602
:10CE80004791A7D55163CA0667292914850AB72790
:10CE900038211B2EFC6D2C4D130D385354730A652D
:10CEA000BB0A6A762EC9C281852C7292A1E8BFA204
:10CEB0004B661AA8708B4BC2A3516CC719E892D16C
:10CEC000240699D685350EF470A06A1016C1A419EF
:10CED000086C371E4C774827B5BCB034B30C1C39EE
:10CEE0004AAAD84E4FCA9C5BF36F2E68EE828F74AD
:10CEF0006F63A5781478C8840802C78CFAFFBE90C7
:10CF0000EB6C50A4F7A3F9BEF27871C64800280074
:10CF10000020400085C50700DDAC843D1EBD6AFCD5
:10CF2000F19B4BD0C49DB1BE608F0D7ACA0083AA1D
:10CF3000B84899DE96F7E90C05200B441BE1104A2E
:10CF4000A3418950BAD2FDB74999C850A1D379AF4E
:10CF50008939544350D9C92D06150E1506110A04F6
:10CF60000A1104041F04041C0B1F251E15160F189C
:10CF7000131C0B1F251E15160F18130000000000B0
:10CF80000338FDD870470000F79207009B92070016
:10CF9000EB9707005D9807007D980700E191070077
:10CFA000A19107007F97070000000000A9980700E3
:10CFB000A398070083980700200000007800000075
:10CFC000000000000100010000000000010000005E
:10CFD0000000000002000500010000004200000007
:10CFE0000000000000000000000000000000000041
:10CFF00000000000010011000100FFFF010000001F
:10D0000000000000020017000200FEFF64010000A3
:10D0100054D00700000000000000000000000000E5
:10D0200000000000010001000000000001000000FD
:10D0300000000000020005000100000022000000C6
:10D0400000000000000000000000000000000000E0
:10D0500000000000010011000400FCFF04000000BB
:10D0600000000000020011000400FCFF04000000AA
:10D0700000000000030021000400FCFF0400100079
:10D0800000000000040011000100FFFF010000008B
:10D0900000000000050011000200FEFF0400000077
:10D0A00000000000060011000400FCFF0400000066
:10D0B00000000000070011000400FCFF0400000055
:10D0C00000000000080017000200FEFF240000001E
:10D0D00024D00700090010000100FFFF010000003C
:10D0E00004D107000A0027000200FEFF44000300ED
:10D0F000C4CF070000000000000000000000000096
:10D100000000000000000000010017000400FCFF08
:10D1100068010000F4CF0700020017000400FCFFC4
:10D12000AC01000038D10700000000000000000042
:10D1300000000000000000000100070000000000E7
:10D1400068010000F4CF07000200010000000000A9
:10D1500001000000000000000300050001000000C5
:10D16000420000000000000000000000000000007D
:10D170000000000000000000446675546172670002
:10D18000000000000000000000000000000000009F
:10D1900050EADA308883B89F604F15F30000C98EDB
:10D1A0000338FDD870470C000C00000058026D6970
:10D1B00063726F6269745F61707000001002010039
:10D1C00008D3070010D3070008000000F8D20700BA
:10D1D00008D3070008000000F0D20700F8D20700CB
:10D1E00008000000E8D20700F0D2070008000000A5
:10D1F00010D3070018D30700080000000820000122
:10D20000FFFFFFFFFFFFFFFFFFFFFFFF000000002A
:10D21000000000000000000001000000FFFFFFFF11
:10D22000512563FCC2CAB9F3849E17A7ADFAE6BCC8
:10D23000FFFFFFFFFFFFFFFF00000000FFFFFFFFFA
:10D2400096C298D84539A1F4A033EB2D817D0377A0
:10D25000F240A463E5E6BCF847422CE1F2D1176B3B
:10D26000F551BF376840B6CBCE5E316B5733CE2B0E
:10D27000169E0F7C4AEBE78E9B7F1AFEE242E34F3D
:10D280004B60D2273E3CCE3BF6B053CCB0061D657A
:10D29000BC86987655BDEBB3E7933AAAD835C65A03
:10D2A0004BBF07009DC00700FDC00700382B0020C2
:10D2B0000000000001A10700599E07004032002035
:10D2C0007C4200208D42002048320020F400000003
:10D2D0000000000003000000F5B30700000000009C
:10D2E00002000000D5B30700A59A07000000000067
:10D2F000C17C07000000000079B7070000000000B3
:10D300007DB8070000000000017B0700000000005E
:10D310001D7C070000000000709FFF7F01000000DF
:10D320000090D0030000000000000000000000009A
:10D3300000000000000000000000000000000000ED
:10D3400001000000000000000000000000000000DC
:10D3500002000000EC2A00200C2B0020FC2A0020F8
:10D36000FF00FFFF0100000000E00700382B002055
:10D3700000000000000000000000000000000000AD
:10D38000000000000000000000000000000000009D
:10D39000000000000000000000000000000000008D
:10D3A000000000000000000000000000000000007D
:10D3B000000000000000000000000000000000006D
:10D3C000000000000000000000000000000000005D
:10D3D00069720700417207000000000000000000B1
:0CD3E00001A2070000100000000008007F
:10E00000BE361649020000000000000000000000BB
:10E0100000000000000000001CD20000105EBCF8F0
:10E0200001000000000000000000000000000000EF
:10E0300000000000000000000000000000000000E0
:10E0400000000000000000000000000000000000D0
:10E0500000000000000000000000000000000000C0
:10E0600000000000000000000000000000000000B0
:10E0700000000000000000000000000000000000A0
:10E080000000000000000000000000000000000090
:10E090000000000000000000000000000000000080
:10E0A0000000000000000000000000000000000070
:10E0B0000000000000000000000000000000000060
:10E0C0000000000000000000000000000000000050
:10E0D0000000000000000000000000000000000040
:10E0E0000000000000000000000000000000000030
:10E0F0000000000000000000000000000000000020
:10E10000000000000000000000000000000000000F
:10E1100000000000000000000000000000000000FF
:10E1200000000000000000000000000000000000EF
:10E1300000000000000000000000000000000000DF
:10E1400000000000000000000000000000000000CF
:10E1500000000000000000000000000000000000BF
:10E1600000000000000000000000000000000000AF
:10E17000000000000000000000000000000000009F
:10E18000000000000000000000000000000000008F
:10E19000000000000000000000000000000000007F
:10E1A000000000000000000000000000000000006F
:10E1B000000000000000000000000000000000005F
:10E1C000000000000000000000000000000000004F
:10E1D000000000000000000000000000000000003F
:10E1E000000000000000000000000000000000002F
:10E1F000000000000000000000000000000000001F
:10E20000000000000000000000000000000000000E
:10E2100000000000000000000000000000000000FE
:10E2200000000000000000000000000000000000EE
:10E2300000000000000000000000000000000000DE
:10E2400000000000000000000000000000000000CE
:10E25000000000000000000000000000A21BDAAC7B
:10E2600000000000000000000000000000000000AE
:10E27000000000000000000000000000000000009E
:10E28000000000000000000000000000000000008E
:10E29000000000000000000000000000000000007E
:10E2A000000000000000000000000000000000006E
:10E2B000000000000000000000000000000000005E
:10E2C000000000000000000000000000000000004E
:10E2D000000000000000000000000000000000003E
:10E2E000000000000000000000000000000000002E
:10E2F000000000000000000000000000000000001E
:10E30000000000000000000000000000000000000D
:10E3100000000000000000000000000000000000FD
:10E3200000000000000000000000000000000000ED
:10E3300000000000000000000000000000000000DD
:10E3400000000000000000000000000000000000CD
:10E3500000000000000000000000000000000000BD
:10E3600000000000000000000000000000000000AD
:10E37000000000000000000000000000000000009D
:10E38000000000000000000000000000000000008D
:10E39000000000000000000000000000000000007D
:10E3A000000000000000000000000000000000006D
:10E3B000000000000000000000000000000000005D
:10E3C000000000000000000000000000000000004D
:10E3D000000000000000000000000000000000003D
:10E3E000000000000000000000000000000000002D
:10E3F000000000000000000000000000000000001D
:10E40000000000000000000000000000000000000C
:10E4100000000000000000000000000000000000FC
:10E4200000000000000000000000000000000000EC
:10E4300000000000000000000000000000000000DC
:10E4400000000000000000000000000000000000CC
:10E4500000000000000000000000000000000000BC
:10E4600000000000000000000000000000000000AC
:10E47000000000000000000000000000000000009C
:10E48000000000000000000000000000000000008C
:10E49000000000000000000000000000000000007C
:10E4A000000000000000000000000000000000006C
:10E4B000000000000000000000000000000000005C
:10E4C000000000000000000000000000000000004C
:10E4D000000000000000000000000000000000003C
:10E4E000000000000000000000000000000000002C
:10E4F000000000000000000000000000000000001C
:10E50000000000000000000000000000000000000B
:10E5100000000000000000000000000000000000FB
:10E5200000000000000000000000000000000000EB
:10E5300000000000000000000000000000000000DB
:10E5400000000000000000000000000000000000CB
:10E5500000000000000000000000000000000000BB
:10E5600000000000000000000000000000000000AB
:10E57000000000000000000000000000000000009B
:10E58000000000000000000000000000000000008B
:10E59000000000000000000000000000000000007B
:10E5A000000000000000000000000000000000006B
:10E5B000000000000000000000000000000000005B
:10E5C000000000000000000000000000000000004B
:10E5D000000000000000000000000000000000003B
:10E5E000000000000000000000000000000000002B
:10E5F000000000000000000000000000000000001B
:10E60000000000000000000000000000000000000A
:10E6100000000000000000000000000000000000FA
:10E6200000000000000000000000000000000000EA
:10E6300000000000000000000000000000000000DA
:10E6400000000000000000000000000000000000CA
:10E6500000000000000000000000000000000000BA
:10E6600000000000000000000000000000000000AA
:10E67000000000000000000000000000000000009A
:10E68000000000000000000000000000000000008A
:10E69000000000000000000000000000000000007A
:10E6A000000000000000000000000000000000006A
:10E6B000000000000000000000000000000000005A
:10E6C000000000000000000000000000000000004A
:10E6D000000000000000000000000000000000003A
:10E6E000000000000000000000000000000000002A
:10E6F000000000000000000000000000000000001A
:10E700000000000000000000000000000000000009
:10E7100000000000000000000000000000000000F9
:10E7200000000000000000000000000000000000E9
:10E7300000000000000000000000000000000000D9
:10E7400000000000000000000000000000000000C9
:10E7500000000000000000000000000000000000B9
:10E7600000000000000000000000000000000000A9
:10E770000000000000000000000000000000000099
:10E780000000000000000000000000000000000089
:10E790000000000000000000000000000000000079
:10E7A0000000000000000000000000000000000069
:10E7B0000000000000000000000000000000000059
:10E7C0000000000000000000000000000000000049
:10E7D0000000000000000000000000000000000039
:10E7E0000000000000000000000000000000000029
:10E7F0000000000000000000000000000000000019
:10E800000000000000000000000000000000000008
:10E8100000000000000000000000000000000000F8
:10E8200000000000000000000000000000000000E8
:10E8300000000000000000000000000000000000D8
:10E8400000000000000000000000000000000000C8
:10E8500000000000000000000000000000000000B8
:10E8600000000000000000000000000000000000A8
:10E870000000000000000000000000000000000098
:10E880000000000000000000000000000000000088
:10E890000000000000000000000000000000000078
:10E8A0000000000000000000000000000000000068
:10E8B0000000000000000000000000000000000058
:10E8C0000000000000000000000000000000000048
:10E8D0000000000000000000000000000000000038
:10E8E0000000000000000000000000000000000028
:10E8F0000000000000000000000000000000000018
:10E900000000000000000000000000000000000007
:10E9100000000000000000000000000000000000F7
:10E9200000000000000000000000000000000000E7
:10E9300000000000000000000000000000000000D7
:10E9400000000000000000000000000000000000C7
:10E9500000000000000000000000000000000000B7
:10E9600000000000000000000000000000000000A7
:10E970000000000000000000000000000000000097
:10E980000000000000000000000000000000000087
:10E990000000000000000000000000000000000077
:10E9A0000000000000000000000000000000000067
:10E9B0000000000000000000000000000000000057
:10E9C0000000000000000000000000000000000047
:10E9D0000000000000000000000000000000000037
:10E9E0000000000000000000000000000000000027
:10E9F0000000000000000000000000000000000017
:10EA00000000000000000000000000000000000006
:10EA100000000000000000000000000000000000F6
:10EA200000000000000000000000000000000000E6
:10EA300000000000000000000000000000000000D6
:10EA400000000000000000000000000000000000C6
:10EA500000000000000000000000000000000000B6
:10EA600000000000000000000000000000000000A6
:10EA70000000000000000000000000000000000096
:10EA80000000000000000000000000000000000086
:10EA90000000000000000000000000000000000076
:10EAA0000000000000000000000000000000000066
:10EAB0000000000000000000000000000000000056
:10EAC0000000000000000000000000000000000046
:10EAD0000000000000000000000000000000000036
:10EAE0000000000000000000000000000000000026
:10EAF0000000000000000000000000000000000016
:10EB00000000000000000000000000000000000005
:10EB100000000000000000000000000000000000F5
:10EB200000000000000000000000000000000000E5
:10EB300000000000000000000000000000000000D5
:10EB400000000000000000000000000000000000C5
:10EB500000000000000000000000000000000000B5
:10EB600000000000000000000000000000000000A5
:10EB70000000000000000000000000000000000095
:10EB80000000000000000000000000000000000085
:10EB90000000000000000000000000000000000075
:10EBA0000000000000000000000000000000000065
:10EBB0000000000000000000000000000000000055
:10EBC0000000000000000000000000000000000045
:10EBD0000000000000000000000000000000000035
:10EBE0000000000000000000000000000000000025
:10EBF0000000000000000000000000000000000015
:10EC00000000000000000000000000000000000004
:10EC100000000000000000000000000000000000F4
:10EC200000000000000000000000000000000000E4
:10EC300000000000000000000000000000000000D4
:10EC400000000000000000000000000000000000C4
:10EC500000000000000000000000000000000000B4
:10EC600000000000000000000000000000000000A4
:10EC70000000000000000000000000000000000094
:10EC80000000000000000000000000000000000084
:10EC90000000000000000000000000000000000074
:10ECA0000000000000000000000000000000000064
:10ECB0000000000000000000000000000000000054
:10ECC0000000000000000000000000000000000044
:10ECD0000000000000000000000000000000000034
:10ECE0000000000000000000000000000000000024
:10ECF0000000000000000000000000000000000014
:10ED00000000000000000000000000000000000003
:10ED100000000000000000000000000000000000F3
:10ED200000000000000000000000000000000000E3
:10ED300000000000000000000000000000000000D3
:10ED400000000000000000000000000000000000C3
:10ED500000000000000000000000000000000000B3
:10ED600000000000000000000000000000000000A3
:10ED70000000000000000000000000000000000093
:10ED80000000000000000000000000000000000083
:10ED90000000000000000000000000000000000073
:10EDA0000000000000000000000000000000000063
:10EDB0000000000000000000000000000000000053
:10EDC0000000000000000000000000000000000043
:10EDD0000000000000000000000000000000000033
:10EDE0000000000000000000000000000000000023
:10EDF0000000000000000000000000000000000013
:10EE00000000000000000000000000000000000002
:10EE100000000000000000000000000000000000F2
:10EE200000000000000000000000000000000000E2
:10EE300000000000000000000000000000000000D2
:10EE400000000000000000000000000000000000C2
:10EE500000000000000000000000000000000000B2
:10EE600000000000000000000000000000000000A2
:10EE70000000000000000000000000000000000092
:10EE80000000000000000000000000000000000082
:10EE90000000000000000000000000000000000072
:10EEA0000000000000000000000000000000000062
:10EEB0000000000000000000000000000000000052
:10EEC0000000000000000000000000000000000042
:10EED0000000000000000000000000000000000032
:10EEE0000000000000000000000000000000000022
:10EEF0000000000000000000000000000000000012
:10EF00000000000000000000000000000000000001
:10EF100000000000000000000000000000000000F1
:10EF200000000000000000000000000000000000E1
:10EF300000000000000000000000000000000000D1
:10EF400000000000000000000000000000000000C1
:10EF500000000000000000000000000000000000B1
:10EF600000000000000000000000000000000000A1
:10EF70000000000000000000000000000000000091
:10EF80000000000000000000000000000000000081
:10EF90000000000000000000000000000000000071
:10EFA0000000000000000000000000000000000061
:10EFB0000000000000000000000000000000000051
:10EFC0000000000000000000000000000000000041
:10EFD0000000000000000000000000000000000031
:10EFE0000000000000000000000000000000000021
:10EFF0000000000000000000000000000000000011
:10F00000BE361649020000000000000000000000AB
:10F0100000000000000000001CD20000105EBCF8E0
:10F0200001000000000000000000000000000000DF
:10F0300000000000000000000000000000000000D0
:10F0400000000000000000000000000000000000C0
:10F0500000000000000000000000000000000000B0
:10F0600000000000000000000000000000000000A0
:10F070000000000000000000000000000000000090
:10F080000000000000000000000000000000000080
:10F090000000000000000000000000000000000070
:10F0A0000000000000000000000000000000000060
:10F0B0000000000000000000000000000000000050
:10F0C0000000000000000000000000000000000040
:10F0D0000000000000000000000000000000000030
:10F0E0000000000000000000000000000000000020
:10F0F0000000000000000000000000000000000010
:10F1000000000000000000000000000000000000FF
:10F1100000000000000000000000000000000000EF
:10F1200000000000000000000000000000000000DF
:10F1300000000000000000000000000000000000CF
:10F1400000000000000000000000000000000000BF
:10F1500000000000000000000000000000000000AF
:10F16000000000000000000000000000000000009F
:10F17000000000000000000000000000000000008F
:10F18000000000000000000000000000000000007F
:10F19000000000000000000000000000000000006F
:10F1A000000000000000000000000000000000005F
:10F1B000000000000000000000000000000000004F
:10F1C000000000000000000000000000000000003F
:10F1D000000000000000000000000000000000002F
:10F1E000000000000000000000000000000000001F
:10F1F000000000000000000000000000000000000F
:10F2000000000000000000000000000000000000FE
:10F2100000000000000000000000000000000000EE
:10F2200000000000000000000000000000000000DE
:10F2300000000000000000000000000000000000CE
:10F2400000000000000000000000000000000000BE
:10F25000000000000000000000000000A21BDAAC6B
:10F26000000000000000000000000000000000009E
:10F27000000000000000000000000000000000008E
:10F28000000000000000000000000000000000007E
:10F29000000000000000000000000000000000006E
:10F2A000000000000000000000000000000000005E
:10F2B000000000000000000000000000000000004E
:10F2C000000000000000000000000000000000003E
:10F2D000000000000000000000000000000000002E
:10F2E000000000000000000000000000000000001E
:10F2F000000000000000000000000000000000000E
:10F3000000000000000000000000000000000000FD
:10F3100000000000000000000000000000000000ED
:03F32000000000EA
:020000040000FA
:020000041000EA
:081014000070070000E0070076
:0400000330009B85A9
:00000001FF

:1000000E41140E2FB82FA2BB9F008C0800000000D9
:1000100E7B22636F6D7072657373696F6E223A2205
:1000200E4C5A4D41222C2268656164657253697A7F
:1000300E65223A3239332C227465787453697A65A5
:1000400E223A31343439302C226E616D65223A22D7
:1000500E4D6F74696F6E204D6F7573222C2265552E
:1000600E524C223A2268747470733A2F2F6D616B62
:1000700E65636F64652E63616C6C696F70652E636A
:1000800E632F222C2265564552223A22382E312ECB
:1000900E3135222C22707874546172676574223A5D
:1000A00E2263616C6C696F70656D696E69227D5D2E
:1000B00E00008000C039000000000000003D88896B
:1000C00EC65436C3174FE4E2A73EE2142DD780B7CD
:1000D00E053E8B9216D07B6371ABA42314DD4ED7F5
:1000E00E6F78657B857884CCCCA8E4B8B413A5C7AB
:1000F00EB820418E7197977501B410E8E4BC386D45
:1001000E61B2F0939904B15C7613D040333C2C74F9
:1001100EB5C5B1A9AF1C5CEA38E60B7494E72E1F87
:1001200E082D66D98539B0E94B38C525E1F521BED4
:1001300E1EC0B97C722F222C19587E8A886B9FB7ED
:1001400ED8CFB11C8E9505B91762C5D5903EE33751
:1001500EF3AFCD6368BD0739A607F4D2D4298FBC9F
:1001600E184E7B9A93A8940D6EEB9607F182A1A67A
:1001700E192187448DC65ABBC08676B4933C214C58
:1001800EB20127E37E2A47DD35B710C4FE26C85FCD
:1001900EC84BEA9FFF4A1AAC93669C95B979CB5D22
:1001A00E465CC952A44340BB75170AE68E4FC4AED7
:1001B00E90CB2EA8632927F3C0EA2110F2F257182C
:1001C00E2538F64F7563C0ADBD471AD30424AE2A49
:1001D00E8272266750FFC386B4C1B2F908A92F6A8E
:1001E00E8FA2C130B71F2D3CBDCB86749AA677A9BE
:1001F00E48C85130A962E672D00F9AE5D5BE52A713
:1002000E9B9D67676D40283262A4B5253DA50BA561
:1002100EBD4BFADB5A7A2B2971629068BF1813DA3C
:1002200E072627887CCB36CD89D84F8F15D3837779
:1002300E108F86EB59A4A55A5E1C2634D665D5922E
:1002400E71156D55285D73946CEC2D9F6AC3C9EBC7
:1002500E177AD9A45FF92FA1833201006C79CDEE04
:1002600E5DE4A041BF12F86BA1E1DF4DD9BCE67190
:1002700EDB1C23168A69BCF06E6DAC3E4B99164B97
:1002800E63C1ABB14516E6B0B3136E6C99460ACD99
:1002900EEEA0946C4674E9CD1295AD9E670F5D0786
:1002A00E5C40B4B2790F6975C10855501ADFBFC5ED
:1002B00E5863ACEB2EBC0FE328F1D6D0C4AAC262B1
:1002C00EBA251991BA9D4A24ED0DD9DE0091C05779
:1002D00E95EDAD835A57F06694707D8A44DF834A5C
:1002E00E248EFE0D79DA973CD569BDFAEEFD4D05EB
:1002F00E00DABE5C1D89A1B387E7C6E8B90E031DFF
:1003000E55E1C7E98B7C1099BC215A09BC315F07B6
:1003100E4AE91B26AB7843741C6BFA9D17CABE20A4
:1003200E9335418F84FB47BF7B44BEE2D646F00D2A
:1003300E594C782ADF9E796745CF4B39B9444C3DED
:1003400E645437853E497E75E714171CAA60EB830B
:1003500ED17FD543CE72440F8D7C7EAE27DE7F39A2
:1003600E4A47CEB1FBC8E57DFE143A96895F1DC79C
:1003700E9ED605DBCD7795C77396B08F698E1F7F9E
:1003800E968A3C0EFC090A360811BF0D7C45E29494
:1003900E33EB6F9BEB8D5501C4BE0190D3E3DDBAF9
:1003A00E0628BE9633CE941DFF189A1A0B27CBF152
:1003B00E92A49C29DDBFAB468B264F291DA6FA01C0
:1003C00EAAE31D329B5BC33D398DB22159B43C97D4
:1003D00E36934864342A87DADC5DF339265477D0B5
:1003E00EC9AA8E30245EC6EC11C25B78FF100FA036
:1003F00ED1924CF0369219B86C393DEA3CA70AF608
:1004000E1AB309757939483E2A3B7245FB8923FC9C
:1004100EF3AC32DDB81370B10CEE9D074A4FB3C08A
:1004200E6D53F52CF50B27286401AD6F02BB957546
:1004300E9DAE41A0B0063E3728C4E2F86DFE0D1FFA
:1004400E1A2B2EA006CBA6391F88745D3609D6FD51
:1004500E4F530BF81D51A24B660B5D330E36836F57
:1004600E210F86C50755F4CC342D2E5A7DF2420E3F
:1004700E361921193C1F3AB015A1CB126A2F19BF9C
:1004800EB183FA980F5755DFAA7C3B343F6F452551
:1004900EA134A3FF9A5B44204917BD8B9942A45106
:1004A00E99A67C383D2D313E993C97AAAF5C1045FC
:1004B00E5F3600F562BACDD869C633BDF1B34A8452
:1004C00EADFFB588ED726E0C2BC6BEDC2DBB90CA8F
:1004D00EB5DA7195BEFFC92348556CB8BFEC69BE3D
:1004E00E3F94DD17B2A39DAF22C9C25148FC1A6ECC
:1004F00E7AE3A2653DECDE1D105779A357C85E590D
:1005000E5A759F5C45CA570212DA70DAD91591B046
:1005100E417ED7FA3A86828530072A23B8C2F9156A
:1005200E45C68F83CB156181698DAF13F8EC89D7E2
:1005300E5AF22E618176E270BFD5C75B9E7ADF0DCF
:1005400E4CD9B5CEA4882BDCA6EFF2DA2F2B5C09A2
:1005500E70E45FB9C57E06B9CE52CF34D69500B4DD
:1005600ECCD1D7F02822ABF3817811D8CF4FF0F74A
:1005700E096588C5BC71815CBCD7CE925F73C59589
:1005800EBDB350D6EE34ED3F8C314FBDC90D6989E8
:1005900E2145ADA285054E9C9750DE7696E322044A
:1005A00E044842262EBED72219440DC5CD2418A6C6
:1005B00E167321744B10780999CC7A9BAD418AAD94
:1005C00E4FE511E73EBC5DBE6F0A69907BC2C66205
:1005D00E063E9FF47B9B869ED065CE132F8D5B0EC1
:1005E00E78A8E96B3DE0F171082D92F26252FAE6BD
:1005F00EC702262FAC1D8A89EFA3D478B194FE4D85
:1006000E74E58AFAD60F40329ABAF43FFF6F12178A
:1006100E9FD635E78F716BE1A32552A79E8B91BDB7
:1006200EB8B4F8395BBA445F7EBED0801D7418DC56
:1006300E244C21996BB5BE559C6B034026BF713C73
:1006400EFFC01AAECC8C1507EE0EB924273E74EE01
:1006500E42B3970B37A865A22B944EFCA73135B148
:1006600EF45BA5E52C6F75DE2BCA12BD16F5A461E1
:1006700E32AAD5FAD44785FF1D45CA2121C5EDE41E
:1006800EDE2CDAA93B8E51BF04329BCA2F4FA8AE87
:1006900ED57F2F233F161824118DF1D98DCA0FB790
:1006A00E9454C78FBDB270350D502BBF92F48BDCB6
:1006B00E881910A6C864939EC1922E9CDD32126AD0
:1006C00E5FF005E0512CD726FD86B86C283AB7505E
:1006D00EAE0D2EC6A8B87DEB7F607A43BBCF2BBC88
:1006E00EC97A355D9C04E256137CB6B7EEC09340D2
:1006F00E3E3DF1C8163A007A628B52EDFA8DAF008C
:1007000E84CFCEDA9269512650E66C8308CD36E35B
:1007100E950A1DCE25A7801DC8D6DE8121D857A3E8
:1007200EDB31DD21B38E04190FFC7B9AEAD0C6753E
:1007300E645850075A4EA6C834024D89AF95BFAFC4
:1007400E3018CD750456762E893EE28194FC45F91B
:1007500EB3B39D06F221E0D96346A0037FE7F115FE
:1007600EBC76E54AD49E38E97CAD8E3B74C71E112B
:1007700E6F3268A200E49B0933211DB530DDC5E55B
:1007800E8683A2FB10218F7B7E1940C816683189A3
:1007900E87FB85D2AAF19F8AC2894534A4E5D0355C
:1007A00E1E62ED2AA1C55BBA1E9672F7170FBD0A1F
:1007B00E5F18649B6FD0A543D8A6340EBACF37AF5F
:1007C00E3D5ABE6C3DC3F017F9945DE14737467E46
:1007D00E3EA469D0B0A4BF25B66C642C6AE2C84DA5
:1007E00E3391064E1F18E2DC5D24E390A7DD8E3DAB
:1007F00EEDADBD0FBEE6AA092C4E22F94467734734
:1008000E2E4BFBD43814004B9171D3D68A07963FEA
:1008100E3959FE5CED53395E3E9DA8D3363E0C89A8
:1008200EC61B01EDB66C3FDB1744DDF33681C4A663
:1008300EA7FE290E0070C10B6C80708BC93FA5817D
:1008400E22BAB42067829DEA392AD7D63F029B3B53
:1008500EC6716B03753B9C5FA2D44EEC0917352A0B
:1008600E01BE806B7C12A48B0A29567F0BDBF177BD
:1008700E1A61DDE702EBFAD71EE012BDE2BEAF5DF4
:1008800E440BB7EE26382ECBEC7D2055ACB9F5EAED
:1008900E76A1D48BF22A1AF5A151A655FB8C0FA185
:1008A00E4705DDACBC4421E9FC9EB8A75A3ED7DD16
:1008B00E555289C51248F9A7D7027F12C389930CE6
:1008C00EC5C38C75F1A445082E2A329DA8495970CE
:1008D00E23CE901B31274D3E9A4529AB186151F618
:1008E00E7536954EC317BD326DA7BEF06FE0FEC3D1
:1008F00EE2F451BA53CD04D924030A879FF63F225E
:1009000E7BBC7067FA8F0C3A137560549238A11045
:1009100E0519A814DDC54E3FDF42DDB333D2C297B1
:1009200EFDC8E9D3EAF9332BB08A4C4CEE95BFC81B
:1009300E5F0CBDD48601FFF99DE6D00000000000DB
