:1000000000040020810A000015070000610A0000BA
:100010001F07000029070000330700000000000050
:10002000000000000000000000000000A50A000021
:100030003D070000000000004707000051070000D6
:100040005B070000650700006F07000079070000EC
:10005000830700008D07000097070000A10700003C
:10006000AB070000B5070000BF070000C90700008C
:10007000D3070000DD070000E7070000F1070000DC
:10008000FB070000050800000F0800001908000029
:10009000230800002D080000370800004108000078
:1000A0004B080000550800005F08000069080000C8
:1000B000730800007D080000870800009108000018
:1000C0009B080000A5080000AF080000B908000068
:1000D000C3080000CD080000D7080000E1080000B8
:1000E000EB080000F5080000FF0800000909000007
:1000F000130900001D090000270900003109000054
:100100003B0900001FB500F003F88DE80F001FBD8C
:1001100000F0ACBC40F6FC7108684FF01022401CA7
:1001200008D00868401C09D00868401C04D0086842
:1001300000F037BA9069F5E79069F9E7704770B554
:100140000B46010B184400F6FF70040B4FF0805073
:100150000022090303692403406943431D1B104621
:1001600000F048FA29462046BDE8704000F042BA47
:10017000F0B54FF6FF734FF4B4751A466E1E11E0DA
:10018000A94201D3344600E00C46091B30F8027B3B
:10019000641E3B441A44F9D19CB204EB134394B25D
:1001A00004EB12420029EBD198B200EB134002EBB2
:1001B000124140EA0140F0BDF34992B00446D1E952
:1001C0000001CDE91001FF224021684600F0F4FB58
:1001D00094E80F008DE80F00684610A902E004C8FB
:1001E00041F8042D8842FAD110216846FFF7C0FF7C
:1001F0001090AA208DF8440000F099F9FFF78AFFCB
:1002000040F6FC7420684FF01025401C0FD0206889
:1002100010226946803000F078F92068401C08D030
:100220002068082210A900F070F900F061F9A869AF
:10023000EEE7A869F5E74FF080500369406940F6A2
:10024000FC71434308684FF01022401C06D0086838
:1002500000F58050834203D2092070479069F7E788
:100260000868401C04D00868401C03D00020704778
:100270009069F9E70420704770B504460068C34DE3
:10028000072876D2DFE800F033041929631E250021
:10029000D4E9026564682946304600F062F92A46CE
:1002A0002146304600F031F9AA002146304600F0E0
:1002B00057FB002800D0032070BD00F009FC4FF46C
:1002C000805007E0201D00F040F90028F4D100F034
:1002D000FFFB60682860002070BD241D94E80700C3
:1002E000920000F03DFB0028F6D00E2070BDFFF715
:1002F000A2FF0028FAD1D4E901034FF0805100EBAE
:10030000830208694D69684382420ED840F6F8704E
:1003100005684FF010226D1C09D0056805EB8305B8
:100320000B6949694B439D4203D9092070BD55694A
:10033000F4E70168491C03D00068401C02D003E0C8
:100340005069FAE70F2070BD2046FFF735FFFFF731
:1003500072FF0028F7D1201D00F0F7F80028F2D135
:1003600060680028F0D100F0E2F8FFF7D3FE00F05B
:10037000BFF8072070BD10B50C46182802D0012028
:10038000086010BD2068FFF777FF206010BD41684E
:10039000054609B1012700E0002740F6F8742068FF
:1003A0004FF01026401C2BD02068AA68920000F065
:1003B000D7FA38B3A86881002068401C27D020688D
:1003C000FFF7BDFED7B12068401C22D026684FF051
:1003D0008050AC686D68016942695143A9420DD9EA
:1003E000016940694143A14208D92146304600F0E5
:1003F000B8F822462946304600F087F800F078F831
:100400007069D2E700F093F8FFF784FEF6E77069B1
:10041000D6E77669DBE740F6FC7420684FF01026DB
:10042000401C23D02068401C0CD02068401C1FD0EA
:100430002568206805F18005401C1BD027683879A5
:10044000AA2819D040F6F8700168491C42D001680A
:10045000491C45D00168491C3ED001680968491C07
:100460003ED00168491C39D000683EE0B069DAE747
:10047000B569DEE7B769E2E710212846FFF778FEA5
:100480003968814222D12068401C05D0D4F8001080
:1004900001F18002C03107E0B169F9E730B108CA63
:1004A00051F8040D984201D1012000E000208A4259
:1004B000F4D158B1286810B1042803D0FEE72846CB
:1004C000FFF765FF3149686808600EE0FFF722FE1C
:1004D00000F00EF87169BBE77169BFE7706904E06D
:1004E0004FF480500168491C01D000F0CBFAFEE7C0
:1004F000BFF34F8F26480168264A01F4E06111439B
:100500000160BFF34F8F00BFFDE72DE9F0411746B3
:100510000D460646002406E03046296800F054F8EF
:10052000641C2D1D361DBC42F6D3BDE8F08140F69B
:10053000FC700168491C04D0D0F800004FF48051D1
:10054000FDE54FF010208069F8E74FF080510A690F
:10055000496900684A43824201D810207047002050
:10056000704770B50C4605464FF4806608E0284693
:1005700000F017F8B44205D3A4F5806405F5805562
:10058000002CF4D170BD0000F40A0000000000202F
:100590000CED00E00400FA05144801680029FCD0C5
:1005A0007047134A0221116010490B68002BFCD0E0
:1005B0000F4B1B1D186008680028FCD0002010603D
:1005C00008680028FCD07047094B10B501221A605A
:1005D000064A1468002CFCD0016010680028FCD08A
:1005E0000020186010680028FCD010BD00E4014015
:1005F00004E5014070B50C46054600F073F810B9EB
:1006000000F07EF828B121462846BDE8704000F091
:1006100007B821462846BDE8704000F037B8000012
:100620007FB5002200920192029203920A0B000B06
:100630006946012302440AE0440900F01F0651F80C
:10064000245003FA06F6354341F82450401C8242F8
:10065000F2D80D490868009A10430860081D016827
:10066000019A1143016000F03DF800280AD00649C4
:1006700010310868029A10430860091D0868039A3F
:10068000104308607FBD00000006004030B50F4CED
:10069000002200BF04EB0213D3F800582DB9D3F8A1
:1006A000045815B9D3F808581DB1521C082AF1D3C3
:1006B00030BD082AFCD204EB0212C2F80008C3F8CD
:1006C00004180220C3F8080830BD000000E0014013
:1006D0004FF08050D0F83001082801D0002070473A
:1006E000012070474FF08050D0F83011062905D016
:1006F000D0F83001401C01D0002070470120704725
:100700004FF08050D0F830010A2801D00020704707
:100710000120704708208F490968095808471020B0
:100720008C4909680958084714208A4909680958FA
:100730000847182087490968095808473020854923
:100740000968095808473820824909680958084744
:100750003C20804909680958084740207D490968BC
:100760000958084744207B49096809580847482028
:1007700078490968095808474C207649096809589A
:10078000084750207349096809580847542071499F
:1007900009680958084758206E49096809580847E8
:1007A0005C206C4909680958084760206949096854
:1007B00009580847642067490968095808476820AC
:1007C00064490968095808476C2062490968095852
:1007D000084770205F4909680958084774205D4937
:1007E00009680958084778205A490968095808478C
:1007F0007C205849096809580847802055490968EC
:10080000095808478420534909680958084788202F
:1008100050490968095808478C204E490968095809
:10082000084790204B4909680958084794204949CE
:10083000096809580847982046490968095808472F
:100840009C204449096809580847A0204149096883
:1008500009580847A4203F49096809580847A820B3
:100860003C49096809580847AC203A4909680958C1
:100870000847B0203749096809580847B420354966
:10088000096809580847B8203249096809580847D3
:10089000BC203049096809580847C0202D4909681B
:1008A00009580847C4202B49096809580847C82037
:1008B0002849096809580847CC2026490968095879
:1008C0000847D0202349096809580847D4202149FE
:1008D000096809580847D8201E4909680958084777
:1008E000DC201C49096809580847E02019490968B3
:1008F00009580847E4201749096809580847E820BB
:100900001449096809580847EC2012490968095830
:100910000847F0200F49096809580847F4200D4995
:10092000096809580847F8200A490968095808471A
:10093000FC2008490968095808475FF48070054998
:10094000096809580847000003480449024A034B54
:100950007047000000000020000B0000000B0000AA
:1009600040EA010310B59B070FD1042A0DD310C82C
:1009700008C9121F9C42F8D020BA19BA884201D97E
:10098000012010BD4FF0FF3010BD1AB1D30703D0C6
:10099000521C07E0002010BD10F8013B11F8014B7C
:1009A0001B1B07D110F8013B11F8014B1B1B01D198
:1009B000921EF1D1184610BD02F0FF0343EA032254
:1009C00042EA024200F005B87047704770474FF0A6
:1009D00000020429C0F0128010F0030C00F01B800C
:1009E000CCF1040CBCF1020F18BF00F8012BA8BF1A
:1009F00020F8022BA1EB0C0100F00DB85FEAC17CDE
:100A000024BF00F8012B00F8012B48BF00F8012B90
:100A100070474FF0000200B51346944696462039C1
:100A200022BFA0E80C50A0E80C50B1F12001BFF4A7
:100A3000F7AF090728BFA0E80C5048BF0CC05DF80D
:100A400004EB890028BF40F8042B08BF704748BF5B
:100A500020F8022B11F0804F18BF00F8012B7047CF
:100A6000014B1B68DB6818470000002009480A4951
:100A70007047FFF7FBFFFFF745FB00BD20BFFDE719
:100A8000064B1847064A1060016881F308884068E1
:100A900000470000000B0000000B000017040000DE
:100AA000000000201EF0040F0CBFEFF30881EFF3ED
:100AB0000981886902380078182803D100E0000015
:100AC000074A1047074A12682C3212681047000084
:100AD00000B5054B1B68054A9B58984700BD0000B0
:100AE0007703000000000020F00A0000040000006E
:100AF000001000000000000000FFFFFF0090D00386
:10100000B00F002021AE010065B0000087AD0100E7
:1010100065B0000065B0000065B000000000000091
:10102000000000000000000000000000ADAE010064
:1010300065B000000000000065B0000065B0000071
:1010400015AF01001BAF010065B0000065B00000E6
:1010500065B0000065B0000065B0000065B000003C
:1010600021AF010065B0000065B0000027AF0100AE
:1010700065B000002DAF010033AF010039AF0100B2
:1010800065B0000065B0000065B0000065B000000C
:1010900065B0000065B0000065B0000065B00000FC
:1010A00065B000003FAF010065B0000065B0000012
:1010B00065B0000065B0000065B0000065B00000DC
:1010C00045AF010065B0000065B0000065B00000EC
:1010D00065B0000065B0000065B0000065B00000BC
:1010E00065B0000065B0000065B0000065B00000AC
:1010F00065B0000065B0000065B0000065B000009C
:1011000065B0000065B0000000F002F819F077FE4D
:101110000AA090E8000C82448344AAF10107DA4552
:1011200001D119F06CFEAFF2090EBAE80F0013F00E
:10113000010F18BFFB1A43F00103184770A201000A
:1011400090A201000A4410F8014B14F00F0508BFEB
:1011500010F8015B240908BF10F8014B6D1E05D083
:1011600010F8013B6D1E01F8013BF9D1641E03D05C
:10117000641E01F8015BFBD19142E4D3704700008B
:101180000023002400250026103A28BF78C1FBD890
:10119000520728BF30C148BF0B6070471FB500F031
:1011A00003F88DE80F001FBD19F026BE70B51B4C6B
:1011B00005460A202070A01C00F0D7F85920A08016
:1011C00029462046BDE8704006F0FEBE06F00CBF82
:1011D00070B50C461249097829B1A0F160015E2969
:1011E00008D3012013E0602804D0692802D043F21C
:1011F00001000CE020CC0B4E94E80E0006EB8000C2
:10120000A0F58050241FD0F8806E2846B04720609B
:1012100070BD0120704706207047000008000020C4
:101220001800002074AF01003249884201D2012029
:1012300070470020704770B50446A0F500002E4EA0
:10124000B0F1786F02D23444A4F5000429488442F6
:1012500001D2012500E0002500F043F848B125B98E
:10126000B44204D32548006808E0012070BD002086
:1012700070BD002DF9D1B442F9D321488442F6D291
:10128000F3E710B50446A0F50000B0F1786F03D283
:1012900019480444A4F5000400F023F84FF08041FD
:1012A00030B11648006804E08C4204D2012003E00B
:1012B00013488442F8D2002080F0010010BD10B520
:1012C00020B1FFF7DEFF08B1012010BD002010BDE6
:1012D00010B520B1FFF7AFFF08B1012010BD00200D
:1012E00010BD084808490068884201D101207047B4
:1012F0000020704700C00100000000201C000020FA
:101300000800002058000020BEBAFECA10B50446EE
:101310000021012000F041F800210B2000F03DF8F1
:101320000021082000F039F80421192000F035F8D8
:1013300004210D2000F031F804210E2000F02DF8DA
:1013400004210F2000F029F80421C84300F025F8FB
:101350000621162000F021F80621152000F01DF8C6
:101360002046FFF723FF002010BDCC2101807047ED
:10137000FFF72CBF1148704710487047104A10B54E
:1013800014680F4B0F4A08331A60FFF721FF0C480F
:10139000001D046010BD704770474907090E002802
:1013A00004DB00F1E02080F80014704700F00F002B
:1013B00000F1E02080F8141D7047000003F900429E
:1013C000100502400100000130B5FF4D0446062C17
:1013D000A9780ED2DFE804F0030E0E0E0509FFDF38
:1013E00008E0022906D0FFDF04E0032902D0FFDF76
:1013F00000E0FFDFAC7030BDF34810B5407E41081F
:10140000F14800F11A0005D00DF043FBBDE8104093
:1014100006F07ABC0DF024FBF8E730B50446A1F1E4
:1014200020000D460A2847D2DFE800F005070C1916
:10143000202532373C41FFDF3FE0207820283CD197
:10144000FFDF3AE0E0488078052836D0207824286D
:1014500033D0252831D023282FD0FFDF2DE020786E
:1014600022282AD0232828D8FFDF26E02078222827
:1014700023D0FFDF21E0207822281ED024281CD092
:1014800026281AD0272818D0292816D0FFDF14E0E4
:101490002078252811D0FFDF0FE0207825280CD0F8
:1014A000FFDF0AE02078252807D0FFDF05E020785D
:1014B000282802D0FFDF00E0FFDF257030BD1FB518
:1014C0000022ADF800200C88ADF802404B88ADF842
:1014D0000430CA88ADF808208988ADF806100021CC
:1014E000ADF80A10ADF80C1080B14FF6FF70062170
:1014F000844201D1ADF80210834201D1ADF804104D
:10150000824203D14FF44860ADF8080068460DF000
:10151000BEFB06F0F9FB04B010BD70B514460D46D5
:101520000646FFF788FE60B90DB1A54201D90C202F
:1015300070BD002409E000BF56F82400FFF77BFED1
:1015400008B1102070BD641CE4B2AC42F4D300209A
:1015500070BD2DE9F04105461F4690460E46002419
:101560000068FFF7B5FE30B9A98828680844401E16
:10157000FFF7AEFE10B11020BDE8F081286800280A
:10158000A88802D0B84202D850E00028F4D0092040
:10159000F2E72968085DB8B1671CCA5D152A2ED02C
:1015A0003CDC152A3AD2DFE802F039122222282840
:1015B0002A2A313139393939393939393939220019
:1015C000085D30BB641CA4B2A242F9D833E0022803
:1015D000DDD1A01C085C88F80000072801D2400774
:1015E00001D40A20C8E7307840F0010015E0C1437B
:1015F000C90707E0012807D010E00620BCE7010773
:10160000A1F180510029F5D01846B5E7307881075F
:1016100001D50B20B0E740F0020030702868005D73
:10162000384484B2A888A04202D2B0E74FF44853AD
:1016300082B2A242ADD800209EE710B502785408CD
:1016400009D0012243F20223012C07D0022C0DD035
:10165000032C13D10FE00020087005E080790324EB
:10166000B4EB901F0AD10A70002010BD8079B2EB54
:10167000901F03D1F7E780798009F4D0184610BD98
:1016800008B500208DF800004F4890F8221051B1A5
:1016900090F8230002280FD003280FD0FFDF00BFEF
:1016A0009DF8000008BD48486946193001F0C6F9A8
:1016B0000028F5D0FFDFF3E7032000E001208DF8DC
:1016C0000000EDE738B50C460546694601F0B6F96D
:1016D00000280DD19DF80010207861F3470020709C
:1016E00055F8010FC4F80100A888A4F805000020EF
:1016F00038BD38B51378C0B1022816D033A46D4672
:10170000246800944C7905EB9414247864F347031F
:10171000137003280ED003F0FE0010700868C2F8A2
:1017200001008888A2F8050038BD23F0FE0313707D
:101730000228EED1D8B240F00100EEE702210EF00F
:10174000BDBC38B50C460978222901D2082038BD25
:10175000ADF800008DF8022068460DF0D9F906F0CA
:10176000D3FA050003D121212046FFF756FE284673
:1017700038BD1CB500208DF80000CDF80100ADF893
:101780000500114890F82200022801D0012000E055
:1017900000208DF8070068460DF024FA002800D0DC
:1017A000FFDF1CBD2DE9FF478CB00025BDF834607C
:1017B00082461C4690468DF81C50700703D5606821
:1017C000FFF739FD90B903E0A00100200302FF01FB
:1017D000FE4F4FF0010997F8220058B197F8230007
:1017E000022807D16068FFF773FD18B1102010B010
:1017F000BDE8F087300702D5A089802815D870078A
:1018000004D4B8F1000F01D0387E70B1E07DC0F390
:1018100000108DF81B00617D072041B1012906D021
:101820000229E4D00429E2D117E00720DFE78DF890
:1018300017908DF819908DF81580606878B107A918
:10184000FFF7FBFE0028D2D1606850F8011FCDF8E9
:101850000F108088ADF8130005E00620C7E7CDF82B
:101860000F50ADF81350E07B0028F6D1207C002803
:10187000F3D1607C0028F0D1A07C0028EDD1E07C81
:10188000C006EAD18DF800A0BDF83400ADF8020022
:10189000A0680190A0680290CDA0D0E90010CDE929
:1018A0000A10E07C0AA901EB501000788DF80C00BA
:1018B000FFF7E6FE8DF80D009DF81C008DF80E0078
:1018C0008DF818508DF816508DF81A5009A96846F1
:1018D0000DF02CFA06F018FA89E7F0B58FB0002465
:1018E0008DF830408DF814408DF8344006468DF860
:1018F0002840019402940394049419B10FC901ADD6
:1019000085E80F00B14DA878052801D004280CD136
:1019100001986968884200D120B90398E968884233
:1019200003D110B108200FB0F0BD1F273B460DAA10
:1019300005A903A8FFF70DFE0028F4D13B460AAA2B
:101940000CA901A8FFF705FE0028ECD19DF81400B2
:10195000C00701D00A20E6E7A88A410708D4A97D7C
:1019600031B19DF82810890702D043F20120DAE74F
:101970009DF82810C90709D0400707D4288818B156
:1019800044F25061884201D90720CCE78DF8184015
:101990008DF81960BDF80800ADF81A00019807909D
:1019A00006A80DF0CEF906F0AFF90028BBD18DF8EE
:1019B00020408DF82160BDF81000ADF8220003989A
:1019C000099008A80DF0DFF906F09EF90028AAD1C9
:1019D00001AC2D1D94E80F0085E80F000020A2E760
:1019E00070B50646FFF7AAFE054606F06FFB040039
:1019F00000D1FFDF6680207820F00F00801C20F0EF
:101A0000F000203020700320207295F83E006072B4
:101A1000BDE8704006F05EBB2DE9F04385B00400E0
:101A200000D1FFDF2078694E20F00F00801C20F0ED
:101A3000F0007030207060680178C91F14292AD224
:101A4000DFE801F04DF3290AF3F33AF2292966F2AF
:101A5000F2F129F2F2F0EFF286883046FFF76EFEDF
:101A60000546304608F0BDF8C0B16068807985F859
:101A70003E0021212846FFF7D0FC304603F0FAF95A
:101A8000304604F0ADFB3146012012F047F9A87F43
:101A900020F01000A87705B0BDE8F083207820F092
:101AA000F00020302070032020726680606880790A
:101AB000607206F00FFBDCE785882846FFF73EFEE4
:101AC00000B9FFDF60688078012800D0FFDF606820
:101AD000817905B02846BDE8F04308F04ABA868807
:101AE0003046FFF72BFE050000D1FFDF06F0F2FACB
:101AF00060683146C08828816068008968816068B4
:101B00004089A881012012F009F90020A875C2E7D8
:101B1000807828B10228BED03C28BCD0FFDFBAE7CD
:101B200006F0D8FA6568A879AD1C00B9FFDFF77830
:101B3000B5F80290B046384606F05FF8060000D1CE
:101B4000FFDF0022022148460EF0AFFA040000D168
:101B5000FFDF22212046FFF760FCA17F012060F318
:101B60000101A177298B2181698B6181A98BA181D9
:101B700084F822708DF80800B0680090F068019039
:101B80006A46032148460EF090FA00B9FFDFB0889C
:101B9000ADF81000B0788DF8120004AA052148466F
:101BA0000EF083FA00B9FFDFB088ADF80C00F078D2
:101BB0008DF80E0003AA042148460EF076FA00B90B
:101BC000FFDF062105F1120006E00000A001002061
:101BD000070605040302010000F04DFF30B36879E9
:101BE000800700D5FFDF6979E07D61F34700E0758C
:101BF000D5F80600A0616889A083062105F10C00D4
:101C000000F039FFE0B198F819104A08617862F3E2
:101C100047016170D8F81A10C4F80210B8F81E0015
:101C200017E028E020E033E02DE017E0E07D20F031
:101C3000FE00801CE075D5F81200A061E88ADBE7A1
:101C4000607820F0FE00801C6070E868C4F8020034
:101C5000288AE0800320FFF7B7FB1CE705B0204689
:101C6000BDE8F04301F092BC06F034FA16F8240FF8
:101C700040F0020005E006F02DFA16F8240F40F0BF
:101C80000400307007E705B0BDE8F04306F022BA63
:101C9000B178052909D00429DFD106F01BFA02200A
:101CA00005B0BDE8F043FFF78FBB80780028D4D0A3
:101CB000F07800F0AAFE06F00DFA0320F0E72DE917
:101CC000F047054600780027000991460C463E463D
:101CD000012871D0022870D007280AD00A286DD0B8
:101CE000FFDF00BFA9F800600CB1278066800020EC
:101CF0007EE5D5F804C0DFF8448804F108009CF8BC
:101D000000204FF0010AD21F4FF6FF71142A76D23D
:101D1000DFE802F00AF9F9F9F9F9F91DF9F926C035
:101D2000889DF91061D476EE12271026BCF80400C5
:101D30002146F3E01C270A26ECB3BCF80200A08081
:101D4000686800792072686840796072CAE71B276A
:101D5000092684B30320207268684088A080C1E708
:101D60009CF802103C29BDD010272C260CF1020C47
:101D70000CB3BCF80210A180BCF818106182BCF84A
:101D800018102182BCF81A10A182BCF81C10E18244
:101D90009CF8053002460CF106011846FFF7A9FC35
:101DA0009CF8040001289DD184F80FA00020207623
:101DB00008F1040003E00BE0A8E0B2E0EAE090E8FC
:101DC0000E00D8F81000C4E90930C4E9071289E709
:101DD000A9F800608BE720271126002CF8D0A180FD
:101DE000686804F10A02807820726868807A6072FC
:101DF00069680B1DC8781946FFF77BFC72E782E023
:101E000021270A26002CE3D0BCF80200A0806868D5
:101E10000079207268684079607298F8241021F087
:101E2000040162E022270B26002CD1D0BCF804006C
:101E3000A0806868807820726868807900F02AFE47
:101E400060726868C07900F025FEA0724AE7262714
:101E50001C26002CBCD0A1806868C07860726868BD
:101E60008079A07208F1040090E80E00D8F8100004
:101E7000C4E90530C4E90312686880783C2803D0BF
:101E8000432804D0FFDF2DE784F808A02AE70220CA
:101E9000207227E724271026002C99D0BCF80200D6
:101EA000A0806868007920816868007A608168682D
:101EB000C088A08168684089E08113E72327102645
:101EC000002C85D0BCF80200A08068688088208142
:101ED0006868C088608168680089A08168684089F6
:101EE000E08198F8241021F0020188F82410F9E626
:101EF0002F272A26002C86D0A18069682222891CDF
:101F00000BF017FAEEE64A46214644E0287A02280A
:101F100001D0FFDFE6E612271026688800F098FD62
:101F2000E0E6287AB0B3012835D0022833D0032860
:101F300001D0FFDFD6E611270926002C8AD0B5F89C
:101F400002804046FFF7FAFB90F822A0A4F8048034
:101F5000687A2072042140460EF0C2F805214046FE
:101F60000EF0BEF8002140460EF0BAF801214046BE
:101F70000EF0B6F8032140460EF0B2F802214046BA
:101F80000EF0AEF8062140460EF0AAF8504600F0DA
:101F90003CFDA7E6FFE72846BDE8F04701F02CBC72
:101FA00070B5012801D0FFDF70BD8DB22846FFF764
:101FB000C5FB040000D1FFDF20782128F4D006F013
:101FC00085F880B1017821F00F01891C21F0F00122
:101FD000103101700221017245800020A075BDE81A
:101FE000704006F077B821462846BDE870401322BD
:101FF000FFF7A7BB2DE9F04116460C00804600D143
:10200000FFDF307820F00F00801C20F0F00010304F
:1020100030702078022802D0FFDFBDE8F081404612
:10202000FFF78CFB050000D1FFDFA1884FF6FF70A2
:102030000027814202D1E288824203D0814201D14D
:10204000E08840B106F046F894E80F00083686E8CC
:102050000F00AF75E1E7A87D0128DED178230022CB
:10206000414611F0B1FD0220A875D6E738B5054606
:102070000C460846FFF7DFF8A8B9242D31D006DC5E
:10208000202D0AD0212D0AD0222D04D124E0252D87
:102090001BD03F2D2DD0072038BD062038BD6068ED
:1020A000FFF70DF908B1102038BD618820886A4615
:1020B0000CF0E1FF05F028FE0028F5D16168002949
:1020C000F2D0BDF800200A8038BDA07800F00101F0
:1020D00020880DF001F808E02068BDE8384001F0E4
:1020E000C0BD618820880CF05FFFBDE8384005F076
:1020F0000BBE207800F001008DF8000068460CF05F
:10210000BDFD05F001FE38BD70B505460C4608461C
:10211000FFF7B7F808B1102070BD202D07D0212D92
:102120000DD0222D0BD0252D09D0072070BD208881
:10213000A11C0CF03CFDBDE8704005F0E5BD06209B
:1021400070BDFE481930704708B528220021FB48B1
:102150000BF019F90120FFF737F9F84968461A31F1
:1021600005F04AFFF5489DF80020417E62F34701E3
:1021700021F001014176002180F822104FF46171B5
:102180000184022180F82310FFF736F900B1FFDF48
:1021900000F0AEFC01F0CCF908BD10B50C464022B1
:1021A000002120460BF0EFF8A07F20F00300A0777D
:1021B000202020700020A07584F8230010BD7047F7
:1021C0002DE9FC410746FFF736F810B11020BDE8B5
:1021D000FC81DA4E06F11901D6F819000090B6F824
:1021E0001D50ADF80450F47F8DF806403846FFF7D7
:1021F00069FA0028EBD1FFF7FFF80028E7D0009933
:1022000046F8191FB580B471E1E710B50446FFF731
:1022100038F808B1102010BDC848C8492246407E91
:102220001A314008FFF765FA002010BD3EB504469C
:102230000D460846FFF725F808B110203EBD14B141
:1022400043F204003EBDBD488078052803D0042831
:1022500001D008203EBD694602A80BF01AFB2A46B1
:1022600069469DF80800FFF744FA00203EBDFEB520
:102270000D4604004FF0000711D00822FFF74DF97A
:10228000002811D1002608E054F826006946FFF71F
:10229000D4F9002808D1761CF6B2AE42F4D30CF083
:1022A00037FB10B143F20320FEBDA44E3776FCB1DC
:1022B00000271AE054F8270002A9FFF7BEF900B181
:1022C000FFDF9DF808008DF8000054F8270050F853
:1022D000011FCDF801108088ADF8050068460CF0AC
:1022E0003CFB00B1FFDF7F1CFFB2AF42E2D335768B
:1022F0000020FEBD2DE9F0478AB01546894604004E
:102300001DD00F4608222946FFF707F9002810D1F3
:10231000002612E054F826006946103000F08EFBCB
:10232000002806D13FB157F82600FEF784FF10B110
:1023300010200AB0DCE4761CF6B2AE42EAD30026E6
:10234000A5F101081CE000BF06F1010A0AF0FF0731
:1023500012E000BF54F82600017C4A0854F8271008
:102360000B7CB2EB530F05D10622113011310AF06C
:10237000B3FF58B17F1CFFB2AF42EBD30AF0FF06A8
:102380004645E1DB4E4624B1012003E043F205203F
:10239000CFE700200CF000FB10B90CF009FB10B1E6
:1023A00043F20420C5E75CB300270DF1170825E0D0
:1023B00054F827006946103000F040FB00B1FFDF01
:1023C00054F82700102250F8111FCDF80110808812
:1023D000ADF8050054F827100DF107000AF0A9FF29
:1023E00096B156F82710102240460AF0A2FF684620
:1023F0000CF098FA00B1FFDF7F1CFFB2AF42D7D3D9
:10240000FFF7B7F9002094E7404601F01EFCEEE725
:1024100030B585B00446FEF70EFF18B96068FEF7C8
:1024200057FF10B1102005B030BD60884AF2B811D6
:10243000884206D82078414D28B1012806D00228CC
:1024400004D00720EFE7FEF7D7FF18E060780228F6
:1024500004D0032802D043F20220E4E785F82300E9
:10246000C1B200200090ADF8040002292CD003294D
:1024700027D0FFDF68460CF00CFB05F045FC002878
:10248000D1D1606801F0D4FB207858B101208DF8DB
:1024900000000DF1010001F0D8FB68460CF075FE5C
:1024A00000B1FFDF207885F82200FFF762F960882D
:1024B00060B1288480B20CF067FA00B1FFDF002021
:1024C000B1E78DF80500D5E74020FAE74FF46170D9
:1024D000EFE710B50446FEF7D4FE20B9606838B1C6
:1024E000FEF7EDFE08B1102010BD606801F0ADFBF5
:1024F000124830F8201F6180C178617080782070A8
:10250000002010BD2DE9F843144689460646FEF723
:10251000B8FEB8B94846FEF7DBFE98B92046FEF78C
:10252000D7FE78B9054DA878012800D154B131788B
:10253000FF2909D061B143F2040001E0A0010020AD
:10254000BDE8F8831020F8E7012801D00420F4E763
:10255000CCB3052811D004280FD06946204600F0DE
:10256000A4FA0028E9D1217D49B1012909D0022925
:1025700009D0032909D00720DFE70820DDE702465C
:1025800004E0012202E0022200E00322804623460A
:10259000174600200099FFF705F90028CDD1A08942
:1025A0002880A07BE875BDF80000A882AF75BDF853
:1025B0000010090701D5A18931B1A1892980C0077F
:1025C00004D0032003E006E08021F7E70220FEF7B5
:1025D000FBFE86F800804946BDE8F8430020FFF77F
:1025E0007CB92DE9FC41FF4C06460D46A078022837
:1025F00003D0032801D00820E9E516B143F2040016
:10260000E5E506200DF00EFD10B9A078032849D0AD
:102610000FF07CFC074610F0DBFE381A00F0FF08D4
:1026200006200DF0F7FC074606200DF0FBFC391ADA
:10263000A078042809D000221144A8EB010111F070
:10264000FF0F04D0032804D00DE00122F4E713208B
:10265000BDE5284605F0D1FA10B3407810B32846FE
:1026600005F0D6FDE570FFF70BF80BF054F80120EC
:102670008DF800008DF801008DF802602088ADF81B
:102680000400E07D8DF8060068460CF050FC05F073
:102690003BFB0028B0D1A078032805D0042010E02F
:1026A000052094E5122092E5E07805F0A6FA0400F2
:1026B00000D1FFDF607800B9FFDF6078401E6070F6
:1026C0000520FEF781FE002081E51CB510B143F224
:1026D00004001CBDC34CA078042803D0052801D0F9
:1026E00008201CBD00208DF8000001218DF801108C
:1026F0008DF8020068460CF01AFC05F005FB002876
:10270000EFD1A078052805D05FF00200FEF75CFE4F
:1027100000201CBDE07800F078F90320F6E72DE9F1
:10272000FC4180460D4603260846FEF7D1FD08B160
:1027300010204CE54046FFF701F8040004D0207853
:10274000222804D2082042E543F202003FE5A07FA0
:1027500000F003073DB1012F0AD000202946FEF703
:10276000AEFE0600E5D1012F04D0FFDF30462EE596
:102770000120F3E7A07D2946022801D011B107E02E
:10278000112024E5684600F0E7FA0028D1D1694617
:10279000404607F0CEFB0600E8D10120A075E5E732
:1027A00070B50C460546FEF7C9FF010005D022466C
:1027B0002846BDE87040FEF7C4BF43F2020070BD7A
:1027C00010B5012807D1874B9B78012B00D011B1A0
:1027D00043F2040010BD0CF009F9BDE8104005F00B
:1027E00093BA012300F01BB900231A46194600F0E2
:1027F00016B970B5064615460C460846FEF741FD6B
:1028000018B92846FEF73DFD08B1102070BD2A46D4
:10281000214630460CF017FC05F076FA0028F5D179
:1028200021787F29F2D1052070BD7CB505460C4684
:102830000846FEF700FD08B110207CBD2846FEF7D3
:102840007DFF20B10078222804D208207CBD43F20D
:1028500002007CBD634890F82400400701D5112098
:102860007CBD2178C80802D16078C20801D0072059
:102870007CBD890801D1800801D006207CBDADF85F
:10288000005020788DF8020060788DF80300022057
:10289000ADF8040068460BF00FFF05F035FA7CBD7B
:1028A00070B586B014460D460646FEF747FF28B1C0
:1028B0000078222805D2082006B070BD43F202003D
:1028C000FAE72846FEF704FD20B944B12046FEF79A
:1028D000F6FC08B11020EFE700202060A0804148FE
:1028E00090F82400800701D51120E5E703A93046C0
:1028F0000BF01FFF18B100BF05F006FADCE7ADF8DA
:102900000060BDF81400ADF80200BDF81600ADF887
:102910000400BDF81000BDF81210ADF80600ADF8C7
:1029200008107DB1298809B1ADF80610698809B190
:10293000ADF80210A98809B1ADF80810E98809B10D
:10294000ADF80410DCB1BDF80610814201D9081AB7
:102950002080BDF80210BDF81400814201D9081A88
:102960006080BDF80800BDF80410BDF816200144D1
:10297000BDF812001044814201D9081AA0806846AF
:102980000BF074FFB8E770B505460C460846FEF735
:1029900078FC08B1102070BD214628460CF04AF999
:1029A000BDE8704005F0B0B93EB505460C46084696
:1029B000FEF767FC08B110203EBD0020009001909A
:1029C0000290ADF800502089ADF8080020788DF80D
:1029D0000200606801902089ADF808006089ADF8B8
:1029E0000A0001E0A001002068460CF031F905F072
:1029F0008BF93EBD0EB5ADF8000000200190684691
:102A00000CF026F905F080F90EBD10B505F0F5F8CB
:102A1000040000D1FFDF6078401C607010BD1CB561
:102A2000ADF800008DF802308DF803108DF8042009
:102A300068460CF0D7FA05F067F91CBD0278520819
:102A400004D0012A02D043F202207047FEF7F5BD00
:102A500070B50C0006460DD0FEF770FE050000D1E3
:102A6000FFDFA68028892081288960816889A0816C
:102A7000A889E08170BD10B500231A4603E0845C8C
:102A80002343521CD2B28A42F9D30BB1002010BDAD
:102A9000012010BD00B530B1012803D0022801D0BB
:102AA000FFDF002000BDFF2000BD00220A8092B29F
:102AB00022F060020A800078062817D2DFE800F0D2
:102AC000160306090C1142F0110007E042F01D0048
:102AD00009E042F0150006E042F0100040F002006C
:102AE00001E042F010000880002070470720704786
:102AF000FD48002101604160018170472DE9FF4FD1
:102B000093B09B46209F160004460DD01046FEF75A
:102B100092FB18B1102017B0BDE8F08F31460120AC
:102B2000FEF7CDFC0028F6D101258DF842504FF478
:102B3000C050ADF84000002210A9284603F016FE50
:102B40000028E8D18DF84250A8464FF428500025BF
:102B5000ADF840001C222946684607950AF013FC90
:102B60009DF81C000DF11C0A20F00F00401C20F005
:102B7000F00010308DF81C0020788DF81D00617871
:102B80009DF81E000DF1400961F3420040F0010084
:102B90008DF81E009DF8000008AA40F002008DF894
:102BA00000002089ADF83000ADF832506089ADF8F2
:102BB0003400CDF82CA060680E900AA9CDF82890BA
:102BC000684603F0C8FB0028A5D16068FEF777FBD4
:102BD00040B16068FEF77CFB20B9607800F003002C
:102BE000022801D0012000E00020BF4C08AA0AA959
:102BF0002072BDF8200020808DF8428042F601202E
:102C0000ADF840009DF81E0020F00600801C20F06A
:102C100001008DF81E000220ADF83000ADF8340040
:102C200014A80E90684603F096FB002889D1BDF8E1
:102C30002000608036B1211D304600F059F900288F
:102C4000C2D109E0BBF1000F05D00AF017F9E8BBCB
:102C50000AF014F9D0BBA58017B1012F43D04AE088
:102C60008DF8428042F6A620ADF8400046461C2270
:102C70000021684607950AF086FB9DF81C00ADF818
:102C8000346020F00F00401C20F0F00010308DF870
:102C90001C009DF81D0020F0FF008DF81D009DF820
:102CA0001E0020F0060040F00100801C8DF81E0080
:102CB0009DF800008DF8446040F002008DF800009F
:102CC000CDE90A9AADF8306011A800E011E00E904D
:102CD00008AA0AA9684603F03EFB0028A6D1BDF861
:102CE0002000E08008E00AF0C9F810B90AF0C6F840
:102CF00008B103200FE7E58000200CE73EB504464D
:102D0000794D0820ADF80000A88828B12046FEF7CC
:102D100092FA18B110203EBD06203EBD214601208A
:102D2000FEF7CDFB0028F8D12088ADF804006088BC
:102D3000ADF80600A088ADF80800E088ADF80A00FC
:102D4000A88801AB6A46002103F00CFFBDF8001013
:102D50000829E2D003203EBD7FB5634D0446A88814
:102D600068B1002002900820ADF80800CDF80CD022
:102D70002046FEF760FA20B1102004B070BD062096
:102D8000FBE7A98802AA4FF6FF7004F02DF900288E
:102D9000F3D1BDF80810082901D00320EDE7BDF8F4
:102DA00000102180BDF802106180BDF80410A180E0
:102DB000BDF80610E180E0E701B582B00220ADF871
:102DC0000000494802AB6A464088002103F0CAFE71
:102DD000BDF80010022900D003200EBD1CB5002153
:102DE00000910221ADF800100190FEF74AFA08B1F7
:102DF00010201CBD3C486A4641884FF6FF7004F025
:102E0000F3F8BDF800100229F3D003201CBDFEB575
:102E1000354C06461546207A0F46C00705D00846B1
:102E2000FEF709FA18B11020FEBD0F20FEBDF82DE7
:102E300001D90C20FEBD3046FEF7FDF918BB2088F5
:102E400001A902F08AFF0028F4D130788DF805003E
:102E5000208801A903F064FE0028EBD100909DF8C2
:102E600000009DF8051040F002008DF800000907F1
:102E700003D040F008008DF800002088694603F078
:102E8000ECFD0028D6D1ADF8085020883B4602AAB8
:102E9000002103F067FEBDF80810A942CAD0032044
:102EA000FEBD7CB505460020009001900888ADF875
:102EB00000000C4628460195FEF701FA18B9204695
:102EC000FEF7DFF908B110207CBD15B1BDF8000098
:102ED00060B105486A4601884FF6FF7004F084F837
:102EE000BDF8001021807CBDC80100200C20FAE74D
:102EF00030B5044693B000200D46014600901422E0
:102F000001A80AF040FA1C22002108A80AF03BFAA6
:102F10009DF80000CDF808D020F00F00401C20F0F4
:102F2000F00010308DF800009DF8010006AA20F096
:102F3000FF008DF801009DF8200001A940F002007B
:102F40008DF8200001208DF8460042F60420ADF8EF
:102F5000440011A801902088ADF83C006088ADF8CD
:102F60003E00A088ADF84000E088ADF842009DF832
:102F7000020020F00600801C20F001008DF8020005
:102F80000820ADF80C00ADF810000FA8059008A8B7
:102F900003F0E1F9002803D1BDF8180028800020D3
:102FA00013B030BD0A4810B5046809490948083112
:102FB00008600FF0BEFE0648001D046010BD064903
:102FC000002008604FF0E0210220C1F88002704725
:102FD0001005024001000001FC1F00400548064AA0
:102FE0000168914201D1002101600449012008607B
:102FF0007047000058000020BEBAFECA40E50140FC
:103000002CFFFFFFDBE5B15100C00100CC00FFFF4A
:1030100071000000C1CF6A00FEA0D9111C1006C3C8
:1030200089CCFC7A7B3B49141906A8C010B504462C
:10303000FEF701F908B1102010BD2078C0F302108E
:10304000042807D86078072804D3A178102901D86C
:10305000814201D2072010BDE078410706D42179D2
:103060004A0703D4000701D4080701D5062010BD84
:10307000002010BD70B514460D46064605F026F832
:1030800080B10178182221F00F01891C21F0F00194
:10309000A03100F8081B21460AF04BF9BDE870404A
:1030A00005F018B829463046BDE870401322FEF7F7
:1030B00048BB2DE9F047064608A8904690E8300442
:1030C00089461F461422002128460AF05CF9002197
:1030D000CAF80010B8F1000F03D0B9F1000F03D106
:1030E00014E03878C00711D02068FEF7CAF8C0BBDA
:1030F000B8F1000F07D12068123028602068143022
:1031000068602068A8602168CAF8001038788007D5
:1031100024D56068FEF7D3F818BBB9F1000F21D0B1
:10312000FFF70FF80168C6F868118188A6F86C11DE
:10313000807986F86E0101F034FAF84FEF6062682A
:1031400062B196F8680106F2691140081032FEF784
:10315000D0FA1022394660680AF0EBF80020BDE88A
:10316000F08706E0606820B1E8606068C6F8640136
:10317000F4E71020F3E730B5054608780C4620F058
:103180000F00401C20F0F001103121700020607011
:1031900095F8230030B104280FD0052811D0062857
:1031A00014D0FFDF20780121B1EB101F04D295F875
:1031B000200000F01F00607030BD21F0F0002030D2
:1031C00002E021F0F00030302070EBE721F0F00059
:1031D0004030F9E7F0B591B0022715460C46064697
:1031E0003A46ADF80870092103AB05F070FD049074
:1031F000002810D004208DF804008DF80170E03410
:10320000099605948DF818500AA968460EF051FCED
:1032100000B1FFDF012011B0F0BD2DE9F84F0646E7
:10322000808A0C4680B28246FEF788FA0546BB4F7C
:103230003078203F4FF002094FF000080F287CD271
:10324000DFE800F07BA39D082C5B6A7CBADAFD976F
:1032500048979700012150460CF030FF040000D140
:10326000FFDF97F85C00C00701D0386E0BE0032148
:1032700004F11D0010F06BFAD4F81D00A849B0FB52
:10328000F1F201FB1200C4F81D0070686067B068BD
:10329000A0672878252872D0FFDF70E00121504612
:1032A0000CF00CFF060000D1FFDF3078810702D55B
:1032B0002978252904D040F001003070BDE8F88F4E
:1032C00084F80090307F207106F11D002D36C4E98E
:1032D0000206F3E7012150460CF0F0FE050000D194
:1032E000FFDF2878C10604D5072020703D356560D2
:1032F000E4E740F008002870E0E7E87F000700D529
:10330000FFDF307CB28800F0010301B05046BDE819
:10331000F04F092106F06FBD05B9FFDF716821B1DB
:10332000102205F124000AF004F828212846FEF7AF
:1033300074F8307A85F82000C0E7F7E001215046A4
:103340000CF0BCFE050000D1FFDF022105F1850075
:1033500010F0FDF90420207005F5B4706060B5F838
:10336000850020826D4810387C356561C4E90270A3
:10337000A4E7012150460CF0A1FE00B9FFDF324660
:1033800029465046BDE8F84F74E605B9FFDF2878B6
:10339000212893D93079012803D1E87F40F0080033
:1033A000E877324629465046FFF764FE2846BDE8D6
:1033B000F84F2321FEF731B83279A28004F10803D7
:1033C0000921504605F083FCE06010B10520207013
:1033D00074E74546012150460CF070FE040000D110
:1033E000FFDF04F1620102231022081F0CF0FFFC32
:1033F00005703179417061E7012150460CF05EFEA5
:10340000040000D1FFDF94F8840000F003000128DD
:1034100059D1E87F10F0010003D194F8A010C9073A
:103420002AD0D4F8602132B394F88330117C63F34E
:1034300087011174AA7FD30963F3410100E071E0B1
:10344000D4F860211174D4F8602160F30001117484
:1034500090B1D4F86001102205F12401883409F0FC
:1034600068FF207E40F001002076207820F00100E7
:1034700004F8880919E0C0B994F88810C90714D075
:10348000D4F85C218AB194F88330117C63F387010E
:103490001174AA7FD309D4F85C2163F3410111743C
:1034A000D4F85C2160F30001117494F8880080075F
:1034B00009D594F87C00D4F86421400804F17D011A
:1034C0001032FEF716F98DF8009094F884006A46E1
:1034D00000F003008DF8010094F888108DF80210B8
:1034E00094F8A0008DF803002946504601F042F8F8
:1034F0002878252805D0212807D0FFDF2878222822
:1035000003D922212846FDF788FF012150460CF0FF
:10351000E7FD00283FF4DDAEFFDFCFE6F401002039
:1035200040420F00716881F80180C7E6FFDFC5E601
:1035300070B5FE4C002584F85C5025660EF085FAC7
:1035400004F11001204604F07DFD84F8305070BD78
:1035500070B50D46FEF7F2F8040000D1FFDF4FF41E
:10356000B8720021284609F00EFF2434012105F12C
:10357000E0002C610EF06AFA002800D0FFDF70BD79
:103580000A46014602F1E0000EF081BA70B5054628
:10359000406886B00178082906D00B2933D00C2961
:1035A0002FD0FFDF06B070BD46883046FEF7C6F864
:1035B000040000D1FFDF20782128F3D028281BD178
:1035C000686802210C3000F0A0FFA8B168680821EB
:1035D000001D00F09AFF78B104F1240130460BF091
:1035E000A8FC04F091FB00B1FFDF06B02046BDE867
:1035F00070402921FDF711BF06B0BDE8704004F00E
:1036000069BD01218171686886883046FEF796F8A9
:10361000040000D1FFDF20782128C3D068688179B9
:1036200009B1807808B1FFDFBCE704F053FDA07F4B
:10363000000622D5E07FC00705D094F8200000F0F6
:103640001F00102817D0052084F82300207829288F
:1036500015D02428A6D13146042010F05FFB22218A
:103660002046FDF7DAFE012130460CF039FD002836
:1036700098D0FFDF96E70620E6E70420E4E7012183
:1036800030460CF01BFD050000D1FFDF2521204650
:10369000FDF7C3FE03208DF80000694605F1E00048
:1036A0000EF0ECF90228BFD00028BDD0FFDF79E78B
:1036B0002DE9F04788B09A46164688468146FEF7BF
:1036C0003DF805003AD02878222837D3232835D072
:1036D000E87F000732D40027012148460CF0EEFCB9
:1036E000040005D10121002248460CF0DEFC04460E
:1036F000694600F066FF009800B9FFDF00983CB112
:10370000E03404612878222804D0242802D005E07F
:10371000076103E025212846FDF77FFE009801217F
:103720004170C0F824908680C0E9028A01A90EF099
:10373000C0F9022802D0002800D0FFDF08B00EE553
:1037400070B586B00546FDF7F9FF0078222814D938
:10375000012128460CF0B2FC04002CD1FFDF2AE046
:10376000B4F85E0004F1620630440178427829B171
:1037700021462846FFF72EFDB0B913E7ADF8042027
:103780000921284602AB05F0A2FA03900028F4D0E4
:1037900005208DF80000694604F1E0000EF06EF996
:1037A000022801D000B1FFDF02231022314604F1CC
:1037B0005E000CF052FBB4F860000028D0D1F1E6B6
:1037C00010B586B00446FDF7B9FF0078222811D95C
:1037D000012120460CF072FC040000D1FFDF06201E
:1037E0008DF80000694604F1E0000EF047F900286A
:1037F00000D0FFDF06B010BD2DE9F84F0546007878
:103800000C460027010904F1080090463E46BA46DE
:10381000009002297ED0072902D00A2909D142E06E
:1038200068680178082905D00B292CD00C292AD0EA
:10383000FFDF72E114271C26002C6CD04088A0808A
:10384000FDF77CFF5FEA000900D1FFDF99F8170060
:1038500009F118014008009AFDF74BFF686880895C
:10386000208268684168C4F812108068C4F81600A5
:10387000A07E20F0060040F00100A07699F81E001E
:1038800040F020014FE01A270A26002CD5D080886E
:10389000A080FDF753FF050000D1FFDF2846009907
:1038A000FFF769FC39E10CB1A88BA080287A4FF0B2
:1038B000010B0B287ED006DC01287CD0022808D022
:1038C000032804D137E00D2876D00E2875D0FFDF0D
:1038D00023E11E270926002CAFD0A088FDF72EFF7C
:1038E0005FEA000900D1FFDF287B00F00300012818
:1038F000207A1DD020F001002072297B890861F315
:1039000041002072297BC90861F382002072297B63
:10391000090901E0F7E0AEE061F3C300207299F815
:103920001E0040F0400189F81E10F6E0D40100208E
:1039300040F00100E0E713270D26002CA6D0A08858
:10394000FDF7FCFE81460121A0880CF0B7FB0500C5
:1039500000D1FFDF686F817801F003010129217A2E
:1039600050D021F00101217283789B0863F341015B
:1039700021728378DB0863F38201217283781B094B
:1039800063F3C3012172037863F306112172437854
:1039900063F3C711217284F809A0C178A17202797A
:1039A000E17A62F30001E1720279520862F34101A7
:1039B000E17203E029E067E04EE05FE002799208FF
:1039C00062F38201E1720279D20862F3C301E1720B
:1039D0004279217B62F3000121734279520862F33C
:1039E000410121734279920862F382012173407987
:1039F000C00860F3C301217399F8000023282AD975
:103A0000262139E041F00101ADE71827102694B3D3
:103A1000A088FDF793FE00900121A0880CF04EFBDA
:103A20005FEA000900D1FFDFE868A06099F80000B4
:103A300040F0040189F8001099F80100800708D5CA
:103A400084F80CB000980078232866D927210098C4
:103A500052E084F80CA060E015270F265CB1A08826
:103A6000FDF76CFE81460622E868009909F0E9FC42
:103A700084F80EB085E042E048463DE0162709266E
:103A8000ECB3287B207248E0287B19270E26B4B3BC
:103A9000C4F808A0A4F80CA0012807D0022808D078
:103AA00003280CD004280AD0FFDF15E084F808B002
:103AB00001E002202072607A20F003000BE0697BB5
:103AC000042801F00F0141F080012172F3D1607AE6
:103AD00020F00300401C6072A088FDF72FFE054611
:103AE0000078212819D0232800D0FFDF0121A088E9
:103AF0000CF0F6FA22212846FDF78FFC0DE0FFE7D7
:103B0000A8F800600EE00CB16888A080287A10B395
:103B1000012809D002283AD0FFDFA8F800600CB1D4
:103B200027806680002007E415270F26002CE7D0A9
:103B3000A088FDF703FE0121A0880CF0BFFA050064
:103B400000D1FFDFD5F81D000622009909F079FCAD
:103B500084F80EA0E1E717270926002CD0D0A08812
:103B6000FDF7ECFD81460121A0880CF0A7FA0500C5
:103B700000D1FFDF6878800701D5022000E0012036
:103B8000207299F800002328C7D9272174E7192744
:103B90000E26002CB4D0A088FDF7D0FD5FEA000906
:103BA00000D1FFDFC4F808A0A4F80CA084F808A096
:103BB000A07A40F00300A07299F81E10C90961F3C1
:103BC0008200A07299F81F2099F81E1012EAD11FE6
:103BD00005D099F8201001F01F01102925D020F000
:103BE0000800A07299F81F10607A61F3C300607238
:103BF000697A01F0030101298FD140F0040060725D
:103C0000E87A217B60F300012173AA7A607B62F37A
:103C100000006073EA7A520862F341012173A97AC5
:103C2000490861F34100607377E740F00800D8E786
:103C300010B5F84C30B10146102204F1200009F013
:103C400078FB012084F8300010BD10B5044600F068
:103C5000A8FCF04920461022BDE81040203109F0B0
:103C600068BB70B5EB4D06004FF0000412D0FDF7B5
:103C7000E2FA08B110240BE00621304609F0C8FB37
:103C8000411C04D02866012085F85C0000E0072470
:103C9000204670BD0020F7E7007810F00F0204D036
:103CA000012A05D0022A0CD110E0000909D10AE04E
:103CB0000009012807D0022805D0032803D00428D2
:103CC00001D0072070470870002070470620704719
:103CD00005282AD2DFE800F003070F171F00087835
:103CE00020F0FF001EE0087820F00F00401C20F0BC
:103CF000F000103016E0087820F00F00401C20F093
:103D0000F00020300EE0087820F00F00401C20F07A
:103D1000F000303006E0087820F00F00401C20F062
:103D2000F0004030087000207047072070472DE9F0
:103D3000F043804687B00D464FF000090846FDF776
:103D4000C7FAA8B94046FDF7F9FC060003D0307861
:103D500022280BD104E043F2020007B0BDE8F08353
:103D600035B1B07FC10601D4000703D50820F4E7C0
:103D70001020F2E7F07F000701D50D20EDE70027C6
:103D8000012140460CF09AF9040006D101210022DD
:103D900040460CF08AF9040005D0694600F011FC99
:103DA000009818B901E00420D7E7FFDF009802214E
:103DB000E0344170C0F82480446107810121017121
:103DC000297801F00102017E62F3010101762A786F
:103DD000520862F3820101762A78920862F3C301E5
:103DE00001762A78D20862F3041101762421304644
:103DF000FDF713FB01A900980DF05BFE022801D02E
:103E000000B1FFDF4846A8E72DE9FF4F0E46824983
:103E1000904697B09A4607C914AB4FF0000983E863
:103E200007001798FDF78AFC050006D02878262899
:103E300006D008201BB0BDE8F08F43F20200F9E77E
:103E400026B94046FFF7F2F80028F3D10121179870
:103E50000CF034F9040000D1FFDF852E27D007DCF9
:103E6000EEB1812E1DD0822E1DD0832E08D11CE0F4
:103E7000862E1ED0882E1ED0892E1ED08A2E1ED0B1
:103E80000F2020710F281CD004F020F9D8B1012098
:103E90008DF83400201D0E902079B0B126E100206D
:103EA000EFE70120EDE70220EBE70320E9E705203B
:103EB000E7E70620E5E70820E3E70920E1E70A2035
:103EC000DFE70720B6E71120B4E798F80000D4E94F
:103ED0001D764208A87F002162F3C710A87798F8E2
:103EE00000008208E87F62F30000E87798F800009D
:103EF000C209607862F34100607098F8000002091E
:103F0000207862F34710207098F80000C2086078AB
:103F100062F30000607098F80100607198F800008A
:103F200000F00102B07862F30100B070AA7FD209FC
:103F300062F38200B070EA7F62F3C300B07062780F
:103F400062F30410B0702278C0F3C00052093270DE
:103F50006278C2F34002727098F80220F2707171B8
:103F60003171B978C1F3C00108405FEA000B2ED06F
:103F70005046FDF760F978BBDAF80C00FDF75BF905
:103F800050BBDAF81C00FDF756F928BBDAF80C0034
:103F9000A060DAF81C00E06060787A7842EA5001AC
:103FA00061F341006070B978C0B200EA111161F3A9
:103FB000000060700020207705F117006061681C28
:103FC000A061B07800F00300012806D046E06078D8
:103FD0007A7802EA5001E3E719E0B87800F00300CC
:103FE00001283BD1321D711D404600F099FA31790C
:103FF000387901408DF8281070797A7910408DF861
:10400000300001432AD05046FDF715F930B1102099
:1040100010E70000D4010020E8B001000AF1100010
:1040200004F5AE7304F18C028DE80D0000210AAB9B
:104030005A462046FFF73DF80028E9D104F5B07252
:1040400004F1A403CDF800A0CDE9013201210CABAD
:104050005A462046FFF72DF80028D9D1607880070E
:1040600022D4B078B978C0F38000C1F3800108434E
:104070001AD0307814AA397832F810204B00DA4080
:1040800002F00309B9F1030F01D14FF00209BBF1AE
:10409000000F09D0012801D0042805D1012901D041
:1040A000042901D14FF00409A87F40F08000A877CF
:1040B000E97F6BF30001E9776078800706D503207C
:1040C000A071BBF1000F11D100202CE00220B9F14A
:1040D000020F1AD0B9F1010F19D0B9F1040F2AD08B
:1040E0000020A071A87F20F08000A8772521284615
:1040F000FDF793F90DA904F1E0000DF0BFFC10B13C
:10410000022800D0FFDF002094E6A071DCE7A07158
:104110000D22002104F1200009F035F9207840F04B
:104120000200207001208DF84C0013AA2946179830
:1041300000F020FADAE70120A071D7E72DE9F0437B
:1041400087B09046894604460025FDF7F7FA070038
:1041500004D03878272804D00820FEE543F2020076
:10416000FBE5012120460BF0A9FF040000D1FFDF91
:10417000A6795FEA090005D0012821D0B9F1020F24
:1041800026D110E0B8F1000F22D1012E05D0022E69
:1041900005D0032E05D0FFDF2EE00C252CE00125F5
:1041A0002AE0022528E04046FDF745F8B0B9032E85
:1041B0000ED11022414604F11D0009F0BAF81BE0AF
:1041C000012E02D0022E03D104E0B8F1000F13D06B
:1041D0000720C2E54046FDF72EF808B11020BCE5E7
:1041E0001022002104F11D0009F0CDF806214046FF
:1041F00009F00EF9C4F81D002078252140F00200D6
:1042000020703846FDF709F92078C10713D020F057
:104210000100207002208DF8000004F11D000290C2
:104220008DF804506946C3300DF028FC022803D0F5
:1042300010B1FFDF00E0257700208EE530B587B0B4
:104240000D460446FDF77AFA60B1012120460BF0D5
:1042500035FF04000CD02846FCF7EDFF28B11020F4
:1042600007B030BD43F20200FAE72078400701D4DE
:104270000820F5E7294604F13D002022054609F013
:1042800058F8207840F01000207001070FD520F07A
:104290000800207007208DF80000694604F1E00056
:1042A00001950DF0EBFB022801D000B1FFDF0020EB
:1042B000D6E770B50D460646FDF740FA18B100780E
:1042C000272817D102E043F2020070BD01213046D9
:1042D0000BF0F4FE040000D1FFDFA079022809D121
:1042E0006078C00706D02A4621463046FEF772FFA6
:1042F00010B10FE0082070BDB4F860000E280BD29A
:1043000004F1620102231022081F0BF070FD01214D
:1043100001704570002070BD112070BD70B506465B
:1043200014460D460846FCF786FF18B92046FCF7F0
:10433000A8FF08B1102070BDA6F57F40FF380ED051
:104340003046FDF7FBF938B1417822464B08811C15
:104350001846FDF7CEF907E043F2020070BD204693
:10436000FDF753FF0028F9D11021E01D0FF0EFF900
:10437000E21D294604F1170000F033F9002070BD5A
:104380002DE9F04104468AB015460E46002708463E
:10439000FCF79EFF18B92846FCF79AFF18B11020C9
:1043A0000AB0BDE8F0812046FDF7C8F95FEA0008D1
:1043B00004D098F80000272810D102E043F2020050
:1043C000EEE7012120460BF079FE040000D1FFDF6B
:1043D0002078400702D56078800701D40820DFE705
:1043E000D4E91D01497801B18DB1407800B176B1B1
:1043F000ADB1EA1D06A8E16800F0F3F8102206A9A5
:1044000005F1170008F068FF18B1042707E007203E
:10441000C6E71022E91D04F12D0008F08AFF2EB135
:104420001022F11D04F11D0008F083FF20782521E2
:1044300040F0020020704046FCF7EFFF2078C107F3
:1044400015D020F00100207002208DF8000004F14A
:104450001D000290103003908DF804706946B3304F
:104460000DF00CFB022803D010B1FFDF00E027772E
:10447000002095E770B50D4606460BB1072070BDCC
:10448000FDF75CF9040007D02078222802D3A07F32
:10449000800604D4082070BD43F2020070BDADB1A7
:1044A000294630460AF045FD03F02EFC297C4A08D7
:1044B000A17F62F3C711A177297CE27F61F300023B
:1044C000E277297C890884F8201004E030460AF05D
:1044D00053FD03F019FCA17F21F02001A17770BDED
:1044E00070B50D46FDF72AF9040005D02846FCF703
:1044F000C8FE20B1102070BD43F2020070BD2946F5
:104500002046FEF738FE002070BD04E010F8012BB5
:104510000AB100207047491E89B2F7D201207047C6
:1045200010B5C4780B7864F300030B70C47864088A
:1045300064F341030B70C478A40864F382030B7026
:10454000C478E40864F3C3030B700379117863F350
:104550000001117003795B0863F341011170037965
:104560009B0863F3820111700079C00860F3C301F6
:10457000117010BD70B51546064603F0A7FD040086
:1045800000D1FFDF207820F00F00801C20F0F00029
:104590002030207066802868A060BDE8704003F07D
:1045A00099BD10B5134C94F83000002808D104F1DF
:1045B0002001A1F110000DF0A3FA012084F83000D1
:1045C00010BD10B190F8B9202AB10A4890F8350012
:1045D00018B1002003E0B83001E00648343008602C
:1045E000704708B50023009313460A460BF065FF99
:1045F00008BD0000D4010020F0B5007B059F1E46D9
:1046000014460D46012800D0FFDF0C2030803A20F0
:104610003880002C08D0287A032806D0287B01286F
:1046200000D0FFDF17206081F0BDA889FBE72DE9EE
:10463000F04786B0144691F80C900E9A0D46B9F1E9
:10464000010F0BD01021007B2E8A8846052807D049
:10465000062833D0FFDF06B0BDE8F0870221F2E77D
:10466000E8890C2100EB400001EB4000188033206A
:104670001080002CEFD0E889608100271AE00096B6
:10468000688808F1020301AA696900F086FF06EB59
:104690000800801C07EB470186B204EB4102BDF81D
:1046A000040090810DF1060140460E320DF09EFA95
:1046B0007F1CBFB26089B842E1D8CCE734201080BB
:1046C000E889B9F1010F11D0122148430E3018804A
:1046D000002CC0D0E88960814846B9F1010F00D0B4
:1046E0000220207300270DF1040A1FE00621ECE7E9
:1046F0000096688808F1020301AA696900F04DFF7D
:1047000006EB0800801C86B2B9F1010F12D007EB4E
:10471000C70004EB4000BDF80410C18110220AF16B
:104720000201103008F005FE7F1CBFB26089B8425C
:10473000DED890E707EB470104EB4102BDF8040027
:10474000D0810AF10201404610320DF04FFAEBE73A
:104750002DE9F0470E4688B090F80CC096F80C8012
:10476000378AF5890C20109902F10C044FF0000AE9
:10477000BCF1030F08D0BCF1040F3FD0BCF1070F10
:104780007ED0FFDF08B067E705EB850C00EB4C003F
:10479000188031200880002AF4D0A8F1060000F02B
:1047A000FF09558126E01622002101A808F0EBFD43
:1047B00000977088434601AA716900F0EEFEBDF8CB
:1047C00004002080BDF80600E080BDF808002081CC
:1047D000A21C0DF10A0148460DF008FAB9F1000FCC
:1047E00000D018B184F804A0A4F802A007EB0800D8
:1047F00087B20A346D1EADB2D5D2C3E705EB850C86
:1048000000EB4C00188032200880002ABAD0A8F1B2
:10481000050000F0FF09558137E000977088434696
:1048200001AA716900F0B9FE9DF80600BDF80410F8
:10483000E1802179420860F3000162F341018208BE
:1048400062F38201C20862F3C301020962F3041138
:10485000420962F34511820962F386112171C00990
:104860006071BDF80700208122460DF1090148461C
:104870000DF0BCF918B184F802A0A4F800A000E083
:1048800007E007EB080087B20A346D1EADB2C4D250
:1048900078E7A8F1020084B205FB08F000F10E0CE5
:1048A000A3F800C035230B80002AA6D0558194813F
:1048B000009783B270880E32716900F06EFE61E776
:1048C0002DE9F84F1E460A9D0C4681462AB1607AB2
:1048D00000F58070D080E089108199F80C000C27D9
:1048E0004FF000084FF00E0A0D2872D2DFE800F0FA
:1048F0009D070E1B272F374554697272720021469F
:1049000048460095FFF778FEBDE8F88F207B91467A
:10491000082802D0032800D0FFDF3780302009E0CC
:10492000A9F80A80F0E7207B9146042800D0FFDF39
:10493000378031202880B9F1000FF1D1E4E7207BE6
:104940009146042800D0FFDF37803220F2E7207B39
:104950009146022800D0FFDF37803320EAE7207B32
:104960001746022800D0FFDF3420A6F800A02880D8
:10497000002FC9D0A7F80A80C6E7207B1746042875
:1049800000D0FFDF3520A6F800A02880002FBBD084
:104990004046A7F80A8012E0207B1746052802D07F
:1049A000062800D0FFDF1020308036202880002F1E
:1049B000AAD0E0897881A7F80E80B9F80E00B881F6
:1049C000A2E7207B9146072800D0FFDF3780372001
:1049D000B0E72AE04FF0120018804FF038001700BF
:1049E000288091D0E0897881A7F80E80A7F8108000
:1049F00099F80C000A2805D00B2809D00C280DD0F6
:104A0000FFDF81E7207B0A2800D0FFDF01200AE0DA
:104A1000207B0B2800D0FFDF042004E0207B0C2843
:104A200000D0FFDF052038736EE7FFDF6CE770B55D
:104A30000C460546FCF782FE20B10078222804D2FD
:104A4000082070BD43F2020070BD052128460BF01E
:104A500035FB206008B1002070BD032070BD30B46C
:104A60004880087820F00F00C01C20F0F000903043
:104A700001F8080B1DCA81E81D0030BC03F02ABBF9
:104A80002DE9FF4784B00027824602970798904699
:104A90008946123006F043FB401D20F003060798BC
:104AA00028B907A95046FFF7C2FF002854D1B9F131
:104AB000000F05D00798017B19BB052504681BE092
:104AC00098F80000092803D00D2812D0FFDF46E037
:104AD000079903254868B0B3497B428871439142E6
:104AE00039D98AB2B3B2011D0BF06DF904460780C3
:104AF00002E0079C042508340CB1208810B1032D76
:104B000029D02CE007980121123006F03AFBADF8CD
:104B10000C00024602AB2946504604F0D8F80700C4
:104B200001D1A01C029007983A461230C8F8040040
:104B3000A8F802A003A94046029B06F02FFBD8B1BB
:104B40000A2817D200E006E0DFE800F00709141495
:104B5000100B0D141412132014E6002012E611207D
:104B600010E608200EE643F203000BE6072009E6F4
:104B70000D2007E6032005E6BDF80C002346CDE92D
:104B800000702A465046079900F017FD57B9032DCB
:104B900008D10798B3B2417B406871438AB2011DC6
:104BA0000BF025F9B9F1000FD7D0079981F80C90D7
:104BB000D3E72DE9FE4F91461A881C468A46804667
:104BC000FAB102AB494604F082F8050019D040461C
:104BD000A61C27880BF0B7FB3246072629463B4622
:104BE00000960AF0D6FF20882346CDE900504A46B9
:104BF0005146404600F0E1FC002020800120BDE845
:104C0000FE8F0020FBE710B586B01C46AAB1042336
:104C10008DF800301388ADF808305288ADF80A20BE
:104C20008A788DF80E200988ADF80C1000236A46AA
:104C30002146FFF725FF06B010BD1020FBE770B539
:104C40000D4605210BF03AFA040000D1FFDF29469A
:104C500004F11200BDE8704006F07CBA2DE9F8437B
:104C60000D468046002603F031FA044628781028C5
:104C700078D2DFE800F0773B3453313112313131F3
:104C80000831313131312879001FC0B2022801D0FA
:104C9000102810D114BBFFDF35E004B9FFDF052178
:104CA00040460BF00BFA007B032806D004280BD0FB
:104CB000072828D0FFDF072655E02879801FC0B2DB
:104CC000022820D050B1F6E72879401FC0B2022850
:104CD00019D0102817D0EEE704B9FFDF13E004B9AC
:104CE000FFDF287901280ED1172137E00521404642
:104CF0000BF0E4F9070000D1FFDF07F11201404695
:104D000006F005FA2CB12A4621464046FFF7A7FED9
:104D100029E013214046FDF743FD24E004B9FFDFFD
:104D2000052140460BF0CAF9060000D1FFDF6946B5
:104D300006F1120006F0F5F9060000D0FFDFA988A1
:104D4000172901D2172200E00A46BDF8000082426E
:104D500002D9014602E005E01729C5D3404600F01C
:104D60003CFCD0E7FFDF3046BDE8F883401D20F073
:104D7000030219B102FB01F0001D00E00020104405
:104D8000704713B5009848B1002468460AF0C5FF83
:104D9000002C02D1F74A009911601CBD01240020AB
:104DA000F4E72DE9F0470C46154624220021204661
:104DB00008F0E9FA05B9FFDFA87860732888DFF802
:104DC000B4A3401D20F00301AF788946DAF8000053
:104DD0000AF0C1FF060000D1FFDF4FF00008266097
:104DE000A6F8008077B109FB07F1091D0AD0DAF8AF
:104DF00000000AF0B0FF060000D1FFDF6660C6F8D1
:104E0000008001E0C4F80480298804F11200BDE8A4
:104E1000F04706F06DB92DE9F047804601F1120028
:104E20000D46814606F07BF9401DD24F20F003026B
:104E30006E7B1446296838680AF0B8FF3EB104FB5F
:104E400006F2121D03D0696838680AF0AFFF05202A
:104E50000BF0E0F8044605200BF0E4F8201A0128D6
:104E600002D138680AF06CFF49464046BDE8F04779
:104E700006F054B970B5054605210BF01FF9040082
:104E800000D1FFDF04F112012846BDE8704006F0B2
:104E90003EB92DE9F04F91B04FF0000BADF834B0B2
:104EA000ADF804B047880C460546924605213846C1
:104EB0000BF004F9060000D1FFDF24B1A780A4F8AD
:104EC00006B0A4F808B0297809220B20B2EB111F14
:104ED0007ED12A7A04F1100138274FF00C084FF0E8
:104EE00001090391102A74D2DFE802F073F3F2F1A2
:104EF0008008D3898EA03DDCF4EFB7B7307B022861
:104F000000D0FFDFA88908EBC001ADF80410302104
:104F1000ADF83410002C25D06081B5F80E90002734
:104F20001DE004EBC708317C88F80E10F189A8F861
:104F30000C10CDF800906888042304AA296900F0B9
:104F40002CFBBDF81010A8F8101009F10400BDF8F2
:104F500012107F1C1FFA80F9A8F81210BFB26089E6
:104F6000B842DED80EE1307B022800D0FFDFE989AD
:104F700008EBC100ADF804003020ADF83400287B08
:104F80000A90001FC0B20F90002CEBD06181B5F8E1
:104F90001090002726E000BFCDF80090688869696E
:104FA00003AA0A9B00F0F9FA0A9804EBC7084844E0
:104FB0001FFA80F908F10C0204A90F980CF016FEF4
:104FC00018B188F80EB0A8F80CB0BDF80C1001E0CC
:104FD000D4E0D1E0A8F81010BDF80E107F1CA8F89E
:104FE0001210BFB26089B842D6D8CBE00DA80090AD
:104FF00001AB224629463046FFF719FBC2E0307B61
:10500000082805D0FFDF03E0307B082800D0FFDF51
:10501000E8891030ADF804003620ADF83400002CDB
:105020003FD0A9896181F189A18127E0307B0928DE
:1050300000D0FFDFA88900F10C01ADF80410372182
:10504000ADF83410002C2CD06081E8890090AB8939
:10505000688804F10C02296956E0E889392110308A
:1050600080B2ADF80400ADF83410002C74D0A989DA
:105070006181287A0E280AD002212173E989E18111
:10508000288A0090EB8968886969039A3CE00121CD
:10509000F3E70DA8009001AB224629463046FFF702
:1050A00057FB6FE0307B0A2800D0FFDF1220ADF8FD
:1050B0000400ADF834704CB3A9896181A4F810B034
:1050C000A4F80EB084F80C905CE020E002E031E03F
:1050D00039E042E0307B0B2800D0FFDF288AADF8B2
:1050E00034701230ADF8040084B104212173A98911
:1050F0006181E989E181298A2182688A00902B8A6D
:10510000688804F11202696900F047FA3AE0307BDE
:105110000C2800D0FFDF1220ADF80400ADF8347089
:105120003CB305212173A4F80AB0A4F80EB0A4F88A
:1051300010B027E00DA8009001AB2246294630466A
:10514000FFF75AFA1EE00DA8009001AB224629464F
:105150003046FFF7B5FB15E034E03B21ADF8040025
:10516000ADF8341074B3A4F80690A4F808B084F82D
:105170000AB007E010000020FFDF03E0297A0129D0
:1051800017D0FFDFBDF80400AAF800006CB1BDF82D
:1051900034002080BDF804006080BDF83400392858
:1051A00003D03C2801D086F80CB011B00020BDE837
:1051B000F08F3C21ADF80400ADF8341014B1697AD9
:1051C000A172DFE7AAF80000EFE72DE9F84356885F
:1051D0000F4680461546052130460AF06FFF040051
:1051E00000D1FFDF123400943B46414630466A68E6
:1051F00006F008F9B8E570B50D4605210AF05EFF26
:10520000040000D1FFDF294604F11200BDE8704020
:1052100005F092BF70B50D4605210AF04FFF04005E
:1052200000D1FFDF294604F11200BDE8704005F00F
:10523000B0BF70B5054605210AF040FF040000D15B
:10524000FFDF04F1080321462846BDE87040042230
:10525000AFE470B5054605210AF030FF040000D127
:10526000FFDF214628462368BDE870400522A0E400
:1052700070B5064605210AF021FF040000D1FFDFCA
:1052800004F1120005F04BFF401D20F0030511E072
:10529000011D00880322431821463046FFF789FC90
:1052A00000280BD0607BABB2684382B26068011DFE
:1052B0000AF0D3FD606841880029E9D170BD70B55E
:1052C0000E46054602F002FF040000D1FFDF012078
:1052D000207266726580207820F00F00C01C20F0DC
:1052E000F00030302070BDE8704002F0F3BE2DE9D0
:1052F000F0438BB00D461446814606A9FFF797FB95
:10530000002814D14FF6FF7601274FF420588CB1B6
:1053100003208DF800001020ADF8100007A80590BC
:1053200007AA204604A90CF080FC78B107200BB036
:10533000BDE8F0830820ADF808508DF80E708DF8A8
:105340000000ADF80A60ADF80C800CE00698A1787A
:1053500001742188C1818DF80E70ADF80850ADF848
:105360000C80ADF80A606A4602214846069BFFF7AA
:1053700087FBDCE708B501228DF8022042F6020225
:10538000ADF800200A4603236946FFF73CFC08BD40
:1053900008B501228DF8022042F60302ADF8002084
:1053A0000A4604236946FFF72EFC08BD00B587B006
:1053B00079B102228DF800200A88ADF808204988CA
:1053C000ADF80A1000236A460521FFF759FB07B024
:1053D00000BD1020FBE709B1072314E40720704744
:1053E00070B588B00D461446064606A9FFF71FFBA8
:1053F00000280ED17CB10620ADF808508DF80000D1
:10540000ADF80A40069B6A460821DC813046FFF76A
:1054100037FB08B070BD05208DF80000ADF80850CE
:10542000F0E700B587B059B107238DF80030ADF82B
:105430000820039100236A460921FFF721FBC6E7F4
:105440001020C4E770B588B00C460646002506A9B2
:10545000FFF7EDFA0028DCD106980121123005F0A3
:1054600090FE9CB12178062921D2DFE801F02005C9
:1054700005160318801E80B2C01EE28880B20AB1F1
:10548000A3681BB1824203D90C20C2E71020C0E7F9
:10549000042904D0A08850B901E00620B9E7012909
:1054A00013D0022905D004291CD005292AD00720B1
:1054B000AFE709208DF800006088ADF80800E088AB
:1054C000ADF80A00A068039023E00A208DF80000E0
:1054D0006088ADF80800E088ADF80A00A0680A25E9
:1054E000039016E00B208DF800006088ADF80800EE
:1054F000A088ADF80A00E088ADF80C00A0680B2584
:10550000049006E00C208DF8000060788DF808000B
:105510000C256A4629463046069BFFF7B1FA78E724
:1055200000B587B00D228DF80020ADF808100023DB
:105530006A461946FFF7A4FA49E700B587B071B18A
:1055400002228DF800200A88ADF808204988ADF8BD
:105550000A1000236A460621FFF792FA37E7102067
:1055600035E770B586B0064601200D46ADF8081047
:105570008DF80000014600236A463046FFF780FAA6
:10558000040008D12946304601F006FB00213046D0
:1055900001F020FB204606B070BDF8B51C4615464C
:1055A0000E46069F0AF0BDFE2346FF1DBCB23146E3
:1055B0002A4600940AF0B9FAF8BD30B41146DDE984
:1055C00002423CB1032903D0002330BC04F013BCD9
:1055D0000123FAE71A8030BC704770B50C460546C7
:1055E000FFF72DFB2146284601F0E5FA2846BDE8E5
:1055F0007040012101F0EEBA18B18178012938D14B
:1056000001E010207047018842F60112881A914289
:1056100031D018DC42F60102A1EB020091422AD0FF
:105620000CDC41B3B1F5C05F25D06FF4C050081851
:1056300021D0A0F57060FF381BD11CE001281AD0E2
:1056400002280AD117E0B0F5807F14D008DC0128C9
:1056500011D002280FD003280DD0FF2809D10AE06D
:10566000B0F5817F07D0A0F58070033803D0012802
:1056700001D0002070470F2070470A281FD008DC97
:105680000A2818D2DFE800F0191B1F1F171F231D5F
:105690001F21102815D008DC0B2812D00C2810D0A0
:1056A0000D2816D00F2806D10DE011280BD0842824
:1056B0000BD087280FD003207047002070470520AB
:1056C0007047072070470F2070470420704706205E
:1056D00070470C20704743F20200704738B50C4603
:1056E000050041D06946FEF7D7FA002819D19DF888
:1056F0000010607861F3020060706946681CFEF774
:10570000CBFA00280DD19DF80010607861F3C50038
:105710006070A978C1F34101012903D0022905D0A5
:10572000072038BD217821F0200102E0217841F0E6
:1057300020012170410704D0A978C90861F38610BF
:105740006070607810F0380F07D0A978090961F30C
:10575000C710607010F0380F02D16078400603D592
:10576000207840F040002070002038BD70B504461D
:105770000020088015466068FFF7B0FF002816D1AA
:105780002089A189884211D860688078C0070AD032
:10579000B1F5007F0AD840F20120B1FBF0F200FB26
:1057A0001210288007E0B1F5FF7F01D90C2070BDF1
:1057B00001F201212980002070BD10B50478137812
:1057C00064F3000313700478640864F341031370F6
:1057D0000478A40864F3820313700478E40864F383
:1057E000C30313700478240964F30413137004785A
:1057F000640964F3451313700078800960F386131D
:10580000137031B10878C10701D1800701D501209B
:1058100000E0002060F3C713137010BD42785307F7
:1058200002D002F0070306E012F0380F02D0C2F3F4
:10583000C20300E001234A7863F302024A70407811
:1058400010F0380F02D0C0F3C20005E0430702D0C9
:1058500000F0070000E0012060F3C5024A707047C5
:105860002DE9F04F95B00D00824613D01222002191
:10587000284607F088FD4FF6FF7B05AA0121584610
:1058800007F049FB0024264637464FF420586FF4B2
:10589000205972E0102015B0BDE8F08F9DF81E0071
:1058A00001280AD1BDF81C1041450BD011EB0900AD
:1058B0000AD001280CD002280CD0042C0ED0052CC4
:1058C0000FD10DE0012400E00224BDF81A6008E0C9
:1058D000032406E00424BDF81A7002E0052400E069
:1058E0000624BDF81A10514547D12C74BEB34FF0B1
:1058F000000810AA4FF0070ACDE90282CDE900A8FE
:105900000DF13C091023CDF810904246314658461F
:1059100007F0D1FB08BBBDF83C002A46C0B210A975
:105920000CF064F9C8B9AE81CFB1CDE900A80DF192
:10593000080C0AAE40468CE8410213230022394687
:10594000584607F0B8FB40B9BDF83C00F11CC01E3A
:10595000C0B22A1D0CF04AF910B103209BE70AE0FF
:10596000BDF82900E881062C05D19DF81E00A8721B
:10597000BDF81C00288100208DE705A807F0D7FAA4
:1059800000288BD0FFF779FE85E72DE9F0471C460C
:10599000DDE90978DDF8209015460E00824600D139
:1059A000FFDF0CB1208818B1D5B11120BDE8F08718
:1059B000022D01D0012100E0002106F1140006F0C3
:1059C00073F9A8F8000002463B462946504603F00A
:1059D0007EF9C9F8000008B9A41C3C600020E5E786
:1059E0001320E3E7F0B41446DDE904528DB100233F
:1059F00014B1022C09D101E0012306E00D7CEE0771
:105A000003D025F0010501230D742146F0BC04F0FC
:105A1000F2B91A80F0BC70472DE9FE4F91461A8802
:105A20001C468A468046FAB102AB494603F04FF95C
:105A3000050019D04046A61C27880AF084FC32468F
:105A4000072629463B4600960AF0A3F820882346FD
:105A5000CDE900504A4651464046FFF7C3FF0020BB
:105A600020800120BDE8FE8F0020FBE72DE9F047F4
:105A700086B082460EA8904690E8B000894604AAF7
:105A800005A903A88DE807001E462A462146504670
:105A9000FFF77BFF039901B101213970002818D16C
:105AA000FA4904F1140204AB0860039805998DE8E3
:105AB000070042464946504606F0A9FCA8B109280D
:105AC00011D2DFE800F005080510100A0C0C0E00DA
:105AD000002006B06AE71120FBE70720F9E708205D
:105AE000F7E70D20F5E70320F3E7BDF81010039862
:105AF000CDE9000133462A4621465046FFF772FFA2
:105B0000E6E72DE9F04389B01646DDE910870D463A
:105B100081461C461422002103A807F034FC012012
:105B200002218DF810108DF80C008DF81170ADF871
:105B3000146064B1A278D20709D08DF81600E0880D
:105B4000ADF81A00A088ADF81800A068079008A862
:105B50000095CDE90110424603A948466B68FFF75E
:105B600085FF09B0BDE8F083F0B58BB00024064690
:105B7000069407940727089405A8099401940097B0
:105B80000294CDE903400D4610232246304607F02B
:105B900092FA78B90AA806A9019400970294CDE96F
:105BA0000310BDF8143000222946304607F021F8D2
:105BB000002801D0FFF761FD0BB0F0BD06F0B2BECA
:105BC0002DE9FC410C468046002602F07FFA05468E
:105BD00020780D287ED2DFE800F0BC0713B325BD86
:105BE00049496383AF959B00A848006820B141787C
:105BF00041F010014170ADE0404602F099FAA9E091
:105C0000042140460AF05AFA070000D1FFDF07F1ED
:105C10001401404605F0DDFFA5BB13214046FCF70B
:105C2000BFFD97E0042140460AF048FA070000D182
:105C3000FFDFE088ADF800000020B8819DF800008B
:105C4000010704D5C00602D5A088B88105E09DF8FB
:105C5000010040067ED5A088F88105B9FFDF224605
:105C60002946404601F0C0FC022673E0E188ADF809
:105C700000109DF8011009060FD5072803D006284B
:105C80000AD00AE024E0042140460AF017FA060090
:105C900000D1FFDFA088F0810226CDB9FFDF17E039
:105CA000042140460AF00AFA070000D1FFDF07F19D
:105CB000140006F06EFE90F0010F02D1E0790006AC
:105CC00048D5387C022640F00200387405B9FFDF61
:105CD000224600E03DE02946404601F085FC39E0DF
:105CE000042140460AF0EAF9017C002D01F0020689
:105CF000C1F340016171017C21F002010174E7D11F
:105D0000FFDFE5E702260121404602F043FA21E0E9
:105D1000042140460AF0D2F90546606800902089C7
:105D2000ADF8040001226946404602F054FA287C8E
:105D300020F0020028740DE0002DC9D1FFDFC7E775
:105D4000022600214046FFF765FA002DC0D1FFDF93
:105D5000BEE7FFDF3046BDE8FC813EB50C0009D050
:105D600001466B4601AA002007F02AFA20B1FFF78E
:105D700084FC3EBD10203EBD00202080A0709DF818
:105D8000050002A900F00700FDF7A2FF50B99DF839
:105D9000080020709DF8050002A9C0F3C200FDF7BD
:105DA00097FF08B103203EBD9DF8080060709DF884
:105DB0000500C109A07861F30410A0709DF80510DA
:105DC000890961F3C300A0709DF80410890601D50C
:105DD000022100E0012161F342009DF8001061F30F
:105DE0000000A07000203EBD70B5144606460D466A
:105DF00051EA040005D075B10846FBF760FA78B99E
:105E000001E0072070BD2946304607F040FA10B186
:105E1000BDE8704031E454B12046FBF750FA08B1B8
:105E2000102070BD21463046BDE8704095E7002047
:105E300070BD2DE9FC5F0C469046054600270178B1
:105E40000822007A3E46B2EB111F7DD104F10A010F
:105E500000910A31821E4FF0020A04F1080B0191F1
:105E6000092A72D2DFE802F0EDE005F528287BAAC6
:105E7000CE00688804210AF021F9060000D1FFDF76
:105E8000B08928B152270726C3E00000380200205D
:105E900051271026002C7DD06888A0800120A07199
:105EA000A88900220099FFF79FFF002873D1A889D5
:105EB0002081288AE081D1E0B5F81290072824D10A
:105EC000E87B000621D5512709F1140086B2002C89
:105ED000E1D0A88900220099FFF786FF00285AD157
:105EE0006888A08084F806A0A88920810120A0737A
:105EF000288A2082A4F81290A88A009068884B46CD
:105F0000A969019A01F04CFBA8E0502709F11200A1
:105F100086B2002C3ED0A88900225946FFF764FFC4
:105F2000002838D16888A080A889E080287A0728CE
:105F300013D002202073288AE081E87BC0096073B7
:105F4000A4F81090A88A01E085E082E000906888BB
:105F50004B4604F11202A969D4E70120EAE7B5F83B
:105F60001290512709F1140086B2002C66D068887F
:105F700004210AF0A3F883466888A080A88900223B
:105F80000099FFF731FF00286ED184F806A0A88998
:105F9000208101E052E067E00420A073288A20827B
:105FA000A4F81290A88A009068884B46A969019AC3
:105FB00001F0F6FAA989ABF80E104FE06888FBF7FC
:105FC000BDFB0746688804210AF078F8064607B941
:105FD000FFDF06B9FFDF687BC00702D05127142618
:105FE00001E0502712264CB36888A080502F06D0BD
:105FF00084F806A0287B594601F0E2FA2EE0287BBF
:10600000A11DF9E7FE49A8894989814205D1542794
:1060100006269CB16888A08020E053270BE06888A2
:10602000A080A889E08019E0688804210AF046F879
:1060300000B9FFDF55270826002CF0D1A8F8006032
:1060400011E056270726002CF8D06888A080002091
:1060500013E0FFDF02E0012808D0FFDFA8F80060AE
:106060000CB1278066800020BDE8FC9F57270726DB
:10607000002CE3D06888A080687AA071EEE7401D0C
:1060800020F0030009B14143091D01EB40007047B6
:1060900013B5DB4A00201071009848B1002468460F
:1060A00009F03BFE002C02D1D64A009911601CBDBC
:1060B00001240020F4E770B50D461446064686B06C
:1060C0005C220021284607F05EF904B9FFDFA078C2
:1060D0006874A2782188284601F09DFA0020A881E2
:1060E000E881228805F11401304605F056FD6A4624
:1060F0000121304606F00FFF1AE000BF9DF80300B3
:10610000000715D5BDF806103046FFF72DFD9DF8A8
:106110000300BDF8061040F010008DF80300BDF834
:106120000300ADF81400FF233046059A07F077F816
:10613000684606F0FCFE0028E0D006B070BD10B541
:106140000C4601F1140005F060FD0146627C20461A
:10615000BDE8104001F094BA30B50446A84891B0AB
:106160004FF6FF75C18905AA284606F0D4FE30E037
:106170009DF81E00A0422AD001282AD1BDF81C009B
:10618000B0F5205F03D042F60101884221D1002002
:1061900002AB0AAA0CA9019083E80700072000902F
:1061A000BDF81A1010230022284606F084FF38B9E3
:1061B000BDF828000BAAC0B20CA90BF017FD10B156
:1061C000032011B030BD9DF82E00A04201D1002067
:1061D000F7E705A806F0ABFE0028C9D00520F0E7D8
:1061E00070B50546042109F069FF040000D1FFDF06
:1061F00004F114010C46284605F0EBFC2146284624
:10620000BDE8704005F0ECBC70B58AB00C4606469F
:10621000FBF794FA050014D02878222827D30CB174
:10622000A08890B101208DF80C0003208DF810009B
:1062300000208DF8110054B1A088ADF81800206836
:1062400007E043F202000AB070BD0920FBE7ADF899
:10625000180005900421304609F030FF040000D1F9
:10626000FFDF04F1140005F0E6FC000701D408206C
:10627000E9E701F02BFF60B108A802210094CDE905
:10628000011095F8232003A930466368FFF7EEFB61
:10629000D9E71120D7E72DE9F04FB2F802A08346E5
:1062A00089B0154689465046FBF748FA074604214F
:1062B000504609F003FF0026044605964FF00208F9
:1062C0000696ADF81C6007B9FFDF04B9FFDF414651
:1062D000504603F0DAFE50B907AA06A905A88DE8D2
:1062E00007004246214650466368FFF74EFB44488C
:1062F00007AB0660DDE9051204F11400CDF800904B
:10630000CDE90320CDE9013197F8232059465046C5
:106310006B6805F0D9FC06000AD0022E04D0032ECB
:1063200014D0042E00D0FFDF09B03046BDE8F08F56
:10633000BDF81C000028F7D00599CDE900104246B1
:10634000214650466368FFF74DFBEDE7687840F063
:1063500008006870E8E72DE9F04F99B004464FF067
:1063600000082748ADF81C80ADF82080ADF82480E7
:10637000A0F80880ADF81480ADF81880ADF82C8036
:10638000ADF82880007916460D464746012808D00A
:10639000022806D0032804D0042802D0082019B00F
:1063A000C4E72046FAF747FF70BB2846FAF743FFD9
:1063B00050BB6068FAF78CFF30BB606848B16089F9
:1063C0002189884202D8B1F5007F01D90C20E6E787
:1063D00080460EAA06A92846FFF7C8F90028DED194
:1063E00068688078C0F34100022808D19DF8190040
:1063F00010F0380F03D02869FAF761FF20B904E0E4
:10640000380200201400002022E005A92069FFF7CF
:1064100065F90028C3D1206948B1607880079DF8EC
:10642000150000F0380001D5F0B300E0E0BB9DF8A6
:10643000140080060ED59DF8150010F0380F03D01B
:106440006068FAF73CFF18B96068FAF741FF08B1D5
:106450001020A4E70AA96069FFF740F900289ED13F
:10646000606940B19DF8290000F0070101293CD185
:1064700010F0380F39D00BA9A069FFF72FF90028C9
:106480008DD19DF8280080062FD49DF82C00800621
:106490002BD4A06950B19DF82D0000F0070101290F
:1064A00023D110F0380F00E01FE01ED0E06818B1D3
:1064B0000078D0B11C2818D20FAA611C2046FFF723
:1064C0007CF90121384661F30F2082468DF8521085
:1064D000B94642F603000F46ADF850000DF13F02F9
:1064E00018A928680BF0A1FB08B1072057E79DF811
:1064F000600015A9CDF80090C01CCDE9019100F015
:10650000FF0B00230BF20122514614A806F02EFCCB
:10651000F0BBBDF854000C90FE482A89296900920E
:10652000CDE901106B89BDF838202868069906F07E
:106530001DFC01007ED120784FF0020AC10601D473
:1065400080062BD5CDF80C90606950B90AA906A831
:10655000FFF764F99DF8290020F00700401C8DF832
:1065600029009DF8280008A940F0C8008DF82800EF
:106570008DF8527042F60210ADF8500003AACDF823
:1065800000A0CDE90121002340F2032214A800E07D
:106590001EE00A9906F0EAFB01004BD1DD484D46AA
:1065A00008385B460089ADF83D000FA8CDE90290A0
:1065B000CDF80490CDF810904FF007090022CDF8E7
:1065C0000090BDF854104FF6FF7006F012FB10B1AA
:1065D000FFF753F8E3E69DF83C00000624D5294672
:1065E000012060F30F218DF852704FF42450039571
:1065F000ADF8500062789DF80C00002362F30000B3
:106600008DF80C006278CDF800A0520862F34100CA
:106610008DF80C0003AACDE9012540F2032214A84D
:1066200006F0A4FB010005D1606888B32069A8B911
:1066300005A900E084E006A8FFF7F0F8607880077D
:1066400006D49DF8150020F038008DF8150005E0FF
:106650009DF8140040F040008DF814008DF8527041
:1066600042F60110ADF85000208940F20121B0FB44
:10667000F1F201FB1202606809ABCDF80080CDE9B0
:106680000103002314A8059906F070FB010057D1FF
:106690002078C00728D00395A06950B90BA906A897
:1066A000FFF7BCF89DF82D0020F00700401C8DF886
:1066B0002D009DF82C008DF8527040F040008DF8B0
:1066C0002C0042F60310ADF8500007A903AACDF83C
:1066D00000A0CDE90121002340F2032214A80B9968
:1066E00006F044FB01002BD1E06868B32946012085
:1066F00060F30F218DF8527042F60410ADF850008F
:10670000E068002302788DF8582040788DF8590011
:10671000E06816AA4088ADF85A00E06800798DF864
:106720005C00E068C088ADF85D00CDF80090CDE970
:1067300001254FF4027214A806F018FB010003D0E3
:106740000C9800F0C9FF2AE672480321083801714D
:1067500056B100893080BDF824007080BDF820005B
:10676000B080BDF81C00F080002018E670B501254F
:106770008AB016460B46012802D0022816D104E042
:106780008DF80E504FF4205003E08DF80E5042F675
:106790000100ADF80C005BB10024601C60F30F2415
:1067A00004AA08A918460BF040FA18B107204AE5D8
:1067B000102048E504A99DF820205648CDE9002185
:1067C000801E02900023214603A802F2012206F057
:1067D000CDFA10B1FEF751FF35E54E4808380EB13D
:1067E000C1883180057100202DE5F0B593B00746D2
:1067F00001268DF83E6041F60100ADF83C0012AA7A
:106800000FA93046FFF7B2FF002849D1414C0025BF
:10681000083CEFB31C22002102A806F0B4FD9DF84D
:1068200008008DF83E6040F020008DF8080042F628
:106830000520ADF83C000E959DF83A00119520F02A
:106840000600801C8DF83A009DF838006A4620F05A
:10685000FF008DF838009DF8390009A920F0FF00ED
:106860008DF839000420ADF82C00ADF830000EA8EA
:106870000A9011A80D900FA80990ADF82E5002A80B
:10688000FFF769FD00280BD1BDF80000608100E032
:1068900008E0BDF80400A081401CE08125710020C3
:1068A00013B0F0BD6581A581BDF84800F4E72DE97E
:1068B000F74F1849A0B00024083917940A79A14667
:1068C000012A04D0022A02D0082023B02EE5CA886B
:1068D000824201D00620F8E721988A46824201D1FF
:1068E0000720F2E70120214660F30F21ADF84800B0
:1068F0004FF6FF780691ADF84A808DF86E0042F6AB
:10690000020B8DF872401CA9ADF86CB0ADF8704068
:10691000139101E040020020ADF8508012A806F06B
:1069200035FB00252E462F460DAB072212A9404607
:1069300006F02FFB78B10A285DD195B38EB3ADF880
:106940006450ADF866609DF85E008DF8144019AC97
:10695000012864D06BE09DF83A001FB3012859D19B
:10696000BDF8381059451FD118A809A901940294FF
:10697000CDE9031007200090BDF836101023002247
:10698000404606F098FBB0BBBDF86000042801D07B
:1069900006284AD1BDF82410219881423AD10F200F
:1069A00093E73AE0012835D1BDF83800B0F5205F13
:1069B00003D042F6010188422CD1BAF80600BDF896
:1069C0003610884201D1012700E0002705B19EB1B1
:1069D000219881421ED118A809AA01940294CDE9F8
:1069E0000320072000900D4610230022404606F0A9
:1069F00062FB00B902E02DE04E460BE0BDF86000FE
:106A0000022801D0102810D1C0B217AA09A90BF092
:106A1000EDF850B9BDF8369086E7052055E705A991
:106A200017A8221D0BF001F908B103204DE79DF8CE
:106A300014000023001DC2B28DF814202298009289
:106A4000CDE901401BA8069906F090F910B9022281
:106A50008AF80420FEF711FE37E710B50B46401EFA
:106A600088B084B205AA00211846FEF7A6FE0020D1
:106A70000DF1080C06AA05A901908CE80700072073
:106A800000900123002221464FF6FF7006F0B1F876
:106A90000446BDF81800012800D0FFDF2046FEF7AD
:106AA000ECFD08B010BDF0B5F74F044687B038795B
:106AB0000E46032804D0042802D0082007B0F0BDF9
:106AC00004AA03A92046FEF751FE0500F6D160682E
:106AD0008078C0F3410002280AD19DF80D0010F023
:106AE000380F05D02069FAF7EAFB08B11020E5E776
:106AF000208905AA21698DE807006389BDF8102067
:106B00002068039906F032F910B1FEF7B6FDD5E71B
:106B100016B1BDF814003080042038712846CDE746
:106B2000F8B50C0006460CD001464FF6FF75002361
:106B30006A46284606F044FB28B100BFFEF79DFDDB
:106B4000F8BD1020F8BD69462046FEF7C7FD0028B5
:106B5000F8D1A078314600F001032846009A06F0EB
:106B60005EFBEBE730B587B0144600220DF1080C50
:106B700005AD01928CE82C00072200920A460146DE
:106B800023884FF6FF7006F034F8BDF8141021800A
:106B9000FEF773FD07B030BD70B50D46042109F056
:106BA0008DFA040000D1FFDF294604F11400BDE88E
:106BB000704005F039B870B50D46042109F07EFA31
:106BC000040000D1FFDF294604F11400BDE8704045
:106BD00005F04DB870B50D46042109F06FFA0400B8
:106BE00000D1FFDF294604F11400BDE8704005F034
:106BF00065B870B50546042109F060FA040000D1BB
:106C0000FFDF214628462368BDE870400122FEF7D9
:106C100003BF70B50646042109F050FA040000D104
:106C2000FFDF04F1140004F0F0FF401D20F0030525
:106C300011E0011D00880022431821463046FEF76E
:106C4000EBFE00280BD0607CABB2684382B2A06838
:106C5000011D09F002F9A06841880029E9D170BD41
:106C600070B50546042109F029FA040000D1FFDFC0
:106C7000214628466368BDE870400222FEF7CCBE7C
:106C800070B50E46054601F021FA040000D1FFDF81
:106C90000120207266726580207820F00F00001DB0
:106CA00020F0F00040302070BDE8704001F012BAD2
:106CB00010B50446012900D0FFDF2046BDE8104092
:106CC0000121FEF7A7BA2DE9F04F97B04FF0000A67
:106CD0000C008346ADF814A0D04619D0E06830B15E
:106CE000A068A8B10188ADF81410A0F800A058461B
:106CF000FAF724FD070043F2020961D03878222810
:106D00005CD30421584609F0D9F9050005D103E008
:106D1000102017B0BDE8F08FFFDF05F1140004F07C
:106D200074FF401D20F00306A078012803D002283C
:106D300001D00720EDE7218807AA584606F0EBF8B6
:106D400030BB07A806F0F3F810BB07A806F0EFF871
:106D500048B99DF82600012805D1BDF82400A0F50A
:106D60002451023902D04FF45050D2E7E068B0B15C
:106D7000CDE902A00720009005AACDF804A0049256
:106D8000A2882188BDF81430584605F032FF10B1B2
:106D9000FEF773FCBDE7A168BDF8140008809DF8FC
:106DA0001F00C00602D543F20140B2E70B9838B18C
:106DB000A1780078012905D080071AD40820A8E717
:106DC0004846A6E7C007F9D002208DF83C00A86825
:106DD0004FF00009A0B1697C4288714391420FD9FC
:106DE0008AB2B3B2011D08F0EEFF8046A0F800A001
:106DF00006E003208DF83C00D5F800804FF0010933
:106E00009DF8200010F0380F00D1FFDF9DF8200022
:106E10001E49C0F3C200084497F8231010F8010C73
:106E2000884201D90F2074E72088ADF8400014A9EA
:106E30000095CDE90191434607220FA95846FEF778
:106E400015FE002891D19DF8500050B9A078012876
:106E500007D1687CB3B2704382B2A868011D08F004
:106E6000C6FF002055E770B5064615460C46084695
:106E7000FEF7C2FB002805D12A4621463046BDE870
:106E8000704073E470BD12E538020020F2B00100DA
:106E900070B51E4614460D0009D044B1616831B189
:106EA00038B1FC49C988814203D0072070BD102049
:106EB00070BD2068FEF7A0FB0028F9D132462146BC
:106EC0002846BDE87040FFF746BA70B515460C007D
:106ED00006D038B1EF490989814203D0072070BD3F
:106EE000102070BD2068FEF787FB0028F9D12946E5
:106EF0002046BDE87040D6E570B5064686B00D4622
:106F000014461046FAF7BDF9D0BB6068FAF7E0F90D
:106F1000B0BBA6F57F40FF3803D03046FAF70EFC31
:106F200080B128466946FEF79BFC00280CD19DF8ED
:106F300010100F2008293DD2DFE801F008060606F0
:106F4000060A0A0843F2020006B070BD0320FBE700
:106F50009DF80210012908D1BDF80010B1F5C05FFD
:106F6000F2D06FF4C052D142EED09DF80610012944
:106F70000DD1BDF80410A1F52851062907D200E073
:106F800029E0DFE801F0030304030303DCE79DF8D5
:106F90000A1001290FD1BDF80810B1F5245FD3D034
:106FA000A1F60211B1F50051CED00129CCD00229B1
:106FB00001D1C9E7FFDF606878B9002305AA294637
:106FC000304606F0FDF810B1FEF757FBBCE79DF820
:106FD0001400800601D41020B6E7618822462846B6
:106FE0006368FFF7BFFDAFE72DE9F043814687B047
:106FF000884614461046FAF744F918B1102007B035
:10700000BDE8F083002306AA4146484606F0D8F8BA
:1070100018B100BFFEF731FBF1E79DF81800C0067C
:1070200002D543F20140EAE70025072705A80195AC
:1070300000970295CDE9035062884FF6FF734146F1
:10704000484606F038F8060013D16068FAF719F9D7
:1070500060B960680195CDE90250009704952388D6
:1070600062884146484606F026F80646BDF81400F8
:1070700020803046CEE739B1864B0A889B899A42F8
:1070800002D843F2030070471DE610B586B0814C6C
:107090000423ADF81430638943B1A4898C4201D232
:1070A000914205D943F2030006B010BD0620FBE76C
:1070B000ADF81010002100910191ADF800300221CF
:1070C0008DF8021005A9029104A90391ADF81220D0
:1070D0006946FFF7F8FDE7E72DE9FC4781460D46D5
:1070E0000846FAF7A8F888BB4846FAF727FB5FEA94
:1070F00000080AD098F80000222829D30421484625
:1071000008F0DCFF070005D103E043F20200BDE810
:10711000FC87FFDF07F1140004F08DFD0646287898
:10712000012803D0022804D00720F0E7B0070FD5CC
:1071300002E016F01C0F0BD0A8792C1DC00709D057
:10714000E08838B1A068FAF776F818B11020DEE7C9
:107150000820DCE721882A780720B1F5847F35D024
:107160001EDC40F20315A1F20313A94226D00EDC67
:10717000B1F5807FCBD003DCF9B1012926D1C6E778
:10718000A1F58073013BC2D0012B1FD113E0012B6D
:10719000BDD0022B1AD0032BB9D0042B16D112E08C
:1071A000A1F20912082A11D2DFE802F00B04041040
:1071B00010101004ABE7022AA9D007E0012AA6D0DC
:1071C00004E0320700E0F206002AA0DACDB200F0B7
:1071D0007DFF50B198F82300CDE90005FA892346D8
:1071E00039464846FEF78DFC91E711208FE72DE9DF
:1071F000F04F8BB01F4615460C4683460026FAF723
:107200009DFA28B10078222805D208200BB081E52C
:1072100043F20200FAE7B80801D00720F6E7032F8F
:1072200000D100274FF6FF79CCB1022D73D3204651
:10723000FAF74EF830B904EB0508A8F10100FAF7A7
:1072400047F808B11020E1E7AD1E38F8028CAAB269
:107250002146484606F007F940455CD1ADB20D49DC
:10726000B80702D58889401C00E001201FFA80F889
:10727000F80701D08F8900E04F4605AA41465846DD
:1072800005F049FE4FF0070A4FF00009DCB3204635
:107290000BE0000038020020408810283BD8361D43
:1072A000304486B2AE4236D2A01902884245F3D3AA
:1072B00051E000BF9DF8170002074CD594B304EBD2
:1072C0000608361DB8F80230B6B2102B23D89A192A
:1072D000AA4220D8B8F8002091421CD1C0061CD583
:1072E000CDE900A90DF1080C0AAAA11948468CE8BD
:1072F0000700B8F800100022584605F07AFC20B1CB
:10730000FEF7BBF982E726E005E0B8F80200BDF819
:107310002810884201D00B2078E7B8F802003044EA
:1073200086B207E0FFE7C00604D55846FEF71CFC0E
:10733000002888D19DF81700BDF81A1020F0100021
:107340008DF81700BDF81700ADF80000FF23584670
:10735000009A05F064FF05A805F0E9FD18B9BDF82D
:107360001A10B942A6D90421584608F0A7FE040015
:1073700000D1FFDFA2895AB1CDE900A94D46002313
:1073800021465846FEF7BDFB0028BBD1A5813DE74D
:1073900000203BE72DE9FF4F8BB01E4617000D463E
:1073A0004FF0000412D0B00802D007200FB0B1E4B3
:1073B000032E00D100265DB10846F9F780FF28B9F9
:1073C0003888691E0844F9F77AFF08B11020EDE704
:1073D000C74AB00701D5D18900E00121F0074FF677
:1073E000FF7802D0D089401E00E0404686B206AA4F
:1073F0000B9805F090FD4FF000094FF0070B0DF1D1
:10740000140A38E09DF81B00000734D5CDF804902D
:10741000CDF800B0CDF80890CDE9039A434600229C
:107420000B9805F048FE60BB05B3BDF814103A8810
:1074300021442819091D8A4230D3BDF81E2020F8A6
:10744000022BBDF8142020F8022BCDE900B9CDE9BC
:107450000290CDF810A0BDF81E10BDF81430002227
:107460000B9805F028FE08B103209FE7BDF8140033
:107470002044001D84B206A805F059FD20B10A2859
:1074800006D0FEF7FAF891E7BDF81E10B142B9D95F
:1074900034B17DB13888A11C884203D20C2085E725
:1074A000052083E722462946404605F0DCFF0146D9
:1074B00028190180A41C3C80002077E710B5044601
:1074C000F9F7DFFE08B1102010BD8948C08920807F
:1074D000002010BDF0B58BB00D46064614220021E9
:1074E00003A805F050FF01208DF80C008DF8100066
:1074F00000208DF81100ADF814503046FAF71EF94F
:1075000048B10078222812D30421304608F0D6FD75
:10751000040005D103E043F202000BB0F0BDFFDF31
:1075200004F11400074604F086FB800601D408200D
:10753000F3E7207C022140F00100207409A80094A8
:10754000CDE90110072203A930466368FEF78EFAE1
:1075500020B1217C21F001012174DEE7294630466B
:10756000FDF749FE08A9384604F054FB00B1FFDFDF
:10757000BDF82040172C01D2172000E02046A84279
:1075800001D92C4602E0172C00D2172421463046A0
:10759000FFF711FB21463046FDF751FB0020BCE709
:1075A000F8B51C4615460E46069F08F0BAFE23465F
:1075B000FF1DBCB231462A46009408F0B6FAF8BD69
:1075C00070B50C4605460E220021204605F0DBFE74
:1075D000002020802DB1012D01D0FFDF70BD0620DD
:1075E00000E00520A07170BD10B5488008781346F2
:1075F00020F00F00001D20F0F00080300C460870D5
:107600001422194604F1080005F093FE00F062FD13
:107610003748046010BD2DE9F047DFF8D890491DC8
:10762000064621F0030117460C46D9F8000008F081
:1076300092FB050000D1FFDF4FF000083560A5F890
:1076400000802146D9F8000008F085FB050000D134
:10765000FFDF7560A5F800807FB104FB07F1091D0D
:107660000BD0D9F8000008F076FB040000D1FFDF52
:10767000B460C4F80080BDE8F087C6F80880FAE777
:107680002DE9F0411746491D21F00302194D064628
:1076900001681446286808F089FB2246716828684A
:1076A00008F084FB3FB104FB07F2121D03D0B16860
:1076B000286808F07BFB042008F0ACFC044604209A
:1076C00008F0B0FC201A012804D12868BDE8F04178
:1076D00008F036BBBDE8F08110B50C4605F0EAFBBA
:1076E00000B1FFDF2046BDE81040FDF7C6BF000037
:1076F00038020020140000204FF0E0214FF4004039
:10770000C1F88001BFF34F8FBFF36F8F00F021B836
:1077100010B5044600F01DF8002C09D0124A12489A
:1077200012491432124B012C03D0022C07D0FFDF78
:1077300010BD0224046011604FF0407004E0032487
:10774000046011604FF40000186010BD00B5FFDF49
:1077500000BD054800210160016005494FF06070DF
:10776000091D08607047000000F500404802002035
:1077700004F501402DE9F05FDFF850A44FF0000858
:107780008B4606469AF80940474645469AF80190C6
:1077900008E0284601F00EF8817B407811FB007765
:1077A0006D1CEDB24D45F4D19AF8090020442044F7
:1077B00020440744FF2F01D94FF013083068C01C44
:1077C00020F0030232605BEA080021D1FF48FBB2DF
:1077D000062120300CF0C8F9002408E0062C0FD256
:1077E000DFE804F005030A0A0C05F94800E0F9484F
:1077F0000CF0DAF9054604E0F748F9E7F748F7E74F
:10780000FFDFA54200D0FFDF641CE4B2062CE5D305
:10781000306800EB071030604046BDE8F09F38B597
:107820000C468288817B19B14189914200D90A4670
:107830002280C188121D90B26A4607F081FCBDF813
:107840000000032800D30320C1B2208800F0D1FF3C
:1078500038BD38B50C468288817B19B101899142C7
:1078600000D90A462280C188121D90B26A4607F0EC
:1078700067FCBDF80000022800D30220C1B22088B6
:1078800000F0B7FF401CC0B238BD2DE9FF5F824653
:107890008B46D34814460BF10302D0E90110CDE921
:1078A000021022F0030201A84421019208F035FAE7
:1078B000C64E002C02D1CB49019A8A60019901443D
:1078C0000191B57E05F1010504D1E8B20AF026F96F
:1078D00000B1FFDF019800EB0510C01C20F0030190
:1078E000019144B9727A00200870B08B80B205F023
:1078F00040F900B1FFDF0198F16908440190214689
:1079000001A8FFF737FF80460198C01C20F0030054
:107910000190717A04B1002008F0F5FA0199084449
:107920000190214601A800F06FFFA84800273D46BE
:1079300090F801900CE0284600F03CFF0646817864
:107940008088FDF713FA71786D1C00FB0177EDB2AA
:107950004D45F0D10198C01C20F00300019004B106
:1079600000203946FDF70DFA0199002708440190DF
:1079700096483D4690F801900CE0284600F01AFF2A
:107980000646C1788088FEF77AFB71786D1C00FB93
:107990000177EDB24D45F0D10198C01C20F00300F5
:1079A000019004B100203946FEF772FB01994FF0B7
:1079B00000090844019085484D4647780EE0284666
:1079C00000F0F8FE0646807B30B106F1080002F0B8
:1079D0009DF8727800FB02996D1CEDB2BD42EED1AC
:1079E0000198C01C20F00300019004B100207D49E3
:1079F0004A78494602F08EF80199084401902146E0
:107A000001A800F0B3FE0198C01D20F0070001900E
:107A1000DAF80010814204D3A0EB0B01B1F5803FEE
:107A200004DB4FF00408CAF8000004E0CAF80000C4
:107A3000B8F1000F02D0404604B0EEE674BB6A49CC
:107A40000020019A0CF0FEF9FAF77EFB5F4C207ED5
:107A50000090607E012823D0002318B300225B48E9
:107A600000210C30FBF74AF800B1FFDFE07EFEF7A3
:107A7000BCFE00B1FFDF55484FF4F67200213830EC
:107A800005F081FC51480421383080F8E91180F874
:107A9000EA11062180F8EB11032101710020CBE7E8
:107AA0000123DAE702AADAE770B5484C0646383413
:107AB000207804EB4015E078083598B9A01990F8C3
:107AC000E80100280FD0A0780F2800D3FFDF202284
:107AD0000021284605F057FC687866F302006870BC
:107AE0000120E070284670BD2DE9F04105460C46A6
:107AF00000270078052190463E46B1EB101F00D0CC
:107B0000FFDF287A50B101280ED0FFDFA8F800600F
:107B10000CB1278066800020BDE8F081012709268E
:107B200074B16888A08008E00227142644B16888F0
:107B3000A0802869E060A88A2082287B2072E5E77F
:107B4000A8F80060E7E730B5204C01200021207044
:107B50006170207260726176217621730521A182A5
:107B60001F21E182607321A121610A21A176E076C3
:107B70001C4D4FF4B060E0616868C11C21F0030146
:107B8000814200D0FFDF6868606030BD30B5154CC1
:107B90001568636810339D4202D20420136030BD23
:107BA0000A4B5D785A6802EB051210705170032081
:107BB000D080172090800120D070907000209073AA
:107BC0005878401C58706068103013E0540300204F
:107BD000A11F0000359C0000A9B000000F19010092
:107BE000F8B0010018000020000000206E52463559
:107BF000780000006060002030BD70B50646F8488F
:107C00000024457807E0204600F0D4FD0178B14219
:107C100004D0641CE4B2AC42F5D1002070BDF7B5CD
:107C2000074608780C4610B3FFF7E7FF0546A7F1B3
:107C30002006202F06D0052E19D2DFE806F00F2BE4
:107C40002B151A0000F0C2FD0DB1697800E000218B
:107C5000401AA17880B20844FF2808D8A07830B133
:107C6000A088022824D202E06088172820D20720AA
:107C7000FEBD207AE0B161881729F8D3A1881729C1
:107C8000F5D3A1790029F2D0E1790029EFD040287D
:107C900004D9ECE7242F0BD1207A48B161884FF644
:107CA000FB70814202D8A188814201D90420FEBD27
:107CB00065B9207802AA0121FFF768FF0028F6D1F4
:107CC0002078FFF79AFF050000D1FFDF052E18D2BC
:107CD000DFE806F0030B0E081100A0786870A0889A
:107CE000E8800FE06088A8800CE0A078A87009E028
:107CF000A078E87006E054F8020FA8606068E860B9
:107D000000E0FFDF0020FEBD1A2835D00DDC13286F
:107D100032D2DFE800F01B31203131272723252D17
:107D2000313129313131312F0F00302802D003DCBD
:107D30001E2821D1072070473A3809281CD2DFE8D5
:107D400000F0151B0F1B1B1B1B1B0700002070479F
:107D500043F20400704743F202007047042070476A
:107D60000D2070470F207047082070471120704782
:107D700013207047062070470320704710B5007825
:107D800000F0010007F0D2F9BDE81040BCE710B5E3
:107D9000007800F0010007F0CEF9BDE81040B3E72D
:107DA0000EB5017801F001018DF80010417801F065
:107DB00001018DF801100178C1F340018DF8021026
:107DC0004178C1F340018DF80310017889088DF8DE
:107DD0000410417889088DF8051081788DF8061017
:107DE000C1788DF8071000798DF80800684606F014
:107DF0005DFEFFF789FF0EBD2DE9F84F784CDFF8E7
:107E0000E481383400261FE0012000F048FD012005
:107E1000FFF74AFE054644214746D8F8080007F018
:107E20009AFF686000B9FFDF686806F03BFDA8B103
:107E30002846F9F7F1FD284600F036FD20B9442226
:107E40006968B86807F0B2FF94F9E9010428DBDA41
:107E5000022008F0DFF807460025A6E04422696802
:107E6000D8F8080007F0A2FFF2E7B8F80210404681
:107E7000491C89B2A8F80210B94201D300214180FF
:107E80000221B8F8020008F019F9002865D0B8F806
:107E90000200694607F0C8F8FFF736FF00B1FFDFC0
:107EA0009DF8000078B1B8F8020008F04CFA5FEADB
:107EB000000900D1FFDF484607F0CBFC18B1B8F845
:107EC000020002F0D0F8B8F8020008F02AFA5FEADF
:107ED000000900D1FFDF484607F0B3FCE8BB0321EF
:107EE000B8F8020008F0EAF85FEA000B48D1FFDFBB
:107EF00046E000BFDBF8100010B10078FF2849D041
:107F0000022000F0CCFC0220FFF7CEFD824648465E
:107F100007F0A3FDCAF8040000B9FFDFDAF8040097
:107F200007F06BFE002100900170B8F80210504677
:107F3000AAF8021001F0BAFF484607F060FE00B947
:107F4000FFDF504600F0B0FC18B99AF801000007B6
:107F500004D50099CBF8101012E024E0DBF81000F3
:107F600038B10178491C11F0FF01017008D1FFDF21
:107F700006E000221146484600F0F6FB00B9FFDF9C
:107F800094F9EA01022805DBB8F8020001F055FF78
:107F90000028AFD194F9E901042804DB484607F032
:107FA00092FE00B101266D1CEDB2BD4204D294F9DF
:107FB000EA010228BFF659AF002E7FF423AFBDE8D7
:107FC000F84F032000F06BBC10B5064CE060086869
:107FD0002061AFF2DB1002F0C8FF607010BD00003E
:107FE0005403002018000020F74800210170F748D2
:107FF0000170F7494160704770B505464FF08050F9
:108000000C46D0F8A410491C05D1D0F8A810C943DB
:108010000904090C0BD050F8A01F01F001012970D0
:10802000416821608068A080287830B970BD062141
:1080300020460BF08CFB01202870607940F0C000D6
:10804000607170BD70B54FF080540D46D4F880104B
:10805000491C0BD1D4F88410491C07D1D4F88810DE
:10806000491C03D1D4F88C10491C0CD0D4F88010D2
:108070000160D4F884104160D4F888108160D4F88D
:108080008C10C16002E010210BF061FBD4F890006D
:10809000401C0BD1D4F89400401C07D1D4F89800B0
:1080A000401C03D1D4F89C00401C09D054F8900F18
:1080B000286060686860A068A860E068E86070BDDB
:1080C0002846BDE8704010210BF041BBBE48383057
:1080D0000079E9E470B5BC4C3834E07830B32078EE
:1080E00004EB4010407A00F00700204490F9E801CA
:1080F000002800DCFFDF2078002504EB4010407AE8
:1081000000F00700011991F8E801401E81F8E8012C
:108110002078401CC0B220700F2800D12570A078B4
:10812000401CA0700BF09CF9E57070BDFFDF70BDC6
:108130003EB50546032107F0C1FF0446284608F076
:10814000F0F8054604B9FFDF206918B10078FF2870
:1081500000D1FFDF01AA6946284600F005FB60B99F
:10816000FFDF0AE0002202A9284600F0FDFA00B96C
:10817000FFDF9DF8080000B1FFDF9DF80000411E01
:108180008DF80010EED220690199884201D10020BB
:1081900020613EBD70B50546A0F57F400C46FF3816
:1081A00000D1FFDF012C01D0FFDF70BDFFF78EFF94
:1081B000040000D1FFDF207820F00F00401D20F0E8
:1081C000F000503020706580002020720120207364
:1081D000BDE870407EE72DE9F04116460D460746A2
:1081E000FFF774FF040000D1FFDF207820F00F00BC
:1081F000401D20F0F0005030207067800120207278
:1082000028682061A888A0822673BDE8F04161E754
:108210007FB5FFF7F2FC040000D1FFDF02A9204682
:10822000FFF7FDFA054603A92046FFF712FB8DF87C
:1082300000508DF80100BDF80800001DADF80200E7
:10824000BDF80C00001DADF80400E088ADF8060094
:10825000684606F053FF002800D0FFDF7FBD2DE900
:10826000F05F5A4E8146307810B10820BDE8F09F8B
:108270004846F9F706F808B11020F7E7524C207885
:1082800008B9FFF760FC647A4D4600F09FFAA042FF
:1082900007D2201AC1B22A460020FFF777FC002837
:1082A000E4D171684848C91C002721F003017160BE
:1082B000B3463E463D46BA463C4690F801800AE049
:1082C000204600F077FA4178807B0E4410FB015580
:1082D000641CE4B27F1C4445F2D10AEB870000EB3A
:1082E000C600DBF8041000EB850045185C4601224F
:1082F00029464846FFF7C9FA060013D00020FFF7C9
:108300007CFC05000CD005F11300616820F003002F
:10831000884200D0FFDF2C484178491E41706560DB
:108320003046A3E7002229464846FFF7AEFA00B1DF
:10833000FFDFD9F8000060604FF6FF706080012019
:108340002070002092E72DE9F04104461F481746AF
:108350000E46007810B10820BDE8F0810846F8F715
:108360006AFF08B11020F7E7174D287808B9FFF722
:10837000EAFB601E1E2807D8012C22D13078FE2887
:108380001FD8A8760020E7E7A4F120001F2805D811
:10839000E0B23A463146BDE8F04140E4A4F1400085
:1083A0001F2805D831462046BDE8F04100F0A2BAAA
:1083B000A4F1A0001F2804D80020A02C0AD0A12CD2
:1083C0000DD00720C8E7000054030020180000204B
:1083D00048100020317801F00101E976BCE73168EE
:1083E0000922F82901D38B0701D01046B4E76B7B33
:1083F00003F00303012B04D1EB8AD7339CB28C42E8
:10840000F3D8E961A8E72DE9F04781460E46084612
:10841000F8F737FF48B94846F8F751FF28B909F18E
:10842000030020F00301494502D01020BDE8F08789
:10843000FC484FF0000A817869B14178804600EB32
:1084400041140834378832460021204600F039FABA
:10845000050004D027E0A6F800A00520E6E7B9F162
:10846000000F24D03088B84201D90C251FE0607875
:1084700000F00705284600F012FA08EB050732461F
:1084800097F8E8014946401C87F8E801204607F5BF
:10849000F47700F016FA05463878401E387003204D
:1084A00000F0FDF92DB10C2D01D0A6F800A0284652
:1084B000BCE76078DC4E00F00701012923D00229D7
:1084C0000CD0032933D0FFDF98F801104046491C37
:1084D000C9B288F801100F2934D035E0616821B1A4
:1084E000000702D46088FFF723FE98F8EA014746A8
:1084F000012802D1707802F057FD97F9EA010428AB
:10850000E2DBFFDFE0E7616819B14422B06807F001
:108510004DFC98F8E9014746032802D1707802F033
:1085200043FD97F9E9010428CEDBFFDFCCE7C00665
:1085300002D56088FFF7FCFD98F9EB010628C3DB44
:10854000FFDFC1E780F801A08178491E8170617862
:1085500001F0070101EB080090F8E811491C80F8D0
:10856000E811A4E770B50D460446F8F764FE18B9A3
:108570002846F8F786FE08B1102070BD294620462F
:10858000BDE8704009F002BB70B5054609F021FB5B
:10859000C4B22846F8F793FE08B1102070BD35B17B
:1085A00028782C7018B1A04201D0072070BD204659
:1085B000FDF7D2FD052805D109F00FFB012801D0F8
:1085C000002070BD0F2070BD70B5044615460E46E4
:1085D0000846F8F730FE18B92846F8F752FE08B1F9
:1085E000102070BD022C03D0102C01D0092070BDCA
:1085F0002A463146204609F0F9FA0028F7D005202E
:1086000070BD70B514460D460646F8F714FE38B92D
:108610002846F8F736FE18B92046F8F750FE08B19C
:10862000102070BD22462946304609F0FEFA002887
:10863000F7D0072070BD3EB50446F8F722FE08B11A
:1086400010203EBD684606F0C0F9FFF75DFB00282C
:10865000F7D19DF806002070BDF808006080BDF8D5
:108660000A00A08000203EBD70B505460C460846B5
:10867000F8F725FE20B93CB12068F8F702FE08B1F2
:10868000102070BDA08828B121462846BDE8704062
:10869000FDF7BABD092070BD70B505460C46084609
:1086A000F8F7C9FD30B9681E1E2814D82046F8F71F
:1086B000C2FD08B1102070BD032D01D9072070BD87
:1086C00005B9FFDF594800EB850050F8041C20462F
:1086D000BDE870400847A5F120001F2805D82146B5
:1086E0002846BDE87040F9F7C1BCF02D0AD0BF2D77
:1086F000E4D1A078218800F0010001F08DFA68B182
:10870000002070BDA068F8F796FD0028D2D1204661
:1087100006F04CFDBDE87040FFF7F6BA082070BDCA
:1087200070B504460D460846F8F7ABFD30B9601E3B
:108730001E280FD82846F8F77EFD08B1102070BD1E
:10874000012C03D0022C01D0032C01D1062070BDD6
:10875000072070BDA4F120001F28F9D82946204623
:10876000BDE87040F9F7D0BC07F03AB81CB5002955
:108770001FD104F02AFE2C4800224178C06805F081
:108780001DFF29481030C0788DF8000010B1012875
:1087900002D004E0012000E000208DF800006846CF
:1087A00006F06BF9214824380068019001A806F012
:1087B000BFFA1CBD30B51B4D0446383D6878A04259
:1087C00000D8FFDF686800EB041030BD70B51548B5
:1087D000002538382C46467807E02046FFF7EAFFA8
:1087E0004078641C2844C5B2E4B2B442F5D12846AE
:1087F00070BD021D5143452900D245210844C01CCB
:10880000B0FBF2F0C0B270472DE9FC5F06460548A8
:108810004FF0000838388B464746444690F80190A0
:1088200029E000008C030020180000201CB101008A
:108830002046FFF7BFFF050000D1FFDF68786946DB
:108840003844C7B22846FEF7EAFF824601A9284607
:10885000FEF7FFFF0346BDF804005246001D81B23B
:10886000BDF80000001D80B207F0A6FC6A78641C09
:1088700000FB0288E4B24C45DAD13068C01C20F01D
:1088800003003060BBF1000F00D0002042463946A3
:1088900007F0A0FC316808443060BDE8FC9F5649F1
:1088A00008710020C87070475349CA782AB10A7805
:1088B00001EB42110831814201D0012070470020B4
:1088C00070472DE9F04106460078154600F00F0488
:1088D00000201080601E0F46052800D3FFDF4748A8
:1088E0002A4600EB8400394650F8043C3046BDE887
:1088F000F04118472DE9F0413F4E0C46383E4028E4
:1089000006D041281AD0422822D0432826D11AE086
:1089100020786578012801D913201DE5FF2D08D89E
:1089200009F0F4FA07460AF053FD381A401EA8422F
:1089300001DA122010E5208830810DE0BDE8F04119
:10894000084600F00DB80878022807D8307603E012
:108950000878022802D870760020FDE40720FBE4A6
:1089600038B50446407800F00300012803D00228FF
:108970000BD0072038BD606858B1F8F7A9FCD0B912
:108980006068F8F79CFC20B915E06068F8F753FCC4
:1089900088B969462046FBF77FF90028EAD160785C
:1089A00000F00300022808D19DF8000028B160689B
:1089B000F8F785FC08B1102038BD6189F8290ED878
:1089C000208988420BD8607800F003020A483838C2
:1089D000012A06D1D731C26989B28A4201D209205F
:1089E00038BD94E80E0000F10C0585E80E000AB9C8
:1089F00000218182002038BD8C03002004B10100D9
:108A00002DE9F041074614468846084601F024FD4A
:108A1000064608EB88001C22796802EBC0000D189E
:108A2000688C58B14146384601F025FD014678680A
:108A30000078C200082305F120000CE0E88CA8B102
:108A40004146384601F01EFD01467868082340780B
:108A5000C20005F1240007F000FA38B106212172A6
:108A60006681D0E90010C4E9031009E028780928DC
:108A70000BD00520207266816868E06000202870B5
:108A80002046BDE8F04101F0C8BC07202072668195
:108A9000F4E72DE9F04116460D460746406801EB24
:108AA00085011C2202EBC1014418204601F00CFD97
:108AB00040B10021708865F30F2160F31F4105204C
:108AC0000BF02CF909202070324629463846BDE8C3
:108AD000F04195E72DE9F0410E46074600241C21A0
:108AE000F07816E004EB8403726801EBC303D25CF8
:108AF0006AB1FFF7EBFA050000D1FFDF6F802A466D
:108B000021463046FFF7C5FF0120BDE8F081641C17
:108B1000E4B2A042E6D80020F7E770B5064600248C
:108B20001C21C0780AE000BF04EB8403726801EBEB
:108B3000C303D5182A782AB1641CE4B2A042F3D842
:108B4000402070BD28220021284604F01CFC7068DB
:108B500080892881204670BD70B5034600201C2501
:108B6000DC780CE000EB80065A6805EBC606324460
:108B7000167816B1128A8A4204D0401CC0B28442D0
:108B8000F0D8402070BDF0B5044600201C26E578E2
:108B90000EE000BF00EB8007636806EBC7073B44AD
:108BA0001F788F4202D15B78934204D0401CC0B240
:108BB0008542EFD84020F0BD0078032801D0002086
:108BC0007047012070470078022801D000207047CC
:108BD000012070470078072801D00020704701204D
:108BE00070472DE9F041064688461078F178154621
:108BF000884200D3FFDF2C781C27641CF078E4B295
:108C0000A04201D8201AC4B204EB8401706807EBBB
:108C1000C1010844017821B14146884708B12C7050
:108C200073E72878A042E8D1402028706DE770B53E
:108C300014460B880122A240134207D113430B8034
:108C400001230A22011D07F0D2F8047070BD2DE93E
:108C5000FF4F81B00878DDE90E7B9A4691460E46BB
:108C600040072CD4019807F06EFB040000D1FFDF11
:108C700007F1040820461FFA88F106F0BDFC050044
:108C800000D1FFDF204629466A4606F008FF00981B
:108C9000A0F80370A0F805A0284606F0AEFF017802
:108CA00069F306016BF3C711017020461FFA88F1C2
:108CB00006F0E5FC00B9FFDF019805F027FC06EBA4
:108CC0000900017F491C017705B0BDE8F08F2DE94F
:108CD000F84F0E469A4691460746032107F0EEF9F3
:108CE0000446008DDFF87C85002518B198F8000057
:108CF000B0421ED1384607F026FB070000D1FFDF47
:108D000009F10401384689B206F076FC050010D05E
:108D1000384629466A4606F0C2FE009800210A46F7
:108D20000180817005F067FC0098C01DCAF8000042
:108D300021E098F80000B04216D104F1260734F87B
:108D4000341F012000FA06F911EA090F00D0FFDFF5
:108D50002088012340EA090020800A22391D384674
:108D600007F060F8067006E0324604F1340104F1C1
:108D70002600FFF75CFF0A2188F800102846BDE8AE
:108D8000F88FFEB515460C46064602AB0C220621AE
:108D9000FFF79DFF002827D00299607812220A7001
:108DA000801C487008224A80A070029829880523F8
:108DB00081806988C180A9880181E9884181002575
:108DC0000C20CDE90005062221463046FFF73FFF83
:108DD0002946002266F31F41F02310460AF0F4FEF4
:108DE0006078801C60700120FEBD2DE9FE430C46BA
:108DF000804644E002AB0E2207214046FFF767FFA2
:108E0000002841D060681C2267788678BF1C06EB7A
:108E1000860102EBC10145180298142101704770C8
:108E20000A214180698A0181E98A4181A98881807A
:108E3000A9898181304601F00FFB029905230722A1
:108E4000C8806F700420287000250E20CDE9000531
:108E500021464046FFF7FBFE294666F30F2168F3E3
:108E60001F41F023002205200AF0AEFE6078FE4983
:108E7000801C607062682046921CFFF7B2FE60683A
:108E800080784028B6D10120BDE8FE83FEB50D46AE
:108E9000064638E002AB0E2207213046FFF717FFE7
:108EA000002835D068681C23C17801EB810203EBF0
:108EB000C2028418029815220270627842700A2257
:108EC0004280A2894281A2888281084601F0C4FAC8
:108ED000014602988180618AC180E18A0181A0886F
:108EE000B8B10020207000210E20CDE9000105233B
:108EF000072229463046FFF7AAFE6A68DB49284662
:108F0000D21CFFF76EFE6868C0784028C2D10120ED
:108F1000FEBD0620E6E72DE9FE430C46814644E00F
:108F2000204601F0BBFAD0B302AB08220721484625
:108F3000FFF7CDFE0028A7D060681C22657806796F
:108F4000AD1C06EB860102EBC10147180298B7F889
:108F5000108006210170457004214180304601F0E7
:108F60007BFA0146029805230722C180A0F80480FD
:108F70007D70082038700025CDE90005214648465F
:108F8000FFF765FE294666F30F2169F31F41F023C1
:108F9000002205200AF018FE6078801C607062686C
:108FA000B3492046121DFFF71CFE60680179402975
:108FB000B6D1012068E72DE9F34F83B00D4691E06B
:108FC000284601F06BFA00287ED068681C2290F8D1
:108FD00006A00AEB8A0102EBC1014418514628465B
:108FE00001F050FAA178CB0069684978CA000146BF
:108FF00004F1240006F04DFF07468188E08B4FF016
:109000000009091A8EB208B1C84607E04FF00108FE
:10901000504601F00CFA08B9B61CB6B2208BB0422B
:1090200000D80646B34602AB324607210398FFF745
:109030004EFE060007D0B8F1000F0BD0504601F0ED
:10904000F6F910B106E000203EE60299B8884FF02C
:10905000020908800196E28B3968ABEB09001FFA20
:1090600080F80A4403984E46009207F06CF9DDE957
:109070000021F61D4346009606F08BFDE08B404430
:1090800080B2E083B988884201D1012600E0002641
:10909000CDE900B6238A072229460398FFF7D7FDBA
:1090A000504601F0C4F910B9E089401EE0815EB17C
:1090B000A078401CA0706868E978427811FB02F142
:1090C000CAB20123816900E006E00E3006F08FFE8F
:1090D00080F800A00020E0836A6866492846921D57
:1090E000FFF77FFD6868817940297FF469AF01202F
:1090F000EAE570B5064648680D4614468179402970
:1091000010D104EB84011C2202EBC101084401F0E0
:10911000FCF9002806D06868294684713046BDE80D
:10912000704048E770BDFEB50C460746002645E096
:10913000204601F0B3F9D8B360681C22417901EBF5
:10914000810102EBC1014518688900B9FFDF02AB5C
:10915000082207213846FFF7BAFD002833D00299CC
:10916000607816220A70801C48700420488060686D
:10917000407901F071F901460298052307228180A8
:109180006989C1800820CDE9000621463846FFF7ED
:109190005EFD6078801C6070A88969890844B0F51C
:1091A000803F00D3FFDFA88969890844A8816E81C8
:1091B000626831492046521DFFF713FD606841790E
:1091C0004029B5D10120FEBD30B5438C458BC3F39A
:1091D000C704002345B1838B641EED1AC38A6D1E3C
:1091E0001D4495FBF3F3E4B22CB1008918B1A04201
:1091F00000D8204603444FF6FF70834200D3034655
:1092000013800C7030BD2DE9FC41074616460D4613
:10921000486802EB86011C2202EBC10144186A4631
:1092200001A92046FFF7D0FFA089618901448AB2D5
:10923000BDF80010914212D0081A00D500206081BC
:109240006868407940280AD1204601F054F9002886
:1092500005D06868294646713846FFF764FFBDE8C7
:10926000FC8100002C000020B98B0000C78B00009F
:10927000D58B00000BA50000F7A400002DE9FE4FE0
:109280000F46814615465088032106F017FF0190CE
:10929000B9F8020001F0D3F882460146019801F0C6
:1092A000FDF8002824D001981C2241680AEB8A00AE
:1092B00002EBC0000C18204601F006F9002817D177
:1092C000B9F80000E18A88420ED8A18961B1B8429C
:1092D0000ED100265146019801F0CDF8218C01EB0A
:1092E0000008608B30B114E0504601F0A0F8A0B344
:1092F000BDE8FE8F504601F09AF808B1678308E098
:10930000022FF5D3B9F804006083618A884224D81B
:109310000226B81B87B2B8F80400A28B801A002876
:1093200014DD874200DA38461FFA80FB68886968D6
:109330000291D8F800100A44009206F0F2FFF61DE0
:10934000009A5B460299009606F0EFFBA08B38442A
:1093500080B2A083618B884207D96888019903B0E5
:109360005246BDE8F04F01F0EDB81FD14FF00900B3
:109370002872B9F802006881D8E90010C5E9041024
:10938000608BA881284601F048F85146019801F009
:1093900072F801460198082340680078C20004F181
:1093A000200006F05AFD0020A0836083504601F0A3
:1093B0003EF810B9A089401EA0816888019903B0C9
:1093C0000AF0FF02BDE8F04F1DE72DE9F041064627
:1093D00015460F461C461846F7F72DFF18B92068AA
:1093E000F7F74FFF08B110201AE47168688C09780C
:1093F000B0EBC10F01D3132012E43946304601F01F
:109400003AF80146706808230078C20005F1200090
:1094100006F0EDFCD4E90012C0E90012002005E4DA
:1094200010B50446032106F049FE014600F114027E
:109430002046BDE81040A4E470B50446032106F0C0
:109440003DFE054601462046FFF765FD002816D083
:1094500029462046FFF767FE002810D029462046FF
:10946000FFF714FD00280AD029462046FFF7BDFC6F
:10947000002804D029462046BDE870409BE570BD19
:109480002DE9F0410C4680461EE0E178427811FB60
:1094900002F1CAB2816901230E3006F0DEFC0778C2
:1094A00060681C22C179491EC17107EB87016068A1
:1094B00002EBC10146183946204600F0EFFF18B113
:1094C000304600F0FAFF20B16068C1790029DCD194
:1094D0008AE7FEF7FBFD050000D1FFDF0A202872B6
:1094E000384600F0B9FF68813946204600F0CAFFCF
:1094F0000146606808234078C20006F1240006F0A7
:10950000ACFCD0E90010C5E90310A5F8028028469C
:1095100000F083FFB07800B9FFDFB078401EB07074
:1095200062E770B50C460546032106F0C7FD01460B
:109530004068C2792244C2712846BDE870409FE766
:109540002DE9FE4F8246507814460F464FF0000832
:10955000002850D0012807D0022822D0FFDF206841
:10956000B8606068F860C3E602AB0E22082150467E
:10957000FFF7ADFB0028F2D00298152105230170FA
:10958000217841700A214180C0F80480C0F8088029
:10959000A0F80C80628882810E20CDE900080822A4
:1095A00021E0A678304600F057FF054606EB86011D
:1095B0002C22786802EBC1010822465A02AB114600
:1095C0005046FFF784FB0028C9D00298072101709C
:1095D000217841700421418008218580C680CDE931
:1095E000001805230A4639464FEA0A00FFF72FFB09
:1095F00087F808807CE6A678022516B1022E13D0E3
:10960000FFDF2A1D914602AB08215046FFF75FFBA2
:109610000028A4D002980121022E01702178417007
:109620004580868002D005E00625EAE7A188C18052
:10963000E1880181CDE9009805230822394650468A
:10964000D4E710B50446032106F038FD014600F1C9
:1096500008022046BDE8104072E72DE9F04F0F46A2
:10966000054687B014465088032106F027FD4FF0C9
:1096700000088DF808800646ADF80A80042F5CD3F8
:109680006A78002A59D028784FF6FF794FF01C0AE3
:10969000132815D006DC01286FD006282BD0072808
:1096A00006D16EE0142869D0152868D0162867D036
:1096B000CDF80080CDF8048068788DF8000037E0A0
:1096C000B078904239D13078010736D5062F34D1A1
:1096D00020F0080030706088414660F31F41002090
:1096E0000AF01CFB02208DF80800ADF80C90A88849
:1096F000ADF80E00F4E0082F1FD1A888EF8881464E
:1097000000F09DFE80460146304600F0C7FE18B1CD
:10971000404600F08CFE98B1FA48D0E90010CDE93F
:1097200000106878ADF804908DF80000ADF8067070
:1097300060886A463146FFF703FF07B0BDE8F08F47
:10974000716808EB88002C2202EBC000085AB8426E
:10975000F3D1EC486A46D0E90210CDE900106878F0
:109760008DF8000008F0FF058DF802506088314642
:10977000FFF7E6FE2246294623E097E025E0CEE00B
:1097800023E1082FD9D1B5F80480E88800F057FE0E
:1097900007460146304600F081FE0028CDD007EB99
:1097A000870271680AEBC2000844028A4245C4D1AC
:1097B00001780829C1D1407869788842BDD1F9B2D1
:1097C00022463046FFF765F9B7E70E2F7FF470AFFA
:1097D000E9886F898B46B5F808903046FFF7BCF9E9
:1097E000ABF14001402901D3092048E0B9F1170F3E
:1097F00001D3172F01D20B2041E040280ED000EBFF
:10980000800271680AEBC20008440178012903D183
:1098100040786978884290D00A2030E03046FFF7DF
:109820007CF940282AD000EB800372680AEBC30160
:1098300002EB0108012288F800206A7888F80120EC
:109840007168AA884989B94200D93946AD8903238C
:109850002372A282E7812182A4F80C90658200F035
:10986000FBFD6081A8F81490A8F81870A8F80E50B5
:10987000A8F810B0204600F0D0FD5EE704200521D6
:109880002172A4F80A80E081012121739D49D1E968
:109890000421CDE9002169788DF80010ADF80200AF
:1098A00060886A463146FFF74BFEE3E7062F8BD30D
:1098B000B07890421AD13078010717D520F008000F
:1098C00030706088414660F31F4100200AF026FA9C
:1098D00002208DF80800A888ADF80C00ADF80E90B5
:1098E0006088224602A9F8F785FB26E70421304666
:1098F000FFF749F905464028BFD0022083030090B6
:1099000022462946304600F0E6FD4146608865F370
:109910000F2160F31F4105200AF000FA0DE70E2F1A
:10992000ABD104213046FFF72EF981464028A4D060
:109930004146608869F30F2160F31F4105200AF05A
:10994000EDF9A88906906889009070682F89408990
:10995000B84200D938468346B5F80680A8880190F9
:10996000484600F079FD6081069818B10220009009
:10997000069B24E0B8F1170F1ED3172F1CD3042029
:10998000207200986082E781A4F810B0A4F80C80DF
:1099900009EB890271680AEBC2000D18DDE90002CB
:1099A000A5F81480A5F818B0E8812A82204600F0B6
:1099B00034FD06202870C0E601200B2300902246CB
:1099C0004946304600F087FDB7E6082F8DD1A988BB
:1099D0003046FFF7C1F80746402886D000F027FD43
:1099E00000289BD107EB870271680AEBC20008448C
:1099F000804600F069FD002890D1ED88B8F80E008F
:109A00002844B0F5803F05D360883A46314600F0DF
:109A100099FD92E6002DCED0A8F80E0060883A4657
:109A20003146FFF766FB08202072384600F014FD2F
:109A30006081A5811EE72DE9F05F0C4601281ED04C
:109A4000957992F80480567905EB85011F2202EB87
:109A5000C10121F0030B08EB060111FB05F14FF6E4
:109A6000FF7202EAC10909F1030115FB0611264F35
:109A700021F0031ABB6840B101283ED125E061689E
:109A8000E57891F800804E78DEE75946184606F0F2
:109A900062F9606000B9FFDF5A460021606803F098
:109AA00072FCE5705146B86806F055F96168486186
:109AB00000B9FFDF6068426902EB090181616068FB
:109AC00080F800806068467017E06068524641691F
:109AD000184606F06BF95A466168B86806F066F9F0
:109AE000032006F097FA0446032006F09BFA201A9A
:109AF000012802D1B86806F023F90BEB0A00BDE893
:109B0000F09F000028B101002C0000200246002137
:109B1000022090E7F7B5FF4C0A2016462070009807
:109B200060B100254FEA0D0006F0F7F80021A170A2
:109B30006670002D01D10099A160FEBD01250020B5
:109B4000F2E770B50C46154638220021204603F096
:109B50001AFC012666700A22002104F11C0003F0A1
:109B600012FC05B9FFDF297A207861F3010020702B
:109B7000A87900282DD02A4621460020FFF75BFF58
:109B800061684020E34A88706168C8706168087144
:109B900061684871616888716168288808816168B6
:109BA00068884881606886819078002811D0616853
:109BB0000620087761682888C885616828884886F3
:109BC0006068068560686988928801868186468516
:109BD000828570BDC878002802D0002201202AE7C3
:109BE000704770B50546002165F31F4100200AF05B
:109BF00095F80321284606F061FA040000D1FFDF42
:109C000021462846FEF766FF002804D0207840F061
:109C100010002070012070BD70B505460C46032071
:109C200006F0EAF908B1002070BDBA48857084805A
:109C3000012070BD2DE9FF4180460E460F0CFEF756
:109C400045FA050007D06F800321384606F036FA42
:109C5000040008D106E004B03846BDE8F041132105
:109C6000F8F79EBDFFDF5FEA080005D0B8F1050FE9
:109C700018D0FFDFBDE8FF8120782A4620F00800D9
:109C800020700020ADF8020002208DF800004FF691
:109C9000FF70ADF80400ADF8060069463846F8F7E5
:109CA000A9F9E7E7C6F3072101EB81021C236068ED
:109CB00003EBC202805C042803D008280AD0FFDF2F
:109CC000D8E7012000904FF440432A46204600F098
:109CD00002FCCFE704B02A462046BDE8F041FEF77B
:109CE000D8BE2DE9F05F05464089002790460C4616
:109CF0003E46824600F0A3FB8146287AC01E082813
:109D00006BD2DFE800F00D04192058363C4772276B
:109D10001026002C6CD0D5E90301C4E902015CE0F7
:109D200070271226002C63D00A2205F10C0104F1E1
:109D3000080003F0FEFA50E071270C26002C57D0E3
:109D4000E868A06049E0742710269CB3D5E90301B8
:109D5000C4E902016888032106F0B0F98346FEF7E2
:109D6000B5F902466888508049465846FEF748FED5
:109D700033E075270A26ECB1A88920812DE07627EB
:109D80001426BCB105F10C0004F1080307C883E8F0
:109D9000070022E07727102664B1D5E90301C4E962
:109DA00002016888032106F089F901466888FFF7F7
:109DB00067FB12E01CE073270826CCB168880321FA
:109DC00006F07CF901460078C00606D56888FEF7E3
:109DD00081FE10B96888F7F703FEA8F800602CB17F
:109DE0002780A4F806A066806888A080002086E608
:109DF000A8F80060FAE72DE9FC410C461E4617461C
:109E00008046032106F05AF905460A2C0AD2DFE8FB
:109E100004F005050505050509090907042303E004
:109E2000062301E0FFDF0023CDE900762246294624
:109E30004046FEF70CFFBDE8FC81F8B50546A0F5ED
:109E40007F40FF382BD0284606F06BFA040000D183
:109E5000FFDF204605F001FE002821D001466A46BA
:109E6000204605F01CFE00980321B0F80560284646
:109E700006F024F90446052E13D0304600F0DFFA30
:109E800005460146204600F009FB40B1606805EB3D
:109E900085013E2202EBC101405A002800D001207A
:109EA000F8BD007A0028FAD00020F8BDF8B50446C5
:109EB000408806F036FA050000D1FFDF6A462846E2
:109EC000616800F0A8FA01460098091F8BB230F8CB
:109ED000032F0280428842800188994205D1042ADA
:109EE00008D0052A20D0062A16D022461946FFF7A8
:109EF000C5F9F8BD001D0E4605460146224630460E
:109F0000FBF763F90828F4D1224629463046FCF7CE
:109F1000C2F9F8BD2C000020636864880A46011D60
:109F20002046F9F7C5FBF4E72246001DFFF795FB35
:109F3000EFE770B50D460646032106F0BFF80400B2
:109F400004D02078000704D5112070BD43F2020030
:109F500070BD2A4621463046FEF713FF18B928681F
:109F600060616868A061207840F0080020700020DF
:109F700070BD2DE9F04F0E4691B08046032106F0EA
:109F80009DF80446404606F0DEF90746002007909B
:109F900008900990ADF830000A9002900390049068
:109FA00004B9FFDF0DF10809FFB9FFDF1DE03846F6
:109FB0000BA9002205F014FC9DF82C0000F07F0591
:109FC0000A2D00D3FFDF6019017F491E01779DF83C
:109FD0002C00000609D52A460CA907A8FEF727FE83
:109FE00019F80510491C09F80510761EF6B2DED2E4
:109FF00004F13400F84D04F1260BDFF8E0A304F17E
:10A000002A07069010E05846069900F08DFA064699
:10A0100028700A2800D3FFDF5AF8261040468847E8
:10A02000E08CC05DB04202D0208D0028EBD10A2028
:10A030002870EA4D4E4628350EE00CA907A800F01E
:10A0400073FA0446375D55F8240000B9FFDF55F870
:10A050002420394640469047BDF81E000028ECD128
:10A0600011B0BDE8F08F10B5032106F027F8040009
:10A0700000D1FFDF0A22002104F11C0003F083F964
:10A08000207840F00400207010BD10B50C4603216C
:10A0900006F014F82044007F002800D0012010BDF5
:10A0A0002DE9F84F894615468246032106F006F849
:10A0B000070004D02846F7F7BEF840B903E043F2A2
:10A0C0000200BDE8F88F4846F7F7DBF808B110202A
:10A0D000F7E7786828B169880089814201D90920A9
:10A0E000EFE7B9F800001C2488B100F0A8F9804619
:10A0F0000146384600F0D2F988B108EB880079684B
:10A1000004EBC000085C01280BD00820D9E73846D2
:10A11000FEF703FD8046402807D11320D1E7052034
:10A12000CFE7FDF7D3FF06000BD008EB8800796876
:10A1300004EBC0000C18B9F8000020B1E88910B198
:10A1400013E01120BDE72888172802D36888172854
:10A1500001D20720B5E7686838B12B1D2246414679
:10A160003846FFF732F90028ABD104F10C026946FA
:10A170002046FFF729F8288860826888E082B9F8CD
:10A18000000030B102202070E889A080E889A0B1E9
:10A190002BE003202070A889A0807868817840296E
:10A1A00005D180F8028039465046FEF71EFE404633
:10A1B00000F052F9A9F8000021E07868218B40896D
:10A1C000884200D908462083A6F802A004203072F5
:10A1D000B9F800007081E0897082F181208B3082B3
:10A1E000A08AB081304600F018F97868C17840291B
:10A1F00005D180F8038039465046FEF747FE00201F
:10A200005FE770B50D460646032105F057FF0400D1
:10A210000ED0284600F013F905460146204600F00E
:10A220003DF918B1284600F002F920B1052070BDB3
:10A2300043F2020070BD05EB85011C22606802EB51
:10A24000C101084400F040F908B1082070BD2A4659
:10A250002146304600F076F9002070BD2DE9F0412E
:10A260000C4617468046032105F028FF0546204688
:10A2700000F0E5F8044695B10146284600F00EF9D5
:10A2800080B104EB84011C22686802EBC10146180E
:10A29000304600F019F938B10820BDE8F08143F2EA
:10A2A0000200FAE70520F8E73B46324621462846F9
:10A2B000FFF78BF80028F0D1E2B229464046FEF7BE
:10A2C000A2FF708C0838082803D24348407800F079
:10A2D0006BFE0020E1E72DE9F0410D461746804670
:10A2E000032105F0EBFE0446284600F0A8F80646D8
:10A2F00024B13846F6F79FFF38B902E043F2020076
:10A30000CBE73868F6F797FF08B11020C5E731466C
:10A31000204600F0C3F860B106EB86011C2260689D
:10A3200002EBC1014518284600F0CEF818B108200C
:10A33000B3E70520B1E7B888A98A884201D90C2083
:10A34000ABE76168E88C4978B0EBC10F01D313200B
:10A35000A3E73146204600F095F8014660680823DF
:10A360004078C20005F1240005F041FDD7E9001254
:10A37000C0E90012F2B221464046FEF7BAFE0020C4
:10A380008BE72DE9F0470D461F4690468146032195
:10A3900005F094FE0446284600F051F806463CB10C
:10A3A0004DB13846F6F78BFF50B11020BDE8F0876D
:10A3B00043F20200FAE7606858B1A0F80C8028E088
:10A3C0003146204600F06AF818B1304600F02FF808
:10A3D00030B10520EAE700002C00002040B1010068
:10A3E00006EB86011C22606802EBC1014518284675
:10A3F00000F06AF808B10820D8E7A5F80880F2B2A2
:10A4000021464846FEF7FFFE1FB1A8896989084426
:10A4100038800020CAE705F042BB017821F00F0127
:10A42000491C21F0F00110310170FDF753BE20B935
:10A430004E48807808B101207047002070474B4992
:10A440008988884201D100207047402801D24020ED
:10A4500000E0403880B2704710B50446402800D96B
:10A46000FFDF2046FFF7E3FF10B14048808810BDB2
:10A470004034A0B210BD406842690078484302EB06
:10A48000C0007047C2784068037812FB03F243783B
:10A49000406901FB032100EBC1007047C2788A428A
:10A4A00009D9406801EB81011C2202EBC101405C2B
:10A4B00008B101207047002070470078062801D9B4
:10A4C00001207047002070470078062801D0012045
:10A4D000704700207047F0B401EB81061C274468E8
:10A4E00007EBC6063444049D05262670E3802571DB
:10A4F000F0BCFEF785BA10B5418911B1FFF7DDFF59
:10A5000008B1002010BD012010BD10B5C18C8278AB
:10A51000B1EBC20F04D9C18911B1FFF7CEFF08B169
:10A52000002010BD012010BD10B50C4601230A22E9
:10A53000011D05F092FC00782188012282409143A0
:10A54000218010BDF0B402EB82051C264C6806EB9E
:10A55000C505072363554B681C79402C03D11A713C
:10A56000F0BCFEF7D8BCF0BC704700002C00002007
:10A5700070B50B2000F0BDF9082000F0BAF90021F9
:10A580000B2000F0D4F90021082000F0D0F9F44CA1
:10A5900001256560A5600020C4F84001C4F84401AD
:10A5A000C4F848010B2000F0B5F9082000F0B2F91A
:10A5B0000B2000F091F9256070BD10B50B2000F064
:10A5C00098F9082000F095F9E54801214160816083
:10A5D000E4490A68002AFCD10021C0F84011C0F803
:10A5E0004411C0F848110B2000F094F9BDE8104068
:10A5F000082000F08FB910B50B2000F08BF9BDE8F2
:10A600001040082000F086B900B530B1012806D00E
:10A61000022806D0FFDF002000BDD34800BDD3488C
:10A6200000BDD248001D00BD70B5D1494FF00040BB
:10A630000860D04DC00BC5F80803CF480024046063
:10A64000C5F840410820C43500F053F9C5F83C4135
:10A65000CA48047070BD08B5C14A002128B101285C
:10A6600011D002281CD0FFDF08BD4FF48030C2F8A3
:10A670000803C2F84803BB483C300160C2F84011EF
:10A68000BDE80840D0E74FF40030C2F80803C2F834
:10A690004803B44840300160C2F84411B3480CE0AC
:10A6A0004FF48020C2F80803C2F84803AD48443094
:10A6B0000160C2F84811AD48001D0068009008BD57
:10A6C00070B516460D460446022800D9FFDF002269
:10A6D000A348012304F110018B4000EB8401C1F871
:10A6E000405526B1C1F84021C0F8043303E0C0F85A
:10A6F0000833C1F84021C0F8443370BD2DE9F04162
:10A700001D46144630B1012833D0022838D0FFDF6F
:10A71000BDE8F081891E002221F07F411046FFF73D
:10A72000CFFF012D23D00020944D924F0126687059
:10A730003E61914900203C3908600220091D0860F3
:10A740008D490420303908608B483D34046008206E
:10A750006C6000F0DFF83004C7F80403082000F054
:10A76000BBF88349F007091F08602E70D0E701206D
:10A77000DAE7012B02D00022012005E00122FBE7ED
:10A78000012B04D000220220BDE8F04198E701220D
:10A79000F9E774480068704770B500F0D8F8704C5D
:10A7A0000546D4F840010026012809D1D4F8080351
:10A7B000C00305D54FF48030C4F80803C4F84061E5
:10A7C000D4F8440101280CD1D4F80803800308D53B
:10A7D0004FF40030C4F80803C4F84461012008F0C5
:10A7E00014FAD4F8480101280CD1D4F80803400326
:10A7F00008D54FF48020C4F80803C4F8486102204B
:10A8000008F003FA5E48056070BD70B500F09FF86F
:10A810005A4D0446287850B1FFF706FF687818B102
:10A820000020687008F0F1F95548046070BD0320FD
:10A83000F8E74FF0E0214FF40010C1F80002704734
:10A84000152000F067B84B4901200861082000F08E
:10A8500061B848494FF47C10C1F808030020024653
:10A8600001EB8003C3F84025C3F84021401CC0B26F
:10A870000628F5D37047410A43F609525143C0F305
:10A88000080010FB02F000F5807001EB50207047CB
:10A8900010B5430B48F2376463431B0C5C020C6039
:10A8A000384C03FB0400384B4CF2F72443435B0D58
:10A8B00013FB04F404EB402000F58070401210708C
:10A8C00008681844086010BD2C4840687047294942
:10A8D0000120C1F800027047002809DB00F01F02C8
:10A8E000012191404009800000F1E020C0F80011F2
:10A8F000704700280DDB00F01F0201219140400944
:10A90000800000F1E020C0F88011BFF34F8FBFF34B
:10A910006F8F7047002809DB00F01F020121914072
:10A920004009800000F1E020C0F88012704749071C
:10A93000090E002804DB00F1E02080F800147047C5
:10A9400000F00F0000F1E02080F8141D70470C4863
:10A95000001F00680A4A0D49121D1160704700006F
:10A9600000B0004004B500404081004044B10040C8
:10A9700008F501400080004040850040380000207C
:10A9800014050240F7C2FFFF6F0C01000100000137
:10A9900010B5EFF3108000F0010472B6FC48417866
:10A9A000491C41704078012801D108F081FD002C3C
:10A9B00000D162B610BD70B5F54CA07848B901253C
:10A9C000A570FFF7E5FF08F084FD20B1002008F036
:10A9D0004EFD002070BD4FF08040E570C0F804537C
:10A9E000F7E770B5EFF3108000F0010572B6E84CA0
:10A9F000607800B9FFDF6078401E6070607808B949
:10AA000008F05AFD002D00D162B670BDE04810B5C7
:10AA1000817821B10021C1708170FFF7E2FF002031
:10AA200010BD10B5044608F054FDD9498978084096
:10AA300000D001202060002010BD10B5FFF7A8FF56
:10AA400008F047FD02220123D149540728B1D1481B
:10AA5000026023610320087202E00A72C4F8043322
:10AA60000020887110BD2DE9F84FDFF8249342785B
:10AA7000817889F80420002689F80510074689F8AE
:10AA800006600078DFF810B3354620B1012811D0F8
:10AA9000022811D0FFDF08F02EFD4FF0804498B15E
:10AAA00008F030FDB0420FD1304608F02FFD0028ED
:10AAB000FAD042E00126EEE7FFF76AFF5846016848
:10AAC000C907FCD00226E6E70120E060C4F8045183
:10AAD000B2490E600107D1F84412B04AC1F34231C5
:10AAE00024321160AD49343108604FF0020AC4F8D5
:10AAF00004A3A060AA480168C94341F3001101F111
:10AB00000108016841F01001016001E010F030F926
:10AB1000D4F804010028F9D0304608F0F7FC0028EA
:10AB2000FAD0B8F1000F04D19D48016821F010015E
:10AB30000160C4F808A3C4F8045199F805004E4612
:10AB400080B1387870B908F0C4FC804608F0CAFEBD
:10AB50006FF00042B8F1000F02D0C6E9032001E017
:10AB6000C6E90302DBF80000C00701D008F0ADFC25
:10AB7000387810B13572BDE8F88F4FF01808C4F876
:10AB800008830127A7614FF42070ADF8000000BFD3
:10AB9000BDF80000411EADF80010F9D2C4F80C5108
:10ABA000C4F810517A48C01D08F030FD3570FFF729
:10ABB00044FF67617949307920310860C4F8048323
:10ABC000D9E770B5050000D1FFDF4FF080424FF0AC
:10ABD000FF30C2F808030021C2F80011C2F80411C6
:10ABE000C2F80C11C2F81011694C617008F07DFCBC
:10ABF00010B10120A070607067480068C00701D0E4
:10AC000008F063FC2846BDE870402CE76048007AF5
:10AC1000002800D0012070472DE9F04F61484FF027
:10AC2000000A85B0D0F800B0D14657465D4A5E496B
:10AC3000083211608406D4F8080110B14FF0010801
:10AC400001E04FF0000808F0B4FC78B1D4F824011A
:10AC500000B101208246D4F81C0100B101208146D8
:10AC6000D4F8200108B1012700E00027D4F8000142
:10AC700000B101200490D4F8040100B10120039038
:10AC8000D4F80C0100B101200290D4F8100100B1F9
:10AC900001203F4D0190287800260090B8F1000F68
:10ACA00004D0C4F80861012008F0E1FBBAF1000FFC
:10ACB00004D0C4F82461092008F0D9FBB9F1000FD1
:10ACC00004D0C4F81C610A2008F0D1FB27B1C4F8F5
:10ACD00020610B2008F0CBFB2D48C01D08F09EFC26
:10ACE00000B1FFDFDFF8AC800498012780B1C4F821
:10ACF0000873E87818B1EE70002008F0B8FB287AE5
:10AD0000022805D1032028720221C8F8001027610B
:10AD1000039808B1C4F80461029850B1C4F80C61FA
:10AD2000287A032800D0FFDFC8F800602F72FFF7F1
:10AD300058FE019838B1C4F81061287A012801D171
:10AD400000F05CF86761009838B12E70287A01280D
:10AD500001D1FFF772FEFFF744FE0D48C01D08F059
:10AD600073FC1049091DC1F800B005B0BDE8F08FB3
:10AD7000074810B5C01D08F051FC0549B0B10120CD
:10AD800008704FF0E021C1F80002BDE81040FFE577
:10AD900040000020340C00400C0400401805004026
:10ADA00010ED00E01005024001000001087A0128C2
:10ADB00001D1FFF742FEBDE81040244808F044BC32
:10ADC00070B5224CE41FA07808B908F075FB01208B
:10ADD0008507A861207A0026032809D1D5F80C013F
:10ADE00020B9002008F092FB0028F7D1C5F80C61CB
:10ADF00026724FF0FF30C5F8080370BD70B5134CD4
:10AE0000E41F6079F0B1012803D0A179401E81428E
:10AE100018DA08F05EFB054608F064FD6179012947
:10AE200002D9A179491CA1710DB1216900E0E16845
:10AE3000411A022902DA11F1020F06DC0DB120617C
:10AE400000E0E060BDE87040F7E570BD470000201D
:10AE5000374901200860704770B50D2000F049F8AF
:10AE6000344C0020C4F800010125C4F804530D201F
:10AE700000F050F825604FF0E0216014C1F80001A7
:10AE800070BD10B50D2000F034F82A480121416052
:10AE90000021C0F80011BDE810400D2000F03AB8C4
:10AEA000254810B504682449244808310860214920
:10AEB000D1F80001012804D0FFDF1F48001D046005
:10AEC00010BD1B48001D00680022C0B2C1F800215F
:10AED00008F05FFCF1E710B5164800BFD0F800118C
:10AEE0000029FBD0FFF7DCFFBDE810400D2000F08B
:10AEF00011B800280DDB00F01F020121914040092C
:10AF0000800000F1E020C0F88011BFF34F8FBFF345
:10AF10006F8F7047002809DB00F01F02012191406C
:10AF20004009800000F1E020C0F880127047000066
:10AF300004D5004000D0004010050240010000018F
:10AF40004FF0E0214FF00070C1F8800101F5C071B1
:10AF5000BFF34F8FBFF36F8FC1F80001394B8022D1
:10AF600083F8002441F8800C704700B502460420A5
:10AF7000354903E001EBC0031B792BB1401EC0B281
:10AF8000F8D2FFDFFF2000BD41F8302001EBC00107
:10AF900000224A718A7101220A7100BD2A4A0021E9
:10AFA00002EBC0000171704710B50446042800D3BD
:10AFB000FFDF254800EBC4042079012800D0FFDF23
:10AFC0006079A179401CC0B2814200D060714FF01D
:10AFD000E0214FF00070C1F8000210BD70B50425EB
:10AFE000194E1A4C16E0217806EBC1000279012AAD
:10AFF00008D1427983799A4204D04279827156F815
:10B00000310080472078401CC0B22070042801D352
:10B01000002020706D1EEDB2E5D270BD0C4810B559
:10B0200004680B490B4808310860064890F8000492
:10B030004009042800D0FFDFFFF7D0FF0448001DBF
:10B04000046010BD19E000E07805002054000020E5
:10B0500010050240010000010F4A12680D498A42A2
:10B060000CD118470C4A12680A4B9A4206D101B516
:10B0700008F00AFC08F0DDFEBDE801400749096858
:10B080000958084706480749054A064B704700001B
:10B0900000000000BEBAFECA5800002004000020D4
:10B0A000B00F0020B00F002070B50C46054600F030
:10B0B00045FB21462846BDE8704001F026BC000053
:10B0C000F8B51D46DDE906470E000AD005F03BF94C
:10B0D0002346FF1DBCB231462A46009404F059FDB8
:10B0E000F8BDD0192246194602F023F92046F8BDD2
:10B0F00070B50D4604461022002102F044F9258166
:10B1000017206081A07B40F00A00A07370BD4FF64D
:10B11000FF720A800146022008F000BE70470089D5
:10B120007047827BD30701D1920703D480890880BE
:10B130000020704705207047827B920700D58181EF
:10B14000704701460020098841F6FE52114200D0A6
:10B150000120704700B50346807BC00701D0052061
:10B1600000BD59811846FFF7ECFFC00703D0987B5C
:10B1700040F004009873987B40F001009873002021
:10B1800000BD827B520700D509B140897047172066
:10B190007047827B61F3C302827370472DE9FC5FC5
:10B1A0000E46044601789646012000FA01F14DF65C
:10B1B000FF5201EA020962684FF6FF7B1188594588
:10B1C00002D10920BDE8FC9FB9F1000F05D041F67E
:10B1D000FE55294201D00120F4E741EA090111801E
:10B1E0001D0014D000232B7094F800C00521032209
:10B1F0001F464FF0020ABCF10E0F76D2DFE80CF0CA
:10B20000F909252F47646B77479193B4D1D804206F
:10B21000D8E7616820898B7B9B0767D517284AD3BD
:10B220000B89834247D38989172901D3814242D1AF
:10B2300085F800A0A5F80100328061688881606807
:10B24000817B21F002018173C6E0042028702089EF
:10B25000A5F801006089A5F803003180BCE0208AD0
:10B260003188C01D1FFA80F8414524D3062028707C
:10B270002089A5F801006089A5F80300A089A5F838
:10B2800005000721208ACDE90001636941E00CF047
:10B29000FF00082810D0082028702089A5F8010098
:10B2A0006089A5F8030031806A1D694604F10C002D
:10B2B00006F0BBFC10B15EE01020EDE730889DF891
:10B2C00000100844308087E00A2028702089A5F803
:10B2D0000100328044E00C2028702089A5F801008C
:10B2E0006089A5F8030031803AE082E064E02189BA
:10B2F000338800EB41021FFA82F843453BD3B8F193
:10B30000050F38D30E222A700BEA4101CDE9001057
:10B31000E36860882A467146FFF7D2FEA6F80080EF
:10B320005AE04020287060893188C01C1FFA80F8DC
:10B33000414520D32878714620F03F001230287014
:10B340002089A5F801006089CDE9000260882A46BD
:10B35000E368FFF7B5FEA6F80080287840063BD4E6
:10B3600061682089888037E0A0893288401D1FFAF3
:10B3700080F8424501D204273DE01620287020893C
:10B38000A5F801006089A5F80300A089CDE90001B6
:10B3900060882A4671462369FFF792FEA6F800806E
:10B3A000DEE718202870207A6870A6F800A013E065
:10B3B00061680A88920401D405271CE0C9882289A3
:10B3C000914201D0062716E01E2129703080606866
:10B3D000018821F400510180B9F1000F0BD0618880
:10B3E00078230022022008F0EFFB61682078887043
:10B3F00006E0338003276068018821EA09010180A3
:10B400003846DFE62DE9FF4F85B01746129C0D0048
:10B410001E461CD03078C10703D000F03F00192829
:10B4200001D9012100E000212046FFF7AAFEA84231
:10B430000DD32088A0F57F41FF3908D03078410630
:10B4400001D4000605D5082009B0BDE8F08F07201B
:10B45000FAE700208DF800008DF8010030786B1EAF
:10B4600000F03F0C0121A81E4FF0050A4FF0020921
:10B470004FF0030B9AB2BCF1200F75D2DFE80CF04D
:10B480008B10745E7468748C749C74B574BA74C8D0
:10B4900074D474E1747474F174EF74EE74ED748B9D
:10B4A000052D78D18DF80090A0788DF80400708873
:10B4B000ADF8060030798DF80100707800F03F009B
:10B4C0000C2829D00ADCA0F10200092863D2DFE8A9
:10B4D00000F0126215621A621D622000122824D048
:10B4E00004DC0E281BD01028DBD11BE016281FD04F
:10B4F0001828D6D11FE02078800701E02078400787
:10B50000002848DAEEE020780007F9E72078C00646
:10B51000F6E720788006F3E720784006F0E7207809
:10B520000006EDE72088C005EAE720884005E7E748
:10B5300020880005E4E72088C004E1E72078800740
:10B5400029D5032D27D18DF800B0B6F8010081E090
:10B55000217849071FD5062D1DD381B270780128A7
:10B5600003D0022817D102E0C9E0022000E0102039
:10B5700004228DF8002072788DF80420801CB1FB25
:10B58000F0F2ADF8062092B242438A4203D103970B
:10B59000ADF80890A6E079E02078000776D598B25B
:10B5A00082088DF800A0ADF80420B0EB820F6DD1B9
:10B5B0000297ADF8061095E02178C90666D5022DF0
:10B5C00064D381B206208DF80000707802285DD324
:10B5D000B1FBF0F28DF80400ADF8062092B24243C0
:10B5E0008A4253D1ADF808907BE0207880064DD593
:10B5F000072003E0207840067FD508208DF8000062
:10B60000A088ADF80400ADF80620ADF8081068E099
:10B610002078000671D50920ADF804208DF80000CF
:10B62000ADF8061002975DE02188C90565D5022DA9
:10B6300063D381B20A208DF80000707804285CD3AF
:10B64000C6E72088400558D5012D56D10B208DF82E
:10B650000000A088ADF8040044E021E026E016E0F8
:10B66000FFE72088000548D5052D46D30C208DF82E
:10B670000000A088ADF80400B6F803006D1FADF817
:10B680000850ADF80600ADF80AA02AE035E02088A1
:10B69000C00432D5012D30D10D208DF8000021E0FD
:10B6A0002088800429D4B6F80100E080A07B000740
:10B6B00023D5032D21D3307800F03F001B2818D06C
:10B6C0000F208DF80000208840F40050A4F80000FE
:10B6D000B6F80100ADF80400ED1EADF80650ADF867
:10B6E00008B0039769460598F9F7B8FA050008D03D
:10B6F00016E00E208DF80000EAE7072510E0082587
:10B700000EE0307800F03F001B2809D01D2807D03C
:10B710000220059908F002FB208800F400502080E8
:10B72000A07B400708D52046FFF70BFDC00703D1DB
:10B73000A07B20F00400A073284685E61FB50228F0
:10B7400006D101208DF8000088B26946F9F786FA23
:10B750001FBD0000F8B51D46DDE906470E000AD002
:10B7600004F0F1FD2346FF1DBCB231462A46009489
:10B7700004F00FFAF8BDD0192246194601F0D9FDA0
:10B780002046F8BD2DE9FF4F8DB09B46DDE91B57E4
:10B79000DDF87CA00C46082B05D0E06901F0FEF82E
:10B7A00050B11020D2E02888092140F010002880F4
:10B7B0008AF80010022617E0E16901208871E26929
:10B7C0004FF420519180E1698872E06942F60101ED
:10B7D0000181E069002181732888112140F0200057
:10B7E00028808AF80010042638780A900A203870D9
:10B7F0004FF0020904F118004D460C9001F0C6FB11
:10B80000B04681E0BBF1100F0ED1022D0CD0A9EB98
:10B810000800801C80B20221CDE9001005AB524621
:10B820001E990D98FFF796FFBDF816101A988142E1
:10B8300003D9F74800790F9004E003D10A9808B1C2
:10B8400038702FE04FF00201CDE900190DF1160319
:10B8500052461E990D98FFF77DFF1D980088401BEA
:10B86000801B83B2C6F1FF00984200D203461E99A6
:10B870000BA8D9B15FF00002DDF878C0CDE9032054
:10B8800009EB060189B2CDE901C10F980090BDF81E
:10B89000161000220D9801F00EFC387070B1C0B285
:10B8A000832807D0BDF8160020833AE00AEB09018F
:10B8B0008A19E1E7022011B0BDE8F08FBDF82C0035
:10B8C000811901F0FF08022D0DD09AF801204245A0
:10B8D00006D1BDF82010814207D0B8F1FF0F04D087
:10B8E0009AF801801FE08AF80180C9480068017851
:10B8F000052902D1BDF81610818009EB08001FFA56
:10B9000080F905EB080085B2DDE90C1005AB0F9A54
:10B9100001F03FFB28B91D980088411B4145BFF647
:10B9200071AF022D13D0BBF1100F0CD1A9EB0800A1
:10B93000801C81B20220CDE9000105AB52461E9960
:10B940000D98FFF707FF1D98058000203870002034
:10B95000B1E72DE9F8439C46089E13460027B26BD9
:10B960009AB3491F8CB2F18FA1F57F45FF3D05D0F9
:10B970005518AD882944891D8DB200E0002529198C
:10B98000B6F83C800831414520D82A44BCF8011063
:10B9900022F8021BBCF8031022F8021B984622F87A
:10B9A000024B914604F0BDFC4FF00C0C41464A4658
:10B9B0002346CDF800C004F0B8F8F587B16B00203D
:10B9C0002944A41D2144088003E001E0092700E088
:10B9D00083273846BDE8F88310B50B88848F9C42D6
:10B9E0000CD9846BE018048844B1848824F40044A2
:10B9F000A41D23440B801060002010BD0A2010BD40
:10BA00002DE9F0478AB00025904689468246ADF878
:10BA1000185007274BE0059806888088000446D414
:10BA2000A8F8006007A8019500970295CDE903509A
:10BA30004FF4007300223146504601F03CFB0400F5
:10BA40003CD1BDF81800ADF8200005980488818825
:10BA5000B44216D10A0414D401950295039521F439
:10BA600000410097049541F48043428821465046A6
:10BA700001F0BFF804000BD10598818841F4004122
:10BA8000818005AA08A94846FFF7A6FF0400DCD07C
:10BA90000097059802950195039504950188BDF8D6
:10BAA0001C300022504601F0A4F80A2C06D105AA49
:10BAB00006A94846FFF790FF0400ACD0ADF8185037
:10BAC00004E00598818821F40041818005AA06A937
:10BAD0004846FFF781FF0028F3D00A2C03D0204608
:10BAE0000AB0BDE8F0870020FAE710B50C46896B74
:10BAF00086B051B10C218DF80010A18FADF808105F
:10BB0000A16B01916946FAF75BF800204FF6FF71CF
:10BB1000A063E187A08706B010BD2DE9F0410D4676
:10BB20000746896B0020069E1446002911D0012B80
:10BB30000FD1324629463846FFF762FF002808D168
:10BB4000002C06D0324629463846BDE8F04100F0C8
:10BB500034BFBDE8F0812DE9FC411446DDE9087CE5
:10BB60000E46DDE90A15521DBCF800E092B296457A
:10BB700002D20720BDE8FC81ACF8002017222A7011
:10BB8000A5F80160A5F803300522CDE900423B4647
:10BB90002A46FFF7DFFD0020ECE770B50C4615469E
:10BBA00048220021204601F0EEFB04F1080044F891
:10BBB0001C0F00204FF6FF71E06161842084A58492
:10BBC0001720E08494F82A0040F00A0084F82A0044
:10BBD00070BD4FF6FF720A800146032008F09EB840
:10BBE00030B585B00C460546FFF77FFFA18E28468D
:10BBF00029B101218DF800106946F9F7E1FF002015
:10BC0000E0622063606305B030BDB0F8400070476B
:10BC10005C00002090F84620920703D440880880FA
:10BC20000020F4E70620F2E790F846209207EED5D0
:10BC3000A0F84410EBE70146002009880A0700D568
:10BC4000012011F0F00F01D040F00200CA0501D52B
:10BC500040F004008A0501D540F008004A0501D5EE
:10BC600040F010000905D2D540F02000CFE700B524
:10BC7000034690F84600C00701D0062000BDA3F897
:10BC800042101846FFF7D7FF10F03E0F05D093F88B
:10BC9000460040F0040083F8460013F8460F40F0D9
:10BCA00001001870002000BD90F84620520700D512
:10BCB00011B1B0F84200AAE71720A8E710F8462F04
:10BCC00061F3C3020270A2E72DE9FF4F9BB00E00A3
:10BCD000DDE92B34DDE92978289D24D02878C107B7
:10BCE00003D000F03F00192801D9012100E0002114
:10BCF0002046FFF7D9FFB04215D32878410600F05F
:10BD00003F010CD41E290CD0218811F47F6F0AD179
:10BD10003A8842B1A1F57F42FF3A04D001E01229EE
:10BD200001D1000602D504201FB0C5E5FA491D98CF
:10BD30004FF0000A08718DF818A08DF83CA00FAAEA
:10BD40000A60ADF81CA0ADF850A02978994601F022
:10BD50003F02701F5B1C04F1180C4FF0060E4FF0F1
:10BD6000040BCDF858C01F2A7ED2DFE802F07D7D9B
:10BD7000107D267DAC7DF47DF37DF27DF17DF47D3B
:10BD8000F07D7D7DEF7DEE7D7D7D7D7DED0094F808
:10BD90004610B5F80100890701D5032E02D08DF8B1
:10BDA00018B01EE34FF40061ADF85010608003211D
:10BDB0008DF83C10ADF84000D4E2052EEFD1B5F877
:10BDC00001002083ADF81C00B5F80310618308B1B1
:10BDD000884201D9012079E10020A07220814FF62C
:10BDE000FF702084169801F0D1F8052089F8000032
:10BDF0000220029083460AAB1D9A16991B9801F007
:10BE0000C8F890BB9DF82E00012804D0022089F8C4
:10BE10000100102003E0012089F8010002200590B4
:10BE2000002203A90BA805F000FFE8BB9DF80C0059
:10BE3000059981423DD13988801CA1EB0B018142DB
:10BE400037DB02990220CDE900010DF12A034A46B1
:10BE500041461B98FFF77EFC02980BF1020B801CF9
:10BE600081B217AA029101E09CE228E003A90BA885
:10BE700005F0DBFE02999DF80C00CDE9000117AB3F
:10BE80004A4641461B98FFF765FC9DF80C000AAB3B
:10BE90000BEB00011FFA81FB02991D9A084480B246
:10BEA000029016991B9800E003E001F072F8002858
:10BEB000B6D0BBF1020F02D0A7F800B04FE20A20C3
:10BEC0008DF818004BE200210391072EFFF467AFB5
:10BED000B5F801002083ADF81C00B5F8032062839B
:10BEE00000283FF477AF90423FF674AF0120A07274
:10BEF000B5F8050020810020A073E06900F04EFD38
:10BF000078B9E16901208871E2694FF4205191808C
:10BF1000E1698872E16942F601000881E069002167
:10BF20008173F01F20841E98606207206084169839
:10BF300001F02CF8072089F80000012004900290FD
:10BF40000020ADF82A0028E019E29FE135E1E5E0A4
:10BF500012E2A8E080E043E00298012814D0E069F2
:10BF60008079012803D1BDF82800ADF80E000498AF
:10BF700003ABCDE900B04A4641461B98FFF7EAFB08
:10BF80000498001D80B20490BDF82A00ADF80C00A2
:10BF9000ADF80E00059880B202900AAB1D9A169972
:10BFA0001B9800F0F6FF28B902983988001D05900B
:10BFB0008142D1D20298012881D0E069807901289C
:10BFC00003D1BDF82800ADF80E00049803ABCDE90D
:10BFD00000B04A4641461B98FFF7BCFB0298BDE102
:10BFE000072E02D0152E7FF4DAAEB5F801102183AA
:10BFF000ADF81C10B5F80320628300293FF4EAAEC7
:10C0000091423FF6E7AE0121A1724FF0000BA4F878
:10C0100008B084F80EB0052E07D0C0B2691DE269E1
:10C0200005F0E4FD00287FF44AAF4FF6FF7020844E
:10C0300001A906AA14A8CDF800B081E885032878E4
:10C04000214600F03F031D9A1B98FFF79BFB824699
:10C05000208BADF81C0082E10120032EC3D14021CA
:10C06000ADF85010B5F801102183ADF81C100AAAE4
:10C07000B8F1000F00D00023CDE9020304921D980F
:10C08000CDF80480009038880022401E83B21B98AF
:10C0900001F011F88DF8180090BB0B2089F8000012
:10C0A000BDF8280035E04FF0010C052E9BD1802013
:10C0B000ADF85000B5F801102183B5F803002084D5
:10C0C000ADF81C10B0F5007F03D907208DF81800DB
:10C0D00087E140F47C4222840CA8B8F1000F00D024
:10C0E0000023CDE90330CDE9018C1D9800903888FC
:10C0F000401E83B21B9800F0DEFF8DF8180018B1C7
:10C100008328A8D10220BFE00D2189F80010BDF8D6
:10C110003000401C22E100005C000020032E04D20D
:10C1200048067FF53CAE002018E1B5F80110ADF8E7
:10C130001C102878400602D58DF83CE002E007206C
:10C140008DF83C004FF000080320CDE902081E9B4B
:10C15000CDF810801D980193A6F1030B00901FFAF3
:10C160008BF342461B9800F044FD8DF818008DF8C3
:10C170003C80297849060DD52088C00506D5208B3E
:10C18000BDF81C10884201D1C4F8248040468DF8C7
:10C190001880E3E0832801D14FF0020A4FF4807049
:10C1A000ADF85000BDF81C002083A4F820B01E9804
:10C1B0006062032060841321CDE0052EFFF4EFAD13
:10C1C000B5F80110ADF81C10A28F6AB3A2F57F4339
:10C1D000FE3B29D008228DF83C2000BF4FF0000B19
:10C1E0000523CDE9023BDDF878C0CDF810B01D9AEB
:10C1F00080B2CDF804C040F400430092B5F80320AB
:10C200001B9800F0F6FC8DF83CB04FF400718DF8EF
:10C210001800ADF85010832810D0F8B1A18FA1F507
:10C220007F40FE3807D0DCE00B228DF83C204FF633
:10C23000FE72A287D2E7A4F83CB0D2E000942B466D
:10C2400031461E9A1B98FFF784FB8DF8180008B141
:10C2500083284BD1BDF81C00208353E700942B4664
:10C2600031461E9A1B98FFF774FB8DF81800E8BB47
:10C27000E18FA06B0844831D8DE888034388828882
:10C2800001881B98FFF767FC824668E095F80180FB
:10C29000022E70D15FEA080002D0B8F1010F6AD116
:10C2A00009208DF83C0007A800908DF84080434697
:10C2B000002221461B98FFF730FC8DF842004FF01A
:10C2C000000B8DF843B050B9B8F1010F12D0B8F19E
:10C2D000000F04D1A18FA1F57F40FF380AD0A08FB5
:10C2E00040B18DF83CB04FF4806000E037E0ADF82D
:10C2F00050000DE00FA91B98F9F762FC82468DF8FB
:10C300003CB04FF48060ADF85000BAF1020F06D097
:10C31000FC480068C07928B18DF8180027E0A4F81F
:10C32000188044E0BAF1000F03D081208DF8180086
:10C330003DE007A800904346012221461B98FFF7E5
:10C34000ECFB8DF8180021461B98FFF7CEFB9DF8FB
:10C35000180020B9192189F80010012038809DF8B3
:10C360003C0020B10FA91B98F9F72AFC8246BAF1CC
:10C37000000F33D01BE018E08DF818E031E0207892
:10C38000000712D5012E10D10A208DF83C00E0885C
:10C39000ADF8400003201B9907F0C0FC0820ADF861
:10C3A0005000C0E648067FF5FAAC4FF0040A20883A
:10C3B000BDF8501008432080BDF8500080050BD513
:10C3C000A18FA1F57F40FE3806D11E98E062289823
:10C3D0002063A6864FF0030A5046A5E49DF8180096
:10C3E00078B1012089F80000297889F80110BDF89A
:10C3F0001C10A9F802109DF8181089F804100520E7
:10C4000038802088BDF8501088432080E4E72DE96B
:10C41000FF4F8846087895B0012181404FF209000E
:10C42000249C0140ADF820102088DDF88890A0F50C
:10C430007F424FF0000AFF3A06D039B1000705D518
:10C44000012019B0BDE8F08F0820FAE7239E4FF0D5
:10C45000000B0EA886F800B018995D460988ADF863
:10C460003410A8498DF81CB0179A0A718DF838B0AD
:10C47000086098F8000001283BD0022809D0032862
:10C480006FD1307820F03F001D303070B8F80400D4
:10C49000E08098F800100320022904D1317821F0BF
:10C4A0003F011B31317094F84610090759D505AB8F
:10C4B000B9F1000F13D0002102AA82E80B00072077
:10C4C000CDE90009BDF83400B8F80410C01E83B2ED
:10C4D0000022159800F0EFFD0028D1D101E0F11CF9
:10C4E000EAE7B8F80400A6F80100BDF81400C01C83
:10C4F00004E198F805108DF81C1098F80400012844
:10C5000006D04FF4007A02282CD00328B8D16CE171
:10C510002188B8F8080011F40061ADF8201020D08F
:10C5200017281CD3B4F84010814218D3B4F8441033
:10C53000172901D3814212D1317821F03F01C91C62
:10C540003170A6F801000321ADF83410A4F84400BE
:10C5500094F8460020F0020084F8460065E10525C5
:10C560007EE177E1208808F1080700F4FE60ADF86D
:10C57000200010F0F00F1BD010F0C00F03D038884F
:10C58000228B9042EBD199B9B878C00710D0B96826
:10C590000720CDE902B1CDF804B00090CDF810B07D
:10C5A000FB88BA883988159800F023FB0028D6D17B
:10C5B0002398BDF82010401C80294ED006DC10299D
:10C5C0000DD020290BD0402987D124E0B1F5807F00
:10C5D0006ED051457ED0B1F5806F97D1DEE0C806B0
:10C5E00001D5082000E0102082460DA907AA0520E9
:10C5F000CDE902218DF83800ADF83CB0CDE90496C4
:10C6000008A93888CDE9000153460722214615982C
:10C61000FFF7B8F8A8E09DF81C2001214FF00A0AA6
:10C62000002A9BD105ABB9F1000F00D00020CDE965
:10C6300002100720CDE90009BDF834000493401E24
:10C6400083B2218B0022159800F035FD8DF81C0077
:10C650000B203070BDF8140020E09DF81C20012153
:10C660004FF00C0A002A22D113ABB9F1000F00D011
:10C670000020CDE902100720CDE900090493BDF8A0
:10C680003400228C401E83B2218B159800F013FDDC
:10C690008DF81C000D203070BDF84C00401CADF82A
:10C6A000340005208DF83800208BADF83C00BCE04C
:10C6B0003888218B88427FF452AF9DF81C004FF0E0
:10C6C000120A00281CD1606AA8B1B878C0073FF4EC
:10C6D00046AF00E018E0BA680720CDE902B2CDF815
:10C6E00004B00090CDF810B0FB88BA88159800F01F
:10C6F00080FA8DF81C00132030700120ADF8340052
:10C7000093E000005C0000203988208B8142D2D168
:10C710009DF81C004FF0160A0028A06B08D0E0B36B
:10C720004FF6FF7000215F46ADF808B0019027E09A
:10C7300068B1B978C907BED1E18F0DAB0844821D3D
:10C7400003968DE80C0243888288018809E0B87856
:10C75000C007BCD0BA680DAB03968DE80C02BB884D
:10C76000FA881598FFF7F7F905005ED0072D72D00B
:10C7700076E0019005AA02A92046FFF72DF90146AF
:10C78000E28FBDF80800824201D00029F1D0E08F8D
:10C79000A16B084407800198E08746E09DF81C00E3
:10C7A0004FF0180A40B1208BC8B138882083214649
:10C7B0001598FFF79AF938E004F118000090237EED
:10C7C000012221461598FFF7A8F98DF81C000028D2
:10C7D000EDD1192030700120ADF83400E7E70525D0
:10C7E00021461598FFF781F93AE0208800F400709F
:10C7F000ADF8200050452DD1A08FA0F57F41FE3926
:10C8000001D006252CE0D8F808004FF0160A48B1F0
:10C81000A063B8F80C10A1874FF6FF71E187A0F86C
:10C8200000B002E04FF6FF70A087BDF8200030F4A2
:10C830007F611AD0782300220320159907F0C4F9EC
:10C8400098F8000020712088BDF82010084320804F
:10C850000EE000E007252088BDF8201088432080E6
:10C86000208810F47F6F1CD03AE02188814321801A
:10C870009DF8380020B10EA91598F9F7A1F90546E1
:10C880009DF81C000028EBD086F801A00120307034
:10C89000208B70809DF81C0030710520ADF83400AD
:10C8A000DEE7A18EE1B118980DAB0088ADF8340039
:10C8B0002398CDE90304CDE90139206B0090E36AA8
:10C8C000179A1598FFF700FA054601208DF83800F1
:10C8D0000EA91598F9F774F900B10546A4F834B01B
:10C8E00094F8460040070AD52046FFF7A4F910F057
:10C8F0003E0F04D114F8460F20F004002070189861
:10C90000BDF83410018028469BE500B585B00328AA
:10C9100006D102208DF8000088B26946F9F750F977
:10C9200005B000BD10B5384C0B782268012B02D041
:10C93000022B2AD111E013780BB1052B01D104236E
:10C94000137023688A889A802268CB88D3802268F3
:10C950000B891381498951810DE08B88938022686E
:10C96000CB88D38022680B8913814B8953818B89B3
:10C970009381096911612168F9F722F92268002180
:10C980000228117003D0002800D0812010BD832020
:10C9900010BD806B002800D00120704781780129EC
:10C9A00009D10088B0F5205F03D042F6010188422A
:10C9B00001D10020704707207047F0B587B00024F0
:10C9C00015460E460746ADF8184011E00598008858
:10C9D000288005980194811DCDE902410721049426
:10C9E0000091838842880188384600F002F930B906
:10C9F00005AA06A93046FEF7EFFF0028E6D00A2870
:10CA000000D1002007B0F0BD5C00002010B58B788D
:10CA100083B102789A4205D10B885BB102E08B7931
:10CA2000091D4BB18B789A42F9D1B0F801300C88CE
:10CA3000A342F4D1002010BD812010BD072826D0CC
:10CA400012B1012A27D103E0497801F0070102E081
:10CA50004978C1F3C20105291DD2DFE801F00318AE
:10CA6000080C12000AB10320704702207047042806
:10CA70000DD250B10DE0052809D2801E022808D33E
:10CA800003E0062803D0032803D0052070470020C8
:10CA900070470F20704781207047C0B282060BD4C8
:10CAA000000607D5FA48807A4143C01D01EBD0004B
:10CAB00080B27047084670470020704770B51388F1
:10CAC0000B800B781C0625D5F14CA47A844204D83F
:10CAD00043F010000870002070BD956800F0070654
:10CAE00005EBD0052D78F54065F304130B70137832
:10CAF000D17803F0030341EA032140F20123B1FBA3
:10CB0000F3F503FB15119268E41D00FB012000EB17
:10CB1000D40070BD906870BD37B51446BDF80410E0
:10CB20001180117841F0040111709DF804100A067B
:10CB30001ED5D74AA368C1F30011927A824208D861
:10CB4000FE2811D1D21DD2084942184600F01BFC24
:10CB50000AE003EBD00200F00703012510789D40A6
:10CB6000A843994008431070207820F010002070EE
:10CB70003EBD2DE9F0410746C81C0E4620F00300DB
:10CB8000B04202D08620BDE8F081C14D002034467D
:10CB90002E60AF802881AA72E8801AE0E988491CDB
:10CBA000E980810614D4E17800F0030041EA002016
:10CBB00040F20121B0FBF1F201FB12012068FFF706
:10CBC0006CFF2989084480B22881381A3044A0605B
:10CBD0000C3420784107E1D40020D4E7AC4801228E
:10CBE0000189C08800EB400002EB8000084480B25D
:10CBF00070472DE9FF4F89B01646DDE9168A0F46CA
:10CC0000994623F44045084600F054FB040002D046
:10CC10002078400703D401200DB0BDE8F08F0998BB
:10CC200003F016FA02902078000606D59848817A1B
:10CC30000298814201D88720EEE7224601A9029896
:10CC4000FFF73CFF834600208DF80C004046B8F10A
:10CC5000070F1AD001222146FFF7F0FE0028DBD192
:10CC60002078400611D502208DF80C00ADF8107028
:10CC7000BDF80400ADF81200ADF814601898ADF8D6
:10CC80001650CDF81CA0ADF818005FEA094004D595
:10CC900000252E46A84601270CE02178E07801F017
:10CCA000030140EA012040F20121B0FBF1F280468D
:10CCB00001FB12875FEA494009D5B84507D1A17841
:10CCC000207901F0030140EA0120B04201D3BE42C5
:10CCD00001D90720A0E7A8191FFA80F9B94501D9A1
:10CCE0000D2099E79DF80C0028B103A90998F8F7E1
:10CCF00065FF002890D1B84507D1A0784FEA1921E7
:10CD000061F30100A07084F804901A9800B10580C6
:10CD1000199850EA0A0027D0199830B10BEB060099
:10CD20002A46199900F005FB0EE00BEB0608574662
:10CD3000189E099803F0F5FA2B46F61DB5B2394650
:10CD40004246009502F0F1FE224601A90298FFF743
:10CD5000B5FE9DF80400224620F010008DF8040076
:10CD6000DDE90110FFF7D8FE002055E72DE9FF4F60
:10CD7000DFF81C91824685B0B9F80610D9F800009A
:10CD800001EB410100EB810440F20120B2FBF0F124
:10CD9000174600FB1175DDE9138B4E4629460698B0
:10CDA000FFF77BFE0346FFF719FF1844B1880C30EC
:10CDB000884202D9842009B02FE70698C6B230060F
:10CDC00003D5B00601D50620F5E7B9F80620521CB8
:10CDD00092B2A9F80620BBF1000F01D0ABF80020F9
:10CDE000B00602D5C4F808800AE0B9F808201A4451
:10CDF00092B2A9F80820D9F80000891A0844A06066
:10CE00002246FE200699FFF787FEE77025712078FD
:10CE1000390A61F301002A0AA17840F0040062F3A4
:10CE20000101A17020709AF802006071BAF8000048
:10CE3000E08000252573300602D599F80A7000E0DD
:10CE40000127B00601D54FF000084E4600244FF0F0
:10CE500007090FE0CDE902580195CDF8009004953F
:10CE6000F1882046129B089AFFF7C3FE0028A2D142
:10CE7000641CE4B2BC42EDD300209CE700B5FFF790
:10CE8000ADFE03490C308A88904203D9842000BD4E
:10CE900098050020CA88086802EB420300EB830073
:10CEA000521C037823F004030370CA80002101732D
:10CEB0000846ECE72DE9F047804600F0FBF9070053
:10CEC00005D000264446F74D40F2012916E0012026
:10CED000BDE8F087204600F0EDF90278C17802F055
:10CEE000030241EA0222B2FBF9F309FB13210068B5
:10CEF000FFF7D3FD3044641C86B2A4B2E988601EFB
:10CF00008142E7DCA8F10100E8802889801B2881A4
:10CF100000203870DCE710B5144631B1491E21807D
:10CF200003F096F8A070002010BD012010BD70B570
:10CF30000446DC48C188036801E0401C208020884A
:10CF4000884207D200EB400213EB820202D0157830
:10CF50006D07F2D580B2884216D2AAB15079A0727C
:10CF6000D08820819178107901F0030140EA0120F6
:10CF7000A081A078E11CFFF7A1FD20612088401C62
:10CF80002080E080002070BD0A2070BD0121018258
:10CF900070472DE9FF4F85B04FF6FF798246A3F821
:10CFA000009048681E460D4680788DF80600486857
:10CFB0000088ADF8040000208DF80A00088A0C886B
:10CFC000A04200D304462C8251E03878400708D4B0
:10CFD000641C288AA4B2401C288208F10100C0B257
:10CFE00046E0288A401C2882781D6968FFF70EFDFC
:10CFF000D8BB3188494501D1601E30803188A1EB12
:10D00000080030806888A04238D3B878397900F0B9
:10D01000030041EA002801A9781DFFF7F7FC20BBB7
:10D02000298949452ED0002239460798FFF706FD89
:10D03000D8B92989414518D1E9680391B5F80AC0E2
:10D04000D7F808B05046CDF800C003F06AF9DDF813
:10D0500000C05A460CF1070C1FFA8CFC434603999A
:10D06000CDF800C002F02BFD60B1641CA4B200201A
:10D070008046204600F01EF90700A6D1641E2C82CF
:10D080000A2098E674807879B071F888B080397891
:10D09000F87801F0030140EA01207081A6F80C80C5
:10D0A000504602F0D5FF3A4606F10801FFF706FDAB
:10D0B000306100207FE62DE9FF4F87B081461C4696
:10D0C0009246DDF860B0DDF85480089800F0F2F880
:10D0D000050002D02878400702D401200BB09CE55F
:10D0E000484602F0B5FF2978090605D56D49897AC9
:10D0F000814201D88720F1E7CAF309062A4601A92F
:10D10000FFF7DCFC0746149807281CD000222946AC
:10D11000FFF794FC0028E1D12878400613D50120C0
:10D120008DF808000898ADF80C00BDF80400ADF8C3
:10D130000E00ADF81060ADF8124002A94846F8F7AD
:10D140003DFD0028CAD12978E87801F0030140EAC2
:10D150000121AA78287902F0030240EA022056450C
:10D1600007D0B1F5007F04D9611E814201DD0B209B
:10D17000B4E7864201D90720B0E7801B85B2A542FB
:10D1800000D92546BBF1000F01D0ABF8005017982D
:10D1900018B1B9192A4600F0CCF8B8F1000F0DD03B
:10D1A0003E4448464446169F03F0CDF82146FF1DF5
:10D1B000BCB232462B46009402F0EBFC00208DE717
:10D1C0002DE9F04107461D461646084600F072F864
:10D1D000040002D02078400701D40120D3E438466F
:10D1E00002F036FF2178090605D52E49897A814259
:10D1F00001D88720C7E422463146FFF75FFC65B1BE
:10D200002178E07801F0030140EA0120B0F5007FC9
:10D2100001D8012000E0002028700020B3E42DE9AF
:10D22000F04107461D461646084600F043F8040044
:10D2300002D02078400701D40120A4E4384602F04F
:10D2400007FF2178090605D51649897A814201D858
:10D25000872098E422463146FFF75EFCFF2D14D06C
:10D260002178E07801F0030240EA022040F2012236
:10D27000B0FBF2F302FB130015B900F2012080B2FB
:10D28000E070000A60F30101217000207BE410B51A
:10D290000C4600F00FF810B10178490704D40120C2
:10D2A00010BD000098050020C18821804079A07041
:10D2B0000020F5E70749CA88824209D340B10968CE
:10D2C00000EB40006FF00B0202EB80000844704757
:10D2D000002070479805002070B504460D46214691
:10D2E0002B460AB9002070BD01E0491C5B1C501E92
:10D2F000021E03D008781E78B042F6D008781E7857
:10D30000801BF0E730B50C4601462346051B9542CD
:10D3100006D202E0521E9D5C8D54002AFAD107E02D
:10D3200004E01D780D70491C5B1C521E002AF8D1C8
:10D3300030BDF0B50E460146334680EA030404F0E2
:10D340000304B4B906E002B9F0BD13F8017B01F89B
:10D35000017B521E01F00307002FF4D10C461D463D
:10D3600002E080CD80C4121F042AFAD221462B4647
:10D3700000BF04E013F8014B01F8014B521E002AD4
:10D38000F8D100BFE0E7F0B50C460146E6B204E094
:10D3900002B9F0BD01F8016B521E01F00307002F26
:10D3A000F6D10B46E5B245EA052545EA054501E01B
:10D3B00020C3121F042AFBD2194602E001F8016BB8
:10D3C000521E002AFAD100BFE3E710B506F0F7FEBF
:10D3D000FAF792F906F09CFDBDE8104006F02EBE6B
:10D3E000202801D2012070470020704701224FF011
:10D3F000A043824011B1C3F80C257047C3F808253B
:10D4000070474FF0A04101228240C1F818257047B3
:10D4100070B50346002002466FF02F050EE09C5CBD
:10D42000A4F130060A2E02D34FF0FF3070BD00EB9E
:10D43000800005EB4000521C2044D2B28A42EED359
:10D4400070BD30B50A230BE0B0FBF3F403FB14040A
:10D45000B0FBF3F08D183034521E05F8014CD2B2F7
:10D46000002AF1D130BD30B500234FF6FF7510E032
:10D47000040A44EA002084B2C85C6040C0F303148C
:10D48000604005EA00344440E0B25B1C84EA40108E
:10D490009BB29342ECD330BDF94A137882F88B30BB
:10D4A000A2F88C0082F88A10012082F8880092F895
:10D4B000640008B192F8600082F88E00704710B5E1
:10D4C0000B46114658B11846FFF7E6FFED48806855
:10D4D000008802F026FFBDE8104002F0CDBBBDE899
:10D4E00010404FF6FF70D7E770B50026044646702F
:10D4F000E44D1120207029682022A01C6831FFF71C
:10D5000018FF0121A171286800F8666F8078002853
:10D5100011D1DB48B0F86A20A0F89220AA68537BAA
:10D5200080F8943080F89010108802F0FAFEBDE880
:10D53000704002F0B0BB70BD70B5D24D296891F853
:10D5400096200024012A11D091F89020012A1CD0A5
:10D5500091F86620012A22D091F88820012A21D052
:10D5600091F8A020012A2ED0002070BD447017220F
:10D57000027051F8972FC0F802204A68C0F80620C0
:10D580000A7A827201F8014C1BE044700522027095
:10D59000D1F89220C0F8022081F8904011E0FFF706
:10D5A000A3FF0EE091F86620012AF8D044701422FF
:10D5B000027051F88A2FC0F802208A88C28001F8D0
:10D5C000024C012070BD44701A2200F8022B222266
:10D5D000A131FFF7AEFE286880F8A040F1E7A94826
:10D5E000006890F8661011B1B0F86A0070474FF605
:10D5F000FF70704770B5A34C206800B9FFDF20684A
:10D60000417811B10C25284670BD0025C422294659
:10D61000FFF7B9FE2168FF2008707F2081F83700EE
:10D6200013204884282081F86500012081F85C00DF
:10D63000002081F85F0007F0AFF906F091FCE2E707
:10D6400070B5904C0546206800B9FFDF21680020C6
:10D6500048706560FFF7CEFF002800D0FFDF70BD87
:10D66000884909680978814201D10120704700206A
:10D670007047844800B5016891F82400498CC0F3D4
:10D680008002C0F340031A4400F001001044132943
:10D6900015D004DC102909D0122904D10FE0152976
:10D6A00008D01D2904D0FFDF002000BD764903E02B
:10D6B000764800BD7449083131F8100000BD724948
:10D6C0000839F9E76F4840F271210068806A4843E1
:10D6D00070476C48006890F83600002800D00120A0
:10D6E000704710B5664C207B00F074FD40B1207D82
:10D6F00004F115010BF034FB082801D0012010BD06
:10D70000207B30B1022804D00120BDE8104007F092
:10D71000A6BC0020F9E75A490873704759490968BF
:10D7200081F83000704770B50646554890F82D00D6
:10D730000BF0A4FA050018D010210BF076FD00289C
:10D7400013D1504C012032462168C87628461C313E
:10D7500007F092FCD4E900101C310BF0BFFF6068A9
:10D76000BDE8704001210BF0C8BF70BD2DE9F0414C
:10D77000434C074694F82D000BF0FDFA064694F84A
:10D780002F0004F10E0528B126B194F82D000BF0FE
:10D7900018FAA0B194F83000002824D094F82E0094
:10D7A000002820D0607B294600F025FDA8B10BF0B1
:10D7B0008AFB3A462946BDE8F04107F05DBC0120EE
:10D7C00060733A462946304607F056FC94F82D100F
:10D7D0002846BDE8F0410BF065BB39462846BDE858
:10D7E000F04107F07EBCBDE8F08170B5254C2168A2
:10D7F000087BB0B1022814D0012048730E3107F025
:10D8000018FC2068007B00F0E5FC216881F82F00FF
:10D81000082081F82D00487B0E3100F0E3FC40B970
:10D8200001E00020E9E72168487B0E3100F0E3FCCD
:10D8300000B10120216881F82E0091F82F0018B95D
:10D8400091F82200400706D5087D15310BF088FAC3
:10D85000216881F82D0020680025456004F0ADFDA9
:10D86000216888600020FFF781FF2068C57690F866
:10D87000220040070CD5BDE87040002053E70000AF
:10D88000A405002064000020A0B101008F891300CE
:10D8900070BDFB4A1268137B0370D2F80E0008605B
:10D8A000508A8880704778B5F6490446F44D407B2D
:10D8B00008732A68207810706088ADF8000080B284
:10D8C00000F00101C0F3400341EA4301C0F38003CB
:10D8D00041EA8301C0F3C00341EAC301C0F300136E
:10D8E00041EA0311C0F3401341EA4311C0F3801031
:10D8F00041EA80105084E07D012825D0022825D0FF
:10D90000FFDF286880F85E60217B80F82410418C5E
:10D910001D291DD061688162617D80F83610A17B70
:10D92000C1B1022916D00121017554F80F1FC0F8AA
:10D930001510A188A0F81910217B012900D0002121
:10D9400080F83410002078BD0126DAE70226D8E7F7
:10D950000021E0E70021E7E7C948006890F82200CD
:10D96000C0F38000704700B5FFF7F6FF08B1002054
:10D9700000BD1F2000BD00B5FFF7F5FF002800D057
:10D98000012000BDBE49002209680A664B8C1D2B90
:10D9900002D081F86400704781F864207047B84A6B
:10D9A0000023126882F85D3042F84C1F90800120FD
:10D9B00050747047B24A0023126882F85C30A2F8B3
:10D9C000580042F8541F012010727047AC49096892
:10D9D00081F835007047AA49096881F85F007047EF
:10D9E000A748006890F95F007047A548006890F864
:10D9F000220000F001007047A148006890F8220062
:10DA0000C0F340007047002070479D48006890F8C0
:10DA10002200C0F3C000704701207047012070470A
:10DA20000120704770B500F0FAFB954C2068016E3C
:10DA3000491C016690F83300002530B106F0ACFFB8
:10DA400006F08EFA206880F833502068457090F810
:10DA5000381009B102201AE090F86410B1B1006EDC
:10DA6000814213D8022007F095FF206890F8220029
:10DA7000C00704D0A06843220188012003E04322AC
:10DA80004FF6FF710020BDE8704018E50020BDE8AA
:10DA9000704007F07FBF10B501280DD002280DD0CF
:10DAA00004280FD0FFDF7648006890F85E10BDE8CC
:10DAB0001040252006F0FEBB252000E0262006F0C1
:10DAC000D3FCF0E72720FAE702460020D30701D075
:10DAD000CB0705D0930705D58B0703D402207047E9
:10DAE000012070475207FCD54907FAD4042070473B
:10DAF0002DE9F041624C86B0206800B9FFDF206854
:10DB00004178E9BB0178FF2942D0002580F83150E7
:10DB1000A0F85A50857080F83850284606F09EFECE
:10DB2000182259496846FFF704FC684606F08AFE49
:10DB300006F0CCFB206890F95F0006F085FC5248A7
:10DB40001D3806F087FC5048203806F06CFE6068EF
:10DB500006F087FE2068002190F82400FFF7B4FF4C
:10DB6000FFF799FF206880F82C5006F071FE2068BE
:10DB700090F85E10002006F030FD0F21052000E037
:10DB800006E006F038FC206890F82E1051B902E04B
:10DB90000C2006B027E690F82F1019B990F8220053
:10DBA00040072BD504F009FC804620684146806878
:10DBB00005F004F9354F064690FBF7F007FB1060BF
:10DBC0004142404604F0CDF82168886096FBF7F0AA
:10DBD0004A68104448600BF0BFF821684A689042D8
:10DBE0000CD8C1E901580120FFF7C0FD206890F86A
:10DBF0002200400702D50120FFF795FD2068417BF8
:10DC00000E3006F0EAFB206890F85C1039B1B0F8ED
:10DC10005810A0F84810416D416480F85C5090F8AD
:10DC20005D1041B1B0F85010A0F84010C16C40F840
:10DC30003C1F80F821500BF0FCF8032160680BF0CA
:10DC40002FF9216881F833000020A2E70C49886091
:10DC500070472DE9F0410A4C0746002620683146FE
:10DC6000C57E6068068000F0D1FA2068408C1328D9
:10DC700040D00DDC102861D012280DD15CE00000EE
:10DC800064000020A4050020B0B1010040420F0054
:10DC9000152838D01D2836D0FFDF00BF00F0CAFAA3
:10DCA0002068418C1D2907D0152905D0B0F84820DF
:10DCB000416C60680BF028FD206890F82C1090F8FB
:10DCC0002400FFF701FF05463FB1FFF7E4FE012204
:10DCD0004FF49671002006F01EFD206890F82C107D
:10DCE000294380F82C1090F824208A434FF001013A
:10DCF00029D02DE0002160680BF0C4FC0121606890
:10DD000000F084FACAE7012160680BF0BBFC012136
:10DD1000606800F07BFAD4E9001025B11C310BF0EB
:10DD2000DDFC012104E015310BF0D8FC2068017DF9
:10DD300060680BF0E2FCB1E7062100E002216068B8
:10DD40000BF0A0FCAAE7428C1D2A0BD080F8311002
:10DD50004170418C13290ED007DC10290AD01229FA
:10DD600007D108E080F82C60F2E7152903D01D29BF
:10DD700001D0FFDF37E590F85E20BDE8F0410121DA
:10DD8000084606F05ABEF84810B50068417841B917
:10DD90000078FF2805D00021084600F059FA00203D
:10DDA00010BD00F03CFA0C2010BD2DE9F041EE4D05
:10DDB0000446174628680E4690F8660000B1FFDF5B
:10DDC0002968002F81F868704ED12088A1F86A0078
:10DDD0006088A1F88000A088A1F88200E088A1F8FE
:10DDE000840094F88C0181F8860091F82F0020B10E
:10DDF000487B0E3100F0FFF940B9296891F83000F6
:10DE000060B1487B0E3100F0EDF938B12868D0F8E8
:10DE10000E104167418AA0F8781003E02868476730
:10DE2000A0F878706968FF2E0878C0F380106076DB
:10DE3000D1F80300C4F81A00B1F80710E18314D038
:10DE4000296801F16E02C1F87A00E08BA1F87E002A
:10DE500030466D310AF099FF00B9FFDF286810F8ED
:10DE60006D1F41F002010170BDE42868C0F87A70AE
:10DE7000A0F87E70617E80F86D10D4F81A1040F81A
:10DE80006E1FE18B8180AEE470B5FFF7BEFDB64C2E
:10DE9000012538B13C22FF21A068FFF786FF2068EA
:10DEA00080F86650206890F82200C00704D0A0686F
:10DEB0003C220188012003E03C224FF6FF71002044
:10DEC000FFF7FDFA206880F8385070BDA649096850
:10DED00081F83200704770B5002507F0BAFC50B1E8
:10DEE000A14C20684178012908D0022901D00329DA
:10DEF00036D0FFDF70BDBDE8704093E58178002922
:10DF0000F8D1418C102913D090F8330020B106F0DD
:10DF100019F8402006F02DFD206890F822104907DE
:10DF200010D490F83610012904D0032902D002E061
:10DF3000002119E0102590F85E2045F00E01002028
:10DF400006F07BFD206890F8340008B106F054FD1F
:10DF50000021962006F0B1FC21680220487070BDB7
:10DF600081780029FBD18178BDE87040012000F064
:10DF70006FB957E510B57C4C206890F8340008B1B3
:10DF800000F07AF9206890F8330018B106F004FD2B
:10DF900005F0E6FF07F05DFC88B1206840780228B4
:10DFA00000D0FFDF0021012000F052F92068417805
:10DFB000002903D04078012800D0FFDF10BDBDE864
:10DFC00010402FE510B50AF0CBFE04460AF07DFFA5
:10DFD00038B120460AF052FE18B110210BF025F995
:10DFE00008B1002010BD012010BD2DE9F047DFF879
:10DFF00078910E460746032809D0FFF7F6FC044641
:10E00000D9F8000090F8320020B1012003E0FFF7BA
:10E01000F3FC04460020804606F018FA0546032F5C
:10E020002BD0012734EA080453D0D9F800004C461D
:10E0300090F8330068B10AF0E2FE30700146FF2824
:10E0400007D06068C01C0AF0B7FE30780AF0E1FE25
:10E05000054360680178C1F3801221680B7D9A4204
:10E0600005D10622C01C1531FFF736F938B1002062
:10E070003178FF290BD0D8B903E00227D2E701207D
:10E08000F6E7206890F82D00884211D008E038B1FA
:10E09000616811F8030BC0F38010FFF793FF38B1EC
:10E0A0000020216891F82210490703D5A0B910E09B
:10E0B0000120F6E785B92D4890F8360008B1B8423E
:10E0C00007D1616811F8030BC0F38010FFF77AFFE6
:10E0D00010B10020BDE8F0870120FBE7F8B5224C25
:10E0E0000746002520684078022800D0FFDF20681E
:10E0F00090F8340008B100F0BFF860680BF0E4FA63
:10E1000006460FB306F073F9F0B1052E1DD1606815
:10E1100090F8240000F01F00102816D9206890F80D
:10E12000350090B1FF208DF80000012569460520DB
:10E13000FFF75BFF40B1206880F8A05061682222A1
:10E14000A130C91CFFF7F5F815E060680BF0FCFA88
:10E1500088B1062E0FD2DFE806F00E0E0E030E0B6E
:10E1600000F0CDF806E0000064000020A4050020C7
:10E1700000F091F800B90125206890F8330018B13B
:10E1800006F00AFC05F0ECFE1DB10021012000F0B4
:10E190005FF820684178002906D04178012903D032
:10E1A0004078032800D0FFDFF8BD70B59F4E0546CC
:10E1B0000C463068807800280BD106F02FF8034613
:10E1C0003068214690F85E202846BDE8704007F090
:10E1D000C1BD70BD022803D0032801D000207047C4
:10E1E00001207047012802D14879800901D0002020
:10E1F000704701207047012806D148790121B1EB11
:10E20000901F01D101207047002070470278202321
:10E2100022F0200203EA41110A430270704710B550
:10E2200006F09AFB06F079FB06F0C8FABDE810404C
:10E2300006F0FFBA10B57D4C7D4960680BF048FAD6
:10E240007B480E38417B6068BDE810400BF04CBA4B
:10E25000764A10B5126892F831303BB1508C1D28C7
:10E2600000D1FFDFBDE81040FFF7DCBB002902D181
:10E27000BDE81040EDE410BD10B56C4C206837309F
:10E2800006F0C5FB18B921687F2081F83700BDE88A
:10E29000104006F0A7BB38B5FF208DF8000001251F
:10E2A00069460520FFF7A1FE30B3604C20688078F6
:10E2B00008BB6268A0681278417BC2F3401211402B
:10E2C0004173012100F04AF800229DF80010A06877
:10E2D000FFF76BFD2068012100F8661F82788188B6
:10E2E0000120FFF7ECF8216800204870FFF797FF46
:10E2F000012007F04FFB00E00025284638BD38B567
:10E30000FF208DF80000012569460320FFF76DFE10
:10E31000464C002820681CD090F8341031B190F899
:10E32000960018B99DF8000000F04CF860680021D4
:10E33000018004210BF0A6F9FFF77CFF2068B0F8FC
:10E340004020C16B60680BF0EFF921680320487032
:10E3500002E0807800B90025284638BD70B5334DFD
:10E360000446686850F80F2FC4F80E208288628235
:10E3700082792275C27962750289E282428962805D
:10E380008289A280C289E2800269A260027D227332
:10E39000427D02F01F022276407D400984F88C0104
:10E3A00084F8641084F86510002104F130000BF04B
:10E3B0002AFB286890F8651004F8661F90F85F0043
:10E3C000607070BD70B5194C0122216881F89620EB
:10E3D0000A7881F89720FF280DD001F19902983131
:10E3E0000AF0D3FC00B9FFDF206810F8981F41F055
:10E3F000020101700CE060680278C2F3801281F8BB
:10E400009820D0F8032041F8992FB0F807008880B1
:10E41000256895F837009F357F2800D1FFDF2068F9
:10E4200010F8371F29707F21017070BD6400002033
:10E43000B20500202DE9FC470C460646694600F06F
:10E4400010FF002860D1FFF7CAF8B0425CD0214627
:10E45000304608F0DEFF28BB019D95F82C01703591
:10E4600018B9287F08B1012000E00020814695F806
:10E4700039004FF000084FF0010AA0B195F83A00BA
:10E48000800710D584F8018084F800A084F8028009
:10E49000A68095F83B10A171A98F2181E98F618138
:10E4A00085F839802DE0304601F04DFF070000D19E
:10E4B000FFDF384601F06DF940B184F801800D218D
:10E4C0002170A680E08084F802A01AE0304601F0B6
:10E4D00028FF070000D1FFDFB9F1000F14D0384644
:10E4E00001F0AFF980B1304606F01EFD84F80180DE
:10E4F0000A21217084F80280A680697FA17185F8C5
:10E500001C800120BDE8FC870020FBE71CB56946A4
:10E5100000F0A7FE00B1FFDF684600F0AFFEF9494A
:10E5200000208968A1F8F2001CBD2DE9FC410446D9
:10E530000E46062001F06EFD00250746A84606445B
:10E5400017E02088401C80B22080B04202D34046B1
:10E55000A4F8008080B2B84204D3B04202D20020B6
:10E56000BDE8FC81694600F07CFE0028F8D06D1CF7
:10E57000EDB2AE42E5D84FF6FF7020801220EFE7F3
:10E5800010B506F043FD0AF026FBDF484FF6FF7199
:10E5900000234182818203701B2141804FF4A472C9
:10E5A0008280C180028103228275C2758272042436
:10E5B000C4728181C1810282837610BD70B5D14C55
:10E5C0000D466060217006F0ADFC00F063FEFFF7C1
:10E5D000D7FF207809F09EFD284607F04DFACA487B
:10E5E0002838FFF72DF82178606808F0F6FFBDE8BD
:10E5F00070400AF0F0BA10B501240AB1002010BD35
:10E6000021B1012903D00024204610BD02210BF0C6
:10E61000CBF8F9E7887800B90320C97801B903215C
:10E62000107019700020704730B587B0044600881C
:10E63000694600F016FE002806D1A08830B10128F6
:10E6400004D0022802D0122007B030BD05AB04AAC6
:10E6500021466846FFF7DEFF0400F5D1019901204D
:10E6600081F8C501019991F81012002539B9019975
:10E6700091F8C41119B9019991F8971009B13A2488
:10E6800015E00199039581F8C40101989DF81020C7
:10E6900080F8C621019B9DF8140083F8C7018DF80E
:10E6A0000C208DF80D0003AA01200AF0F4FE019859
:10E6B00080F8C5512046C7E710B504460020A17870
:10E6C00001B90120E2780AB940F0020000F0F6FD3D
:10E6D000002803D12046BDE81040A5E710BD70B565
:10E6E0000D4604460189002380880AF0C9FE696A44
:10E6F00081421DD2401A401CA1884008091A8AB2E2
:10E70000A2802189081A2081668895F86410104635
:10E710000AF08DFE864200D230466080E68895F889
:10E72000651020890AF083FE864200D23046E080E0
:10E7300070BDF0B585B00D46064603A900F091FD09
:10E7400000282AD104990022FB20B1F84E30FB2B7F
:10E7500000D30346B1F85040FB20FB2C00D3044605
:10E76000DFF8A8C19CE8811000900197CDF808C09F
:10E77000ADF80230ADF806406846FFF7B0FF6E8096
:10E78000BDF80400E880BDF808006881BDF802000B
:10E79000A880BDF806002881002005B0F0BD2DE955
:10E7A000F04186B004460088694600F05AFD002812
:10E7B00059D12189E08800F09BFD002853D1A18820
:10E7C000608800F095FD00284DD12189E08800F097
:10E7D00085FD002847D1A188608800F07FFD0600F4
:10E7E00041D1208802A9FFF7A4FF00B1FFDFBDF8E7
:10E7F000101062880920914235D3BDF80C10E288D0
:10E80000914230D3BDF81210BDF80E202389114477
:10E81000A2881A44914226D3019D01274FF0000897
:10E8200085F8BB71019890F8FC0105F5DD7508B11C
:10E830003A2615E0E08868806088E880218940F603
:10E840004800814200D30146A980A188814200D2BC
:10E8500008462881002228460199FFF740FF2F70C3
:10E8600085F80180304606B0BDE8F08197E710B525
:10E870000446FEF761FE002813D0207814280FD13B
:10E88000A07868B1A088062101F018FC40B100888A
:10E8900006F04AFBA088062101F022FC00B1FFDF50
:10E8A000012010BD2DE9F041060000D1FFDF164820
:10E8B000022114308046FFF738FE00B1FFDF124C12
:10E8C0000620A78A01F0A6FB0546A08AA84203D12C
:10E8D0003046FFF7CCFF20B9A08A3146FFF7AAFDEA
:10E8E00030B1304600F012FD0028EED10120BBE728
:10E8F00002214046FFF719FE10B9A08AB842E4D1C0
:10E900000020B1E77000002090060020C8B101008F
:10E9100010B500F083FC08B10C2010BD0AF096F988
:10E92000002010BD10B50446007818B1012801D0B0
:10E93000122010BD00F07DFC20B10AF0FDF908B1F5
:10E940000C2010BD207800F053FCE21D04F11703E9
:10E95000611CBDE810400AF09BB910B5044600F0F8
:10E960005DFC08B10C2010BD207818B1012801D041
:10E97000122010BD00F03CFC611C0AF041F908B106
:10E98000002010BD072010BD10B50AF0D9F908B15C
:10E99000002010BD302010BD10B5044600F049FC29
:10E9A00008B10C2010BD20460AF0C2F9002010BDAD
:10E9B00010B500F03EFC20B10AF0BEF908B10C2001
:10E9C00010BD0AF0A7F9002010BDFF2181704FF69D
:10E9D000FF718180F84949680A7882718A880281CA
:10E9E0004988418101214170002070471CB50024F5
:10E9F00012F1080F15D00CDC12F1280F11D012F112
:10EA0000140F0ED012F1100F0BD012F10C0F0CD10D
:10EA100007E012F1040F04D01AB1032A01D0042A2E
:10EA200003D1012804D0032806D0122420461CBD9F
:10EA30001046FEF7D0FFF9E708461446694600F095
:10EA400010FC08B10224F1E7019880F86740002427
:10EA5000ECE710B5134601220AF003FC002010BDBC
:10EA600010B5044600F0E5FB08B10C2010BD2146AE
:10EA7000002006F0CCFA002010BD10B5044607F0C7
:10EA800095F920B1207807F003F8002010BD0C2084
:10EA900010BD10B5044600F0CCFB08B10C2010BD31
:10EAA0002146012006F0B3FA002010BD38B5044617
:10EAB0004FF6FF70ADF80000A079E179884216D0DA
:10EAC0002079FEF78DFC90B16079FEF789FC70B17A
:10EAD0000022A07911460BF0DBFB40B90022E0795F
:10EAE00011460BF0D5FB10B9207A072801D9122066
:10EAF00038BD07F067F948B900216846FFF715FDF2
:10EB000020B1204605F0ADFB002038BD0C2038BDFB
:10EB10002DE9FC41817804461A2925D00EDC1629FE
:10EB20002DD2DFE801F02C2C2C2C2C212C2C2C2C81
:10EB30002C2C2C2C2C2C2C2C2C2121212A291ED0A5
:10EB40000BDCA1F11E010C2919D2DFE801F0181825
:10EB50001818181818181818180D3A3904290ED250
:10EB6000DFE801F00D020D022088B0F5706F06D2CB
:10EB70000127694600F075FB18B10220F0E412206D
:10EB8000EEE4019D68462E4605F5C87506F291161D
:10EB900000F05AFB08B1287808B10C20E0E42F708F
:10EBA000A0783070684600F069FB0020D8E41CB5FE
:10EBB0000C46694600F055FB002118B12160217117
:10EBC00002201CBD0198024610F1700080F842102E
:10EBD00093682360137B237190F84230002BF5D1AA
:10EBE00000201CBD10B5044600F023FB20B10AF044
:10EBF000A3F808B10C2010BD207800F0F9FAE279F2
:10EC0000611C0AF06EF908B1002010BD022010BD91
:10EC100010B5886E60B1002241F8682F0120CA71DA
:10EC2000897988400BF028FB002800D01F2010BDF8
:10EC30000C2010BD1CB50C46694600F012FB0028E4
:10EC400005D10198B0F87000401C208000201CBD48
:10EC50001CB504460088694600F003FB08B1022099
:10EC60001CBD606828B1DDE90001224600F09CFB74
:10EC70001CBDDDE90001FFF7CBFF1CBD10B500781E
:10EC8000012800D00020FEF7A1FE002010BDF0B545
:10EC900044888188C288038945898089A71F40F6F6
:10ECA0007B46B74215D28F1FB74212D28C4210D882
:10ECB000B2F5FA7F0DD2A3F10A04361FB44208D28E
:10ECC000521C4A43B2EB830F03DA854201D800207D
:10ECD000F0BD3020F0BDF8B515460E46044607F0ED
:10ECE00071F808B10C20F8BD204600F09CFB00280C
:10ECF000F9D1A078C1064FF01100F4D5E17D0329C8
:10ED0000F1D0FEF76DFE3070A07555B9FF208DF87B
:10ED1000000069460020FEF74DFE69460020FEF720
:10ED20003EFE2046BDE8F840FEF7BDBD0022D2E71A
:10ED30000078C10801D01220704720498876002051
:10ED4000704710B504460078C00704D1608810B140
:10ED5000FEF711FE80B12078618800F00102607832
:10ED600000F0ACFB002806D1FEF7FDFD01466088EF
:10ED7000884203D9072010BD122010BD6168FEF73C
:10ED800019FE002010BD10B504460078C00704D15C
:10ED9000608810B1FEF730FE90B12078618800F0F5
:10EDA0000102607800F08AFB002804D16088616865
:10EDB000FEF7F5FD002010BD700000209006002039
:10EDC0001220F8E77CB5044640784225012808D88F
:10EDD000A078FEF745FC20B120781225012802D04A
:10EDE00090B128467CBDFEF710FE20B1A088002817
:10EDF000F7D08028F5D8FEF70FFE60B160780028C4
:10EE0000EFD02078012808D006F07EF9044606F0FD
:10EE100009FE00287FD00C207CBDFEF762FC10B9F3
:10EE2000FEF7F1FD90B306F0CDFF0028F3D1FEF719
:10EE3000D6FBA0F57F41FF39EDD1FEF7D6FCA688C1
:10EE400042F210704643A079FEF79CFDFEF7CDFD1F
:10EE5000F8B10022062101A801F002F9040058D0FF
:10EE6000F7480021846020460AF01EF92046FEF78C
:10EE7000EDFEF44D04F13000AA89E989C2830184D2
:10EE8000FEF7CCFD60B1288A01210DE0FFE71220DA
:10EE90007CBD3146002006F0FEFD88B3FFDF44E074
:10EEA000FEF7BEFD0146288A06F090FE0146A062EC
:10EEB0000022204606F02BF9FEF7B0FD38B9FEF728
:10EEC000AFFD0246214601200AF0E3FAD0B1DD4A47
:10EED0002146163201200AF0DEFAE87A0090AB7A79
:10EEE000EA89A989208801F0A5F900B1FFDF20880F
:10EEF00006F019F83146204606F0CDFD00B1FFDFDF
:10EF000013E008E00621BDF8040001F0E9F800B1C3
:10EF1000FFDF09207CBD44B1208806F005F8208879
:10EF2000062101F0DDF800B1FFDF00207CBD0021EB
:10EF300048E770B50D46062101F0C0F8040003D083
:10EF400094F8930110B10AE0022070BD94F87D009E
:10EF5000142801D0152802D194F8E00108B10C2042
:10EF600070BD1022294604F5CA70FEF7E2F90120AF
:10EF700084F89301002070BD10B5062101F09EF8C1
:10EF800018B190F8931111B107E0022013E790F83F
:10EF90007D10142903D0152901D00C200BE7022184
:10EFA00080F89311002006E72DE9FC410D464BF651
:10EFB00080321221954213D895B1694600F051F97B
:10EFC00000280CD1019EB41C703627882A46394689
:10EFD00030460AF02AF82088B842F6D10020CDE564
:10EFE0000846CBE51CB504460088694600F039F9AF
:10EFF000002808D10199A378084691F82C20703197
:10F000009A4201D10C201CBD7F220A728A72002212
:10F01000CA72E17880F82D10217980F82E10A1783D
:10F0200080F82C1010461CBD1CB50C46694600F03B
:10F0300018F9002806D1019890F88C0000B1012041
:10F04000207000201CBD7CB50D461446694600F0BA
:10F0500008F9002805D1019890F82C00012801D06A
:10F060000C207CBD019890F87810297090F87900F8
:10F07000207000207CBD70B50D461646062101F0BB
:10F080001DF818B381880124C388428804EB410429
:10F09000AC4217D842F210746343A4106243B3FB2E
:10F0A000F2F2521E94B24FF4FA72944200D914460E
:10F0B000A54200D22C46491C641CB4FBF1F24A4321
:10F0C000521E91B290F8CC211AB901E0022070BD15
:10F0D00001843180002070BD10B50C46062100F07F
:10F0E000EDFF48B180F8FF4024B190F8FD1009B160
:10F0F00006F083FD00205EE602205CE6017899B10F
:10F10000417889B141881B290ED381881B290BD3F3
:10F11000C188022908D34B490268283941F8322FA7
:10F1200040684860002070471220704710B506F014
:10F130001EFD00203FE610B506F01CFD00203AE65B
:10F1400070B514460A46064600250121104606F011
:10F150003DFD002800D8284605460121304600F034
:10F160004EF806460121002000F049F8311801222E
:10F1700096318D4206D901F19600691AB1FBF0F083
:10F18000401C82B22280002070BD10B5044600F001
:10F1900050F808B10C200EE6601C09F08FFE2078B4
:10F1A00000F00100FEF7BAFA002004E610B50446AC
:10F1B000062000F021FF08B10C20FCE52078C007F4
:10F1C00010D00022607811460BF062F808B11220CE
:10F1D000F1E5A06808F073FD6078616808F078FDDB
:10F1E0000020E8E5002008F06AFD00210846F5E768
:10F1F00018B1022801D0012070470020704710B5D7
:10F20000012904D0022905D0FFDF2046D3E5C00044
:10F21000503001E080002C3084B2F6E710B506F0E3
:10F22000D1FD20B1FEF755FA08B10120C3E5002059
:10F23000C1E510B506F0C6FD002800D00120BAE5F2
:10F240007000002090060020416891F82C0191F890
:10F250008C1021B918B1042801D00120704700207A
:10F26000704710B50C46062100F028FF606018B109
:10F270000120207000209EE502209CE5416891F865
:10F28000FD20002A05D0002281F8FD20406806F00C
:10F29000B4BC704708B54FF6FF70ADF8000006E04B
:10F2A0000621BDF8000000F01BFF00B1FFDF0021C8
:10F2B0006846FFF73AF90028F2D008BD70B5144649
:10F2C0000546012200F00EF9002806D12146284605
:10F2D000BDE87040002200F005B970BDFB2803D8DE
:10F2E00040F64800814201D9112070470020704744
:10F2F0001B38E12806D2B1F5A47F03D344F2902055
:10F30000814201D912207047002070471FB58E49F5
:10F31000897ECA0702D10278192A0AD08A0702D444
:10F320000278182A24D0490739D40178122933D019
:10F3300035E04088ADF8000002A9FFF792FF00B168
:10F34000FFDF039810F8601F8DF8021040788DF8E9
:10F3500003000020ADF8040001B9FFDF9DF80300B1
:10F3600000B9FFDF6846FFF7A7F9D8B1FFDF19E062
:10F370004088ADF8000040F64800FB21ADF80400DD
:10F38000ADF80800ADF80210ADF806106846FFF7BA
:10F390006DFA38B1FFDF05E0007BC00702D0002026
:10F3A00004B008E50120FBE7F8B50646508914468D
:10F3B0000F4640B1B0F5004F05D20022A0781146AB
:10F3C0000AF066FF08B11220F8BDB86E394607F1A1
:10F3D000700530B1A07891F86E20904201D00C20D9
:10F3E000F8BD012081F86F00A07881F86E00606898
:10F3F00041F8680F608988802089A884002087F8F8
:10F400006F0020886946FFF715FCA88CBDF8001036
:10F41000081A00B2002804DD39463046FFF7F8FB31
:10F42000DDE70020F8BD38B504460078EF2841D864
:10F430006088ADF80000009800F061F888B361883A
:10F44000080708D4D4E90120824233D8202A31D3D6
:10F45000B0F5804F2ED8207B18B307282AD8607BC0
:10F4600028B1012803D0022801D0032822D14A075D
:10F4700003D4022801D0032805D1A07B08B10128BC
:10F4800018D1480707D4607D28B1012803D002288D
:10F4900001D003280ED1C806E07D03D5012809D18B
:10F4A00004E007E0012801D0032803D1E07E18B171
:10F4B000012801D0122038BD002038BD70B50C469F
:10F4C0000546FF2904D8FEF7A9FA18B11F2C01D967
:10F4D000122070BD2846FEF7C3F808B1002070BDA9
:10F4E000422070BD0AB1012200E00222024202D194
:10F4F000880802D109B1002070471120704780B2FE
:10F50000C1060BD401071CD481064FEAC07101D596
:10F51000B9B900E099B1800713D410E0410610D4C6
:10F5200081060ED4C1074FEA807104D0002902DBA6
:10F53000400704D405E0010703D4400701D40120AB
:10F5400070470020704700009006002030B5058805
:10F5500025F4004421448CB24FF4004194420AD275
:10F56000121B92B21B339A4201D2A94307E005F461
:10F570000041214303E0A21A92B2A9431143018042
:10F5800030BD0844083050434A31084480B27047C7
:10F5900070B51D4616460B46044629463046049A69
:10F5A000FFF7EFFF0646B34200D2FFDF282200211B
:10F5B0002046FDF7E8FE4FF6FF70A082283EB0B26D
:10F5C00065776080B0F5004F00D9FFDF618805F1F5
:10F5D0003C00814200D2FFDF60880835401B343890
:10F5E00080B220801B2800D21B2020800020A07722
:10F5F00070BD8161886170472DE9F05F0D46C1885B
:10F60000044600F12809008921F4004620F400484E
:10F6100000F063FB10B10020BDE8F09F4FF0000A3E
:10F620004FF0010BB0450CD9617FA8EB0600401AE2
:10F630000838854219DC09EB06000021058041806D
:10F640001AE06088617F801B471A083F0DD41B2F8A
:10F6500000DAFFDFBD4201DC294600E0B9B2681ADA
:10F660000204120C04D0424502DD84F817A0D2E750
:10F6700009EB06000180428084F817B0CCE770B532
:10F68000044600F12802C088E37D20F400402BB13D
:10F6900010440288438813448B4201D2002070BD7D
:10F6A00000258A4202D30180458008E0891A0904B6
:10F6B000090C418003D0A01D00F01FFB08E0637F10
:10F6C00000880833184481B26288A01DFFF73EFF0E
:10F6D000E575012070BD70B5034600F12804C588AA
:10F6E000808820F400462644A84202D100201882D7
:10F6F00070BD98893588A84206D3401B75882D1A9D
:10F700002044ADB2C01E05E02C1AA5B25C7F204497
:10F710003044401D0C88AC4200D90D809C8924B136
:10F72000002414700988198270BD0124F9E770B5AE
:10F73000044600F12801808820F400404518208A02
:10F74000002825D0A189084480B2A08129886A8830
:10F750001144814200D2FFDF2888698800260844CE
:10F76000A189884212D1A069807F2871698819B166
:10F77000201D00F0C2FA08E0637F2888083318448F
:10F7800081B26288201DFFF7E1FEA681268201205A
:10F7900070BD2DE9F041418987880026044600F1BB
:10F7A0002805B94219D004F10A0800BF21F400402D
:10F7B0002844418819B1404600F09FFA08E0637F71
:10F7C00000880833184481B262884046FFF7BEFEC5
:10F7D000761C6189B6B2B942E8D13046BDE8F08105
:10F7E0002DE9F04104460B4627892830A68827F4E6
:10F7F0000041B4F80A8001440D46B74201D100200F
:10F80000ECE70AB1481D106023B1627F691D1846FC
:10F81000FDF78FFD2E88698804F1080021B18A194F
:10F8200096B200F06AFA06E0637F6288083399199D
:10F8300089B2FFF78BFE474501D1208960813046B0
:10F84000CCE78188C088814201D101207047002027
:10F85000704701898088814201D1012070470020D2
:10F86000704770B58588C38800F1280425F40042EC
:10F8700023F4004114449D421AD08389058A5E19FD
:10F8800025886388EC18A64214D313B18B4211D398
:10F890000EE0437F08325C192244408892B2801AFD
:10F8A00080B22333984201D211B103E08A4201D1E0
:10F8B000002070BD012070BD2DE9F0478846C18849
:10F8C0000446008921F4004604F1280720F400458D
:10F8D00007EB060900F001FA002178BBB54204D914
:10F8E000627FA81B801A002503E06088627F801B6E
:10F8F000801A083823D4E28962B1B9F80020B9F837
:10F9000002303BB1E81A2177404518DBE0893844E2
:10F91000801A09E0801A217740450ADB607FE1897F
:10F920000830304439440844C01EA4F81280BDE8B1
:10F93000F087454503DB01202077E7E7FFE7618299
:10F940000020F4E72DE9F74F044600F12805C088B0
:10F95000884620F4004A608A05EB0A0608B1404553
:10F9600002D20020BDE8FE8FE08978B13788B6F872
:10F97000029007EB0901884200D0FFDF207F4FF0A3
:10F98000000B50EA090106D088B33BE00027A07FB6
:10F99000B9463071F2E7E18959B1607F29440830F6
:10F9A00050440844B4F81F1020F8031D94F82110A7
:10F9B0008170E28907EB080002EB0801E1813080E9
:10F9C000A6F802B002985F4650B1637F30880833D2
:10F9D000184481B26288A01DFFF7B8FDE78121E0DD
:10F9E000607FE18908305044294408442DE0FFE756
:10F9F000E089B4F81F102844C01B20F8031D94F8B8
:10FA00002110817009EB0800E28981B202EB080045
:10FA1000E081378071800298A0B1A01D00F06DF9DF
:10FA2000A4F80EB0A07F401CA077A07D08B1E088AC
:10FA3000A08284F816B000BFA4F812B084F817B002
:10FA400001208FE7E0892844C01B30F8031DA4F88B
:10FA50001F10807884F82100EEE710B5818800F14E
:10FA6000280321F400442344848AC288A14212D08E
:10FA7000914210D0818971B9826972B11046FFF745
:10FA8000E8FE50B91089283220F40040104419795A
:10FA90000079884201D1002010BD184610BD00F148
:10FAA0002803407F08300844C01E1060088808B949
:10FAB000DB1E136008884988084480B270472DE92E
:10FAC000F04100F12806407F1C460830904643185C
:10FAD00008884D88069ADB1EA0B1C01C80B29042F7
:10FAE00014D9801AA04200DB204687B298183A4603
:10FAF0004146FDF7F1FB002816D1E01B84B2B84463
:10FB0000002005E0ED1CADB2F61EE8E7101A80B249
:10FB10000119A94206D8304422464146BDE8F041C9
:10FB2000FDF7DABB4FF0FF3058E62DE9F04100F168
:10FB30002804407F1E460830904643180025088858
:10FB40004F88069ADB1E90B1C01C80B2904212D939
:10FB5000801AB04200DB304685B299182A464046EA
:10FB6000FDF7E7FB701B86B2A844002005E0FF1CF0
:10FB7000BFB2E41EEAE7101A80B28119B94206D872
:10FB8000211832464046FDF7D4FBA81985B2284615
:10FB900024E62DE9F04100F12804407F1E4608309C
:10FBA00090464318002508884F88069ADB1E90B1BE
:10FBB000C01C80B2904212D9801AB04200DB30469D
:10FBC00085B298182A464146FDF7B3FB701B86B2F2
:10FBD000A844002005E0FF1CBFB2E41EEAE7101AAB
:10FBE00080B28119B94206D8204432464146FDF719
:10FBF000A0FBA81985B22846F0E5401D704710B556
:10FC0000044600F12801C288808820F4004319448A
:10FC1000904206D0A28922B9228A12B9A28A9042C1
:10FC200001D1002010BD0888498831B1201D00F0A5
:10FC300064F800202082012010BD637F62880833B1
:10FC4000184481B2201DFFF781FCF2E70021C18139
:10FC500001774182C1758175704703881380C2891D
:10FC600042B1C28822F4004300F128021A440A601B
:10FC7000C08970470020704710B50446808AA0F5FF
:10FC80007F41FF3900D0FFDFE088A082E08900B12A
:10FC90000120A07510BD4FF6FF7181820021817592
:10FCA000704710B50446808AA0F57F41FF3900D126
:10FCB000FFDFA07D28B9A088A18A884201D1002059
:10FCC00010BD012010BD8188828A914201D1807DC2
:10FCD00008B1002070470120704720F4004221F451
:10FCE00000439A4207D100F4004001F400418842E9
:10FCF00001D0012070470020704730B504460088CD
:10FD00000D4620F40040A84200D2FFDF21884FF4C6
:10FD1000004088432843208030BD70B50C00054664
:10FD200009D0082C00D2FFDF1DB1A1B2286800F075
:10FD300044F8201D70BD0DB100202860002070BD6A
:10FD40000021026803E093881268194489B2002AEE
:10FD5000F9D100F032B870B500260D4604460829E6
:10FD600000D2FFDF206808B91EE0044620688188C1
:10FD7000A94202D001680029F7D181880646A9422C
:10FD800001D100680DE005F1080293B2002299420A
:10FD900009D32844491B02608180216809682160D9
:10FDA0000160206000E00026304670BD00230B603B
:10FDB0008A8002680A600160704700234360021D68
:10FDC000018102607047F0B50F46018840881546F2
:10FDD0000C181E46AC4200D3641B3044A84200D924
:10FDE000FFDFA019A84200D9FFDF3819F0BD2DE9C7
:10FDF000F041884606460188408815460C181F4683
:10FE0000AC4200D3641B3844A84200D9FFDFE0199C
:10FE1000A84200D9FFDF70883844708008EB0400E6
:10FE2000BDE8F0812DE9F041054600881E461746E1
:10FE3000841B8846BC4200D33C442C8068883044F4
:10FE4000B84200D9FFDFA019B84200D9FFDF6888A7
:10FE50003044688008EB0400E2E72DE9F0410688B1
:10FE60001D460446701980B2174688462080B84265
:10FE700001D3C01B20806088A84200D2FFDF701928
:10FE8000B84200D9FFDF6088401B608008EB0600A5
:10FE9000C6E730B50D460188CC18944200D3A41AA9
:10FEA0004088984200D8FFDF281930BD2DE9F04185
:10FEB000BF4D04469046A8780E46A04200D8FFDF0A
:10FEC00005EB8607786A50F8240000B1FFDFB868B8
:10FED000002816D0304600F032F90146B868FFF726
:10FEE0003AFF05000CD0786A072E40F8245000D362
:10FEF000FFDFB0484246294650F826302046984752
:10FF00002846BDE8F0812DE9F84305000C46009530
:10FF100024D00026E81C20F00300A84200D0FFDF18
:10FF2000DFF88C820027314688F8007088F801409D
:10FF300088F8024088F8034088F8044088F80540B3
:10FF400088F80640684600F003F900204246009910
:10FF5000C91C21F00301009116B10FE00126D9E779
:10FF600002EB80035962002106E000BFD3F824C0F1
:10FF70004CF82170491CC9B2A142F7D30099401C2A
:10FF800001EB8401C0B200910728E0D3481BBDE813
:10FF9000F88310B50446F1F774F908B1102010BDCC
:10FFA0002078834A618802EB800092780EE0436AF1
:10FFB00053F8213043B14A1C6280A180406A50F856
:10FFC0002100A060002010BD491C89B28A42EED8F1
:10FFD0006180052010BD70B505460C460846F1F756
:10FFE00050F908B1102070BD072D01D3072070BD56
:10FFF00025700020608070BD0EB56946FFF7EBFFED
:020000040001F9
:1000000000B1FFDF6846FFF7C4FF08B100200EBD56
:1000100001200EBD10B50446072800D3FFDF644859
:10002000005D10BD3EB5054600246946FFF7D3FFCD
:1000300018B1FFDF01E0641CE4B26846FFF7A9FFD6
:100040000028F8D02846FFF7E5FF001BC0B23EBDF0
:1000500057498978814201D9C0B27047FF20704763
:100060002DE9F04106291BD1514C00273B464FF6A4
:10007000FF7604EB810514F801C00AE0DC19D5F81D
:1000800024E0A4B25EF824E0BEF1000F04D05B1CB3
:100090009BB29C45F2D8344604802046B44201D13C
:1000A00000202EE7BDE8F04100E7A0F57F43FF3BCD
:1000B00001D0072901D300207047F7E6A0F57F4261
:1000C000FF3A0BD0072909D2394A9378834205D9E0
:1000D00002EB8101496A51F8200070470020704707
:1000E0002DE9F04104460D46A4F57F4143F202009C
:1000F000FF3902D0072D01D3072002E72C494FF02A
:1001000000088A78A242F8D901EB8506726A52F893
:100110002470002FF1D0274839461C3050F8252094
:1001200020469047716A284641F8248000F007F87D
:1001300002463946B068FFF739FE0020E1E61D4966
:10014000383131F810004FF6FC71C01C0840704780
:100150002DE9F843164E8846054600242868C01C41
:1001600020F0030028602046FFF7E9FF315D484397
:10017000B8F1000F01D0002200E02A680146009289
:1001800032B100274FEA0D00FFF7C7FD1FB106E0AF
:1001900001270020F8E706EB8401009A8A602968AD
:1001A000641C0844E4B22860072CD7D3EFE60000B3
:1001B000AC060020D4B1010070B50E461D461146B4
:1001C00000F0D5F804462946304600F0D9F820441E
:1001D000001D70BD2DE9F04190460D4604004FF022
:1001E000000610D00027E01C20F00300A04200D041
:1001F000FFDFE5B141460020FFF78FFD0C3000EB3B
:10020000850617B113E00127EDE7624F04F10C00FA
:10021000AA003C602572606000EB85002060002130
:100220006068FDF7B0F841463868FFF776FD304664
:10023000BDE8F0812DE9FF4F564C804681B0206823
:100240009A46934600B9FFDF2068027A424503D9F7
:10025000416851F8280020B143F2020005B0BDE822
:10026000F08F5146029800F082F886B258460E99F7
:1002700000F086F885B27019001D87B22068A1468B
:1002800039460068FFF767FD04001FD067802580AE
:100290002946201D0E9D07465A4601230095FFF76B
:1002A00077F92088314638440123029ACDF800A01E
:1002B000FFF76EF92088C1193846FFF79AF9D9F887
:1002C00000004168002041F82840C7E70420C5E746
:1002D00070B5304C0546206800B9FFDF2068017A10
:1002E000A9420ED9426852F8251051B1002342F8B4
:1002F00025304A880068FFF759FD216800200A7AF6
:1003000008E043F2020070BD4B6853F8203033B967
:10031000401CC0B28242F7D80868FFF711FD0020E8
:1003200070BD70B51B4E05460024306800B9FFDF74
:100330003068017AA94204D9406850F8250000B11C
:10034000041D204670BD70B5124E0546002430686D
:1003500000B9FFDF3068017AA94206D9406850F839
:10036000251011B131F8040B4418204670BD10B5AA
:100370000A460121FFF705F9C01C20F0030010BD5B
:1003800010B50A460121FFF7FCF8C01C20F003005D
:1003900010BD00007C00002070B50446C2F11005BD
:1003A0002819FCF7C6FF15F0FF0109D0491ECAB293
:1003B0008020A0542046BDE870400021FCF7E3BF38
:1003C00070BD30B505E05B1EDBB2CC5CD55C6C402B
:1003D000C454002BF7D130BD10B5002409E00B78D0
:1003E000521E44EA430300F8013B11F8013BD2B22C
:1003F000DC09002AF3D110BD2DE9F04389B01E4677
:10040000DDE9107990460D00044622D002460846E8
:10041000F949FEF71EFB102221463846FFF7DCFFA4
:10042000E07B000606D5F44A394610231032084610
:10043000FFF7C7FF102239464846FFF7CDFFF87B8C
:10044000000606D5EC4A4946102310320846FFF74D
:10045000B8FF102200212046FCF795FF0DE0103E6A
:10046000B6B208EB0601102322466846FFF7A9FF43
:10047000224628466946FEF7ECFA102EEFD818D02F
:10048000F2B241466846FFF787FF10234A466946A5
:1004900004A8FFF796FF1023224604A96846FFF739
:1004A00090FF224628466946FEF7D3FA09B0BDE818
:1004B000F08310233A464146EAE770B59CB01E46E9
:1004C0000546134620980C468DF808002022194650
:1004D0000DF10900FCF72DFF202221460DF1290026
:1004E000FCF727FF17A913A8CDE90001412302AAB1
:1004F00031462846FFF780FF1CB070BD2DE9FF4F45
:100500009FB014AEDDE92D5410AFBB49CDE90076A4
:10051000202320311AA8FFF76FFF4FF000088DF855
:1005200008804FF001098DF8099054F8010FCDF8BB
:100530000A00A088ADF80E0014F8010C1022C0F3D8
:1005400040008DF8100055F8010FCDF81100A88873
:10055000ADF8150015F8010C2C99C0F340008DF88A
:10056000170006A88246FCF7E4FE0AA8834610227C
:100570002299FCF7DEFEA0483523083802AA40681D
:100580008DF83C80CDE900760E901AA91F98FFF7F0
:1005900033FF8DF808808DF809902068CDF80A00A7
:1005A000A088ADF80E0014F8010C1022C0F3400032
:1005B0008DF810002868CDF81100A888ADF8150056
:1005C00015F8010C2C99C0F340008DF81700504627
:1005D000FCF7AFFE584610222299FCF7AAFE864887
:1005E0003523083802AA40688DF83C90CDE90076A2
:1005F0000E901AA92098FFF7FFFE23B0BDE8F08FF8
:10060000F0B59BB00C460546DDE922101E461746A4
:10061000DDE92032D0F801C0CDF808C0B0F805C03F
:10062000ADF80CC00078C0F340008DF80E00D1F892
:100630000100CDF80F00B1F80500ADF813000878FF
:100640001946C0F340008DF815001088ADF816006B
:1006500090788DF818000DF119001022FCF769FE52
:100660000DF1290010223146FCF763FE0DF139002F
:1006700010223946FCF75DFE17A913A8CDE9000149
:10068000412302AA21462846FFF7B6FE1BB0F0BD63
:10069000F0B5A3B017460D4604461E46102202A828
:1006A0002899FCF746FE06A820223946FCF741FEB1
:1006B0000EA820222946FCF73CFE1EA91AA8CDE967
:1006C0000001502302AA314616A8FFF795FE16989E
:1006D000206023B0F0BDF0B589B00446DDE90E0717
:1006E0000D463978109EC1F340018DF80010317825
:1006F0009446C1F340018DF801101968CDF802103D
:100700009988ADF8061099798DF808100168CDF830
:1007100009108188ADF80D1080798DF80F00102335
:100720006A46614604A8FFF74CFE2246284604A903
:10073000FEF78FF9D6F801000090B6F80500ADF885
:100740000400D7F80100CDF80600B7F80500ADF8B1
:100750000A000020039010236A46214604A8FFF7F0
:1007600030FE2246284604A9FEF773F909B0F0BD11
:100770001FB51C6800945B6801931368029352686C
:100780000392024608466946FEF763F91FBD10B59D
:1007900088B00446106804905068059000200690C8
:1007A000079008466A4604A9FEF753F9BDF8000011
:1007B000208008B010BD1FB51288ADF800201A883F
:1007C000ADF80220002201920292039202460846EE
:1007D0006946FEF73EF91FBD7FB5074B1446054637
:1007E000083B9A1C6846FFF7E6FF22466946284602
:1007F000FFF7CDFF7FBD000022B2010070B50446B7
:1008000000780E46012813D0052802D0092813D1FC
:100810000EE0A06861690578042003F07FFA052DD9
:100820000AD0782300220420616903F0CDF903E0A7
:100830000420616903F072FA31462046BDE8704039
:1008400001F08AB810B500F12D03C2799C78411DE2
:10085000144064F30102C271D2070DD04A795C7969
:1008600022404A710A791B791A400A718278C97844
:100870008A4200D9817010BD00224A71F5E74178A3
:10088000012900D00C21017070472DE9F04F93B081
:100890004FF0000B0C690D468DF820B00978012649
:1008A0000C2017464FF00D084FF0110A4FF00809C1
:1008B0001B2975D2DFE811F01B00C40207031F03D8
:1008C0005E037103A303B803F9031A0462049504D9
:1008D000A204EF042D05370555056005F30536061E
:1008E000390668068406FE062207EB06F00614B1F8
:1008F00020781D282AD0D5F808805FEA08004FD05C
:1009000001208DF82000686A02220D908DF82420C5
:100910000A208DF82500A8690A90A8880028EED042
:1009200098F8001091B10F2910D27DD2DFE801F0C4
:100930007C1349DEFCFBFAF9F8F738089CF6F50061
:1009400002282DD124B120780C2801D00026F0E314
:100950008DF82020CBE10420696A03F0DFF9A88834
:100960000728EED1204600F0F2FF022809D02046E9
:1009700000F0EDFF032807D9204600F0E8FF072824
:1009800002D20120207004E0002CB8D02078012889
:10099000D7D198F80400C11F0A2902D30A2061E0C8
:1009A000C4E1A070D8F80010E162B8F80410218604
:1009B00098F8060084F83200012028700320207087
:1009C00044E00728BDD1002C99D020780D28B8D15B
:1009D00098F8031094F82F20C1F3C000C2F3C002AE
:1009E000104201D0062000E00720890707D198F8BF
:1009F00005100142D2D198F806100142CED194F8E8
:100A0000312098F8051020EA02021142C6D194F86C
:100A1000322098F8061090430142BFD198F80400A4
:100A2000C11F0A29BAD200E008E2617D81427CD868
:100A3000D8F800106160B8F80410218198F8060019
:100A4000A072012028700E20207003208DF8200055
:100A5000686A0D9004F12D000990601D0A900F3016
:100A60000B9022E12875FCE3412891D1204600F04B
:100A70006EFF042802D1E078C00704D1204600F0C0
:100A800066FF0F2884D1A88CD5F80C8080B24FF077
:100A9000400BE669FFF745FC324641465B464E4651
:100AA000CDF80090FFF741F80B208DF82000686A20
:100AB0000D90E0690990002108A8FFF79FFE2078BB
:100AC000042806D0A07D58B1012809D003280AD0F7
:100AD0004AE305202070032028708DF82060CEE1C5
:100AE00084F800A032E712202070EAE11128BCD17E
:100AF000204600F02CFF042802D1E078C00719D06E
:100B0000204600F024FF062805D1E078C00711D167
:100B1000A07D02280ED0204608E0CCE084E072E1FF
:100B200051E124E103E1E9E019E0B0E100F00FFF59
:100B300011289AD1102208F1010104F13C00FCF7C0
:100B4000F8FB607801286ED012202070E078C00792
:100B500060D0A07D0028C8D00128C6D05AE0112856
:100B600090D1204600F0F3FE082804D0204600F083
:100B7000EEFE132886D104F16C00102208F1010169
:100B80000646FCF7D6FB207808280DD014202070EC
:100B9000E178C8070DD0A07D02280AD06278022A29
:100BA00004D00328A1D035E00920F0E708B10128DE
:100BB00037D1C80713D0A07D02281DD00020009097
:100BC000D4E9062133460EA8FFF777FC10220EA9C0
:100BD00004F13C00FCF780FBC8B1042042E7D4E9F3
:100BE0000912201D8DE8070004F12C0332460EA8DF
:100BF000616BFFF770FDE9E7606BC1F34401491ECB
:100C00000068C84000F0010040F08000D7E720787D
:100C1000092806D185F800908DF8209036E32870D9
:100C2000EFE30920FBE79EE1112899D1204600F06F
:100C30008EFE0A2802D1E078C00704D1204600F0D9
:100C400086FE15288CD104F13C00102208F1010128
:100C50000646FCF76EFB20780A2816D01620207076
:100C6000D4E90932606B611D8DE80F0004F15C036B
:100C700004F16C0247310EA8FFF7C2FC10220EA946
:100C80003046FCF729FB18B1F9E20B20207073E223
:100C90002046FFF7D7FDA078216AC0F110020B189B
:100CA00000211846FCF76FFB26E3394608A8FFF73A
:100CB000A5FD06463CE20228B7D1204600F047FEDB
:100CC000042804D3204600F042FE082809D3204619
:100CD00000F03DFE0E2829D3204600F038FE1228F1
:100CE00024D2A07D0228A0D10E208DF82000686AB1
:100CF0000D9098F801008DF82400F5E3022894D1B6
:100D0000204600F024FE002810D0204600F01FFEF0
:100D10000128F9D0204600F01AFE0C28F4D0042057
:100D20008DF8240098F801008DF8250060E2112864
:100D3000FCD1002CFAD020781728F7D16178606AAE
:100D4000022912D05FF0000101EB4101182606EBE9
:100D5000C1011022405808F10101FCF7EAFA042011
:100D6000696A00F0E7FD2670F0E50121ECE70B2849
:100D7000DCD1002CDAD020781828D7D16078616ACD
:100D800002281CD05FF0000000EB4002102000EBB6
:100D9000C2000958B8F8010008806078616A02282A
:100DA0000FD0002000EB4002142000EBC2000958D5
:100DB000404650F8032F0A604068486039E001203F
:100DC000E2E70120EEE71128B0D1002CAED0207868
:100DD0001928ABD16178606A022912D05FF0000156
:100DE00001EB41011C2202EBC1011022405808F125
:100DF0000101FCF79EFA0420696A00F09BFD1A20AD
:100E0000B6E00121ECE7082890D1002C8ED02078A4
:100E10001A288BD1606A98F80120017862F34701A3
:100E20000170616AD8F8022041F8012FB8F8060075
:100E300088800420696A00F07DFD90E2072011E6B9
:100E40003878012894D1182204F114007968FCF74D
:100E500070FAE079C10894F82F0001EAD001E07837
:100E600061F30000E070217D002974D1217803290D
:100E700009D0C00725D0032028708DF82090686A1B
:100E80000D90412008E3607DA178884201D90620B9
:100E9000E8E502262671E179204621F0E001E171C2
:100EA000617A21F0F0016172A17A21F0F001A17262
:100EB000FFF7C8FC2E708DF82090686A0D9007200F
:100EC000EAE20420ABE6387805289DD18DF82000B1
:100ED000686A0D90B8680A900720ADF824000A9857
:100EE0008DF830B06168016021898180A17A8171BB
:100EF00004202070F8E23978052985D18DF820107A
:100F0000696A0D91391D09AE0EC986E80E004121AE
:100F1000ADF824108DF830B01070A88CD7F80C8084
:100F200080B24026A769FFF70EFA41463A4633469B
:100F3000C846CDF80090FEF72CFE002108A8FFF768
:100F40005DFCE07820F03E00801CE07020780528F1
:100F500002D00F200CE04AE1A07D20B1012802D090
:100F6000032802D002E10720BEE584F80080EDE40A
:100F70002070EBE4102104F15C0002F0E8FB606BF0
:100F8000B0BBA07D18B1012801D00520FDE00620EE
:100F90002870F8486063A063C2E23878022894D1D0
:100FA000387908B12875B7E3A07D022802D003285C
:100FB00005D022E0B8680028F5D060631CE06078B6
:100FC000012806D0A07994F82E10012805D0E94810
:100FD00006E0A17994F82E00F7E7B8680028E2D07F
:100FE0006063E078C00701D0012902D0E14803E046
:100FF00003E0F8680028D6D0A06306200FE68DF83D
:101000002090696A0D91E1784846C90709D0617856
:10101000022903D1A17D29B1012903D0A17D032992
:1010200000D00720287033E138780528BBD120781C
:1010300007281ED084F800A005208DF82000686ADB
:101040000D90B8680A90ADF824A08DF830B0032157
:101050000170E178CA070FD0A27D022A1AD00021C0
:101060000091D4E9061204F15C03401CFFF725FA55
:101070006BE384F80090DFE7D4E90923211D8DE8B4
:101080000E0004F12C0304F15C02401C616BFFF7BD
:1010900022FB5AE3626BC1F34401491E1268CA4045
:1010A00002F0010141F08001DAE738780528BDD16E
:1010B0008DF82000686A0D90B8680A90ADF824A0F9
:1010C0008DF830B0042100F8011B102204F15C01FE
:1010D000FCF72FF9002108A8FFF790FB20780928DA
:1010E00001D0132044E70A2020709AE5E078C10778
:1010F00042D0A17D012902D0022927D038E06178B1
:1011000008A8012916D004F16C010091D4E9061257
:1011100004F15C03001DFFF7BBFA0A2028700326C8
:101120008DF82080686A0D90002108A8FFF766FB03
:10113000E1E2C7E204F15C010091D4E9062104F187
:101140006C03001DFFF7A4FA0026E9E7C0F3440191
:1011500014290DD24FF0006101EBB0104FEAB060DE
:10116000E0706078012801D01020BDE40620FFE681
:10117000607801283FF4B6AC0A2050E5E178C90751
:1011800008D0A17D012903D10B202870042030E074
:1011900028702EE00E2028706078616B012818D02E
:1011A00004F15C0304F16C020EA8FFF7E1FA20469B
:1011B000FFF748FBA0780EAEC0F1100230440021CA
:1011C000FCF7E1F806208DF82000686A09960D907A
:1011D0009BE004F16C0304F15C020EA8FFF7C8FA6F
:1011E000E8E73978022903D139790029D0D0297567
:1011F00092E28DF82000686A0D9056E5387807284D
:10120000F6D1D4E909216078012808D004F16C00F6
:10121000CDE90002029105D104F16C0304E004F170
:101220005C00F5E704F15C0304F14C007A680646C3
:10123000216AFFF763F96078012822D1A078216A3A
:10124000C0F110020B1800211846FCF79CF8D4E9F5
:101250000923606B04F12D018DE80F0004F15C039C
:1012600000E05BE204F16C0231460EA8FFF7C8F91A
:1012700010220EA904F13C00FCF72EF808B10B2057
:10128000ACE485F8008000BF8DF82090686A0D906E
:101290008DF824A009E538780528A9D18DF820001B
:1012A000686A0D90B8680A90ADF824A08DF830B047
:1012B00080F80080617801291AD0D4E9092104F16D
:1012C0002D03A66B03910096CDE9013204F16C0366
:1012D00004F15C0204F14C01401CFFF791F900217C
:1012E00008A8FFF78BFA6078012805D015203FE6A3
:1012F000D4E90912631DE4E70E20287006208DF85A
:101300002000686ACDF824B00D90A0788DF82800F0
:10131000CBE438780328C0D1E079C00770D00F2023
:101320002870072065E7387804286BD11422391D0E
:1013300004F11400FBF7FDFF616A208CA1F809009D
:10134000616AA078C871E179626A01F003011172E3
:10135000616A627A0A73616AA07A81F824001620B1
:101360005DE485F800A08DF82090696A50460D91E3
:1013700092E0000022B201003878052842D1B86816
:10138000A8616178606A022901D0012100E0002192
:1013900001EB4101142606EBC1014058082102F07F
:1013A000D6F96178606A022901D0012100E00021AC
:1013B00001EB410106EBC101425802A8E169FFF7C8
:1013C0000BFA6078626A022801D0012000E0002058
:1013D00000EB4001102000EBC1000223105802A9CD
:1013E0000932FEF7EEFF626AFD4B0EA80932A169D1
:1013F000FFF7E1F96178606A022904D0012103E076
:1014000044E18DE0BFE0002101EB4101182606EB2D
:10141000C101A27840580EA9FBF78BFF6178606A82
:10142000022901D0012100E0002101EB410106EB7E
:10143000C1014158A0780B18C0F1100200211846D4
:10144000FBF7A1FF05208DF82000686A0D90A869C0
:101450000A90ADF824A08DF830B0062101706278B2
:10146000616A022A01D0012200E0002202EB42025E
:1014700006EBC202401C89581022FBF75AFF0021DC
:1014800008A8FFF7BBF91220C5F818B028708DF82E
:101490002090686A0D900B208DF8240005E43878C0
:1014A000052870D18DF82000686A0D90B8680A9000
:1014B0000B20ADF824000A98072101706178626A58
:1014C000022901D0012100E0002101EB410310219C
:1014D00001EBC30151580988A0F801106178626AD4
:1014E000022902D0012101E02FE1002101EB41039B
:1014F000142101EBC30151580A6840F8032F4968D1
:10150000416059E01920287001208DF8300074E600
:10151000162028708DF830B0002108A8FFF76EF96A
:10152000032617E114202870AEE6387805282AD162
:101530008DF82000686A0D90B8680A90ADF824A074
:101540008DF830B080F800906278616A4E46022AC9
:1015500001D0012200E0002202EB42021C2303EB37
:10156000C202401C89581022FBF7E3FE002108A8A4
:10157000FFF744F9152028708DF82060686A0D90F7
:101580008DF8246039E680E0387805287DD18DF823
:101590002000686A0D90B8680A90ADF8249009217F
:1015A00001706169097849084170616951F8012F3A
:1015B000C0F802208988C18020781C28A8D1A1E722
:1015C000E078C00702D04FF0060C01E04FF0070CA6
:1015D000607802280AD000BF4FF0000000EB040141
:1015E00001F1090105D04FF0010004E04FF00100C6
:1015F000F4E74FF000000B78204413EA0C030B7063
:1016000010F8092F02EA0C02027004D14FF01B0CF3
:1016100084F800C0D2B394F801C0BCF1010F00D02F
:101620009BB990F800C0E0465FEACC7C04D028F07B
:1016300001060670102606E05FEA887C05D528F0D2
:101640000206067013262E70032694F801C0BCF122
:10165000020F00D092B991F800C05FEACC7804D0B4
:101660002CF001060E70172106E05FEA8C7805D594
:101670002CF002060E701921217000260078D0BBD4
:10168000CAB3C3BB1C20207035E012E002E03878FA
:10169000062841D11A2015E4207801283CD00C28D6
:1016A0003AD02046FFF7EBF809208DF82000686A51
:1016B0000D9031E03878052805D0062038700326D3
:1016C0001820287046E005208DF82000696A0D91E9
:1016D000B9680A910221ADF8241001218DF830106B
:1016E0000A990870287D4870394608A8FFF786F8DF
:1016F000064618202870012E0ED02BE001208DF810
:101700002000686A0D9003208DF82400287D8DF854
:10171000250085F814B012E0287D80B11D202070CE
:10172000172028708DF82090686A0D9002208DF89F
:101730002400394608A8FFF761F806460AE00CB114
:10174000FE2020709DF8200020B1002108A8FFF79E
:1017500055F80CE413B03046BDE8F08F2DE9F043A6
:1017600087B00C464E6900218DF8041001202578C1
:10177000034602274FF007094FF0050C85B1012DF4
:1017800053D0022D39D1FE2030708DF80030606AC0
:10179000059003208DF80400207E8DF8050063E09D
:1017A0002179012925D002292DD0032928D0042907
:1017B00023D1B17D022920D131780D1F042D04D30E
:1017C0000A3D032D01D31D2917D12189022914D3E4
:1017D0008DF80470237020899DF80410884201E080
:1017E0001AB2010018D208208DF80000606A059036
:1017F00057E070780128EBD0052007B0BDE8F083F2
:101800001D203070E4E771780229F5D131780C2978
:10181000F3D18DF80490DDE7083402F804CB94E8A6
:101820000B0082E80B000320E7E71578052DE4D1D3
:101830008DF800C0656A0595956802958DF81010C1
:1018400094F80480B8F1010F13D0B8F1020F2DD035
:10185000B8F1030F1CD0B8F1040FCED1ADF804706D
:101860000E202870207E687000216846FEF7C6FFB3
:101870000CE0ADF804700B202870207E002100F0F1
:101880001F0068706846FEF7B9FF37700020B4E7A4
:10189000ADF804708DF8103085F800C0207E6870B7
:1018A000277011466846FEF7A9FFA6E7ADF8049039
:1018B0002B70207F6870607F00F00100A870A07F0F
:1018C00000F01F00E870E27F2A71C0071CD094F876
:1018D000200000F00700687194F8210000F0070074
:1018E000A87100216846FEF789FF2868F062A88881
:1018F0003086A87986F83200A0694078707528791A
:10190000B0700D203070C1E7A9716971E9E700B5C9
:1019100087B004280CD101208DF800008DF8040058
:10192000002005918DF8050001466846FEF766FF28
:1019300007B000BD70B50C46054602F0EFF9214630
:101940002846BDE870407823002202F03DB908B176
:10195000007870470C20704770B50C0005784FF088
:1019600000010CD021702146F1F757FC694821781D
:10197000405D884201D1032070BD022070BDF1F7A7
:101980004CFC002070BD0279012A05D000220A70AB
:101990004B78012B02D003E0042070470A758A615E
:1019A00002799300521C0271C15003207047F0B5B8
:1019B00087B00F4605460124287905EB800050F8D2
:1019C000046C7078411E02290AD252493A460839FD
:1019D00001EB8000314650F8043C28469847044605
:1019E0000CB1012C11D12879401E10F0FF00287194
:1019F00001D00324E0E70A208DF80000706A05900A
:101A0000002101966846FFF7A7FF032CD4D007B04A
:101A10002046F0BD70B515460A46044629461046D4
:101A2000FFF7C5FF064674B12078FE280BD1207C55
:101A300030B100202870294604F10C00FFF7B7FFF1
:101A40002046FEF71CFF304670BD704770B50E464D
:101A500004467C220021FBF796FC0225012E03D0D0
:101A6000022E04D0052070BD0120607000E065707A
:101A70002046FEF704FFA575002070BD28B1027C4A
:101A80001AB10A4600F10C01C4E70120704710B5F5
:101A9000044686B0042002F041F92078FE2806D0E2
:101AA00000208DF8000069462046FFF7E7FF06B0EA
:101AB00010BD7CB50E4600218DF804104178012937
:101AC00003D0022903D0002405E0046900E0446942
:101AD0000CB1217C89B16D4601462846FFF753FFC2
:101AE000032809D1324629462046FFF793FF9DF887
:101AF0000410002900D004207CBD04F10C05EBE7A4
:101B000030B40C460146034A204630BC024B0C3A26
:101B1000FEF751BE60B201001AB2010070B50D4669
:101B2000040012D08DB1220100212846FBF72BFCC6
:101B3000102255492846FBF7FCFB53480121083881
:101B4000018044804560002070BD012070BD70B5EB
:101B50004D4E00240546083E10E07068AA7B00EB5D
:101B60000410817B914208D1C17BEA7B914204D170
:101B70000C222946FBF7B0FB30B1641C308884424C
:101B8000EBDB4FF0FF3070BD204670BD70B50D46E9
:101B9000060006D02DB1FFF7DAFF002803DB401C5A
:101BA00014E0102070BD384C083C20886288411C2D
:101BB000914201D9042070BD6168102201EB001030
:101BC0003146FBF7B6FB2088401C2080287000209F
:101BD00070BD2D480838008870472B49083908889F
:101BE000012802D0401E08800020704770B51446BE
:101BF0000D0018D0BCB10021A170022802D010281D
:101C000011D105E0288870B10121A170108008E091
:101C10002846FFF79CFF002805DB401CA070A88920
:101C20002080002070BD012070BD70B505461446AF
:101C30000E000BD000203070A878012808D005D9FC
:101C40001149A1F108010A8890420AD9012070BD0A
:101C500024B1287820702888000A5070022008706B
:101C60000FE064B14968102201EB001120461039E1
:101C7000FBF75FFB287820732888000A6073102028
:101C80003070002070BD0000880000202DE9F04178
:101C900090460C4607460025C2EB4811FE48072F28
:101CA00000EB410607D2DFE807F007070707040447
:101CB0000400012500E0FFDF06F81470002D13D0AA
:101CC000F5487C3000EB880191F827001F2803D0ED
:101CD00006EB4000447001E081F8264006EB440228
:101CE0001F20507081F82740BDE8F081F0B51F46F5
:101CF00014460E4605461F2A00D1FFDFE648C7EB13
:101D0000471100EB410CE4490CEB44007C3101EB42
:101D100087021F2E07D00CEB460140784B784870A5
:101D200018461F210AE092F82530407882F82500F5
:101D3000F6E701460CEB410005704078A142F8D16E
:101D400092F827401F2C03D00CEB4404637001E091
:101D500082F826300CEB41041F23637082F82710B1
:101D6000F0BD30B50D46CD4B44190022181A72EB68
:101D7000020100D2FFDFCA48854200DDFFDFC8480C
:101D80004042854200DAFFDFC448401C844207DA43
:101D9000002C01DB204630BDC048401C201830BD5F
:101DA000BE48C043FAE710B504460168407ABD4A10
:101DB00052F82020114450B10220084420F07F4006
:101DC000F8F759FD94F90810BDE81040C9E7042060
:101DD000F3E72DE9F047B04E7C3696F82D50DFF84A
:101DE000B89206EB850090F8264036E0C5EB451129
:101DF00009EB41074FF0070817F81400012806D037
:101E000004282ED005282ED0062800D0FFDF01F0B0
:101E100045F9014607EB4400427806EB850080F85F
:101E2000262090F82720A24202D11F2280F82720E6
:101E3000084601F03EF92A4621460120FFF726FF19
:101E40009948414600EB041002682046904796F8F6
:101E50002D5006EB850090F826401F2CC6D1BDE81A
:101E6000F087022000E003208046D0E710B58A4CBE
:101E70001F217C3484F8251084F8261084F827105C
:101E8000002084F8280084F82D0084F82E10411ECC
:101E9000A16044F8100B2074607420736073A07309
:101EA0008249E07720750870487000217A4A103C1A
:101EB00002F81100491CC9B21F29F9D30120F8F713
:101EC000CAFB0020F8F7C7FB012084F82200F9F7CD
:101ED00037F87748F9F749F8744CA41E2070754814
:101EE000F9F743F86070BDE81040F8F741BB10B552
:101EF000F8F763FB6D4CA41E2078F9F74FF8607873
:101F0000F9F74CF8BDE8104001F000B91F20704708
:101F10000020F8F779BB70B5054601240E46AC40A9
:101F20005AB1FFF7F5FF0146634800EBC500C0F862
:101F30001015C0F81465614801E06048001D046098
:101F400070BD2DE9F34F544D00247C3505EB810A1B
:101F500089B09AF825001F2823D0611E02915249AA
:101F6000009401EB0017391D03AB07C983E8070094
:101F700005F11400A0460189ADF81C10807A8DF897
:101F80001E009DF81500C8B10226464951F82040B0
:101F90000399A219114421F07F41019184B10221DA
:101FA0000FE00120F8F757FB0020F8F754FBF8F793
:101FB00022FB01F0ABF885F82F40A9E00426E4E706
:101FC00000218DF81810022801D0012820D1039893
:101FD00001190998081A801C9DF81C1020F07F40F8
:101FE00001B10221353181420BD203208DF8150059
:101FF0000398C4F13201401A20F07F40322403904C
:102000000CE095F8240018B901F063FA002863D0B9
:10201000322C03D214B101F06DF801E001F076F832
:10202000224A107818B393465278039B121B002162
:102030009DF81840994601281AD0032818D000208E
:102040008DF81E00002A04DD981A039001208DF8F7
:1020500018009DF81C0000B102210398184A20F0D6
:102060007F40039003AB099801F05CF810B110E0D9
:102070000120E5E79DF81D0018B99BF80000032832
:1020800029D08DF81C80CDF80C908DF818408DF873
:102090001E809DF8180015E0DC080020FF7F841EDC
:1020A0000020A10770B20100EC0600209A00002079
:1020B000773A0100D31D010000F0014004F5014012
:1020C000FFFF3F0058B103980123811900221846F1
:1020D000F8F714FB06E000200BB0BDE8F08F0120FC
:1020E000F8F7B9FA97F90C20012300200199F8F7C5
:1020F00005FBF87BC00701D0F8F7E9FB012085F864
:102100002F008AF8288020226946FE48FBF711F943
:102110000120E1E72DE9F05FDFF8E883064608EBF0
:10212000860090F825501F2D21D0A8F17C01C6EB28
:1021300046102C4601EB4007A1F5F879DFF8C8B34B
:1021400005E0A24607EB4A0044781F2C0AD0F8F7B6
:1021500020FB09EB04135A4601211B1D00F0E2FF8E
:102160000028EED0AC4202D0334652461EE0E7488B
:1021700008B1AFF30080F8F70CFB98F82F206AB194
:10218000D8F80C20411C891A0902CA1701EB126108
:102190000912002902DD0020BDE8F09F3146FFF75B
:1021A000D0FE08B10120F7E733462A461F2104205C
:1021B000FFF79CFDEFE72DE9F041D24C2569F8F7D8
:1021C000E8FA401B0002C11700EB1160001200D4B6
:1021D000FFDF94F8220000B1FFDF012784F82270AE
:1021E00094F82E001F2800D1FFDF94F82E601F20E6
:1021F00084F82E00002584F82F5084F8205084F8AD
:102200002150C34825600078022835D0032833D0F8
:1022100000202077A068401C05D04FF0FF30A06060
:102220000120F8F718FA0020F8F715FAF8F711FB73
:10223000F8F709FBF8F7DFF908F0C6F8B5480560CC
:1022400005604FF0E0214FF40040B846C1F880022D
:10225000F0F7B5FE94F82D703846FFF75BFF0028C5
:10226000FAD0A849C7EB47107C3901EB400010F8C1
:102270001600022802D006E00120CAE73A4631469D
:102280000620FFF703FD84F8238004EB870090F815
:1022900026001F2804D09E48801E4078F8F784FE50
:1022A000207F002803D0F8F7C4FA257765771BE56F
:1022B000944910B591F82D20924B0024C2EB4211A5
:1022C0007C3B03EB410100BF11F814302BB1641CBF
:1022D000E4B21F2CF8D31F2010BD8F4901EB04116D
:1022E00008600020C87321460120FFF7CFFC20467C
:1022F00010BD10B5012801D0032800D181B3814A57
:1023000092F82D307F4C0022C3EB43137C3C04EB4E
:10231000430300BF13F812400CB1082010BD521C3B
:10232000D2B21F2AF6D37A4A48B1022807D0072929
:1023300017D2DFE801F01606080A0C0E1000002183
:102340000AE01B2108E03A2106E0582104E0772149
:1023500002E0962100E0B52151701070002010BD00
:10236000FFE70720FBE76A4810B54078F8F783FAE3
:1023700080B2F4E710B51F2815D2624991F82D20DC
:10238000C2EB4213A1F17C0202EB430414F81030BB
:102390004BB191F82D30C3EB431302EB430212F81B
:1023A0001020012A01D00020D9E791F82D20014604
:1023B0000020FFF76BFC0120D1E710B5F8F7E9F931
:1023C000BDE81040F8F757BA2DE9F0410E464D4FE1
:1023D00001781F257C3FC3EB43130C4607EB4303F7
:1023E00003E0254603EB45046478944202D01F2C99
:1023F000F7D108E01F2C06D0A14206D103EB410122
:102400004978017007E000206EE403EB440003EB21
:10241000450140784870414F7EB127B1002140F21C
:102420002D40AFF300803078A04206D127B10021C3
:102430004FF48660AFF30080357027B1002140F281
:102440003540AFF3008001204EE410B542680B68C0
:102450009A1A1202D41702EB1462121216D4497A95
:1024600091B1427A82B92E4A006852F8211012685E
:1024700019441044001D891C081A0002C11700EB02
:1024800011600012322801DB012068E7002066E7B6
:102490002DE9F0478146204EC1EB411006F5F87159
:1024A0009846144601EB400713E000BF06EB041505
:1024B000291D4846FFF7C9FF68B988F80040A97B85
:1024C00099F80A00814201D80020C8E407EB4400D3
:1024D00044781F2CEAD10120C1E42DE9F04782465F
:1024E00008480E4600EB8600DFF82C8090F8254067
:1024F0001F201070C1EB46109946154608F5F8717B
:1025000010E0000058090020FFFF3F00000000001D
:102510009A00002000F50040EC06002000000000BA
:1025200070B2010001EB40070BE000BF08EB0410A4
:102530005146001DFFF789FF28B107EB44002C70BE
:1025400044781F2CF2D1297889F800104B46224696
:1025500031465046BDE8F0479AE72DE9FC410E466A
:1025600007460024FE4D08E09DF8000005EB001032
:102570008168384600F0EAFD01246B4601AA314625
:102580003846FFF7AAFF0028EED02046BDE8FC81C0
:1025900070B50446C0EB44110125F248A54300EB99
:1025A0004101C5EB451200EB42003E22FAF7C1FEA5
:1025B000ED4E26B100214FF49360AFF30080E9485F
:1025C0007C3000EB850100EB8400D0F82500C1F8D9
:1025D000250026B1002140F29C40AFF30080284640
:1025E00070BD8A4203D003460520FFF77FBB1F2939
:1025F00008D0DC4AC0EB401002EB400000EB410089
:1026000040787047D7497C3101EB800090F8250075
:102610007047D34901EB0010001DFFF7C4BB7CB528
:102620001D46134604460E4600F108022146184690
:10263000F8F72EF994F908000F2804DD1F382072EE
:102640002068401C206096B10220C84951F826102D
:10265000461820686946801B20F07F40206094F96E
:1026600008002844C01C1F2803DA012009E00420C8
:10267000EBE701AAF8F70CF99DF8040010B10098F7
:10268000401C00900099206831440844C01C20F090
:102690007F4060607CBDFEB50C46064609786079D7
:1026A000907220791F461546507279B12179002227
:1026B0002846A368FFF7B3FFAA4928467C3191F862
:1026C0002E201F2A0AD00969491D0DE0D4E90223F2
:1026D000217903B02846BDE8F040A0E7A449497835
:1026E000052900D20521314421F07F4100F02EFD63
:1026F00039462846FFF731FFD4E90232217968468E
:10270000FFF78DFF2B4600213046019A00F00AFDAD
:10271000002806D103B031462846BDE8F04000F05D
:1027200015BDFEBD2DE9FE4F814600F0CBFC38B152
:102730005FF0000799F8000020B10020BDE8FE8F8F
:102740000127F7E7874D884C4FF0000A7C3524B10C
:10275000002140F2FF40AFF3008095F82D8085F80E
:1027600023A0002624B1002140F20450AFF30080E2
:102770001FB94046FFF70CFF804624B1002140F20C
:102780000C50AFF30080F8F704F843466A46494618
:10279000FFF781FF24B1002140F21250AFF3008017
:1027A00095F82E001F280CD029690098401A0002C5
:1027B000C21700EB1260001203D5684600F0C6FC99
:1027C000012624B1002140F21C50AFF3008095F89F
:1027D00023000028BBD124B1002140F22250AFF3E6
:1027E0000080F7F7D6FF6B46624A002100F09AFCA2
:1027F0000028A3D027B941466846FFF7AEFE06433E
:1028000026B16846FFF7CFFAC9F8080024B10021C5
:1028100040F23550AFF3008001208FE72DE9F04FF3
:1028200089B08B46824600F04DFC4E4C7C3428B378
:102830009BF80000002710B1012800D0FFDF4A4DAF
:1028400025B1002140F2F750AFF300804449012048
:1028500001EB0A18A94607905FEA090604D0002197
:1028600040F2FF50AFF30080079800F022FC94F88C
:102870002D50002084F8230067B119E094F82E0051
:1028800001271F2800D1FFDF9BF800000028D6D0C9
:10289000FFDFD4E72846FFF77BFE054626B100217F
:1028A00040F20960AFF3008094F823000028D3D1F0
:1028B00026B1002140F21360AFF30080F7F769FF03
:1028C0002B4602AA59460790FFF7E5FE98F80F003D
:1028D0005FEA060900F001008DF8130004D0002122
:1028E00040F21D60AFF300803B462A4602A9CDF8B6
:1028F00000A0079800F035FC064604EB850090F830
:1029000028000090B9F1000F04D0002140F22460AB
:10291000AFF3008000F0C2FB0790B9F1000F04D0C4
:10292000002140F22A60AFF3008094F823000028D1
:1029300092D1B9F1000F04D0002140F23260AFF320
:1029400000800DF1080C9CE80E00C8E90112C8F8DF
:102950000C30BEB35FEA090612D000210CE0000083
:10296000EC060020DC0800200000000070B201002E
:102970009A000020FFFF3F0040F23F60AFF300806D
:102980000098B84312D094F82E001F280ED126B11B
:10299000002140F24460AFF300802846FFF7BAFB05
:1029A00020B99BF80000D8B3012849D0B9F1000F35
:1029B00004D0002140F26160AFF30080284600F0AF
:1029C00066FB01265FEA090504D0002140F26A6037
:1029D000AFF30080079800F06CFB25B1002140F2B6
:1029E0006E60AFF300808EB194F82D0004EB800090
:1029F00090F826001F2809D025B1002140F275600B
:102A0000AFF30080F9484078F8F7CEFA25B10021FD
:102A100040F27A60AFF3008009B03046BDE8F08F35
:102A2000FFE7B9F1000F04D0002140F24C60AFF392
:102A3000008094F82D2051460420FFF727F9C0E7C5
:102A4000002E3FF409AF002140F25760AFF3008041
:102A500002E72DE9F84FE64D814695F82D004FF03D
:102A60000008E44C4FF0010B474624B100214FF41D
:102A7000D160AFF30080584600F01BFB85F823704F
:102A800024B1002140F28D60AFF3008095F82D0055
:102A9000FFF77EFD064695F8230028B1002CE4D010
:102AA000002140F293604DE024B1002140F2976094
:102AB000AFF30080CE49C6EB46107C3901EB4001F4
:102AC00011F81900032856D1334605EB830A4A460C
:102AD0009AF82500904201D1012000E000200090EA
:102AE0000AF125000021FFF76FFC01460098014222
:102AF00003D001228AF82820AF77E1B324B1002166
:102B000040F29C60AFF30080324649460120FFF757
:102B1000BDF89AF828A024B1002140F2A760AFF3D5
:102B2000008000F0BBFA834624B1002140F2AC6083
:102B3000AFF3008095F8230038B1002C95D0002128
:102B40004FF4D660AFF300808FE7BAF1000F07D0E3
:102B500095F82E001F2803D13046FFF7DBFAE0B1CD
:102B600024B1002140F2C460AFF30080304600F091
:102B70008EFA4FF0010824B1002140F2CD60AFF38E
:102B80000080584600F095FA24B1002140F2D1604F
:102B9000AFF300804046BDE8F88F002CF1D0002153
:102BA00040F2BF60AFF30080E6E70120F7F72CBDED
:102BB0008E48007870472DE9F0418D4C94F82E0036
:102BC0001F2821D194F82D6004EB860797F8255033
:102BD0001F2D00D1FFDF8649C6EB46107C3901EB83
:102BE000400000EB4500407807F8250F0120F87001
:102BF00084F82300294684F82E50324602202234DD
:102C0000FFF744F8002020701EE42DE9F0417A4ED1
:102C1000774C012538B1012821D0022879D003282A
:102C20007DD0FFDF10E400F065FAFFF7C4FF207EDF
:102C300000B1FFDF84F821500020F7F70CFDA168F8
:102C4000481C04D0012300221846F7F757FD14F85A
:102C50002E0F217806EB01110A68012154E0FFF7DD
:102C6000AAFF0120F7F7F7FC94F8210050B1A06803
:102C7000401C07D014F82E0F217806EB01110A68CA
:102C8000062141E0207EDFF86481002708F1020878
:102C9000012803D002281ED0FFDFB5E7A777F7F79A
:102CA000C8FD98F80000032801D165772577607D7D
:102CB000524951F8200094F8201051B948B1616888
:102CC0000123091A00221846F7F718FD0220207682
:102CD0009AE7277698E784F8205000F00BFAA07F57
:102CE00050B198F8010061680123091A00221846C2
:102CF000F7F704FD257600E0277614F82E0F2178EB
:102D000006EB01110A680021BDE8F041104700E020
:102D100005E036480078BDE8F041F8F745B9FFF71F
:102D20004AFF14F82E0F217806EB01110A680521DD
:102D3000EAE710B52E4C94F82E001F2800D1FFDFD3
:102D400014F82E0F21782C4A02EB01110A68BDE815
:102D50001040042110477CB5254C054694F82E0000
:102D60001F2800D1FFDFA068401C00D0FFDF94F8CF
:102D70002E00214901AA01EB0010694690F90C00D0
:102D80002844F7F785FD9DF904000F2801DD012097
:102D900000E00020009908446168084420F07F4169
:102DA000A16094F82100002807D002B00123BDE8FB
:102DB000704000221846F7F7A1BC7CBD30B5104A20
:102DC0000B1A541CB3EB940F1ED3451AB5EB940F9A
:102DD0001AD3934203D9101A43185B1C14E095428E
:102DE00010D9511A0844401C43420DE098000020BD
:102DF0005809002000000000EC06002070B201001D
:102E0000FF7F841EFFDF0023184630BD0123002210
:102E100001460220F7F772BC0220F7F71CBCF7F757
:102E2000B8BC2DE9FE4FF24C05468A4694F82E00B8
:102E30001F2800D1FFDFEE4E94F82E10A04620464A
:102E4000A6F51B7202EB01141F218DF8001090F8FB
:102E50002D10376900EB8101D8F8000091F825901A
:102E6000284402AA01A90C36F7F712FD9DF90800C3
:102E7000002802DD0198401C0190A0680199642D92
:102E8000084453D3DB4B00225B1B72EB02014DD392
:102E90006168411A21F07F41B1F5800F46D220F0E0
:102EA0007F40706086F80AA098F82D1044466B4663
:102EB0004A463046FFF7ECFAB8B3A068401C10D081
:102EC000F7F767FCA168081A0002C11700EB116050
:102ED000001202282CDD0120F7F7BDFB4FF0FF3078
:102EE000A06094F82D009DF800201F210F34FFF7FB
:102EF00078FBA17FBE4AC1EB41117C3A02EB410154
:102F0000E27F01EB4201487054F80F0C284444F86A
:102F10000F0C012020759DF800001F2803D0B64833
:102F20004078F8F741F8012008E401E0002005E4CA
:102F30007760FBE72DE9F047AD4C074694F82D008C
:102F4000A4F17C06C0EB401006EB400010F817001F
:102F500000B9FFDF94F82D50A046A84C24B1002101
:102F600040F6E800AFF30080C5EB451040F6F409E9
:102F700040F6FD0A06EB400616F81700012819D0A6
:102F8000042811D005280FD006280DD01CB100212F
:102F90004846AFF3008007F0EBFE002CECD0002198
:102FA0005046AFF30080E7E72A4639460120FEF796
:102FB0006DFEF2E74FF0010A4FF00009454624B1DB
:102FC000002140F60410AFF30080504600F071F885
:102FD00085F8239024B1002140F60910AFF300805A
:102FE00095F82D00FFF7D4FA064695F8230028B18E
:102FF000002CE4D0002140F60F101FE024B1002186
:1030000040F61310AFF3008005EB860000F12701B6
:1030100033463A462630FFF7D7F924B1002140F66F
:103020001710AFF3008000F039F8824695F82300BE
:1030300038B1002CC3D0002140F61D10AFF3008042
:10304000BDE785F82D60012085F82300504600F08B
:1030500030F8002C04D0002140F62A10AFF3008095
:10306000BDE8F08730B5044661480D4690F82D0064
:103070005F49C0EB40107C3901EB400010F81400B0
:1030800000B9FFDF5E4800EB0410C57330BD58493E
:1030900081F82D00012081F82300704710B55948B0
:1030A00008B1AFF30080EFF3108000F0010072B6BA
:1030B00010BD10B5002804D1534808B1AFF300800B
:1030C00062B610BD51480068C005C00D10D0103860
:1030D00040B2002804DB00F1E02090F8000405E095
:1030E00000F00F0000F1E02090F8140D4009704747
:1030F0000820704710B53E4C94F82400002804D1F5
:10310000F7F746FC012084F8240010BD10B5384CB8
:1031100094F82400002804D0F7F763FC002084F81A
:10312000240010BD10B51C685B68241A181A24F01E
:103130007F4420F07F40A14206D8B4F5800F03D22F
:10314000904201D8012010BD002010BDD0E900320E
:10315000D21A21F07F43114421F07F41C0E90031B0
:1031600070472DE9FC418446214815460F46C2EBC5
:1031700045117C38089C00EB410616F81400012824
:1031800004D0022802D00020BDE8FC813B46204A42
:1031900001216046FFF7C6FFF0B101AB6A46294640
:1031A0003846FFF79AF9B8B19DF804209DF8001051
:1031B0002846FFF716FA06EB440148709DF8000018
:1031C0001F280DD006EB400044702A4621460320FC
:1031D000FEF75CFD0120D7E72A4621460420F7E7E9
:1031E0000348012100EB850000F8254FC170ECE792
:1031F00058090020FF1FA1079800002000000000D0
:10320000EC060020000000000000000004ED00E0DB
:10321000FFFF3F002DE9F041044680074FF0000515
:103220004FF001060CD56B480560066000F0DEF932
:1032300020B16948016841F48061016024F0020412
:10324000E0044FF0FF3705D564484660C0F80873C6
:1032500024F48054600003D56148056024F0804464
:10326000E0050FD55F48C0F80052C0F808735E490A
:103270000D60091D0D605C4A04210C32116006616D
:1032800024F48074A00409D558484660C0F8005260
:10329000C0F808735648056024F40054C4F3803025
:1032A000C4F3C031884200D0FFDF14F4404F14D083
:1032B00050484660C0F808734F488660C0F8005216
:1032C000C0F808734D490D600A1D16608660C0F88D
:1032D00008730D60166024F4404420050AD5484860
:1032E00046608660C0F80873C0F8487345480560BA
:1032F00024F4006407F042F84348044200D0FFDFA2
:10330000BDE8F081F0B50022202501234FEA020438
:1033100020FA02F1C9072DD051B2002910DB00BFFD
:103320004FEA51174FEA870701F01F0607F1E02720
:1033300003FA06F6C7F88061BFF34F8FBFF36F8FB4
:103340000CDB00BF4FEA51174FEA870701F01F0659
:1033500007F1E02703FA06F6C7F8806204DB01F103
:10336000E02181F8004405E001F00F0101F1E021C6
:1033700081F8144D02F10102AA42C9D3F0BD10B583
:10338000224C20600846F7F71CFC2068FFF742FF3C
:103390002068FFF7B7FF06F031FC00F088F906F06F
:1033A000EDFF06F02CFFF7F7CBFDBDE8104006F06F
:1033B000D9BC10B5154C2068FFF72CFF2068FFF72B
:1033C000A1FF06F0DBFFF7F7FBFC0020206010BD3B
:1033D0000A207047FC1F00403C17004000C000401E
:1033E00004E50140008000400485004000D000401A
:1033F00004D5004000E0004000F0004000F500402F
:1034000000B0004008B50040FEFF0FFD9C0000200A
:1034100070B526490A680AB30022154601244B6894
:103420005B1C4B600C2B00D34D600E7904FA06F345
:103430000E681E420FD0EFF3108212F0010272B636
:1034400000D001220C689C430C6002B962B6496846
:103450000160002070BD521C0C2AE0D3052070BD15
:103460004FF0E0214FF48000C1F800027047EFF305
:10347000108111F0010F72B64FF0010202FA00F252
:103480000A48036842EA0302026000D162B6E7E735
:1034900006480021016041607047012181400348D6
:1034A0000068084000D0012070470000A000002004
:1034B00001208107086070470121880741600021D1
:1034C000C0F80011184801707047174901200870B2
:1034D00070474FF08040D0F80001012803D0124817
:1034E0000078002800D00120704710480068C0070D
:1034F00000D0012070470D480C300068C00700D094
:10350000012070470948143000687047074910319E
:103510000A68D20306D5096801F00301814201D18E
:103520000120704700207047A800002008040040D8
:103530004FF08050D0F830010A2801D000207047A9
:103540000120704700B5FFF7F3FF20B14FF0805026
:10355000D0F8340108B1002000BD012000BD4FF0BB
:103560008050D0F83001062803D0401C01D0002044
:103570007047012070474FF08050D0F830010D287F
:1035800001D000207047012070474FF08050D0F8E4
:103590003001082801D000207047012070474FF00B
:1035A0008050D0F83001102801D000207047012051
:1035B000704700B5FFF7F3FF30B9FFF7DCFF18B92C
:1035C000FFF7E3FF002800D0012000BD00B5FFF7A2
:1035D000C6FF38B14FF08050D0F83401062803D32D
:1035E000401C01D0002000BD012000BD00B5FFF748
:1035F000B6FF48B14FF08050D0F83401062803D30D
:10360000401C01D0012000BD002000BD0021017040
:10361000084670470146002008707047EFF310819C
:1036200001F0010172B60278012A01D0012200E006
:1036300000220123037001B962B60AB1002070476D
:103640004FF400507047E9E7EFF3108111F0010FDC
:1036500072B64FF00002027000D162B600207047CF
:10366000F2E700002DE9F04115460E46044600271A
:1036700000F0EBF8A84215D3002341200FE000BF73
:1036800094F84220A25CF25494F84210491CB1FB19
:10369000F0F200FB12115B1C84F84210DBB2AB426B
:1036A000EED3012700F0DDF83846BDE8F08172491D
:1036B00010B5802081F800047049002081F8420094
:1036C00081F84100433181F8420081F841004331E3
:1036D00081F8420081F841006948FFF797FF684888
:1036E000401CFFF793FFF7F7B3FBBDE8104000F075
:1036F000B8B840207047614800F0A7B80A460146B4
:103700005E48AFE7402070475C48433000F09DB80A
:103710000A46014659484330A4E740210170002081
:10372000704710B504465548863000F08EF820707A
:10373000002010BD0A460146504810B58630FFF7FC
:1037400091FF08B1002010BD42F2070010BD70B516
:103750000C460646412900D9FFDF4A480068103868
:1037600040B200F054F8C5B20D2000F050F8C0B2DD
:10377000854201D3012504E0002502E00DB1F7F7F1
:10378000AAFB224631463D48FFF76CFF0028F5D0E2
:1037900070BD2DE9F0413A4F0025064617F10407A8
:1037A00057F82540204600F041F810B36D1CEDB2EB
:1037B000032DF5D33148433000F038F8002825D0E8
:1037C0002E4800F033F8002820D02C48863000F036
:1037D0002DF800281AD0F7F754FB2948FFF71EFFF1
:1037E000B0F5005F00D0FFDFBDE8F0412448FFF7EF
:1037F0002BBF94F841004121265414F8410F401C7E
:10380000B0FBF1F201FB12002070D3E74DE7002876
:1038100004DB00F1E02090F8000405E000F00F0068
:1038200000F1E02090F8140D4009704710F8411F96
:103830004122491CB1FBF2F302FB13114078814293
:1038400001D1012070470020704710F8411F4078D7
:10385000814201D3081A02E0C0F141000844C0B21D
:10386000704710B50648FFF7D9FE002803D1BDE820
:103870001040F7F7F1BA10BD0DE000E08809002014
:10388000AC00002004ED00E070B5154D2878401C18
:10389000C4B26878844202D000F0DBFA2C7070BDAC
:1038A0002DE9F0410E4C4FF0E02600BF00F0C6FAC3
:1038B00007F05EFA40BF20BF677820786070D6F8C6
:1038C0000052EDF759FD854305D1D6F8040210B931
:1038D0002078B842EAD000F0ACFA0020BDE8F081D0
:1038E000BC0000202DE9F04101264FF0E022310319
:1038F0004FF000084046C2F88011BFF34F8FBFF36E
:103900006F8F204CC4F800010C2000F02EF81E4DE3
:103910002868C04340F30017286840F01000286072
:10392000C4F8046326607F1C02E000BF07F020FAA1
:10393000D4F800010028F9D01FB9286820F0100041
:103940002860124805686660C4F80863C4F80081FE
:103950000C2000F00AF82846BDE8F08110B50446B6
:10396000FFF7C0FF2060002010BD002809DB00F039
:103970001F02012191404009800000F1E020C0F8C1
:103980008012704700C0004010ED00E008C5004004
:103990002DE9F047FF4C0646FF21A06800EB061218
:1039A00011702178FF2910D04FF0080909EB01119F
:1039B00009EB06174158C05900F0F4F9002807DD5B
:1039C000A168207801EB061108702670BDE8F08729
:1039D00094F8008045460DE0A06809EB05114158B8
:1039E000C05900F0DFF9002806DCA068A84600EB0B
:1039F00008100578FF2DEFD1A06800EB061100EB51
:103A000008100D700670E1E7F0B5E24B04460020A7
:103A100001259A680C269B780CE000BF05EB001787
:103A2000D75DA74204D106EB0017D7598F4204D0C7
:103A3000401CC0B28342F1D8FF20F0BD70B5FFF743
:103A4000EEF9D44C08252278A16805EB02128958BA
:103A500000F0A8F9012808DD2178A06805EB011124
:103A60004058BDE87040FFF7D1B9FFF7A1F8BDE8B5
:103A70007040F7F799BA2DE9F041C64C2578FFF769
:103A8000CEF9FF2D6ED04FF00808A26808EB05169E
:103A9000915900F087F90228A06801DD80595DE0A6
:103AA00000EB051109782170022101EB0511425C40
:103AB0005AB1521E4254815901F5800121F07F41D3
:103AC00081512846FFF764FF34E00423012203EB11
:103AD000051302EB051250F803C0875CBCF1000F20
:103AE00010D0BCF5007F10D9CCF3080250F806C006
:103AF0000CEB423C2CF07F4C40F806C0C3589A1A9D
:103B0000520A09E0FF2181540AE0825902EB4C324B
:103B100022F07F428251002242542846FFF738FFAC
:103B20000C21A06801EB05114158E06850F82720EE
:103B3000384690472078FF2814D0FFF770F9227894
:103B4000A16808EB02124546895800F02BF90128BC
:103B500093DD2178A06805EB01114058BDE8F041E4
:103B6000FFF754B9BDE8F081F0B51D4614460E4686
:103B70000746FF2B00D3FFDFA00700D0FFDF8548FB
:103B8000FF210022C0E90247C57006710170427032
:103B900082701046012204E002EB0013401CE15445
:103BA000C0B2A842F8D3F0BD70B57A4C064665782D
:103BB0002079854200D3FFDFE06840F82560607817
:103BC000401C6070284670BD2DE9FF5F1D468B4686
:103BD0000746FF24FFF723F9DFF8B891064699F866
:103BE0000100B84200D8FFDF00214FF001084FF07C
:103BF0000C0A99F80220D9F808000EE008EB01132E
:103C0000C35CFF2B0ED0BB4205D10AEB011350F869
:103C100003C0DC450CD0491CC9B28A42EED8FF2C47
:103C200002D00DE00C46F6E799F803108A4203D162
:103C3000FF2004B0BDE8F09F1446521C89F8022012
:103C400008EB04110AEB0412475440F802B00421B7
:103C5000029B0022012B01EB04110CD040F8012043
:103C60004FF4007808234FF0020C454513D9E905BD
:103C7000C90D02D002E04550F2E7414606EB413261
:103C800003EB041322F07F42C250691A0CEB0412BA
:103C9000490A81540BE005B9012506EB453103EBD8
:103CA000041321F07F41C1500CEB0411425499F8E8
:103CB00000502046FFF76CFE99F80000A84201D0A2
:103CC000FFF7BCFE3846B4E770B50C460546FFF773
:103CD000A6F8064621462846FFF796FE0446FF282A
:103CE0001AD02C4D082101EB0411A8684158304628
:103CF00000F058F800F58050C11700EBD140401398
:103D00000221AA6801EB0411515C09B100EB4120CA
:103D1000002800DC012070BD002070BD2DE9F047B7
:103D200088468146FFF770FE0746FF281BD0194DD5
:103D30002E78A8683146344605E0BC4206D02646B7
:103D400000EB06121478FF2CF7D10CE0FF2C0AD000
:103D5000A6420CD100EB011000782870FF2804D097
:103D6000FFF76CFE03E0002030E6FFF755F8414610
:103D70004846FFF7A9FF0123A968024603EB041395
:103D8000FF20C854A878401EB84200D1A87001EBAB
:103D9000041001E0540A002001EB061100780870BD
:103DA000104613E6081A0002C11700EB116000125A
:103DB0007047000010B5202000F07FF8202000F0B0
:103DC0008DF84D49202081F80004EDF7D3FA4B49D6
:103DD00008604B48D0F8041341F00101C0F8041307
:103DE000D0F8041341F08071C0F804134249012057
:103DF0001C39C1F8000110BD10B5202000F05DF89D
:103E00003E480021C8380160001D01603D4A481E3F
:103E100010603B4AC2F80803384B1960C2F8000131
:103E2000C2F8600138490860BDE81040202000F069
:103E300055B834493548091F08607047314933483F
:103E4000086070472D48C8380160001D521E02608E
:103E500070472C4901200860BFF34F8F70472DE950
:103E6000F0412849D0F8188028480860244CD4F83C
:103E700000010025244E6F1E28B14046EDF7D4F90D
:103E800040B9002111E0D4F8600198B14046EDF747
:103E9000CBF948B1C4F80051C4F860513760BDE8AF
:103EA000F041202000F01AB831684046BDE8F041EA
:103EB00006F068BFFFDFBDE8F08100280DDB00F0F1
:103EC0001F02012191404009800000F1E020C0F86C
:103ED0008011BFF34F8FBFF36F8F7047002809DB4E
:103EE00000F01F02012191404009800000F1E02014
:103EF000C0F880127047000020E000E0C8060240D1
:103F000000000240180502400004024001000001C8
:103F1000454800210170417010218170704770B5D3
:103F2000054616460C460220F3F7F2FB3E490120F7
:103F3000F61E08703D4806603C4808380560001FC2
:103F4000046070BD10B50220F3F7E2FB3649012092
:103F5000087000F051F836494FF40000086010BDB9
:103F600010B5314C207888B131494FF40000091D5B
:103F7000086000F04AF8002120B1012060702D484F
:103F8000006801E061701020A0702170BDE8104051
:103F90000020F3F7BDBB244810B5017859B126487D
:103FA000D0F8000128B100F030F8002800D001203E
:103FB00010BD022010BD407810BD10B5C824641E8D
:103FC000E4B2FFF7E8FF022803D0012800D0002068
:103FD00010BD002CF3D1FFDFF9E7134810B50178CD
:103FE00041B100F012F818B112480068C0B210BD1B
:103FF000102010BD807810BD0F480021C0F80011BE
:10400000C0F80411C0F8081170470B48D0F800112F
:1040100029B1D0F8041111B1D0F8080108B100207D
:104020007047012070470000BE00002010F50040DE
:1040300004F5014000F4004000F000404748002132
:1040400001704170704770B5064614460D46012058
:10405000F3F75EFB42480660001D0460001D05602A
:1040600070BD70B53D4901250D7040EA02413C4AE2
:1040700041F08071121F11603A4C0026C4F80461AF
:10408000394A4FF04071116058B1012800D0FFDF6C
:10409000C4F80062256034494FF00070091F0860C1
:1040A00070BDC4F80052256070BD2C48017871B114
:1040B0002D4A4FF0407111602A49D1F804210021A6
:1040C0001AB12A4A1268427000E041700170002063
:1040D000F3F71EBB2148017841B12248D0F8040112
:1040E000002802D021480068C0B27047407870476D
:1040F0002DE9F04700282AD01848007800B9FFDFE2
:10410000184DD5F80401002821D10227C5F8047301
:10411000174C2068C04340F30016206840F01000A0
:1041200020604FF400484FF0E029761C04E000BF07
:10413000C9F8808206F01CFED5F804010028F7D0EB
:104140001EB9206820F010002060C5F80873BDE893
:10415000F08704490120886070470000C1000020FA
:1041600008F5004000F0004008F5014000F4004070
:1041700010ED00E010B541F6A474012802D0022829
:1041800002D0FFDF204610BD41F2883010BD38B5A7
:10419000FE4D0024C5F80041C5F80C41C5F810419A
:1041A000C5F80441C5F81441C5F81841FFF70EFAE7
:1041B00008B1C5F82841F6480068009038BD70B5D0
:1041C000F44D00246C702C7000F0D2FD85F8254071
:1041D000EC620922002105F11800AC63F9F7D3F86D
:1041E000ED49601E0860091D0860091D0C60091D6D
:1041F0000860091D0C60091D0860091D0860091D83
:104200000860091D0860091D0860091D0860091D76
:104210000860091D0860091D086070BDDF4800B511
:10422000016801F00F01032905D0006800F00F00BC
:10423000042802D0FFDF012000BD022000BD00B530
:10424000012802D0022800D0FFDF002000BD00B509
:10425000012802D0022802D0FFDF282000BD18204C
:1042600000BD10B5CB4902681839CA4C0A634268D0
:104270004A63007A81F83800207E50B1207FF9F738
:10428000C0F8A07E08B1012100E00021207FF9F7ED
:10429000ADF8607E00280CD0607FF9F7B2F8E07EC0
:1042A00008B1012100E00021607FBDE81040F9F76E
:1042B0009DB810BD00F063BD10B500F060FDB348BF
:1042C000D0F80001002800D0FFDF10BD70B501203C
:1042D00000F030FDB2480025056001260660FFF7BA
:1042E00085F9B04C18B1206840F480602060FFF779
:1042F00036F928B12068AC4920F0770008432060E7
:10430000FFF764F938B1A748001D016821F47F4127
:1043100041F4B0510160A349A4483C310860FFF763
:1043200055F99C4C60B19D490220503184F8210020
:104330000860A0499E48086095481030091F086031
:104340004FF01020806C411C05D094497C310A68E4
:1043500060F317420A60914940F25B6028310860BF
:10436000091F40F203100860081F06608B490320F4
:1043700008608C48EC38066094F8211011B14FF4B5
:10438000C02100E08C498B4A41F46021943A1160CD
:104390008749884A091F083211607D490839121F70
:1043A0001160016821F440710160016841F480717D
:1043B0000160012000F0CFFC74491020C1F8040313
:1043C00084F83150E56270BD76483830016821F0DC
:1043D000010141F08071016070476E4A0368183A2C
:1043E000C2F81A308088D0836A48017270476948E1
:1043F00090F825007047674A517010707047F0B50B
:104400000546840061488B882044C0F820360B782C
:10441000D1F8011043EA0121C0F8001605F10800A7
:104420000127604C07FA00F6FC3C52B1012A00D08B
:10443000FFDF2068304320602068AF4038432060B1
:10444000F0BD2068B043F6E706F0E8B8514890F8B0
:1044500032007047514AC1781432116000684F49E8
:1044600000020C3108607047252807D0262807D0A5
:10447000272807D00A2807D8042206E0022107E0EF
:104480001A2105E0502103E0062202EB4001C9B2E7
:10449000424A083A116041494431086070473D483A
:1044A000817A012917D0022914D1417E002911D027
:1044B000827F0121C37F01FA02F299400A433D49FC
:1044C00094390A6090F820003C4A002102EB8000F9
:1044D000C0F810157047017EE8E72DE9F0472D4C34
:1044E000A17A01290BD0022975D1627E002A72D0EF
:1044F000012906D0677FE17E59B101260AE0227EBC
:10450000F4E7277FA17E09B1012600E000261121F2
:1045100001E000262421DFF898804FF0010AA8F17D
:104520004408C8F84CA0DFF898904518D9F8000066
:10453000A84200D3FFDF0021C8F84C11C9F8005091
:10454000380286F0010140EA015040F0031294F86D
:1045500020101A4800EB8103C3F8102500EB8101FD
:10456000A27F184800EBC203C3F81415164DC3F818
:104570001055E37F00EBC300C0F814150449083957
:10458000C0F810150AFA02F120E024E00010004003
:10459000181100407C0A0020000E00401015004059
:1045A000FC1F00403C170040880000802C00008960
:1045B000448000409CF5014000000404006000407D
:1045C0004C85004000F001404C8100400AFA03F0A5
:1045D0000143F9480160BDE8F0872DE9F0410E463E
:1045E000F64907460320C1F80002F54C94F8210073
:1045F00010B14FF4C02000E0F248EF4D2860304683
:1046000006F036F817B1012F0FD017E0FEF7DEFFE6
:1046100010B1304600F0C9FB0120A072A06B40F43D
:104620008010A0634FF4801007E00220A072A06BFE
:1046300040F40010A0634FF400102860F6F744F92E
:104640003146BDE8F04148E72DE9F05FDB4C074615
:1046500003200E469346C4F80002D94D95F8210078
:1046600010B14FF4C02100E0D649DFF84C93C9F8EF
:104670000010104605F0FCFFDFF83C834FF0010A04
:1046800008F1A808A7B3012F3ED0FFDFCE4806608F
:10469000C949CE48A4310860A86B40F40020A86343
:1046A000D4F800721025C4F808530020C4F80002A2
:1046B000C1494FF48028091DC1F8008004F5007439
:1046C000FFF765FD2760C9F80080C4F80451E903CD
:1046D000C9F80010BE49C1F84CA0BB48001D0068D5
:1046E000B04200D3FFDF59463046BDE8F05FF4E644
:1046F000FFE7FEF76BFF10B1584600F056FBC8F815
:10470000004085F80AA0C1E7AC49091DC8F80010AF
:104710000220A872BAE72DE9F041A94C064690465E
:1047200094F831000F46002500B9FFDF16B1012EC5
:1047300012D01DE094F83100012806D094F8302002
:104740004146384605F0A2FF10E094F8301042468A
:10475000384605F0DCFF09E094F8310094F8301099
:1047600001284246384609D005F0F8FFE16A4518AD
:10477000424629463046BDE8F04165E705F0A8FF0E
:10478000F4E708B5FF208DF800008C480021C0F840
:1047900010110121016104E09DF80010491E8DF8FF
:1047A00000109DF8001019B1D0F810110029F3D0B5
:1047B0009DF80000002800D1FFDF08BD2DE9F04181
:1047C0007E4CD4F8000220F00307D4F804034FF025
:1047D0001008C0F30016C4F808830025C4F800527E
:1047E000774890F8210010B14FF4C02000E07548E0
:1047F000714940F46020091D0860FFF750FEFFF783
:10480000C0FFC4F81051FEF7E1FE08B1C4F828510A
:1048100000F0AEFAC4F80072002E01D0C4F8048390
:10482000BDE8F081ADE700686A4920F07F4008608C
:10483000704710B5012000F07DFABDE8104001205E
:1048400000F089BA01465E4818221838F8F771BDA1
:104850004FF0E0210220C1F8000170475E49087066
:1048600070475C4938390860704770B50546F6F7FF
:104870002BF8534C2844E16A884200D8FFDF01201E
:104880002074F6F721F82844606194F8211041B1B2
:10489000084460614948D0F8001241F04001C0F876
:1048A00000124B490020C1F8440147496069091FC3
:1048B0000860BDE8704000F0A2BA70B5404C0646F2
:1048C00002200D462074FFF7A9FC024694F831003F
:1048D00094F8301001281BD0304605F081FF60614C
:1048E00094F8210048B16169084460613348D0F808
:1048F000001241F04001C0F8001235490020C1F813
:1049000044016169E06A08442F49091F086070BDCD
:104910002B46304605F037FFE1E727494FF480008A
:10492000091D08602648816B21F480018163002104
:10493000017470472A4A10B502EBC002274BC2F837
:104940001035C2F81415012181401B4801601C4834
:10495000826B0A43826310BD1D4801214160C16022
:104960000021C0F844111848001F01601448C162BA
:10497000704710B50446FEF729FE10B1104880F8C4
:1049800021401448243004600C48D0F8001241F053
:104990004001C0F8001210BD084810B5D0F8001250
:1049A00021F04001C0F80012FEF710FE0949243141
:1049B00000B10220086010BD04F501400010004065
:1049C0007C0A002000000404488500404881004023
:1049D000008000403C150040C3000020041100404E
:1049E00000F00140F948D0F8001221F01001C0F8A1
:1049F0000012012181617047F4480021C0F81C11A8
:104A0000D0F8001241F01001C0F800127047EF49D1
:104A100008B5D1F81C21012A01D0002008BDEC4ABC
:104A2000126802F07F02524202700020C1F81C019D
:104A3000E84800680090012008BDF0B517460C005A
:104A4000064600D1FFDFE44DE0072F7302D0012CB2
:104A500000D0FFDF46B102206872EC72012802D05C
:104A6000022800D0FFDFF0BD0120F5E770B5DA4C79
:104A70000021E27A930703D5830701D5430713D4B6
:104A8000D30605D594F8333013B194F835305BB1C3
:104A9000130702D594F8243033B9520702D594F89D
:104AA00025200AB1C00700D00121607A012518B184
:104AB000A1B1BDE8704081E694F8210010B14FF437
:104AC000C02000E0C548C6490860C048D0F80012C0
:104AD00021F00301C0F80012E57270BD012803D077
:104AE000022808D0FFDF70BD00F042F9A5729621C0
:104AF000227B002006E000F03BF90220A072227B1E
:104B000096210120BDE8704005E62DE9F05FDFF851
:104B1000D4B29BF80000042800D3FFDFB248D0F8DD
:104B20004C0108B1FFF7BBFCAB4CAD49A06B086072
:104B30004FF00008C4F8388000F06BF9DFF8AC9251
:104B40000546D9F80010A16294F8210008B1081AAE
:104B5000A062A648001F0068E062FFF75FFB84F8D0
:104B60003000A07ADFF868A2012184F83100AAF1B0
:104B7000440A022808D1607830B1DAF800201278AF
:104B800002402078904310D084F82480924EA807E9
:104B9000A6F1180605D5F5F797FEA16A081A31693E
:104BA0008847E80704D0002709E084F82410EDE7DF
:104BB000A80701D5012702E0280707D50227F5F746
:104BC00083FEE16A7269081A394690479BF8000033
:104BD000C0071CD1DAF800005746007800F00F003B
:104BE000072812D239680622A01C0931F8F774FB95
:104BF00038B9207A39680978B0EBD11F01D101208A
:104C000000E0002084F8250001E084F82580284693
:104C1000FFF72CFFE80701D030682FE0A80726D562
:104C200068071ED4FEF7D2FCD8B9FEF7DFFCC0B986
:104C30006748F4380168001F0068C0F3425CC0F3A5
:104C4000006700F00F03C0F30312C0F3032047B165
:104C50000BB102B128B921B1BCF1030F01D245F06B
:104C6000040545F380007168401C884709E0280767
:104C700001D5B06802E0E80602D5F068804700E0A0
:104C8000FFDFA07A02281BD1207C002818D0564ACA
:104C9000C2F8448102280FD0012800D0FFDFE16A6A
:104CA0006069884200D8FFDFD4F81410C9F80010FA
:104CB000BDE8F05F00F0A3B86169E06A0144F5E780
:104CC000BDE8F09F70B5054641F2643441F66A06CE
:104CD000022806D0012D12D0022D0CD0FFDF304665
:104CE00070BDFEF72FFC0028F6D1FEF738FC002837
:104CF000F2D141F6583441F29A00204470BD42F698
:104D0000CE3070BD324808300168032904D00068F5
:104D1000022801D000207047012070472C4808303D
:104D200001680B2904D000680A2801D000207047D0
:104D30000120704700280DDB00F01F020121914087
:104D40004009800000F1E020C0F88011BFF34F8FD0
:104D5000BFF36F8F7047002809DB00F01F020121AD
:104D600091404009800000F1E020C0F880127047B7
:104D700019480021417281720121C172704730B51A
:104D800000240546012902D002290BD0FFDF184874
:104D900004430F4834380460164805430C48303843
:104DA000056030BD4FF08074F1E7094A4032116868
:104DB00053060228D3F820031ED0C0F3062000BFFC
:104DC00021F4FE4141EA00201060704700100040CD
:104DD000481500401C1100407C0A0020000004041B
:104DE00008F50140C30000200080004044850040D9
:104DF0000801100000000302C0F30660E0E7354838
:104E0000816B41F48001816333494FF48000086075
:104E1000DBE7F8B52F4C314E0020217C19B1D6F8D4
:104E20004411012907D00023A27A2D49012A04D078
:104E3000022A0AD019E00123F6E7D1F80C01012873
:104E400001D0002011E008200FE0D1F80C0101286A
:104E500006D0002223480068012803D0042002E085
:104E60000222F7E7002010431843D1F81021012A4D
:104E70002ED0002505431C48026812F0FF0F03D016
:104E8000D1F81421012A00D0002284F832200068D1
:104E900010F0FF0F03D0D1F81801012800D0002036
:104EA00084F833000F481030006884F83400FFF7AE
:104EB00072F8012800D0002084F83500FFF767F968
:104EC0000020C6F844010948006800902846F8BD53
:104ED0001025CFE77C0A002004F501400080004047
:104EE0000010004000140040401600404481004083
:104EF00010B5444822220021F8F745FA4148002421
:104F0000017821F010010170012104F04DFC3D49B0
:104F10004FF6FF70263981F8224088843A4908808C
:104F2000488010BDE4E7704700F05FB83549016084
:104F30007047354908807047324926398A8CA2F576
:104F40007F43FF3B02D00021016008E091F822205E
:104F50002C492639012A02D0016001207047002027
:104F600070472848263810F8221F012908D001214F
:104F7000017025482349263900888884012070471C
:104F8000002070472049488070471E491E4B263933
:104F90008A8C5B889A4205D191F8222012B1016077
:104FA00001207047002070471648174A2638818C28
:104FB0005288914209D14FF6FF71818410F8221F67
:104FC00019B10021017001207047002070470D4881
:104FD0000D4A2638818C5288914204D190F82200E3
:104FE00008B10020704701207047064926398A8C95
:104FF000824205D1002081F822004FF6FF7088849C
:1050000070470000DE0A0020C400002070473D4ABF
:10501000012338B1012804D1137008689060888892
:105020009081704753700868C2F802008888D08069
:105030007047344A10B1012807D00EE0507860B1B3
:10504000D2F802000860D08804E0107828B1906897
:1050500008609089888001207047002070472949A6
:1050600010B1012802D005E0487800E0087808B1C6
:10507000012070470020704730B50C4605468DB0C2
:105080004FF0030104F1030012B1FEF741FB01E010
:10509000FEF75DFB60790D2220F0C00040F040007B
:1050A0006071002104A8F8F76EF9E0788DF81F0010
:1050B00020798DF81E0060798DF81D001022294698
:1050C0006846F8F736F9684604F036FE9DF82F007A
:1050D00020709DF82E0060709DF82D00A0700DB01E
:1050E00030BD10B5002904464FF0060102D0FEF78E
:1050F0000FFB01E0FEF72BFB607920F0C000607130
:1051000010BD0000C8000020FE48406870472DE92F
:10511000F0410E46074601461446012004F011FDF9
:10512000054697F86500FFF725F84AF2B1210844D3
:105130004FF47A71B0FBF1F1788840F2712250435C
:10514000C1EB4000041BA4F2663402F0BBFD00B1C9
:105150001E3CAE4201D2284600E03046A04204D2B6
:10516000AE4201D22C4600E034467C62BDE8F081BC
:1051700030B502460020002914D0A2FB01104C0AD1
:1051800044EAC054400A641C40F100000021D4F1FC
:10519000FF3240F2A175814100D2FFDF04F5F464D3
:1051A000B4FBF5F030BD2DE9FF4F8BB0044690F80D
:1051B00065008A460990DDE90D1008430890D24841
:1051C0000026007800F004FE054694F88C0100F0FB
:1051D000FFFD284480B2009094F87D000D2804D093
:1051E000002007900D9810B131E00120F9E794F804
:1051F0002C0103282BD1079848B3B4F8AE115145C0
:1052000025D1D4F83401C4F82001608840F2E2418D
:105210004843C4F82401B4F87A01B4F806110844EC
:10522000C4F82801204602F057FDB4F8B201E0822C
:1052300094F8B0016075B4F8B4016080B4F8B601B8
:10524000A080B4F8B801E080022084F82C01D4F8E2
:1052500084010590D4F880010390B4F80681B4F875
:105260007811D4F8740106900D9820B194F840019B
:1052700000287DD108E004F580700290743004901D
:1052800004F5B075001D07E004F5AA700290001D3A
:10529000049004F5A275001D0A90B4F87020AAEBE2
:1052A00002000FFA80F9AAEB010007B2002F05DA1D
:1052B000D4F87001069001204F46089092484FF0B4
:1052C000000B007970B3F5F7A1FC58B3B4F81801DE
:1052D000022827D394F82C01022823D094F8430104
:1052E00000BB94F88C0100F073FD00F5C86080B23B
:1052F000009094F82C01012845D0608840F2E241EA
:1053000048430099FFF734FF08EB0901CA1BD4F8A2
:10531000341180B2431A02FB03BBC4F834010120EC
:1053200084F8430194F82C0100286DD001287DD029
:1053300002287CD003287BD0FFDF00BFA6EB0B0147
:105340000698FCF70EFD0499012640F271220860D0
:105350000A990020A1F800A028702E710498006816
:10536000A8606088D4F834115043C1EB400000E0DD
:10537000BFE16549A0F23630C861896981427DD9B3
:10538000029908607BE194F88000032833D0012162
:10539000002004F0CDF8E18A40F27122514300EB85
:1053A00041000190D4F82401B8340099FFF7E0FEE1
:1053B000A16E226F431AA066DDE9001002FB03BB59
:1053C000FFF7D6FEA16FA067421A34F8B60C40F280
:1053D000E241484393440099FFF7CAFE08EB0901F4
:1053E000226FC91B8A1AE16F521E431A02FB03BBCC
:1053F000E067B83C93E7E08A40F27122D4F82411C8
:10540000504301EB4000CCE7039800B9FFDF0121D6
:10541000002004F08DF80646E08A40F271214843EE
:1054200006EB40000099FFF7A3FE02E0C0E058E061
:10543000DDE0C4F83001608840F2E2414843009961
:10544000FFF796FEC4F8340182B22046A16AFFF746
:105450005EFE14F8650FFEF7F2FE4FF47A7800F264
:10546000E140B0FBF8F1039801EB00092078FEF76A
:10547000E6FE07462078FEF77DFE00E0FDE03844BA
:105480004AF2AB310144B1FBF8F134F84F0C40F271
:105490007122504306EB4000411AD4F8CB0040F291
:1054A000E2430A1A02EB0906227814F8501C11FB99
:1054B00003F1203E00F0B9FC1349801C886114F808
:1054C0006509FEF7BCFE00F2E140B0FBF8F103987D
:1054D0000844301A40F2F6218842BFF42FAFFFDFB4
:1054E0002CE7E08A40F27122D4F82411504301EBFA
:1054F00040000099FFF73CFEC4F83001608840F29C
:10550000E24103E0000B0020D8000020484300994E
:10551000FFF72EFEC4F8340182B22046A16AFFF7DD
:10552000F6FDB8F1000F21D10E98F8B194F865603E
:105530003046FEF71FFE4AF2B12101444FF47A7063
:10554000B1FBF0F0D4F8301140F271230144E08A4D
:10555000D4F82421584302EB4000471A3046FEF7A6
:1055600076FE0599081A3E18203E0AE0E08A40F2CD
:105570007122D4F82411504301EB4000D4F83011CB
:10558000461AD4F82821D4F82011D4F8300140F27A
:10559000E24301FB020094F86520617D11FB03F1F9
:1055A00000F043FCF9498861012084F82C01C5E62C
:1055B000608840F271225043D4F83411D4F8282185
:1055C000C1EB40067E4308EB0900801AD4F8207135
:1055D000D4F83031401E07FB023200FB012094F862
:1055E0006520617D40F2E24311FB03F140E06088F9
:1055F00040F27122D4F834115043C1EB400694F8C4
:105600007C007E43242803D094F87D0024280AD10E
:10561000B4F8AE11AAEB010000B2002803DB94F845
:10562000B10100B109900898D8B1B8F1000F18D1B4
:10563000059808B1039800B9FFDF94F86500FEF7FC
:1056400099FD4AF2B12101444FF47A70B1FBF0F0B8
:10565000361A94F86500FEF7FAFD0599081A064413
:10566000203ED4F8341108EB090048430021099A80
:1056700000F0DBFBC549886160E602980160029892
:10568000616A0068084400F5D370E86002F01AFB14
:1056900010B1E8681E30E8606E71B4F8F010A1EB4C
:1056A0000A0000B2002801DD032068710798002875
:1056B0000E9822D0C0B100BFB4F81811B1B3B4F83D
:1056C0001A0100BFA4F81A0194F81C21401C42439F
:1056D0008A4209D26879401E002805DD6E71B4F84F
:1056E0001A01401CA4F81A010D9830B394F8400137
:1056F000F8B102200FB0BDE8F08F0028DCD194F89B
:105700002C010028F0D0608840F27122D4F83411C6
:105710005043C1EB4001284603F04EFE0004000C4C
:10572000E2D0189901B108800120E3E7FFE70020EB
:10573000C8E794F87C01FDF78CF994F87C012946C0
:1057400000F059FB20B10D9880F0010084F8410170
:105750000020CFE77CB50446FCF72FFE0146D4F8C5
:105760007001FDF72BFB214600F076FB94F87D10CD
:105770000D290AD0B4F87020B4F83E1113189942DC
:1057800006DB491CA4F83E1106E0B4F83E010CE02B
:10579000401C1044A4F83E0194F8420140B9B4F80A
:1057A0003E01B4F8F410884202D1401CA4F83E0136
:1057B000B4F87A0101AE401CA4F87A01B4F89A005A
:1057C000B4F89810401AB4F87010401E084485B21E
:1057D00009E000231A4620460096FFF7E4FCD0B10A
:1057E00001282ED0FFDFB4F83E11681A00B200285D
:1057F000EFDA082084F88D00012084F88C00204620
:1058000001F0F5FE204600F0F8FA60484079BDE866
:105810007C40F5F7C9BBA06E002811D0B4F83E015A
:10582000B4F89420801A01B2002909DD34F86C0F15
:105830000144491E91FBF0F189B201FB0020208553
:105840007CBDB4F83E01BDF804100844A4F83E0144
:10585000C9E770B54E4C607A08B1002070BD94F86D
:10586000300030B1616B606A884202D9F8F70CFBF6
:10587000F3E7A06AC8B1F7F725FF0546F7F7F9FE89
:10588000284442F210714618FCF797FD0546294658
:10589000E06AFDF793FAE562A16A8219914202D2A9
:1058A0000120A062E2E7081AA062012070BD70B575
:1058B000374C012500202575207494F8300004F140
:1058C000100650B14FF47A71A069FCF74AFAA06152
:1058D0000021304603F070FD10E0002000F00DFBC9
:1058E0000546F7F7EFFE05442946A069FCF739FAAB
:1058F000A0612946304603F05FFD451C208C411C09
:105900000A2901D228442084606828B1208C401CD8
:105910000A2801D3022000E003206075FFF799FFF9
:1059200038B1207B314600F066FA002800D1FFDF55
:1059300070BD00F0DAFA15484079BDE87040F5F71F
:1059400033BB38B50025044680F82C51A0F87851B7
:105950002B462A4629460095FFF725FC00B1FFDFBC
:10596000C4F828510120C4F8205184F82C01A4F86F
:105970003E51A4F83C5184F8425134F8700F401E57
:1059800024F8B80B0020A4F8525038BDD8000020ED
:10599000000B002010B530B1F749012807D00228CC
:1059A0000BD0FFDF10BDBDE8104000F0EABA486A36
:1059B000BDE81040002100F0B5BA002081F83000A9
:1059C000FCF7F9FBED484079BDE81040F5F7ECBA7B
:1059D0002DE9F0410646E8480F460178E74D0329D6
:1059E00009D1017BB14206D1406868613846BDE803
:1059F000F04100F0EEBA304600F0F3F90621FAF774
:105A00005DFB040000D1FFDF304600F0EAF9218899
:105A1000884200D0FFDF214638466C61BDE8F04186
:105A200000F027BA10B5D44C207848B1012060723C
:105A3000F8F74CFA2078032804D0207A002800D008
:105A40000C2010BD207BFDF704F8207BFDF772FAD7
:105A5000207BFCF78FFC00B9FFDF0020207010BD19
:105A600010B5FFF7DFFF00F0F1FAC348002180F81E
:105A70003010C172084610BDC049487100208870BE
:105A800001220A7048700A71C870BB490870E7E7C4
:105A9000BA49087070472DE9F047B74C07460E46E3
:105AA000207800284BD1B648FCF702FC20731F2851
:105AB00045D04FF00309676084F8009000256572B7
:105AC000257287B1012107F58E70FDF740FE062093
:105AD000FAF7A0FA97F81C11B1FBF0F200FB1210D4
:105AE000401C87F81C01FCF73EFC40F2F65188424E
:105AF00000D2084600F23F101FFA80F8F7F7B9FD10
:105B0000E061F7F7DFFD0127E0B1A772FCF755FC74
:105B10008246002000F0F1F900EB08015046FCF746
:105B200020F9A061C4E90A6A277584F815909249A2
:105B30002574207B103100F05EF990B910E00C2044
:105B4000BDE8F087FCF739FC4146FCF70AF9A06193
:105B5000A57284F83070A6F28B566663A562E3E7FF
:105B6000FFDF25840020F8F7B1F90020E8E783493A
:105B7000487070478149087170472DE9F0417F4CAA
:105B80000746E088401CE080D4E902516078D7F8ED
:105B9000806120B13246284603F036FC0546A068F5
:105BA000854205D02169281A08442061FDF7D3F801
:105BB000A560AE4205D897F82C01012801D0E07805
:105BC00010B10020BDE8F0810120FBE710B50446CC
:105BD0000846FEF7CFFA4AF2B12108444FF47A7131
:105BE000B0FBF1F040F2E2414C4300F23630844227
:105BF00001D9201A10BD002010BD7CB5044600203C
:105C000084F8400194F8FE0000283FD194F82C015C
:105C100003283BD1FCF7D1FB0146D4F87001FDF716
:105C2000CDF8002832DD214600F016F9411CB4F809
:105C300070000144A4F83C11B4F83C11B4F8F4200D
:105C4000511A09B2002921DD012184F84211B4F86A
:105C50009A10B4F8982001AE891A491E084485B2FA
:105C60000EE00096B4F83C11002301222046FFF715
:105C70009AFA00280AD0012809D0022806D0FFDFAE
:105C8000B4F83C01281A00B20028EADA7CBDB4F866
:105C90003C01BDF804100844A4F83C01F0E738B515
:105CA00000250446012902D13448C07868B1042097
:105CB00084F82C01FCF77FFAA4F87A51B4F870004C
:105CC000A4F83E0184F842515FE60095B4F8F41060
:105CD000012300222046FFF766FA0028EAD0FFDF02
:105CE000E8E710B5062916D2DFE801F00509030C34
:105CF0000C0D002100E00121BDE81040CFE7032199
:105D000080F82C1110BDB0F834118AB2816ABDE858
:105D10001040FFF7FCB9FFDF10BD70B5174CA1783C
:105D2000022916D1E188002913D16569C5F88401DB
:105D300095F86500FEF78BFAD5F88411081AA1686A
:105D40000144A160E1680844E060BDE8704000F0F3
:105D5000A9B970BD70B5054608488478022C11D0E9
:105D6000054C243401B34FF47A7601290ED0022970
:105D700010D0FFDF70BD0000000B0020D800002015
:105D8000D1590100446904F5C074EBE71846FEF7E9
:105D900056FA02E01046FEF795FF00F2E140B0FB34
:105DA000F6F0281A2060E5E72560E3E7FE4810B525
:105DB000007808B1002010BD0620FAF71DF980F028
:105DC000010010BDF8480078002800D0012070477D
:105DD00010B504460C2800D3FFDFF44830F8140057
:105DE00010BD10B504461F2800D3FFDFEE48383041
:105DF00030F8140010BDFCF711BD70B5044600204A
:105E000084F82C0194F87C514FF6FF761F2D00D3B7
:105E1000FFDFE548383020F8156094F87C01FCF786
:105E2000A9FA1F2084F87C01A4E770B505460C464A
:105E300016461046FEF79EF94AF2B12108444FF487
:105E40007A71B0FBF1F000EB450004443046FEF7F8
:105E5000FEF9204460308DE7002809D0D1F83421C4
:105E6000498840F271235943C2EB4101B0FBF1F084
:105E700070472DE9F04101250226CD4F0C46082838
:105E800031D2DFE800F0040E161611301A23204636
:105E900000F0ADF9204600F064F984F84051BE707E
:105EA00090E601F00AFF01E0FEF72FFE84F8405172
:105EB00088E62046BDE8F0414CE4FEF7B3FCFEF76F
:105EC00024FE4FF0E020C0F880627BE694F82C01BD
:105ED000042800D0FFDF2046FFF78FFF7879BDE868
:105EE000F041F5F761B8FFDF6CE610B5AE4C207BF2
:105EF000FCF740FA0020207010BD08B500284FF0D4
:105F00000101684602D0FDF703FC01E0FDF7F6FB56
:105F10009DF8000042F210710002B0FBF1F201FBAB
:105F2000120008BD2DE9F0419F4C0746002084F87F
:105F30003000A669E07220700120207201216068A3
:105F400003F0B2F86068C0F87061257B80F87C517E
:105F5000C0F88071C0F8746106881F2D00D3FFDF80
:105F60009148383020F815606068FFF7EAFC00B10E
:105F7000FFDFFCF720F98E484079BDE8F041F5F7E6
:105F800013B870B5884C0025A07A18B10120FFF72E
:105F9000B4FF0546F7F796FB4119A069FBF7E1FE50
:105FA000A061002525740320607501202075607AAA
:105FB00030B97D49207B1031FFF71DFF00B9FFDFAD
:105FC0002584FCF7F8F87A484079BDE87040F4F78A
:105FD000EBBF70B5744D04462878032800D0FFDF6E
:105FE000082C31D2DFE804F0040E2A2A2630302DA6
:105FF00000206862F7F77CFD00B1FFDF6C490320E9
:106000008870B7E6F7F735FBE9690446A14206D286
:10601000601A0421FCF705FFEC6108B906E0E861AD
:10602000F7F7B1FE0028ECD0FFDFA3E6BDE8704033
:106030000020AFE4BDE87040FEF767BDBDE87040EA
:1060400035E4BDE8704050E7FFDF93E6FEB5584CFD
:106050000120E0704FF6FF750CE00621FAF72EF8EC
:10606000060000D1FFDF96F87C01FCF763FF3046A5
:10607000FFF7C3FE69460620F9F7ADFF50B1FFDF19
:1060800008E0029830B190F82C1119B10088A842AC
:10609000E3D104E06846F9F77CFF0028F1D0002046
:1060A000E070FEBD2DE9F0474148446994F8431182
:1060B000002955D094F82C11032951D194F86590FA
:1060C0000078FFF785FE054694F88C01FFF780FE07
:1060D000284486B294F88C01FFF77AFE00F5C86078
:1060E0001FFA80F84846FEF7B2F8D4F884110D1A6A
:1060F0004846FEF73FF84FF47A7A00F2E730B0FBFB
:10610000FAF02D1A4846FEF7A2F8D4F800110F1A3B
:106110004846FEF72FF84AF2B1210144B1FBFAF0EC
:106120003A1AA2F160007043B0FBF8F1292000EBAD
:1061300052006031A0EB510200EB5100AA4201D89D
:10614000854201D3F4F714FE608840F2E2414843EF
:106150003146FFF70DF8C4F83401002084F84301FC
:10616000EEE470B50446FCF7FEF8054694F86500C9
:10617000FEF700F84AF2B12108444FF47A71B0FBFF
:10618000F1F0D4F8341140F2712201446088504398
:10619000C1EB4006303EB72D00D8B725214601207F
:1061A00003F0CFFC284405E0000B002088B201007A
:1061B000D8000020351A21460120A5F21B3503F036
:1061C000C0FC616A9C30814201D9081A00E00020BD
:1061D0002C49A842CD6000D328468860D4F86C01D1
:1061E000A0F5D3700861BDE87040FCF7B4BD10B5F0
:1061F000044624490020C4F88001C880C4F8840102
:1062000094F8410138B9FCF7D8F8D4F84C11FCF7F0
:10621000D5FD002813DCB4F83E11B4F870008142BB
:1062200001D1B4F8F410081AA4F8F600A4F870101C
:10623000D4F86801C4F84C01C4F870011CE0B4F84B
:106240003C01B4F87010401AA4F8F600B4F83C0110
:10625000A4F87000D4F84C01C4F86801C4F87001C7
:10626000D4F85401C4F80001D4F85801C4F87401FA
:10627000B4F85C01A4F878012046BDE8104001F0B4
:1062800006BC0000D80000202DE9F0410E4604466F
:1062900003F06FFB0546204603F06DFB044603F058
:1062A000FDF8FB4F010015D0386990F864208A4250
:1062B00010D090F8C4311BB190F8C63123421FD0E2
:1062C0002EB990F85D30234201D18A4218D890F857
:1062D000C401A8B1284603F0E1F870B1396991F81A
:1062E0006520824209D091F8C40118B191F8C70124
:1062F000284205D091F8C40110B10120BDE8F08119
:106300000020FBE730B5E24C85B0E06900285ED0A4
:10631000142200216846F7F736F8206990F86500E6
:10632000FDF728FF4FF47A7100F5FA70B0FBF1F534
:10633000206990F86500FDF78AFF2844ADF8060053
:1063400020690188ADF80010B0F87010ADF80410A5
:106350004188ADF8021090F8A60130B1A069C11CC7
:10636000039103F01FFA8DF81000206990F8A50141
:106370008DF80800E169684688472069002180F8A7
:10638000A61180F8A5110399002920D090F8A41136
:1063900000291CD190F87C10272918D09DF81010E6
:1063A000039A002913D013780124FF2B11D0072B57
:1063B0000DD102290BD15178FF2908D180F8A441D1
:1063C0000399C0F8A8119DF8101080F8A71105B026
:1063D00030BD1B29F2D9FAE770B5AD4C206990F8B1
:1063E0007D001B2800D0FFDF2069002580F8A75022
:1063F00090F8D80100B1FFDF206990F8A81041B1F2
:1064000080F8A8500188A0F8DC1180F8DA510C213E
:1064100008E00188A0F8DC1180F8DA51012180F849
:10642000DE110B2180F8D8110088F9F77AFFF9F70F
:1064300023FC2079F4F7B8FD206980F87D5070BD09
:1064400070B5934CA07980072CD5A078002829D16D
:1064500062692046D37801690D2B01F170005FD08D
:106460000DDCA3F102034FF001050B2B19D2DFE87D
:1064700003F01A1844506127182C183A6400152BA1
:106480006FD008DC112B4BD0122B5AD0132B62D0BB
:10649000142B06D166E0162B71D0172B70D0FF2B72
:1064A0006FD0FFDF70BD91F87F200123194602F005
:1064B00038FF0028F6D12169082081F87F0070BDDF
:1064C0001079BDE8704001F0A2BC91F87E00C007D1
:1064D00000D1FFDF01F05AFC206910F87E1F21F087
:1064E0000101017070BD91F87D00102800D0FFDF20
:1064F0002069112180F8A75008E091F87D00142848
:1065000000D0FFDF2069152180F8A75080F87D10AA
:1065100070BD91F87D00152800D0FFDF172005E041
:1065200091F87D00152800D0FFDF1920216981F83E
:106530007D0070BDBDE870404EE7BDE8704001F0E1
:106540003ABC91F87C200123002102F0EAFE00B958
:10655000FFDF0E200FE011F87E0F20F0040008701E
:106560001DE00FE091F87C200123002102F0D9FE0C
:1065700000B9FFDF1C20216981F87C0070BD12E0AA
:106580001BE022E091F87E00C0F30110012800D04A
:10659000FFDF206910F87E1F21F010010170BDE8B7
:1065A000704001F0F3BB91F87C200123002102F040
:1065B000B8FE00B9FFDF1F20DDE791F87D0021283C
:1065C00001D000B1FFDF2220B0E7BDE8704001F04C
:1065D000E9BB2F48016991F87E20130702D50121FC
:1065E0008170704742F0080281F87E208069C0788F
:1065F00081F8E10001F0C1BB10B5254C21690A8882
:10660000A1F81A2281F8180291F8640001F0A9FBA0
:10661000216981F81C0291F8650001F0A2FB216953
:1066200081F81D02012081F81602002081F8C401C2
:106630002079BDE81040F4F7B7BC10B5144C052123
:106640002069FFF74EFB206990F85A10012908D005
:1066500000F5F77103F048FA2079BDE81040F4F72F
:10666000A3BC022180F85A1010BD10B5084C0123BC
:106670000921206990F87C20703002F052FE48B168
:106680002169002001F8960F087301F81A0C10BD5B
:10669000F80000200120A070F9E770B5FE4D01233D
:1066A00029462869896990F87C2009790E2A01D148
:1066B000122903D000241C2A03D004E0BDE8704056
:1066C000D3E7142902D0202A07D008E080F87C40C4
:1066D00080F8A240BDE87040AFE7162906D0262A10
:1066E00001D1162902D0172909D00CE000F87C4FFF
:1066F00080F82640407821280CD01A2017E090F826
:106700007D20222A07D0EA69002A03D0FF2901D17F
:1067100080F8A63132E780F87D4001F037FB286928
:1067200080F8974090F8C4010028F3D00020BDE81D
:10673000704061E72DE9F843D74C206990F87C1050
:10674000202909D05FF0000790F87D10222905D09C
:106750007FB300F17C0503E00127F5E700F17D053B
:1067600010F8B01F41F004010170A06903F007F9AF
:106770004FF00108002608B33946A069FFF784FDF1
:10678000E0B16A46A169206902F096FE90B3A06963
:1067900003F0F3F82169A1F8AE01B1F8701001F02F
:1067A000C6FA40B32069282180F88D1080F88C80CB
:1067B00048E0FFE70220A070BDE8F883206990F868
:1067C000C40110B11E20FFF717FFAFB1A069216906
:1067D000C07881F8E20008FA00F1C1F3006000B966
:1067E000FFDF20690A2180F87C1090F8A20040B9F0
:1067F000FFDF06E009E01AE02E7001F0C7FAFFF7AC
:10680000E8FE206980F89760D6E7206990F8C40117
:1068100018B10020FFF7F0FE2E70206900F17D0115
:1068200080F897608D420DD180F87D600AE0206984
:106830009DF8001080F8B0119DF8011080F8B1119A
:1068400024202870206900F17D018D4203D1BDE82C
:10685000F84301F09BBA80F8A260ADE770B58E4CAA
:1068600001230B21206990F87D20703002F059FD42
:10687000202650BB20690123002190F87D20703034
:1068800002F04FFD0125F0B1206990F87C0024282A
:106890001BD0A06903F063F8C8B1206990F8B0106C
:1068A00041F0040180F8B010A1694A7902F00702B2
:1068B00080F85D20097901F0070180F85C1090F8FC
:1068C000C5311BBB06E0A57058E6A67056E6BDE8CC
:1068D00070407EE690F8C431C3B900F164035E787D
:1068E0008E4205D11978914202D180F897500DE07F
:1068F00000F504710D7002884A8090F85C200A71DE
:1069000090F85D0048712079F4F74EFB2169212051
:1069100081F87D00BDE8704001F02FBAF8B55E4CFB
:10692000206990F87E0010F0300F04D0A07840F07D
:106930000100A070F8BDA06902F0FAFF50B3A06991
:1069400002F0F0FF0746A06902F0F0FF0646A069DA
:1069500002F0E6FF0546A06902F0E6FF0146009757
:10696000206933462A46303003F046F8A079800784
:1069700003D56069C07814280FD0216991F87C0094
:106980001C280AD091F85A0001280ED091F8BB01BA
:1069900058B907E0BDE8F8401BE62169012081F8FD
:1069A0005A0002E091F8BA0130B1206910F87E1F58
:1069B00041F0100101700EE091F87E0001F5FE72C9
:1069C00040F0200081F87E0031F8300B03F080F8B1
:1069D0002079F4F7E9FABDE8F84001F0CEB970B5D6
:1069E0002D4C206990F87E10890707D590F87C20FF
:1069F00001230821703002F094FCE8B1206990F87E
:106A0000AA00800712D4A06902F073FF216981F8FF
:106A1000AB00A06930F8052FA1F8AC204088A1F8A0
:106A2000AE0011F8AA0F40F002000870206990F83B
:106A3000AA10C90703D00FE00120A0709EE590F8CE
:106A40007E00800700D5FFDF206910F87E1F41F02F
:106A50000201017001F091F92069002590F87C1085
:106A6000062906D180F87C5080F8A2502079F4F7EE
:106A70009BFA206990F8AC110429DFD180F8AC5161
:106A80002079F4F791FA206990F87C100029D5D18B
:106A900080F8A25072E50000F800002070B5FE4CAE
:106AA00001230021206990F87D20703002F039FC2C
:106AB000012578B9206990F87D20122A0AD0012397
:106AC0000521703002F02DFC10B10820A07055E5B2
:106AD000A57053E5206990F8A80008B901F04DF9B8
:106AE0002169A06901F5847102F0F1FE2169A069B4
:106AF000D83102F0F2FE206990F8E00100B1FFDF2A
:106B000021690888A1F8E20101F5F271A06902F09B
:106B1000D6FE2169A06901F5F67102F0D5FE206963
:106B200080F8E051142180F87D102079BDE8704094
:106B3000F4F73ABA70B5D84C01230021206990F8D7
:106B40007D20703002F0EDFB0125A8B1A06902F0B4
:106B50008CFE98B1A0692169B0F80D00A1F8AE01D2
:106B6000B1F8701001F0E3F858B12069282180F8DD
:106B70008D1080F88C5001E5A570FFE4BDE87040F1
:106B800027E5A0692169027981F8B021B0F80520D4
:106B9000A1F8B22102F060FE2169A1F8B401A06958
:106BA00002F05DFE2169A1F8B601A06902F05AFE6B
:106BB0002169A1F8B8010D2081F87D00DEE47CB5E3
:106BC000B54CA079C00738D0A06901230521C5784C
:106BD000206990F87D20703002F0A3FB68B1AD1EF3
:106BE0000A2D06D2DFE805F00909050509090505A2
:106BF0000909A07840F00800A070A07800281CD1F6
:106C0000A06902F0FFFD00287AD0A0690226C578AD
:106C10001DB1012D01D0162D18D1206990F87C00EE
:106C200002F067FB90B1206990F87C101F290DD00D
:106C3000202903D0162D16D0A6707CBD262180F801
:106C40007C10162D02D02A20FFF7D6FC0C2D58D030
:106C50000CDC0C2D54D2DFE805F033301D44A7A71F
:106C6000479E57A736392020A0707CBD0120152DE6
:106C700075D008DC112D73D0122D69D0132D64D07E
:106C8000142D3DD178E0162D7CD0182D7DD0FF2D10
:106C900036D183E020690123194690F87F207030B7
:106CA00002F03FFBF8B9A06902F007FE216981F804
:106CB0009201072081F87F0078E001F044F975E047
:106CC000FFF738FF72E001F01EF96FE0206990F8DD
:106CD0007D10112901D0A67068E0122180F87D1086
:106CE00064E0FFF7DBFE61E0206990F87D00172883
:106CF000F1D101F04BF821691B2081F87D0055E0AE
:106D000052E0FFF76CFE51E0206990F87E00C0076A
:106D100003D0A07840F001001FE06946A06902F0AE
:106D2000EAFD9DF8000000F02501206900F8B01F81
:106D30009DF8011001F04101417001F01EF8206939
:106D400010F87E1F41F0010114E0FFF78EFC2DE0EA
:106D5000216991F87E10490705D5A07026E00EE064
:106D600016E00FE011E001F008F8206910F87E1F2E
:106D700041F00401017019E0FFF7D0FD16E001F0C9
:106D80008AF813E0FFF76AFD10E0FFF7D3FC0DE08F
:106D900001F060F80AE0FFF780FC07E0E16919B153
:106DA000216981F8A60101E0FFF713FC2069F0E9F1
:106DB0003012491C42F10002C0E900127CBD70B5DE
:106DC000354CA07900074AD5A078002847D1206922
:106DD00090F8E400FE2800D1FFDF2069FE210025A5
:106DE00080F8E41090F87D10192906D180F8A7509A
:106DF00000F0CCFF206980F87D50206990F87C106D
:106E00001F2902D0272921D119E090F87D0002F036
:106E100070FA78B120692621012380F87C1090F85F
:106E20007D200B21703002F07CFA78B92A20FFF720
:106E3000E3FB0BE02169202081F87C0006E00121C2
:106E400080F8A51180F87C5080F8A250206990F855
:106E50007F10082903D10221217080F8E41059E441
:106E600010B50D4C216991F8B0210AB991F8642050
:106E700081F8642091F8B1210AB991F8652081F870
:106E8000652010B10020FFF7B7FB206902F0D4FDA8
:106E9000002809D0206901E0F8000020BDE810407A
:106EA00000F5F77102F020BE10BD70B5FC4C06462F
:106EB0000D46206990F8E400FE2800D0FFDF22692B
:106EC000002082F8E46015B1A2F8A40022E422F8C0
:106ED0009E0F012010711DE470B5F14C01230021BB
:106EE000206990F87C20703002F01BFA002869D0ED
:106EF000206990F8BA1111B190F8BB1139B190F82E
:106F0000C41100295DD090F8C51111B359E090F873
:106F10007D1024291BD090F87C10242917D0002341
:106F200000F5D87200F5DD7102F058FD21690020EE
:106F300081F8BA0101461420FFF7B7FF216901F17A
:106F40003000C28A21F8E62F408B48803FE00123C1
:106F5000E6E790F87D2001230B21703002F0E1F983
:106F600078BB206990F8640000F0FBFE05462069BC
:106F700090F8650000F0F5FE0646206990F8C6110D
:106F8000284600F0E0FE50B1206990F8C711304665
:106F900000F0D9FE18B10020FFF72EFB11E02069A8
:106FA0000123032190F87D20703002F0BAF940B936
:106FB00020690123022190F87D20703002F0B1F9A0
:106FC00008B1002080E400211620FFF76EFF0120A9
:106FD0007AE410B5F0BBB24C206990F87E10CA0775
:106FE00002D00121092051E08A070AD501210C2095
:106FF000FFF75BFF206910F8AA1F41F00101017043
:1070000046E04A0702D5012113203FE00A0705D5D3
:1070100010F8E11F41710121072037E011F0300F16
:107020003AD090F8BB11A9B990F8BA11D9B190F83B
:107030007D1024292ED090F87C1024292AD00023FA
:1070400000F5D87200F5DD7102F0C8FC216911F875
:107050007E0F00E020E020F0200040F010000870DB
:10706000002081F83C01206990F87E10C90613D5F4
:1070700002F0E2FCFFF7E1FA216901F13000C28A77
:1070800021F8E62F408B488001211520FFF70DFFE6
:10709000012010BD0123D3E7002010BD70B5804C46
:1070A000206990F8E410FE2978D1A178002975D1E3
:1070B00090F87F2001231946703002F032F9002841
:1070C0006CD1206990F8901149B10021A0F89C1072
:1070D00090F8911180F8E610002102205BE090F812
:1070E0007D2001230421703002F01BF90546FFF7D3
:1070F00070FF002852D1284600F089FF00284DD1AA
:1071000020690123002190F87C20703002F009F9F9
:1071100078B120690123042190F87D20703002F0BD
:1071200000F930B9206990F8960010B100211220C2
:1071300031E0206990F87C200A2A0DD0002D2DD155
:1071400001230021703002F0ECF878B1206990F84A
:10715000AC1104290AD105E010F8E21F01710021E9
:10716000072018E090F8AA00800718D0FFF7B4FEB7
:10717000002813D120690123002190F87C20703071
:1071800002F0CFF8002809D0206990F8A401002867
:1071900004D00021FF20BDE8704086E609E0002110
:1071A0000C20FFF782FE206910F8AA1F41F00101B0
:1071B000017043E43EB505466846FDF7BDFE00B9E3
:1071C000FFDF222200210098F6F7DDF80321009866
:1071D00002F0FFFA0098017821F0100101702946B1
:1071E00002F01DFB2E4C0D2D40D00BDCA5F102054D
:1071F0000B2D19D2DFE805F01F184719191F185673
:1072000018192400152D5ED008DC112D25D0122D63
:107210000BD0132D09D0142D06D154E0162D29D0F2
:10722000172D69D0FF2D73D0FFDFFDF79AFE0028E0
:1072300000D1FFDF3EBD2169009891F8E61017E00C
:10724000E26800981178017191884171090A817191
:107250005188C171090A0172E7E70321009802F021
:10726000A6FB0621009802F0A6FBDEE700980621A7
:107270000171DAE70098216991F8C621027191F84D
:10728000C7114171D1E72169009801F5887102F0B9
:1072900028FB21690098DC3102F028FBC5E70000DB
:1072A000F8000020F849D1E90001CDE90101206989
:1072B00001A990F8B00000F025008DF804000098B6
:1072C00002F048FBB1E72069B0F84810009802F0DE
:1072D00017FB2069B0F8E810009802F015FB206950
:1072E000B0F84410009802F013FB2069B0F8E610E3
:1072F000009802F011FB98E7216991F8C401002879
:107300000098B9D111F8642F02714978B9E7FFE705
:10731000206990F8A721D0F8A811009802F08DFA02
:1073200083E7DA4810B5006990F8821041B990F807
:107330007D2001230621703001F0F3FF002800D0EA
:10734000012010BD70B5D14D286990F8801039B179
:10735000012905D0022906D0032904D0FFDF0AE461
:10736000B0F8F41037E090F87F10082936D0B0F864
:107370009810B0F89A2000248B1C9A4206D3511A18
:10738000891E0C04240C01D0641EA4B290F896103F
:1073900039B190F87C2001230921703001F0C1FF40
:1073A00040B3FFF7BEFF78B129690020B1F8902003
:1073B000B1F88E108B1C9A4203D3501A801E00D055
:1073C000401EA04200D284B20CB1641EA4B228694F
:1073D000B0F8F4102144A0F8F01040E5B0F898108F
:1073E0000329BDD330F8701F428D1144491CA0F809
:1073F000801034E50024EAE770B50C4605464FF4EA
:10740000087200212046F5F7BEFF258027E5F8F732
:107410005FBF2DE9F0410D4607460621F8F74EFE05
:10742000041E3ED094F8CC010026B8B16E7007203F
:1074300028700DE0268484F8CC61D4F8CE01C5F81C
:107440000200D4F8D201C5F80600B4F8D60168816C
:1074500094F8CC010028EDD1AE70B6E094F8D801D4
:1074600090B394F8D8010B2813D00C2801D0FFDF7B
:10747000ABE02088F8F755FF0746F8F712FC78B91B
:107480006E700C20287094F8DA01A8702088A8800B
:1074900014E02088F8F745FF0746F8F702FC10B122
:1074A0000020BDE8F0816E700B20287094F8DA019E
:1074B000A8702088A88094F8DE01A87184F8D861AB
:1074C0003846F8F7E8FB80E0FFE794F80E0230B1A9
:1074D0006E700E20287084F80E626F8075E094F84C
:1074E000E00180B16E700820287020886880D4F890
:1074F000E4116960D4F8E811A960B4F8EC01A8813E
:1075000084F8E06161E094F8080270B16E701620B2
:10751000287005E084F80862D4F80A02C5F8020071
:1075200094F808020028F5D14FE094F8EE01B0B1CC
:107530006E70122028700DE084F8EE61D4F8F0012E
:10754000C5F80200D4F8F401C5F80600D4F8F80133
:10755000C5F80A0094F8EE010028EDD135E094F862
:10756000FC0180B16E701820287084F8FC61D4F89A
:10757000FE01C5F80200D4F80202C5F80600B4F80E
:107580000602688121E094F8100240B119202870A9
:1075900084F81062D4F81202C5F8020015E094F8DD
:1075A000160200283FF47DAF6E701320287008E0AB
:1075B00084F81662D4F81802C5F80200B4F81C0268
:1075C000E88094F816020028F2D1012069E72F48DC
:1075D0000021C16101620846704730B52B4D0C4651
:1075E000E860FFF7F4FF00B1FFDF2C7130BD002130
:1075F00080F87C1080F87D1080F8801090F8FE10E4
:1076000009B1022100E00321FEF76BBB2DE9F04137
:107610001E4C0546206909B1002104E0B0F80611AE
:10762000B0F8F6201144A0F8061190F8901139B97D
:1076300090F87F2001231946703001F072FE30B1BE
:10764000206930F89C1FB0F85A201144018020694D
:1076500090F8A23033B1B0F89E10B0F8F620114483
:10766000A0F89E1090F9A670002F06DDB0F8A410C7
:10767000B0F8F6201144A0F8A41001213D263DB138
:1076800080F88D6018E00000A0B20100F800002032
:107690002278022A0AD0012A11D0A2782AB380F8CF
:1076A0008C1012F0140F0DD01E2113E090F8E6207C
:1076B000062A3CD016223AE080F88C1044E090F87C
:1076C000922134E0110702D580F88D603CE09106EC
:1076D00003D5232180F88D1036E0900700D1FFDF1D
:1076E00021692A2081F88D002AE02BB1B0F89E2074
:1076F000B0F8A0309A4210D2002F05DDB0F8A420D7
:10770000B0F8A0309A4208D2B0F89C30B0F89A2075
:10771000934204D390F890310BB1222207E090F805
:1077200080303BB1B0F89830934209D3082280F8FA
:107730008D20C1E7B0F89820062A01D33E22F6E753
:10774000206990F88C1019B12069BDE8F0414EE72E
:10775000BDE8F0410021FEF7C4BA2DE9F047FF4C27
:1077600081460D4620690088F8F7EDFD060000D13E
:10777000FFDFA0782843A070A0794FF000058006B5
:10778000206904D5A0F8985080F8045103E030F83F
:10779000981F491C0180FFF7C4FD012740B3E08812
:1077A000000506D5206990F8821011B1A0F88E501E
:1077B0001EE02069B0F88E10491C89B2A0F88E1026
:1077C000B0F890208A4201D3531A00E00023B4F8A5
:1077D00008C00CF1050C634501D880F89670914201
:1077E00006D3A0F88E5080F80E722079F3F7DCFBF8
:1077F000A0794FF0020810F0600F0ED0206990F8C9
:10780000801011B1032908D102E080F8807001E0F6
:1078100080F880800121FEF764FA206990F88010DA
:10782000012904D1E188C90501D580F88080B9F12A
:10783000000F71D1E188890502D5A0F8185104E044
:10784000B0F81811491CA0F8181100F0A7FBFEF7BA
:1078500059FDFFF723FC00F0B2FD0028206902D09B
:10786000A0F8F85003E030F8F81F491C018000F040
:10787000A9FD38B1206990F80411022907D8491CE4
:1078800080F80411206990F80401022804D92069C5
:1078900020F8F85F4580057320690123002190F8E6
:1078A0007D20703001F03DFD20B9206990F87D0009
:1078B0000C286AD120690123002190F87C207030C7
:1078C00001F02FFD48B320690123002190F87F20AB
:1078D000703001F026FD00B3206990F88010022975
:1078E00053D190F80401C0B93046F7F7AAFFA0B110
:1078F000216991F8E400FE2847D1B1F8F20001288F
:1079000043D981F8FD70B1F89A20B1F89800931E20
:10791000984203DB012004E043E036E0101A401EE9
:1079200080B2B1F8F82023899A4201D3012202E003
:107930009A1A521C92B2904200D91046012801D1E5
:1079400081F8FD5091F86F206AB98A6E5AB1B1F88A
:107950009420B1F87030D21A12B2002A03DD90429E
:1079600000DB104680B291F8892192B1B1F8FA207B
:10797000B1F88A118A4201D3012102E0891A491C17
:1079800089B2884205D9084603E02169012081F8BF
:10799000FD502169B1F870201044A1F8F400FFF700
:1079A000D1FCE088C0F340214846FFF72FFE206954
:1079B00080F8FE50BDE8F047FDF7F6BA6749024689
:1079C0008878CB78184312D10846006942B189798A
:1079D000090703D590F87F00082808D001207047D8
:1079E000B0F84C10028E914201D8FEF7C6B80020C4
:1079F000704770B5594C05460E46E0882843E08034
:107A0000A80703D5E80700D0FFDF6661EA074FF05B
:107A100000014FF001001AD0A661F278062A02D0C8
:107A20000B2A14D10AE0226992F87D30172B0ED16F
:107A30000023E2E92E3302F8370C08E0226992F8BD
:107A40007D30112B03D182F8811082F8A800AA079B
:107A500018D56269D278052A02D00B2A12D10AE021
:107A6000216991F87D20152A0CD10022E1E930220C
:107A700001F83E0C06E0206990F87D20102A01D123
:107A800080F88210280601D50820E07067E42DE90F
:107A9000F84F324C00254FF00108E580A570E570E5
:107AA0004146257061F3070220619246814680F8C5
:107AB000FE800088F8F747FC070000D1FFDF20694F
:107AC0000088FDF736FA20690088FDF75BFA206927
:107AD000B0F8F21071B190F8E410FE290FD190F8CF
:107AE000901189B190F87F2001231946703001F080
:107AF00018FC78B1206990F8E400FE2804D02069D1
:107B000090F8E400FFF756FB206990F8FF1089B168
:107B1000258118E02069A0F89C5090F8911180F818
:107B2000E61000210220FFF7C0F9206980F8FD501F
:107B30000220E7E790F8CC1119B9018C82889142B4
:107B400000D881882181B0F8F610491E8EB2B0F8B5
:107B5000F8103144A0F8F81002E00000F80000200E
:107B600090F8FC1021B1A0F8FA5080F8FC5004E025
:107B7000B0F8FA103144A0F8FA1030F8981F3144E8
:107B80000180FFF7CEFB20B1206930F88E1F314411
:107B900001802069B0F8F210012902D8491CA0F830
:107BA000F2100EB180F8045190F8FD10A1B1B0F8B8
:107BB000F800218988420FD23846F7F742FE58B1C3
:107BC000206990F8891139B1B0F8FA10B0F88A013B
:107BD000814201D300F0F9FB206980F8FD5090F854
:107BE0007D100B2901D00C2916D1B0F87020B0F807
:107BF000AE31D21A12B2002A0EDBD0F8B011816079
:107C000090F8B4110173032101F04EFA206980F855
:107C10007D5080F8B28026E0242910D1B0F8701091
:107C2000B0F8AE21891A09B2002908DB90F8C40126
:107C3000FFF716F9206900F87D5F857613E090F86C
:107C40007C10242901D025290DD1B0F87010B0F88E
:107C5000AE01081A00B2002805DB0120FFF700F989
:107C6000206980F87C5020690146B0F8F620703019
:107C700001F0C8FA206990F8891109B1A0F8FA500A
:107C8000F6480090F64BF74A4946504600F0DEFAB7
:107C9000216A11B16078FCF74DFE206901230521AE
:107CA00090F87D20703001F03CFB002803D0BDE847
:107CB000F84F00F038BABDE8F88F00F045BBEA494C
:107CC000C8617047E848C069002800D001207047AB
:107CD000E54A50701162704710B50446B0F8B421FF
:107CE0004388B0F8B611B0F8B8019A4205D1A3881C
:107CF000994202D1E38898420FD02388A4F8D0316A
:107D0000A4F8D221A4F8D411A4F8D601012084F853
:107D1000CC01D5480079F3F747F90221204601F05C
:107D2000C3F9002004F87D0F0320E07010BD401A55
:107D300000B247F6FE71884201DC002801DC012018
:107D4000704700207047012802D0022805D102E0C8
:107D5000012904D001E0022901D000207047012050
:107D6000704710B5012804D0022804D0FFDF204658
:107D700010BD0124FBE70224F9E7BB48002100699C
:107D800020F8A41F8178491C81707047B64800B55F
:107D9000016911F8A60F401E40B20870002800DAF1
:107DA000FFDF00BDB0482721006980F87C1000216A
:107DB00080F8A411704710B5AB4C206990F8AC1155
:107DC000042916D190F87C2001230021703001F0A5
:107DD000A8FA00B9FFDF206990F8AA10890703D438
:107DE000062180F87C1004E0002180F8A21080F8C1
:107DF000AC11206990F87E00800707D5FFF7C6FF19
:107E0000206910F87E1F21F00201017010BD964913
:107E100010B5096991F87C200A2A09D191F8E2206D
:107E2000824205D1002081F87C0081F8A20010BDBB
:107E300091F87E20130706D522F0080081F87E0015
:107E4000BDE81040A2E7FF2801D0FFDF10BDBDE86C
:107E50001040A7E710B5844C206910F8B01F41F01E
:107E600004010170A06901F0A4FD162806D1206963
:107E700090F87C00202802D0262805D010BDA069EB
:107E800001F09BFDFEF7B8FB2169002081F87C0022
:107E900081F8A20010BDF8B5734C01230A212069B6
:107EA00090F87C20703001F03CFA38B3A06901F002
:107EB0003FFDC8B1A06901F035FD0746A06901F09A
:107EC00035FD0646A06901F02BFD0546A06901F0CD
:107ED0002BFD01460097206933462A46303001F0D9
:107EE0008BFD206901F0A8FD2169002081F8A20026
:107EF00081F87C00BDE8F840FEF79FBBA07840F019
:107F00000100A070F8BD10B5574C01230021206975
:107F100090F87D20703001F004FA30B1FFF72DFFAA
:107F20002169102081F87D0010BD20690123052101
:107F300090F87D20703001F0F4F908B1082000E0DD
:107F40000120A07010BD70B5474C012300212069AD
:107F500090F87D20703001F0E4F9012588B1A06926
:107F600001F0A8FC2169A1F8AE01B1F87010FFF78B
:107F7000DEFE40B12069282180F88D1080F88C50F9
:107F800084E5A57082E52169A06901F5D87101F049
:107F90008CFC21690B2081F87D0077E510B5FEF798
:107FA0000EFFFEF70CFE304CA079400708D5A078F4
:107FB00030B9206990F87F00072801D10120207096
:107FC000FEF73EFAA079C00609D5A07838B9206935
:107FD00090F87D100B2902D10C2180F87D10E078FB
:107FE00000070ED520690123052190F87D2070300F
:107FF00001F097F930B10820A0702169002081F8C4
:10800000D80110BDBDE81040002000F016BB10B52F
:10801000154C216991F87D2040B3102A06D0142A0E
:1080200007D0152A23D01B2A35D123E001210B20AC
:1080300022E0FBF769FB0C2820D32069082100F51A
:108040008870FBF765FB28B120690421DC30FBF761
:108050005FFB00B9FFDF012104200DE05B77010029
:10806000BD790100F3790100F800002008E000F07C
:1080700017F803E001210620FEF717FF012010BDCD
:10808000212A08D191F8970038B991F8C40110B1AC
:1080900091F8C50108B1002010BD01211720EBE7C0
:1080A00070B5184C0025206990F8931101290AD069
:1080B000022925D190F8A810A9B1062180F8E61070
:1080C0000121022017E090F8D811002918D100F101
:1080D000C80300F58471002200F5CA7001F0C1F8F0
:1080E0000121052007E090F8B000400701D51120DC
:1080F00000E00D200121FEF7D8FE206980F89351A1
:10810000C4E40000F8000020F9480078002800D0FE
:108110000C20704710B50446FFF7F6FF00B1FFDFF3
:10812000F348047210BDF2490120C871704770B560
:108130000C460546082B01D0194600E004211046E4
:1081400001F075F9844200D220460DB1001D80B2C5
:10815000C0B270BD70B5E64934314C6804F17005A9
:1081600060B1628F218F94F86530A87CFFF7DFFF44
:1081700094F86510BDE87040FCF79EB8FF2094F8B5
:108180006410F7E72DE9F0478146D9483430446858
:10819000002004F17005628F218F94F86530FFF79D
:1081A000C6FFD34F0646D34878620120FFF7D2FFBF
:1081B000A87C4FF0000840B305F15801CE4891E883
:1081C0000E1000F1080A8AE80E10A96EC0F82110FE
:1081D000E96EC0F82510FE38FCF743FBC6480121C4
:1081E00008300176D5E91412C0E90412A0F58372B3
:1081F000796AFBF728FF94F8650000F0A7FB0246B8
:1082000031460120FBF72DFF04E0786AFCF729FBDB
:10821000FBF74BFFB9F1000F03D141469620FCF765
:108220004CFB94F8642001210020FCF706FC94F834
:108230002C00012801D1FCF7DFFB02203870FCF78D
:1082400061FD002800D0FFDFBDE8F0872DE9F04395
:10825000A74D87B0804628780E9F1C461646894653
:1082600010B90EB104B107B9FFDFEF61C5E90564CC
:108270000020C5E90D89E871A871E870A87028711F
:108280009B4F6871A8813437E8817E68344636F8A0
:10829000700BF8F758F8E8622088F8F742F828637E
:1082A000FCF714F894F96700FCF7CEF804F112001B
:1082B000FCF7B9FA04F10E00FCF7CCF80120FCF74A
:1082C000CDFA18228D496846F5F733F88C480490AA
:1082D0006846FCF7B7FAF07EFCF7C6F8FCF7B8FA88
:1082E00094F86F0078B9A06E68B1B08C318888427C
:1082F00009D1B4F86C1001220844B08494F86E00DF
:10830000A16EF9F708FE628F218F94F86530B07C7A
:10831000FFF70DFF94F865402146FBF7CDFF786825
:1083200090F8880108B1FCF74FF821460120FCF7CE
:1083300054F97868D0F80001FCF797FA0120FFF7AC
:1083400021FF07B0BDE8F083694800B50078022836
:1083500000D0FFDF00BD664810B534304468FCF73C
:10836000FBFAFCF7DAFAFCF729FAFCF762FAFBF7FA
:108370009CFE94F82C00012801D1FCF733FB94F803
:108380006F0038B9A06E28B1002294F86E00114633
:10839000F9F7C1FD564CE08900F0E2FAE269A179F3
:1083A000A07890470020207010BD514810B500788B
:1083B000022800D0FFDFBDE81040CCE7CBE74C48F7
:1083C000007970474A48C078704749490120487190
:1083D00070472DE9FC474648454E3430A0F114075C
:1083E00044684FF0000A254694F875004FF00108E4
:1083F000703458B3012868D002286AD0032876D098
:10840000FFDF316AB1460826087820F008000870BE
:10841000A37906EAC303184320F004000870E37947
:10842000042606EA8303184320F0100008706779D9
:10843000D9F82C00F7F715FA0646FCF7C8FD022F0D
:1084400067D0012F65D0032F66D068E000F094FA62
:10845000AA8E0146104600F0EAFF298E814200D222
:1084600008464C21ADF8040048533846FCF78DFD12
:1084700048B14FF48060316A00F077FA03206071F0
:1084800084F80380BDE76A4601A9F06A00F05CFA4F
:10849000306210B194F8371029B13846FCF746FD28
:1084A00084F80580ADE79DF8001031B9A0F800A070
:1084B00080F802A0012101F08CF9BDF80410306AA7
:1084C00001F07DFA022060719BE73846FCF72EFD33
:1084D00097E7B5F84C00ADF804006A4601A9F06AC8
:1084E00000F032FA306200288BD1FFDF89E709E023
:1084F0001C010020780B0020780D0020A8B201009C
:108500001B5D01003846FCF740FD0028BAD1FFDFB3
:1085100077E7B04301D002E00EB1012100E0002175
:10852000D9F820004E46027842EA01110170617CC0
:1085300051B36179012927D004F15801F7488EC958
:1085400000F1080989E88E00A16EC0F82110E16EE3
:10855000C0F82510FE38FCF784F9F048083080F8A0
:1085600018A0D4E91212C0E90412A0F58371326A8E
:10857000FBF769FD95F8640000F0E8F90246FB217D
:108580000020FBF76EFD03E0FCF76BF9FBF78DFDB8
:10859000012195F865200846FCF74FFA86F804801B
:1085A000316A0A8832828978B17486F80080FCF7D3
:1085B000B5FB002800D0FFDFBDE8FC8770B5D84CC4
:1085C000054639B9012D05D1E078401CC0B2E070F4
:1085D000012820D8A16928468847E0B16179D148AF
:1085E00031B1012D04D1417811B90178C90612D5F4
:1085F000A17981B98DB9CA4910310978CA0602D466
:108600000078C00607D5A08928B9A06A28B9608972
:1086100018B1C80601D4012070BD002070BD10B58E
:10862000BF4CA06A00B9FFDF6289D4E90910D21CEF
:10863000F4F77FFEA06A606210BD2DE9F0470600E6
:10864000B748B74D00F134004468686A04F170041B
:10865000477801D0012E03D1296B02F0EDF8687044
:1086600068784FF000084FF0010938B1012816D0A2
:1086700002282FD0032844D0FFDFE5E5012E30D0BB
:10868000FFF7CDFF39460122286BF7F75BF926E0AB
:1086900084F8078030E000BF84F807902CE0012EBA
:1086A00008D0FFF7BCFF39460022286BF7F74AF9DC
:1086B000022EE2D0D4E91401401C41F10001C4E9CA
:1086C0001401E079012802D084F80790BCE584F811
:1086D0000780B9E5012E04D0286BF7F7B7FA022E10
:1086E000CBD0D4E91401401C41F10001C4E91401CC
:1086F000E0790128D0D1CBE7287ABDE8F047F2F73E
:1087000053BC012EB9D0286BF7F7A0FAF4E770B587
:108710008349834A343100264C68516A01257034FC
:108720000B7803F00303012B14D0022B12D0032B80
:1087300003D0907940F0040023E0A570D08940F484
:108740000060D081012000F010F91CE0E67170BDDE
:10875000E57170BD4978B1B1D38943F40063D38129
:10876000936A002BF5D0FB2908D8D17921B1BDE857
:108770007040802000F0F4B8057070BD907940F032
:108780001000907170BDE0790128E1D1DEE770B58D
:108790006348634D3430446828787034012800D031
:1087A000FFDFA07838B10020A0700146042000F05F
:1087B000DCF801202071296A0878C043800705D1C0
:1087C000A889400502D5022000F0CFF80121002041
:1087D000FFF7F4FE10B1BDE87040BCE5BDE87040A5
:1087E0000020CFE42DE9F84F4D4F4D4C3437002693
:1087F0007D6882468DF8006020787035022800D0B0
:10880000FFDFE08940F40070E0810020FFF7A2FC68
:10881000A87CBAF1000F5BD0FBF76AFCFBF75AFCAF
:108820004FF0010968B9A87C58B1606A417841B13C
:108830000078E979C0F3C000884202D184F8029040
:1088400059E0606A4178618121B1206BF7F734F813
:10885000A06200E0A662E089B84640F02000E08116
:10886000E670786800F17007064690F82C00012841
:1088700016D1FCF7B7F83946304600F010FD78B154
:10888000D8F804003188A0F80A12397A80F80C125E
:10889000797A80F80D1280F80892207AF2F784FB3A
:1088A000606AA9790078C0F38000884205D000F0A2
:1088B00094F8E08940F48070E081606AE97900789A
:1088C000C0F3C00088420AD16846FFF720FF06E0E7
:1088D00008B1FBF73EFCE08940F04000E0815146E2
:1088E0000120FFF76BFE00289DF8000007D010B1B3
:1088F0000020FFF7A2FEFFF72EFDBDE8F88F10B1B4
:108900000120FFF79AFEFFF764FD9DF800000028A4
:10891000F3D00220FFF791FEEFE70000780D002072
:108920001C010020780B002070B5064654480D4607
:108930004468FBF773FC034694F8642029463046EC
:10894000BDE87040FDF706BAF6F7C5BE00B50128D0
:1089500002D0022802D0FFDF002000BD012000BDB0
:10896000474A0021343A52691047454A343A9389BC
:108970000343938152691047414810B5446804F19C
:108980007001087B24280ED0497B24290BD01F2896
:108990000CD020280AD0222912D094F86400042890
:1089A00000D1082010BD94F8B01106E0222907D0AC
:1089B00094F8C60100F04FF8014694F8640008E00E
:1089C00094F8C60114F85D1F084000F044F8014611
:1089D000E079BDE8104000F048B870B52848446818
:1089E00094F875007034002832D0022810D1244D3C
:1089F000343DE86AF6F79BFE00B9FFDFD4E91201C7
:108A0000401C41F10001C4E91201287AF2F7CCFAC6
:108A100000256571207920B1257100211020FFF714
:108A2000A4FFE07878B1E570FCF7BEFA00B9FFDF8B
:108A300000210820FFF799FFD4E91201401C41F101
:108A40000001C4E91201A079012802D00120A0711F
:108A500070BDA57170BDC10701D0012070478007AE
:108A600001D50220704700207047002904D001285A
:108A700003D0012901D00220704701207047000077
:108A8000500100202DE9F0410F4606460024FE4D1E
:108A90000FE000BF05EBC40090F85311B14206D1BE
:108AA0000622394600F5AA70F4F716FC38B1641CAA
:108AB000E4B22878A042EDD81020BDE8F08120462D
:108AC000FBE7F0B50746F04816460478621C0270D2
:108AD00000EBC4050868C5F854018888A5F858015A
:108AE000102C00D3FFDF85F8537185F85A612046BA
:108AF000F0BD70B5054600F017FA10281CD1E24C05
:108B00002078401EC0B22070A84215D004EBC002ED
:108B100004EBC50102F58070D2F85321C1F853214E
:108B2000D0F85700C1F85701207800F0FDF910285F
:108B300002D0204480F8035170BD2DE9F047D24C9B
:108B40000646A719A078401EC5B2A57097F8038104
:108B5000AE422AD004EB051A04EB06190AF1030110
:108B600009F103001022F4F7E4FB0AF1830109F193
:108B700083001022F4F7DDFB601905EB450290F845
:108B8000031187F8031106EB460104EB420204EBE4
:108B90004101D2F80B31C1F80B31B2F80F21A1F825
:108BA0000F2190F83B0187F83B0104EBC80090F8D7
:108BB0005A01C00703D14046BDE8F04799E7BDE838
:108BC000F087B1498A78824203D9084490F843017A
:108BD00070470020704710B540F2D3120021AA4818
:108BE000F4F7D1FB0822FF21A848F4F7CCFBA748F3
:108BF00000210C38417081704FF46171818010BD8B
:108C000070B50D460646FFF73DFF9F4C102807D074
:108C100004EBC00191F85A11C90701D0012070BDC1
:108C20006178082910D2102808D004EBC000012177
:108C300080F85A116078401C6070EFE701222946E5
:108C40003046FFF73EFFF5E7002070BD70B58E4D52
:108C50002878401E44B20AE005EBC40090F85A019F
:108C6000C00702D0E0B200F070F9641E64B2002CBC
:108C7000F2DA864900200C39887070BD82498A7802
:108C8000824203D901EB0010C01C704700207047DE
:108C90002DE9F047984691460C460546FFF7F2FE4F
:108CA0000646102805D000F03FF9102801D0122008
:108CB00085E7754FB87808282AD2102E05D10022F2
:108CC00021462846FFF7FDFE0646BC781022601CB0
:108CD000B87007EB0415E81C494600F0B5FA05F139
:108CE00083001022414600F0AFFA1021404600F008
:108CF0009CFA3C44102184F84301484604F59674DC
:108D000000F093FAE07704F8296C0020E07356E74E
:108D1000072054E75C4810B58078401E44B204E058
:108D2000E0B2FFF70AFF641E64B2002CF8DA10BD4F
:108D300056490C394870704754480C384078704791
:108D400040B14AF2B811884204D850490C398880A1
:108D500001207047002070474C480C3880887047CD
:108D600010B5FFF78FFE102803D000F0DDF81028B3
:108D700000D1082010BD44498A78824203D901EB12
:108D8000001083307047002070473F4B10B59C782F
:108D900084420FD9184490F8030103EBC00090F807
:108DA00053310B70D0F854111160B0F85801908015
:108DB000012010BD002010BD334A114491F8032159
:108DC00032490C390A700268C1F80620808848814F
:108DD000704770B52D4B0C3B5B7873B12A4B9C7878
:108DE0005CB1451821460AB1D81C01E02648833001
:108DF0002A46FBF794F8012070BD002070BD10B525
:108E0000FBF7DBF818B1BDE81040FBF7E6B8FF2030
:108E100010BD1D498A78824209D9084490F803019F
:108E200001EBC00090F85A0100F0010070470020EB
:108E300070472DE9F04100242546134E2CE02846CA
:108E400000F072F88046FFF719FF06EBC50797F8A8
:108E50005A11C9071ED060B1B8F1100F05D006EB4A
:108E6000080191F83B11012903D0102100F0DDF930
:108E700080B10649204601F80480641C97F853210C
:108E800007F5AA71E4B203E0A80D002064010020F8
:108E9000FBF7B5FA6D1CEDB23078A842CFD80CE6DE
:108EA000012296E72E4A01EB410102EB41010268E3
:108EB000C1F80B218088A1F80F01704701461022EC
:108EC000284800F0C1B92748704725498A7882426E
:108ED00003D9084490F83B0108B1002070470120F5
:108EE00070472DE9F0410E460746154606213046EB
:108EF00000F09BF91A4C58B1002004E02118401CE6
:108F000081F83B51C0B2A1788142F7D80120D4E565
:108F100031463846FFF724FF082803D0204480F864
:108F20003B51F3E70020C8E50D4910B5034600208A
:108F30008A7806E00C1894F803419C4204D0401C47
:108F4000C0B28242F6D8102010BD05494A78521EA0
:108F50004A7001EBC001002281F85A21C9E50000E6
:108F6000A80D00207B0F002000F00101400800F058
:108F700001021144400800F001021144400800F0D1
:108F800001021144400800F001021144400800F0C1
:108F900001021144400800F00102114401EB5000AD
:108FA000704710B500240485848DDB004C43B3FB6F
:108FB000F2F394FBF2F45B1C84859BB203FB02F496
:108FC0004385B4F5C84F01DD5B1E43854FF4FA437A
:108FD000B3FBF2F35B1C0386438C02EBC3035B1E03
:108FE000B3FBF2F30384C38B4B43B3FBF2F1C183B6
:108FF00010BD70B50546087B0E4600F01F000873D3
:109000000020687604463019007AFFF7ADFF291971
:10901000641C0875697EE4B208446876052CF2D3B6
:10902000C0B2252800D9FFDF70BD0023C38342846E
:1090300001EBC202521EB2FBF1F101847047F0B5A0
:109040006FF01F02010C02EA90261F25A1F5AA402D
:1090500054380DD0A1F5AA40553809D0A1F52850B3
:10906000AA3805D0A1F52A40AA3801D0012000E095
:10907000002000221346144682EA0107FF431F43E3
:109080007F1C0FD006F00107520842EAC73205F0F4
:1090900001075B0876086D08641C43EAC733162C89
:1090A000EAD3F0BD0020F0BD2DE9F04101260446D1
:1090B000002500F1700751B1012974D0022971D047
:1090C00003296CD101463846BDE8F04191E7802282
:1090D00000213846F4F757F9BD71FD713D737D737A
:1090E000FD733D747D71BD76FD76212087F84000CB
:1090F000412087F84100FE2087F8740027887022FD
:1091000000212046F4F73FF9278084F8646084F852
:109110006560282084F8660004F1300000210746CD
:1091200000F071FC1B21F9833984A4F85210A4F8D3
:1091300054104FF4A470A4F85600A4F858006673B5
:109140004FF448606080A4F8F050A4F8F250A4F8FE
:10915000F450A4F8F650A4F8F850A4F8FA5084F8A3
:10916000FD5084F8FF50A4F8065184F80451A4F887
:109170001851A4F81A5184F8BA5184F8BB5184F8F4
:10918000C45184F8C55184F8895184F8905184F809
:10919000935184F8AC51C4F8A451C4F8A851BDE867
:1091A000F08100E025E0A4F8065184F8FE506188C3
:1091B000FE480A460844B0FBF1F0A4F890004BF6D4
:1091C0008030A4F89200E3883846FFF7EAFE214693
:1091D0003846FFF70EFFFAF7F9F920B1D4F80E0080
:1091E000FFF72DFF10B184F88851D8E784F8886123
:1091F000D5E74188B4F8B831B4F8B4213846BDE8B1
:10920000F041CEE6437E0BB1252B01D912207047E9
:109210002AB14B7B2BB1012B05D01F2070470020BA
:10922000704700F0EEB900F092B910B500231A466D
:1092300003E0845C2343521CD2B28A42F9D30BB1BF
:10924000002010BD012010BD30B5134606E0CC183B
:10925000D51A14F8014C5B1E4455DBB2002BF6D135
:1092600030BD70B50E468CB0144601461D46102226
:109270006846FFF7E9FF1022314604A8FFF7E4FF34
:10928000684600F059FD08A94FF0100228461CB1AD
:10929000FFF7DAFF0CB070BDF4F74BF8FAE738B51A
:1092A00005460C466846FBF7B2FB002820D09DF926
:1092B00000002072E17E617294F90A100022411AC6
:1092C00000D5494295F82D308B4210DCFF2B0ED093
:1092D000E17A491CC9B2E17295F82E30994202D860
:1092E000A17A7F2903D1A0720020E07201221046EA
:1092F00038BD0C2813D00B2811D00D280FD01F28F3
:109300000DD020280BD0212809D0222807D02328CF
:1093100005D0242803D0262801D000207047012042
:10932000704710B5A2F10F030C2941D2DFE801F01C
:1093300006080D1215181C40243E272EAAB337E04C
:10934000072A37D0082A35D032E00C2A32D00B2A2F
:1093500030D02DE00D2A2DD02AE00C2B2AD927E081
:10936000103A0B2A26D923E0032B23D990F8380092
:10937000F0B11B2A1ED91BE0062A1BD018E01C2ABC
:1093800018D01D2A16D01E2A14D011E01F2A11D081
:10939000202A0FD0212A0DD0222A0BD0232A09D02F
:1093A000242A07D0262A05D002E003E00E2A01D0A5
:1093B000002010BD012010BD2DE9F0410C460546EE
:1093C00040F23577866805E0F8F7F7FF3946F8F799
:1093D000C8FCA8602846F9F7A5F90028F4D08CB19C
:1093E0003046A968F9F7EAFC00280BDD2044401E4E
:1093F000B0FBF4F707FB04F13046F8F7B2FCA860C5
:109400003846CCE60020CAE670B5044690420BD23E
:10941000101B642800D2642025188D4205D8042131
:10942000F9F7FFFC08B1284670BD204670BD11F069
:109430000C0F19D04A074FF41671002A03DA00BF47
:109440004FF0100201E04FF0400201DA4FF09601B8
:1094500001F5BC71A0EB0103884202D993FBF2F045
:1094600000E0002080B27047022904D06FF00D01A7
:1094700001EBD000F6E76FF00E0101EB9000F1E791
:109480000844184498300AB1042100E0002108443F
:10949000704701207047106808667047C10701D007
:1094A00001207047810701D502207047400701D590
:1094B00008207047002070472DE9F0410546164608
:1094C00088460124084600F054FA0746404600F05A
:1094D00052FA0346FFF7E2FF02463846FFF7DEFF87
:1094E00052EA000100D10024990700D10022B907F7
:1094F00000D1002095F86410914200D10022327012
:1095000095F86510814200D10020707072B968B979
:10951000404600F032FAB5F87010401A00B247F633
:10952000FE71884201DC002800DC0024204636E67B
:1095300010B540F6C4125410012903D0022902D0FC
:10954000FFDF02E008B1104610BD204610BDF0B5A7
:109550000C7C8B7BCD7B5C404B7C02886B4044EA6F
:109560000324467E62400023D5B2120A95FAA5F57F
:1095700092FAA2F22D0E120E45EA022202EB02121C
:109580005B1C2244DBB292B2032BEDD36240252355
:10959000B2FBF3F403FB142301EBD304837603F053
:1095A00007070125247A05FA07F701E0FFDB05002C
:1095B0003C4201D0C3761AE05643320C521CD2B260
:1095C000002403191B7D934213D300230E19367A0E
:1095D00005FA03F73E4201D0521ED2B222B15B1C03
:1095E000DBB2082BF4D306E003EBC401C176002004
:1095F000F0BDD21AD2B2641CE4B2052CE1D31F2014
:10960000F0BDF0B5837E0C7E012504FB02322523DC
:10961000B2FBF3F403FB142201EBD204827602F0D6
:109620000703247A05FA03F31C4201D0C2761EE038
:10963000437EB2FBF3F403FB1422521CD2B200238C
:10964000C418247D944214D30024CE1896F80860E0
:1096500005FA04F73E4201D0521ED2B222B1641C78
:10966000E4B2082CF4D306E004EBC301C176002079
:10967000F0BD121BD2B25B1CDBB2052BE0D31F2066
:10968000F0BD000030B50546007801F00F0220F073
:109690000F0010432870092912D2DFE801F00507F6
:1096A00005070509050B0F0006240BE00C2409E053
:1096B000222407E001240020E87003E00E2401E0EA
:1096C0000024FFDF6C7030BD007800F00F007047A1
:1096D0000A6840F8032F8988818070470A6840F83B
:1096E000092F8988818070470278402322F0400248
:1096F00003EA81110A4302707047027822F0800267
:1097000042EAC1120270704770B514460E46054613
:109710001F2A00D9FFDF2246314605F10900F3F781
:1097200008FEA41D6C7070BD70B514460E4605464B
:109730001F2A00D9FFDF2246314605F10900F3F761
:10974000F8FDA41D6C7070BD30B5017801F00F01FB
:10975000032920D0052921D14578B0F81910B0F897
:109760001B40B0F81730827D222D17D1062915D362
:109770004FF44865A94211D8B4F5FA7F0ED26AB108
:10978000082A0BD88A4209D28B4207D8B0F81D00AC
:10979000A84205D902E040780C2801D0002030BD55
:1097A000012030BD4078704700B5027801F0030316
:1097B00022F003021A430270012905D0022903D0C6
:1097C000032903D0FFDF00BD002100E0012141702B
:1097D00000BD00B5027801F0030322F003021A4332
:1097E0000270012905D0022903D0032903D0FFDF2D
:1097F00000BD002100E00121417000BD007800F0B3
:1098000003007047417841B1C078192803D2704AEB
:10981000105C884201D1012070470020704730B5AC
:1098200001240546C170192902D26948445C02E04E
:10983000FF2900D0FFDF6C7030BD70B514460E46B6
:1098400005461B2A00D9FFDF6C7022463146E81C12
:10985000BDE87040F3F76DBDB0F807007047B0F891
:1098600009007047B0F80B00704770B5B0F80720DA
:10987000B0F80940B0F805300179951F40F67A46F6
:10988000B54210D8B4F5FA7F0DD261B108290AD8D3
:10989000914208D2934206D8B0F80B00B0F5486F59
:1098A00001D8012070BD002070BD42680A60007AB6
:1098B00008717047B0F80900704700797047426836
:1098C0000A6080684860704780890880704750F857
:1098D0000E2F0A60406848607047D0F81600086094
:1098E00070470A6842604968816070470968C160D2
:1098F00070470079704742680A6080684860704726
:109900000171090A417170478171090AC17170477B
:109910000172090A417270478172090AC172704767
:1099200080887047C08870470089704740897047B9
:1099300001891B290CD341894FF4A472914207D3AA
:1099400081881B2904D3C088904201D3012070472D
:10995000002070470A684260496881607047017959
:10996000490704D04079400701D00120704700200A
:1099700070470079704740797047C08870470CB5D0
:1099800014A2D2E90012CDE900120179407901F068
:10999000070269461DF80220012A04D800F00700DA
:1099A000085C012801D900200CBD01200CBD01710B
:1099B000704700797047417170474079704730B502
:1099C0000C460546FB2900D9FFDF6C7030BD000056
:1099D000C0B20100000101020102020310B58C882F
:1099E0000A894B88C988A0F84430A0F84810A0F82C
:1099F0004640A0F84A2010BD10B5029C8181C2816A
:109A00000382448210BD1B2202838282C281828132
:109A100042800281028042848284828300290AD1AA
:109A20004FF4A4714183C18241820182C18041818E
:109A30008180C18401857047F0B5B0F84830818FCE
:109A4000458EC48E8B4200D30B46B0F84A10B0F856
:109A50004020914200D20A464386C286068F478F35
:109A600000F130019E4200D21E46974200D21746B6
:109A70000E814F81AB4201D1A24201D0012400E00E
:109A80000024B0F84420C38F068E858E9A4200D3FE
:109A90001A46B0F84670B0F842309F4200D23B46BA
:109AA00090F85A70022F08D1964200D232469D4259
:109AB00000D22B46002780F85A700A808B80B24271
:109AC00001D1AB4201D0012000E000202043F0BDD5
:109AD000508088899080C889D080088A1081488AFF
:109AE000508101201070704770B502884A80048E42
:109AF0008C80838ECB80428E0A81C58E4D81B0F8DA
:109B00005660AE420BD1B0F85250954207D1B0F832
:109B100058509D4203D1B0F85430A34201D00123E4
:109B200000E000230B73A0F852204A89A0F85620C9
:109B30008A88A0F85420CA88A0F85820012008700C
:109B400070BD70B50C46088E91F8641000F016F8E0
:109B5000A18E0546A94200D20D46208F94F86510CB
:109B600000F00CF8618F814200D208460146284679
:109B7000BDE8704000221346FFF782BC11F00C0FC5
:109B800004D04FF4747101EB801006E0022902D07A
:109B9000C000703001E080003C3080B270470000AF
:109BA0002DE9F0410C4612490D68114A114908325D
:109BB0001160A0F12001312901D301200CE04128DE
:109BC00010D040CC0C4F94E80E0007EB8000241F0F
:109BD00050F8807C3046B84720600548001D05607D
:109BE000BDE8F081204601F0B9F8F5E7062070479E
:109BF0001005024001000001DCB2010010B555481B
:109C0000F9F704FD00B1FFDF5248401CF9F7FEFCF4
:109C1000002800D0FFDF10BD2DE9F14F4E4E82B07D
:109C2000D6F800B001274B48F9F7F8FCDFF824819B
:109C300020B9002708F10100F9F706FD474C00257F
:109C40004FF0030901206060C4F80051C4F80451CA
:109C5000029931602060DFF808A11BE0DAF800000B
:109C6000C00617D50E2000F068F8EFF3108010F052
:109C7000010072B600D001200090C4F80493D4F81B
:109C8000000120B9D4F8040108B901F071F8009876
:109C900000B962B6D4F8000118B9D4F8040100285C
:109CA000DCD0D4F804010028CCD137B1C6F800B01C
:109CB00008F10100F9F7B2FC11E008F10100F9F731
:109CC000ADFC0028B6D1C4F80893C4F80451C4F818
:109CD00000510E2000F031F81E48F9F7B5FC0020C5
:109CE000BDE8FE8F2DE9F0438DB00D4606460024F9
:109CF0000DF110090DF1200818E000BF04EB440736
:109D0000102255F827106846F3F713FB05EB870779
:109D1000102248467968F3F70CFB6846FFF77CFF92
:109D200010224146B868F3F704FB641CB442E5DB3B
:109D30000DB00020BDE8F0836EE7002809DB00F0DD
:109D40001F02012191404009800000F1E020C0F88D
:109D5000801270476C01002004E5004000E00040E4
:109D600010ED00E0B64900200870704770B5B54DA1
:109D700001232B60B44B1C68002CFCD0002407E0AE
:109D80000E6806601E68002EFCD0001D091D641CB4
:109D90009442F5D30020286018680028FCD070BDDC
:109DA00070B5A74E0446A94D3078022800D0FFDFD9
:109DB000AC4200D3FFDF7169A548012903D847F2FF
:109DC0003052944201DD03224271491C7161291B0A
:109DD000C1609F49707800F030F9002800D1FFDFA2
:109DE00070BD70B5964C0D466178884200D0FFDF9B
:109DF000964E082D4BD2DFE805F04A041E2D4A4A44
:109E00004A382078022800D0FFDF03202070A07895
:109E1000012801D020B108E0A06800F041FD04E075
:109E200004F1080007C8FFF7A1FF05202070BDE876
:109E30007040F8F7C0B9F8F7C0FA01466068F8F763
:109E4000BDFFB04202D2616902290BD30320F9F7AA
:109E50000EFB12E0F8F7B1FA01466068F8F7AEFFC2
:109E6000B042F3D2BDE870409AE7207802280AD0C9
:109E7000052806D0FFDF04202070BDE8704000F008
:109E8000D2B8022000E00320F9F7F1FAF3E7FFDF90
:109E900070BD70B50546F8F790FA694C606020789F
:109EA000012800D0FFDF6A490120087000200871F6
:109EB00004208D6048716548C86002202070607879
:109EC00000F0BBF8002800D1FFDF70BD10B55C4C7E
:109ED000207838B90220F9F7E0FA18B90320F9F729
:109EE000DCFA08B1112010BD5A48F8F7E1F96070AA
:109EF0001F2804D0012020700020606110BD0320C5
:109F000010BD2DE9F0471446054600EB84000E46CF
:109F1000A0F1040800F0D7FC07464FF0805001691B
:109F20004F4306EB8401091FB14201D2012100E039
:109F3000002189461CB10069B4EB900F02D90920B9
:109F4000BDE8F0872846E7F76FF990B9A84510D328
:109F5000BD4205D2B84503D245EA0600800701D0CC
:109F60001020EDE73046E7F75FF910B9B9F1000FBF
:109F700001D00F20E4E7384838490068884205D00E
:109F8000224631462846FFF7F1FE1AE0FFF79EFF12
:109F90000028D5D12A4800218560C0E9036481707A
:109FA000F9F7DDFA08B12E4801E04AF2F870604393
:109FB0004FF47A7100F2E730B0FBF1F01830FFF7A0
:109FC00068FF0020BCE770B505464FF0805004697B
:109FD0006C432046E7F728F908B10F2070BD00F068
:109FE00072FCA84201D8102070BD1B481B490068B4
:109FF000884203D0204600F053FC10E0FFF766FFD4
:10A000000028F1D10E48012184608170F9F7A7FA88
:10A0100008B1144800E014481830FFF73AFF002058
:10A0200070BD00F053BE10B5054C6078F8F7A2F98A
:10A0300000B9FFDF0020207010BDF8F7EFBB000073
:10A040007001002004E5014000E40140105C0C00B8
:10A050008C0F0020E39D010058000020BEBAFECA0C
:10A0600050280500645E0100A85B01007149096881
:10A070000160002070476F4908600020704701218F
:10A080008A0720B1012804D042F20400704791678A
:10A0900000E0D1670020704767490120086042F264
:10A0A0000600704708B50423634A1907103230B11F
:10A0B000C1F80433106840F0010010600BE0106834
:10A0C00020F001001060C1F808330020C1F8080139
:10A0D0005A4800680090002008BD011F0B2909D8CC
:10A0E000554910310A6822F01E0242EA4000086019
:10A0F0000020704742F205007047000100F18040E7
:10A10000C0F8041900207047000100F18040C0F839
:10A11000081900207047000100F18040D0F80009C4
:10A12000086000207047012801D907207047444A81
:10A1300052F8200002680A4302600020704701289C
:10A1400001D9072070473E4A52F8200002688A432E
:10A15000026000207047012801D907207047384A63
:10A1600052F820000068086000207047020035495E
:10A170004FF0000003D0012A01D0072070470A6089
:10A18000704708B54FF40072510510B1C1F80423AF
:10A1900008E0C1F808230020C1F8240127481C303A
:10A1A00000680090002008BD08B58022D10510B1DC
:10A1B000C1F8042308E0C1F808230020C1F81C01FD
:10A1C0001E48143000680090002008BD08B54FF408
:10A1D0008072910510B1C1F8042308E0C1F808238A
:10A1E0000020C1F8200115481830006800900020B8
:10A1F00008BD10493831096801600020704770B50A
:10A200004FF080450024C5F80841F9F7B4F910B9BA
:10A21000F9F7BBF928B1C5F82441C5F81C41C5F8C8
:10A2200020414FF0E020802180F800140121C0F887
:10A23000001170BD0004004000050040080100400E
:10A24000A0B30100780500406249634B0A68634986
:10A250009A42096801D1C1F31001016000207047E2
:10A260005C495D4B0A685D49091D9A4201D1C0F302
:10A2700010000860002070475649574B0A6857493C
:10A2800008319A4201D1C0F31000086000207047E5
:10A2900030B5504B504D1C6842F20803AC4202D01E
:10A2A000142802D203E0112801D3184630BDC300A0
:10A2B0004B481844C0F81015C0F81425002030BDD4
:10A2C0004449454B0A6842F209019A4202D00628E5
:10A2D00002D203E0042801D308467047404A012116
:10A2E00042F83010002070473A493B4B0A6842F26E
:10A2F00009019A4202D0062802D203E0042801D3C1
:10A3000008467047364A012102EBC0004160002038
:10A31000704770B52F4A304E314C156842F2090330
:10A3200004EB8002B54204D0062804D2C2F800181B
:10A3300007E0042801D3184670BDC1F31000C2F82D
:10A340000008002070BD70B5224A234E244C1568C9
:10A3500042F2090304EB8002B54204D0062804D27D
:10A36000D2F8000807E0042801D3184670BDD2F8DF
:10A370000008C0F310000860002070BD174910B538
:10A380000831184808601120154A002102EBC0036B
:10A39000C3F81015C3F81415401C1428F6D3002078
:10A3A00006E0042804D302EB8003C3F8001807E09A
:10A3B00002EB8003D3F80048C4F31004C3F800484C
:10A3C000401C0628EDD310BD04490648083108603A
:10A3D0007047000058000020BEBAFECA00F50140D8
:10A3E00000F001400000FEFF814B1B6803B198475D
:10A3F000BFF34F8F7F4801687F4A01F4E06111434A
:10A400000160BFF34F8F00BFFDE710B5EFF3108081
:10A4100010F0010F72B601D0012400E0002400F01A
:10A42000DDF850B1E6F7A4FFF7F761FDF8F7C1FFDB
:10A43000F9F7E2FC71490020086004B962B6002017
:10A4400010BD2DE9F0410C460546EFF3108010F0E9
:10A45000010F72B601D0012600E0002600F0BEF820
:10A4600020B106B962B60820BDE8F08100F006FD13
:10A47000E6F782FF0246002001234709BF0007F1EB
:10A48000E02700F01F01D7F80071CF40F9071BD07B
:10A49000202803D222FA00F1C90727D141B20029AE
:10A4A00004DB01F1E02191F8001405E001F00F0157
:10A4B00001F1E02191F8141D4909082916D203FA87
:10A4C00001F717F0EC0F11D0401C6428D5D3F9F731
:10A4D00071FC4B4A4B490020F9F7B4FC47494A4804
:10A4E00008602046E6F7A7FE60B904E006B962B648
:10A4F00041F20100B8E73E4804602DB12846E6F776
:10A50000E7FE18B1102428E0404D19E02878022811
:10A5100002D94FF4805420E007240028687801D045
:10A52000D8B908E0C8B1202817D8A878212814D8AD
:10A53000012812D001E0A87878B9E8780B280CD867
:10A54000E6F71AFF2946F8F71AFFF7F78FFC00F035
:10A55000EDF92846E6F7DAFE044606B962B61CB104
:10A56000FFF753FF20467FE700207DE710B5044644
:10A5700000F034F800B101202070002010BD244903
:10A5800008600020704770B50C4622490D682149CB
:10A59000214E08310E60102807D011280CD0122847
:10A5A0000FD0132811D0012013E0D4E90001FFF7E8
:10A5B00048FF354620600DE0FFF727FF00252060AB
:10A5C00008E02068FFF7D2FF03E011492068086027
:10A5D000002020600F48001D056070BD07480A4933
:10A5E0000068884201D101207047002070470000B8
:10A5F000880100200CED00E00400FA05580000205E
:10A600004810002000000020BEBAFECAA8B3010016
:10A6100004000020100502400100000100B585493A
:10A6200010F1080F19D00CDC10F1280F1DD010F11B
:10A63000140F18D010F1100F13D010F10C0F08D117
:10A640000DE010F1040F06D080B103280ED00428CD
:10A650000CD0FFDF00BDFC2008E0F82006E0F4206D
:10A6600004E0F02002E0EC2000E0D820086000BD0B
:10A67000704900B5091D012803D0022803D0FFDF6F
:10A6800000BD032000E00420086000BD2DE9F0417A
:10A6900005460C4617461046F9F76CFD4FF47A76DE
:10A6A000022C10D0012C10D040F63401441838464A
:10A6B000F9F7C5FD204449F679710844B0FBF6F07E
:10A6C000281ABDE8F0813146F0E74FF4C861EDE7A4
:10A6D00070B505460C460846FAF7F4FA022C10D07D
:10A6E000012C11D04FF4AF5149F6CA62511A0844F7
:10A6F0004FF47A7100F2E140B0FBF1F0281A801EAD
:10A7000070BD40F24C41EFE740F63401ECE770B524
:10A71000064615460C460846FAF7D4FA4FF47A7105
:10A7200040F63402022D11D0012D11D01346022C17
:10A7300011D0012C01D04FF4AF529A1A104449F6AF
:10A74000FC621044B0FBF1F0301A70BD0B46EEE72E
:10A750004FF4C863EBE740F24C42EEE770B50446B5
:10A760000E460846F9F706FD05463046F9F767FD3F
:10A7700028444AF2AB3108444FF47A71B0FBF1F04F
:10A78000201A801E70BD2DE9F04106461D460C467C
:10A790001746104600F045F806EB4601C1EBC6111E
:10A7A00000EBC100022C15D0012C16D04FF4AF5194
:10A7B00046182046FAF786FA301A4FF47A7100F6F6
:10A7C000B730B0FBF1F43846F9F741FD2044284496
:10A7D000401D76E740F24C41EAE740F63401E7E7F6
:10A7E00070B5044615460E460846F9F7C3FC04EB5F
:10A7F0004401C1EBC411C0EBC1043046F9F71FFDA1
:10A80000241A284600F00DF820444FF47A7100F61F
:10A81000B730B0FBF1F42846F9F719FD2044401D8C
:10A8200070BD082803D0042801D0F9F7A3BC4EF668
:10A83000283070470C150040F0B585B00C46054631
:10A84000FEF7DCFF07466E78204603A96A46F5F757
:10A8500004FA81198EB258B1012F02D0032005B03D
:10A86000F0BD204604AA0399F5F719F9049D01E00B
:10A87000022F0FD1ED1C042E0FD32888BDF8001035
:10A88000001D80B2884201D8864202D14FF00000FC
:10A89000E5E702D34FF00200E1E74FF00100DEE709
:10A8A0000B4A022111600B490B68002BFCD0084BAE
:10A8B0001B1D186008680028FCD000201060086884
:10A8C0000028FCD070474FF080504069704700006E
:10A8D00004E5014000E4014002000B464FF0000097
:10A8E000014620D0012A04D0022A04D0032A0DD127
:10A8F00003E0012002E0022015E00320072B05D22F
:10A90000DFE803F00406080A0C0E10000720704769
:10A91000012108E0022106E0032104E0042102E015
:10A92000052100E00621F7F7E4BC0000E24805211C
:10A9300081700021017041707047E0490A78012A56
:10A9400005D0CA681044C8604038F8F704BA8A686D
:10A9500010448860F8E7002819D00378D849D94A0C
:10A9600013B1012B0ED011E00379012B00D06BB98C
:10A9700043790BB1012B09D18368643B8B4205D22B
:10A98000C0680EE00379012B02D00BB100207047A4
:10A9900043790BB1012BF9D1C368643B8B42F5D2EB
:10A9A00080689042F2D801207047C44901220A70A1
:10A9B000027972B100220A71427962B104224A71AD
:10A9C000826852328A60C068C860BB4902208870C1
:10A9D00070470322EFE70322F1E770B5B74D044655
:10A9E00000202870207988B100202871607978B122
:10A9F0000420B14E6871A168F068F7F7B2F9A86059
:10AA0000E0685230E8600320B07070BD0120ECE7D0
:10AA10000320EEE72DE9F04105460226F8F7C5F8D8
:10AA2000006800B1FFDFA44C01273DB12878B8B120
:10AA3000012805D0022811D0032814D027710DE079
:10AA40006868C82808D30421F8F7EBF920B16868D2
:10AA5000FFF773FF012603E0002601E000F014F980
:10AA60003046BDE8F08120780028F7D16868FFF70C
:10AA700072FF0028E2D06868017879B1A0780428D4
:10AA800000D0FFDF01216868FFF7A7FF8B49E0785E
:10AA900000F003F90028E1D1FFDFDFE7FFF785FFD2
:10AAA0006770DBE72DE9F041834C0F46E17888427F
:10AAB00000D0FFDF00250126082F7DD2DFE807F058
:10AAC000040B28283D434F57A0780328C9D00228FB
:10AAD000C7D0FFDFC5E7A078032802D0022800D046
:10AAE000FFDF0420A07025712078B8BB0020FFF79D
:10AAF00024FF72480178012906D08068E06000F0E8
:10AB0000F9F82061002023E0E078F7F782FDF5E70F
:10AB1000A078032802D0022800D0FFDF207880BB75
:10AB2000022F08D05FF00500F8F7A1FCA0780328F9
:10AB300040D0A57095E70420F6E7A078042800D05F
:10AB4000FFDF022004E0A078042800D0FFDF01200E
:10AB5000A1688847FFF75EFF054633E003E0A07871
:10AB6000042800D0FFDFBDE8F04100F08DB8A078E8
:10AB7000042804D0617809B1022800D0FFDF2078D2
:10AB800018B1BDE8F04100F08AB8207920B1062064
:10AB9000F8F76DFC25710DE0607840B14749E07829
:10ABA00000F07BF800B9FFDF65705AE704E007208A
:10ABB000F8F75DFCA67054E7FFDF52E73DB1012DC9
:10ABC00003D0FFDF022DF9D14BE70420C0E70320BB
:10ABD000BEE770B5050004D0374CA078052806D133
:10ABE00001E0102070BD0820F8F757FC08B11120D3
:10ABF00070BD3548F7F75CFBE0701F2806D00121D7
:10AC0000F8F730FA0020A560A07070BD032070BD79
:10AC1000294810B5017809B1112010BD81780529A6
:10AC200006D0012906D029B101210170002010BDF4
:10AC30000F2010BD00F033F8F8E770B51E4C054644
:10AC4000A07808B1012809D155B12846FFF783FE45
:10AC500040B1287840B1A078012809D00F2070BDFC
:10AC6000102070BD072070BD2846FFF79EFE03E050
:10AC700000212846FFF7B1FE1049E07800F00DF8FA
:10AC800000B9FFDF002070BD0B4810B5006900F06F
:10AC900029F8BDE81040F7F78EBAF7F7BFBD0648B0
:10ACA00010B5C078F7F766FB00B9FFDF0820F8F7AA
:10ACB000DEFBBDE8104039E68C0100209C0F00202F
:10ACC0003D860100FF1FA107A5AA010010B5134C86
:10ACD0002060201D0160114810300260001D0360DB
:10ACE000002010BD0E490A6848F202139A4302433D
:10ACF0000A6070470A4A116848F2021301EA030029
:10AD0000994311607047054B02465B421020134483
:10AD1000FC2B01D8116000207047000000060040A5
:10AD2000C806024070477047704700001EF0040FCD
:10AD30000CBFEFF30880EFF30980014A10470000D1
:10AD40005F3E010001B41EB400B5F8F7A9FD01B4DF
:10AD50000198864601BC01B01EBD0000826903490E
:10AD600081614FF0010010447047000045AD0100C3
:10AD70000FF20C0000F10000694641F8080C20BFFA
:10AD800070470000FEDF18490978F9B904207146C0
:10AD900008421BD10699154A914217DC06990229EF
:10ADA00014DB02394878DF2810D10878FE2807D054
:10ADB000FF280BD14FF001004FF000020C4B184759
:10ADC00041F201000099019A094B1847094B002BE9
:10ADD00002D01B68DB6818474FF0FF3071464FF018
:10ADE0000002034B1847000028ED00E000C00100FE
:10ADF000E9A3010004000020174818497047FFF735
:10AE0000FBFFE6F7CBF900BD1548164909688842F3
:10AE100003D1154A13605B68184700BD20BFFDE7EA
:10AE20000F4810490968884210D1104B18684FF03C
:10AE3000FF318842F2D080F308884FF02021884209
:10AE400004DD0B48026803210A4302600948804779
:10AE500009488047FFDF0000B00F0020B00F00203E
:10AE600000100000000000200400002000C00100CD
:10AE700014090040DD2F000009AE0100F0B4404687
:10AE8000494652465B460FB402A0013001B5064860
:10AE9000004700BF01BC86460FBC804689469246EB
:10AEA0009B46F0BC70470000091100000420714669
:10AEB000084202D0EFF3098101E0EFF308818869CD
:10AEC00002380078102813DB20280FDB2C280BDB3E
:10AED0000A4A12680A4B9A4203D1602804DB094AE5
:10AEE0001047022008607047074A1047074A10477A
:10AEF000074A12682C3212681047000058000020E0
:10AF0000BEBAFECA7D130000A19B010087A5010007
:10AF1000040000200D4B0E4908470E4B0C49084712
:10AF20000D4B0B4908470D4B094908470C4B084985
:10AF300008470C4B064908470B4B054908470B4B84
:10AF4000034908470A4B02490847000019AC0000B2
:10AF500059B00000A52F00000BA8000099A7000021
:10AF6000A1AE0000991300004D7700001DB0000055
:10AF70002DAD01005F8200000784000065850000A0
:10AF8000C98500000386000037860000698600003E
:10AF90009986000021870000478300008985000012
:10AFA00013120000C12100000B2200006F220000DC
:10AFB000F522000011240000D32400000525000024
:10AFC000E3250000CB2600001F270000A12700007A
:10AFD000C1270000B92D0000DD2D0000FD2C000070
:10AFE000592D00000F2E0000A32E00002F3D000061
:10AFF000093E00003D4100003D420000B342000018
:10B000001D4300008143000017120000754400003A
:10B01000E1440000E3270000E927000017120000C8
:10B02000171200001712000017120000F32700008B
:10B030002B280000A12800001712000017120000A2
:10B040002D22000087290000A9290000F529000011
:10B05000131200001312000013120000131200005C
:10B06000EF5200007553000091530000AD530000F3
:10B070003B550000D7530000E1530000235400006B
:10B0800045540000215500006355000013120000D4
:10B0900013120000676E0000876E0000916E0000C2
:10B0A000CB6E0000F96E0000E96F000077700000C1
:10B0B0008B700000D9700000EF71000095730000E4
:10B0C000BD740000E95D0000D5740000131200009B
:10B0D00013120000A1A0000003A200005DA2000066
:10B0E000D7A2000083A30000100110013A02000063
:10B0F0001A0200040506000007000000FFFFFFFF22
:10B100000000FFFFE39C0000BF1C0000934E000006
:10B11000335E0000E97A000000000000A17D00001D
:10B120007D7D00008F7D0000000002000000000017
:10B13000000200000000000000010000000000000C
:10B14000136C0000F36B0000616C00007152000092
:10B150003352000053520000219400003994000043
:10B160004396000041370000816C000000000000A1
:10B17000B16C0000BF5200000000000000000000A1
:10B18000000000002395000000000000C13700000F
:10B19000555555D6BE898E0000006406640C6412B5
:10B1A00000000803AC055008000054044408340CA7
:10B1B00075DF0000DDE00000D7DE000073DF000077
:10B1C0001B5D0100ABE1000000000000480800002A
:10B1D0004808000051350000513500009B21000057
:10B1E000439B0000B7600000A34D0000F97301000D
:10B1F0008135000081350000BF210000D59B000093
:10B200003F610000174E00000F74010070017001D3
:10B21000400038005C002400200200000300656C40
:10B220007462000000000000000000000000000048
:10B230000000870000000000000000000000000087
:10B240000000BE83605ADB0B376038A5F5AA9183F6
:10B25000886C0000010000008B0801005D170100F0
:10B2600000000001020603040500000007000000C2
:10B2700000000000060000000A000000320000008C
:10B2800073000000B4000000F401FA0096006400AE
:10B290004B0032001E0014000A00050002000100ED
:10B2A0000041000000000000AB830100E5870100C1
:10B2B0008F870100BD830100000000002989010083
:10B2C0000C0802170D010102090901010602091803
:10B2D00018030101090903030500000049A2010048
:10B2E00061A2010079A2010091A20100C1A20100A6
:10B2F000E9A2010013A3010047A30100C79F0100B9
:10B30000039F010023A0010007AD01000D360100DD
:10B310001D360100493601001B37010023370100AB
:10B32000353701007FA0010099A001006DA0010048
:10B3300077A00100A5A00100DBA00100ED9B0100AA
:10B34000FBA0010009A1010017A1010027A1010034
:10B350003FA1010057A101006DA10100ED9B01007B
:10B3600000000000B7A900000DAA000023AA0000F9
:10B37000D9A80100199C0100E59C0100D3AB010094
:10B3800011AC01003BAC0100113401005D3901003A
:10B3900083A10100A9A10100CDA10100F3A1010039
:10B3A0001C0500402005004000100200CCB3010045
:10B3B00008000020980100004411000000B40100C2
:10B3C000A0010020100E00008011000001150545AD
:10B3D000481000200519A40500203601000100884E
:10B3E0003720FB349B5F80041F8000100D9DCB092C
:10B3F0000020880900200E0A0020024810000000EA
:10C00000000002205D780300857803008778030034
:10C01000897803008B7803008D780300000000000E
:10C020000000000000000000000000008F78030006
:10C0300091780300000000009378030095780300D6
:10C040009778030021C80200FD760300C176030043
:10C05000D576030097780300815E0300A54B0300AB
:10C0600071720300797203008172030097780300F4
:10C070009778030097780300977803009778030078
:10C0800097780300398203009778030097780300BC
:10C0900097780300977803005DB903009778030051
:10C0A0009778030097780300897203009172030068
:10C0B000977803009778030000000000000000005C
:10C0C000977803009778030097780300E9760300D8
:10C0D0009778030097780300977803009778030018
:10C0E00025770300000000000000000000000000B1
:10C0F00000000000977803000000000011770300A3
:10C10000000000000000000000000000000000002F
:10C11000000000000000000000000000000000001F
:10C12000000000000000000000000000000000000F
:10C1300000000000000000000000000000000000FF
:10C1400000000000000000000000000000000000EF
:10C1500000000000000000000000000000000000DF
:10C1600000000000000000000000000000000000CF
:10C1700000000000000000000000000000000000BF
:10C1800000000000000000000000000000000000AF
:10C19000000000000000000000000000000000009F
:10C1A000000000000000000000000000000000008F
:10C1B000000000000000000000000000000000007F
:10C1C000000000000000000000000000000000006F
:10C1D000000000000000000000000000000000005F
:10C1E000000000000000000000000000000000004F
:10C1F000000000000000000000000000000000003F
:10C200002DE9F04F85B003910778A7F10903042BBE
:10C21000044607F07F0200F10100F5D9202AF3D08F
:10C220002B2F04BF677804462D2F75D09FED427BDE
:10C230008DED007B4FF000084FF000099FB34FF0E9
:10C24000000C25464FF0000ADFF8FCB0644619E008
:10C2500025F006FF80468946304625F097FE424687
:10C260004B4625F047FD5246804689465B46DDE950
:10C2700000013CB326F01EF8CDE90001A44615F8F4
:10C28000017F7FB1A7F13006092E52465B4640463A
:10C290004946DDD9CCB92E2F17D115F8017F0124DD
:10C2A000002FEFD12C4642464B46DDE9000125F038
:10C2B000D7FE80468946039B404649461C6005B030
:10C2C000BDE8F08F4FF0010CD9E72C46BCF1000F10
:10C2D00029D042464B46DDE9000125F0C1FE07F0BA
:10C2E000DF07452F80468946E5D10399681C0A225D
:10C2F00025F0CEFC14490246002026F011FA024631
:10C300000B464046494625F0ABFE804689464046EE
:10C31000494605B0BDE8F08F9FED097B67788DED4C
:10C32000007B013486E7DFF824904FF00008404698
:10C33000494605B0BDE8F08F000000000000F03F66
:10C34000000000000000F0BF000024400000F87F63
:10C350002DE9F0470023144600228046894626F046
:10C36000F1F828B109F1004399462D2323700134D7
:10C37000002200234046494626F0DAF828B1302250
:10C38000002322706370BDE8F0874046494623F0E1
:10C39000B7F926F015F973A3D3E9002307464946F8
:10C3A000404626F0CFF800284ED170A3D3E90023F1
:10C3B0004046494626F0E4F8002845D10E2F07F103
:10C3C000010540F3B980A7F10E063246002062490C
:10C3D00026F0A6F902460B464046494625F06AFF7C
:10C3E00000225E4B25F086FC26F0D6F9002DA7F141
:10C3F0000F0E4FF0010C4DDD594FDFF8788101220F
:10C4000045F6F3294FF02E0A494508BF40454FF045
:10C4100030030AD3B0EB080061EB0901494508BFBE
:10C42000404503F10103F5D2DBB2237050EA01036A
:10C4300004F101084AD1954252DD0132102A4FD051
:10C44000444677E90289DFE7002F33DB3A460020D4
:10C45000414926F065F902460B464046494625F01B
:10C4600029FF3BA3D3E90023804689460125002606
:10C470004046494625F0F4FD0022384B25F03AFCB1
:10C4800026F08AF9002DBC464FF0FF3E37464FF0AC
:10C490000006B1DC234630224FF02E0803F8022BB1
:10C4A00084F80180FC4345D01C4403F8012BA342CF
:10C4B000FBD1A1E77A420020274926F031F9024654
:10C4C0000B464046494625F0CBFDCAE7954202F1AE
:10C4D000010204BF84F801A004F10208102AAFD1C0
:10C4E0006EB14246302102F8011BC2F101037344D0
:10C4F0004344002BF7DC2EEAEE7301339844BCF181
:10C50000010F12D0BCF1000F4FF0650388F8003026
:10C51000C5BF2B2388F8013008F1010108F10201A1
:10C520006046BDE8F04710F0E7BD002388F8003012
:10C53000BDE8F0871C465FE7C7F10E020020064900
:10C5400026F0EEF83E4602460B46012790E700BF74
:10C550000000901EC4BCD642000024400000E03F12
:10C56000083404008DEDB5A0F7C6B03E50EFE2D61A
:10C57000E41A4B4400407A1070B54FF0FF3005F0DC
:10C580005DFC04466FF07F4005F058FC06462046EF
:10C5900025F0ECFC00220C4B25F062FD04463046F1
:10C5A0000D4625F0E3FC06A3D3E9002325F082FE27
:10C5B00002460B462046294625F09CFB70BD00BF75
:10C5C0000000E0DFFFFF6F430000F03D00000000CF
:10C5D0004389DA0700F121822DE9F04F43F001038E
:10C5E0004FF080424381D2F80034C74A9DB00546DF
:10C5F0000B92002B00F000821368013313600024BB
:10C60000092219A905F5D360CDE919448DF86C40CC
:10C610001AF030FF05F1D0031E460A930EF002FA1D
:10C62000214628460EF0FCFD3046B84C11F052F879
:10C6300004F1F00654F8043F184613B11B681B6858
:10C640009847A642F6D1284609F062F9B04B0A9FF6
:10C650000024CDE9133413AB93E8030010268DE8D2
:10C660000300224602962B4640F2FD3138460EF07A
:10C6700083FDA84BCDE9153415AB93E80300C02327
:10C680008DE80300029364222B4640F2FD313846C8
:10C690000EF072FDA04BCDE9173417AB93E8030001
:10C6A00022468DE8030002962B464FF47F713846F0
:10C6B0000EF062FD6889994BA021602240F4C040D1
:10C6C000E02780266881402483F8097383F80A13E1
:10C6D00083F81A2383F81B2383F8071383F81C13AA
:10C6E00083F8216383F8222305F6A40217460792F4
:10C6F00005F6180083F8016383F8024383F80643C4
:10C7000009F060FE3846864914F020FA3C46854917
:10C710000746204614F01AFA2B68834A5B68099092
:10C72000934240F07681642011F00AFA0B9B4FF09F
:10C73000000A1B68089305F10C0B0FF2BC19D9E92C
:10C74000008954465B465646A3469A46089B032BEF
:10C7500000F0938005F6641014F00CF9002840F006
:10C76000A280002F00F0E280FF233246214605F62A
:10C77000041017F031F82B685B6814206A4A934262
:10C7800040F08D8011F0DCF90134E4B2052C0BF19E
:10C79000010B02D1731CDEB20024BBF1190F00F0B3
:10C7A0009180002FD2D05E49079814F003FB3846E1
:10C7B00026F08EF9099826F08BF90B9A0023136066
:10C7C00009F0F0F801460DA817F078FB1AF0ECFD1F
:10C7D00042464B46CDE9040125F08AFF0FA81146D9
:10C7E00017F058FB42464B46DDE9040125F080FF77
:10C7F00042464B4625F07CFF10AB1146184617F019
:10C8000049FB3FA3D3E90023DDE9040125F070FFD4
:10C81000014611A817F03EFB10AA11A912A817F0A3
:10C82000DBFB0FAA12A90EA817F0D6FB12A817F06F
:10C8300011FB11A817F00EFB10A817F00BFB0FA8A7
:10C8400017F008FB079A01230DA9CDE900235046F4
:10C850000A9B0EAA0DF0F6FC0EA817F0FBFA0DA825
:10C8600017F0F8FA05F6641205F6F40150460DF0DB
:10C87000AFFA089B032B7FF46DAFBBF1180F25DCDB
:10C88000FF233246214605F6041016F0A5FF2B685B
:10C89000254A5B6893424FF00A003FF473AF0146AC
:10C8A0002846984770E705F6881014F063F80028CA
:10C8B0003FF457AFBBF1180F7FF756AF002F7FF44F
:10C8C00053AF05E0002F3FF472AF6CE7002FD7D1D4
:10C8D000099B7BB3FF233246214605F6041016F070
:10C8E0007BFF089A2B68032A14BF14200A205B6878
:10C8F00044E700BFAFF3008000CA9A3B000000008D
:10C90000000064A7B3B6E00D30200020003B0020FB
:10C910001DAD020009AD0200BDAD020000E100E066
:10C920008C460400DC460400B9AC0200099B002BD5
:10C930007FF41AAF09F036F801460DA817F0BEFAD9
:10C940001AF032FD38A3D3E9002306460F4625F03E
:10C95000CFFE0FA8114617F09DFA33A3D3E90023A9
:10C960003046394625F0C4FE2FA3D3E9002325F035
:10C97000BFFE10A8114617F08DFA2DA3D3E90023AE
:10C980003046394625F0B4FE014611A817F082FA68
:10C9900010AA11A912A817F01FFB0FAA12A90EA81E
:10C9A00017F01AFB12A817F055FA11A817F052FA4F
:10C9B00010A817F04FFA0FA817F04CFA0024079BA5
:10C9C00000930EAA0A9B01940DA950460DF03AFC63
:10C9D0000EA817F03FFA0DA817F03CFA0EF068F910
:10C9E0002B680F4A5B6893420CD10A2011F0A8F81B
:10C9F00020461DB0BDE8F08F4FF47A70136011F03F
:10CA00001FFCFCE528460A21984720461DB0BDE8DA
:10CA1000F08F64212846984788E60248704700BF97
:10CA2000B9AC020016FCFFFF00CA9A3B00000000F0
:10CA3000000064A7B3B6E00D2DE9F04F2DED028B99
:10CA4000044683B0C06825F0A1FA80462069894673
:10CA500025F09CFA824660698B4625F097FA0246DB
:10CA600001F1004306460F464046494622F0FCFCD1
:10CA700025F0EEFDE062054622F0AEFB019028466F
:10CA800022F05EFB019B0546184625F091FA4246CE
:10CA90004B4625F0E5FA80462846894625F088FA77
:10CAA00032463B4625F0DCFA02460B4640464946F4
:10CAB00025F01EF902460B465046594622F0D4FC9A
:10CAC00025F0C6FD002208EE100A00233046394644
:10CAD00025F056FD28B3B5EEC08AF1EE10FA1CDD44
:10CAE00011A7D7E9006718EE100A25F061FA02468F
:10CAF0000B463046394625F0FBF832463B4625F0DA
:10CB0000F9F825F0A5FDA062E38843F00203E38075
:10CB100003B0BDEC028BBDE8F08F05A7D7E9006735
:10CB2000E1E784ED0A8AEFE7EA2E4454FB21F93F5E
:10CB3000EA2E4454FB21F9BF494A21F000439342B5
:10CB40002DE9704304460D4649DC464A93420E46A1
:10CB50000EDC3FA3D3E9002325F0CCF80022424BA2
:10CB600025F00EFD00284AD020462946BDE87083F6
:10CB70003E4A934239DCB3F1804F40DD22F0CEF9DA
:10CB80002246804689462B462046294625F068FAEB
:10CB90000022354B25F0AEF823F06EFA42464B46A4
:10CBA00025F0A8F802460B4600202F4925F082FB0D
:10CBB000424604460D464B464046494625F09AF803
:10CBC00002460B462046294625F094F801F0A0FEC7
:10CBD000002E08DC01F100431946BDE870830246CF
:10CBE0000B4625F087F8BDE8708322F097F901F035
:10CBF0008FFE19A3D3E9002325F07CF8E8E722464D
:10CC00002B462046294625F02BFA804689462046A9
:10CC1000294622F083F9002204460D46124B404675
:10CC2000494625F067F823F027FA00220E4B25F03D
:10CC300061F802460B464046494625F03BFB22463A
:10CC40002B4625F057F800F0A7FAC1E7AFF30080B4
:10CC50009C7500883CE4377EEF39FAFE422EE63FB1
:10CC6000FFFFEF7FFFFF2F3E0000F03F0000B041CD
:10CC70002DE9F84FBE4B21F000469E4204460D467A
:10CC80008A460EDDBB4B9E4200F3B18000F0AC80C3
:10CC9000BAF1000F40F3EA8099A1D1E90001BDE8A3
:10CCA000F88FB54B9E4200F3BA80A3F1DE739E422B
:10CCB00040F3A5804FF0FF3B22462B4620462946F5
:10CCC00025F0CEF902460B468046894625F0C8F984
:10CCD0008DA3D3E9002306460F4625F0C1F98CA3A6
:10CCE000D3E9002325F006F832463B4625F0B8F993
:10CCF00089A3D3E9002324F0FDFF32463B4625F00B
:10CD0000AFF987A3D3E9002324F0F4FF32463B4672
:10CD100025F0A6F984A3D3E9002324F0EBFF3246E3
:10CD20003B4625F09DF982A3D3E9002324F0E2FFDE
:10CD300042464B4625F094F97FA3D3E90023804671
:10CD400089463046394625F08BF97DA3D3E9002387
:10CD500024F0CEFF32463B4625F082F97AA3D3E990
:10CD6000002324F0C5FF32463B4625F079F978A32D
:10CD7000D3E9002324F0BCFF32463B4625F070F98E
:10CD800075A3D3E9002324F0B3FF32463B4625F0D8
:10CD900067F902460B464046494624F0ABFF22465F
:10CDA0002B4625F05DF9BBF1FF3F02460B4661D0F3
:10CDB000724B734E4FEACB0B5B44D3E9002324F054
:10CDC00097FF22462B4624F093FFB34402460B46BE
:10CDD000DBE9000124F08CFFBAF1000F0DDA01F15C
:10CDE00000431946BDE8F88F00283FF451AF2246B2
:10CDF0002B462046294624F07DFFBDE8F88F58A336
:10CE0000D3E9002324F076FF00225E4B25F0B8FB27
:10CE100000283FF44FAF20462946BDE8F88F22F0A6
:10CE20007DF8594B9E4204460D4629DCA3F550235C
:10CE30009E424EDC02460B4624F05CFF0022514B22
:10CE400024F056FF002206460F464FF0804320464E
:10CE5000294624F04FFF02460B463046394625F05E
:10CE600029FA4FF0000B04460D4625E73EA1D1E913
:10CE70000001C2E72046294624F03AFFBDE8F88FBA
:10CE8000424B9E421ADC0022414B24F031FF00222B
:10CE900006460F463E4B2046294625F0E1F8002283
:10CEA000384B24F027FF02460B463046394625F022
:10CEB00001FA4FF0020B04460D46FDE602460B4612
:10CEC0000020344925F0F6F94FF0030B04460D46D7
:10CED000F2E600222B4B24F00BFF002206460F4601
:10CEE000284B2046294624F005FF02460B463046D3
:10CEF000394625F0DFF94FF0010B04460D46DBE61D
:10CF0000182D4454FB21F93F11DA22E33AAD903F4A
:10CF1000EB0D76244B7BA93F513DD0A0660DB13F70
:10CF20006E204CC5CD45B73FFF8300922449C23FD8
:10CF30000D5555555555D53F2F6C6A2C44B4A2BF9D
:10CF40009AFDDE522DDEAD3F6D9A74AFF2B0B33F65
:10CF5000711623FEC671BC3FC4EB98999999C93FDD
:10CF60009C7500883CE4377E182D4454FB21F9BFA2
:10CF7000FFFF0F440000F07FFFFFDB3F3034040071
:10CF8000103404000000F03FFFFFF23FFF7F03403A
:10CF90000000F83F0000F0BF2DE9F041C1F30A574F
:10CFA000A7F2FF35132D02460B460C46884606466F
:10CFB00020DC002D4ADB364F2F4101EA070C5CEAEA
:10CFC000000C1CD030A3D3E9002324F093FE0022F0
:10CFD000002325F0D5FA48B1002C04DD4FF480136E
:10CFE00043FA05F5A84428EA0704002621463046FE
:10CFF000BDE8F081332D06DDB5F5806F38D01046E1
:10D000001946BDE8F081A7F213474FF0FF3C2CFA18
:10D0100007F70742F3D01CA3D3E9002324F06AFEEC
:10D020000022002325F0ACFA0028DFD0002C09DD17
:10D03000142D22D00123C5F1340503FA05F5AE19EC
:10D0400028BF984426EA07064446CFE70EA3D3E953
:10D05000002324F04FFE0022002325F091FA00283F
:10D06000C4D0002C0CDB264305D00026094CBDE7BC
:10D0700024F040FEC5E73446B8E704F10108E1E7D3
:10D0800000264FF00044B1E79C7500883CE4377EF1
:10D09000FFFF0F000000F03F2DE9F041C1F30A57F8
:10D0A000A7F2FF35132D02460B460C46884606466E
:10D0B0001DDC002D3CDB364F2F4101EA070C5CEAFA
:10D0C000000C19D030A3D3E9002324F013FE002272
:10D0D000002325F055FAC8B3002C04DA4FF480136E
:10D0E00043FA05F5A84428EA070400262EE0332D6C
:10D0F00006DDB5F5806F2DD010461946BDE8F081EC
:10D10000A7F213474FF0FF3C2CFA07F70742F3D082
:10D110001DA3D3E9002324F0EDFD0022002325F018
:10D120002FFA98B1002C21DB26EA070644460DE0D1
:10D1300015A3D3E9002324F0DDFD0022002325F010
:10D140001FFA18B1002C08DB002634462146304671
:10D15000BDE8F08124F0CEFDD0E724F000430D4A75
:10D160001E43002E18BF14460026EFE7142D08D0EA
:10D170000123C5F1340503FA05F5AE1928BF98441B
:10D18000D2E704F10108CFE79C7500883CE4377EC4
:10D19000FFFF0F000000F0BF2DE9F04FD84B994280
:10D1A00087B08046894643DDD64B99420E4600F350
:10D1B000F480D54B994240F32D819FEDBB7B8DEDE3
:10D1C000047B4FEA215A0446AAF2FF3ACF4BC6F33A
:10D1D00013069E4246F07F5500F3128145F4401538
:10D1E000204629460022CA4B24F082FD0022044634
:10D1F0000D46C84B24F034FF22462B4624F030FF66
:10D20000A046CDE90201A946CDE90001002E3AD1A0
:10D21000002200232046294625F08AF9002800F044
:10D220001B81BAF1000F40F0858100200021B8E099
:10D23000B94B21F000449C420A460FDD0022B74B57
:10D2400025F076F9002800F0AF80002200230020AE
:10D25000B34925F02FF807B0BDE8F08FB14B9C42E1
:10D2600040F3AF80B04B1A449A4240F2D380002280
:10D27000A84B24F0F5FE42464B4624F0F1FECDE9E2
:10D2800000014FF0000A00224FF08043404649461B
:10D2900024F030FD02460B464046494625F00AF888
:10D2A00002460B4606460F4624F0DAFE80A3D3E979
:10D2B000002304460D4624F0D3FE7FA3D3E90023C8
:10D2C00024F018FD22462B4624F0CAFE7CA3D3E9A5
:10D2D000002324F00FFD22462B4624F0C1FE7AA342
:10D2E000D3E9002324F006FD22462B4624F0B8FEA5
:10D2F00077A3D3E9002324F0FDFC22462B4624F03B
:10D30000AFFE75A3D3E9002324F0F4FC22462B469C
:10D3100024F0A6FE72A3D3E9002324F0EBFC2246FE
:10D320002B4624F09DFEDDE9002324F0E3FC324689
:10D330003B4624F095FE04460D46BAF1000F00F07E
:10D34000A880504624F022FE67A3D3E9002382463A
:10D350008B4624F085FE66A3D3E9002306460F46DC
:10D360005046594624F07CFEDDE9042324F0C2FC3B
:10D3700022462B4624F0BEFC02460B46DDE90001A6
:10D3800024F0B6FC42464B4624F0B2FC02460B4663
:10D390003046394624F0ACFC03E002460B4624F04C
:10D3A000A9FC07B0BDE8F08F42464B4640464946CF
:10D3B00024F09EFC02460B4624F07CFF07B0BDE83B
:10D3C000F08F0022594B24F095FC0022002325F019
:10D3D000D7F810B1564B9C4262DD42464B46404660
:10D3E000494624F03DFE00224A4B24F039FE024615
:10D3F0000B464046494624F07BFC07B0BDE8F08F61
:10D4000045F40015C6F5801620462946B6100AF1E7
:10D41000010AE7E600223E4B4046494624F06AFCFA
:10D420004FEA215AAAF2FF3ABAF1000F04460D461C
:10D430000E4640F3BD8042464B4624F059FC02465E
:10D440000B460020324924F053FC22462B4624F0A0
:10D4500031FFCDE90401B9E627A3D3E90023204633
:10D46000294624F0FDFD02460B460020284924F001
:10D470003FFCDDE9022324F0F3FD06460F46BAF136
:10D48000000F75D102460B462046294624F030FC99
:10D4900087E702460B46DDE9000124F029FCA6E7F8
:10D4A000404649467DE700BF000000000000000044
:10D4B00044523EDF12F1C23F9FC678D0099AC33F63
:10D4C000DE03CB966446C73FAF788E1DC571CC3F57
:10D4D000599322942449D23F04FA97999999D93FB4
:10D4E000935555555555E53F0000E0FE422EE63F69
:10D4F000763C7935EF39EA3D555555555555E53F5B
:10D500007982DA3FFFFFEF7FFFFF3F439DA00600D8
:10D510000000F03F0000E03FFFFFEF3F0000F0BFE2
:10D52000000050C3FFFF1F3E3C412D400000504310
:10D53000FFFF8F3C504624F029FD24A3D3E90023AC
:10D5400006460F4624F08CFDDDE9042324F0D2FBCF
:10D5500020A3D3E9002304460D463046394624F083
:10D560007FFD02460B462046294624F0C3FB18E700
:10D57000504624F00BFD17A3D3E9002382468B46C7
:10D5800024F06EFD11A3D3E900238046894650465E
:10D59000594624F065FDDDE9042324F0ABFB024687
:10D5A0000B463046394624F0A3FB22462B4674E74F
:10D5B0000022054B24F09CFB02460B4640464946A0
:10D5C00024F096FB41E700BF0000F03F763C793540
:10D5D000EF39EA3D0000E0FE422EE63F0000000089
:10D5E00008B522F00FF804A3D3E9002324F062FE6B
:10D5F00008BD00BFAFF30080EF39FAFE422EE63FD0
:10D600002DE9F043DFF8B4808BB004460D4600F0FE
:10D6100057FF98F90030013306460F462CD02246BA
:10D620002B462046294624F0B5FF814620BB2046E4
:10D63000294621F073FC1FA3D3E9002324F0A0FFA7
:10D64000D0B1194A98F90030CDF820900321CDE9E6
:10D650000445CDE90245CDE9001293B113490020FC
:10D66000022BCDE9060111D124F0BAFA222303607E
:10D67000089B9BB9DDE90667304639460BB0BDE82B
:10D68000F0830B4B4FF06042CDE90623684623F050
:10D6900053FF0028E8D0089B002BEBD024F0A0FA21
:10D6A000089B0360E6E700BF8C5A04000000F07F8F
:10D6B000FFFFEF477DF8B98FCE338640322300203D
:10D6C0002DE9F043DFF8E4808BB004460D4600F00E
:10D6D000A7FF98F90030013306460F4633D02046A5
:10D6E000294623F023FF70B32CA3D3E9002320465F
:10D6F000294624F045FF814650BB2AA3D3E90023E5
:10D700002046294624F01EFFE8B198F90030204A4F
:10D71000CDF82090002000210426022BCDE90445FD
:10D72000CDE902450096CDE90601019229D068466F
:10D7300023F002FF28B3089B1BB124F051FA089B89
:10D740000360DDE90667304639460BB0BDE8F0837B
:10D750000F4A98F90030019203210022CDE90445D7
:10D76000CDE90245009108922BB90A4B4FF0604277
:10D77000CDE90623DBE708490020022BCDE90601AD
:10D78000D5D124F02DFA22230360D4E7AFF3008033
:10D79000945A0400FFFFEF470000F07FEF39FAFED4
:10D7A000422E864051302DD5104987C032230020AB
:10D7B0002DE9F84FC44E21F00043B34204460D4614
:10D7C0000DDD03F1404303F58013034340F0B980BE
:10D7D000002940F3408100200021BDE8F88FBB4EB6
:10D7E000B34208DCBA4A934200F3B5809CA1D1E968
:10D7F0000001BDE8F88F0029C0F2708102460B4697
:10D800000020B44924F074FA0022B34B24F028FC21
:10D8100004460D4622F030FC93A3D3E90023894649
:10D8200080462946204624F01BFC91A3D3E900231F
:10D8300024F060FA22462B4624F012FC8EA3D3E992
:10D84000002324F055FA22462B4624F009FC8CA331
:10D85000D3E9002324F04EFA22462B4624F000FCA4
:10D8600089A3D3E9002324F043FA22462B4624F06F
:10D87000F7FB87A3D3E9002324F03CFA22462B468A
:10D8800024F0EEFB84A3D3E9002382468B46204696
:10D89000294624F0E5FB82A3D3E9002324F028FAEB
:10D8A00022462B4624F0DCFB7FA3D3E9002324F09F
:10D8B00021FA22462B4624F0D3FB7DA3D3E9002393
:10D8C00024F016FA22462B4624F0CAFB0022814B94
:10D8D00024F010FA02460B465046594624F0EAFC62
:10D8E00042464B4624F0BCFB002682468B4632461D
:10D8F0004B463046494624F0B3FB02460B462046D1
:10D90000294624F0F5F9324604460D464B4640467A
:10D91000494624F0EFF902460B462046294624F0FA
:10D92000C9FC02460B465046594624F0E3F93246FC
:10D930004B4624F0DFF902460B4624F0DBF9BDE844
:10D94000F88F02460B4624F0D3F902460B4624F02A
:10D95000B1FCBDE8F88F02460B4624F081FB42A3E0
:10D96000D3E9002306460F4624F07AFB40A3D3E90F
:10D97000002324F0BFF932463B4624F071FB3EA35E
:10D98000D3E9002324F0B4F932463B4624F068FB87
:10D990003BA3D3E9002324F0ADF932463B4624F003
:10D9A0005FFB39A3D3E9002324F0A2F932463B46BA
:10D9B00024F056FB36A3D3E9002324F09BF932462A
:10D9C0003B4624F04DFB34A3D3E90023804689462F
:10D9D0003046394624F044FB31A3D3E9002324F038
:10D9E00087F932463B4624F03BFB2FA3D3E90023C3
:10D9F00024F080F932463B4624F032FB2CA3D3E9D5
:10DA0000002324F075F932463B4624F029FB00221E
:10DA1000304B24F06FF902460B464046494624F04D
:10DA200049FC22462B4624F01BFB02460B4622A152
:10DA3000D1E9000124F05CF902460B462046294654
:10DA400024F056F902460B4605A1D1E9000124F065
:10DA50004FF9BDE8F88F1AA1D1E9000179E700BFBD
:10DA6000182D4454FB21F93F09F7FD0DE13D023F1C
:10DA700088B20175E0EF493F3B8F68B52882A43F2B
:10DA80005544880E55C1C93F7D6FEB0312D6D43F74
:10DA9000555555555555C53F82922EB1C5B8B33F22
:10DAA00059018D1B6C06E63FC88A599CE52A004047
:10DAB0004B2D8A1C273A0340075C143326A6913C61
:10DAC000182D4454FB210940FFFFEF3FFFFFDF3FCC
:10DAD0000000603C0000F03F0000E03F00225C4B93
:10DAE00024F008F900225B4B24F0BAFA40A3D3E9F2
:10DAF000002304460D4624F0B3FA3FA3D3E90023E4
:10DB000024F0F8F822462B4624F0AAFA3CA3D3E9E5
:10DB1000002324F0EDF822462B4624F0A1FA3AA384
:10DB2000D3E9002324F0E6F822462B4624F098FAA5
:10DB300037A3D3E9002324F0DBF822462B4624F058
:10DB40008FFA35A3D3E9002324F0D4F822462B46DC
:10DB500024F086FA804689462046294622F08CFA2F
:10DB60002FA3D3E9002306460F462046294624F07A
:10DB700077FA2DA3D3E9002324F0BAF822462B46E6
:10DB800024F06EFA2AA3D3E9002324F0B3F8224646
:10DB90002B4624F065FA28A3D3E9002324F0A8F843
:10DBA00022462B4624F05CFA0022294B24F0A2F8EE
:10DBB00002460B464046494624F07CFB32463B4633
:10DBC00024F04EFA1EA3D3E9002324F091F8324644
:10DBD0003B4624F08FF802460B4624F08BF80246B1
:10DBE0000B4619A1D1E9000124F082F8B1E600BF8B
:10DBF00009F7FD0DE13D023F88B20175E0EF493FB5
:10DC00003B8F68B52882A43F5544880E55C1C93F53
:10DC10007D6FEB0312D6D43F555555555555C53F2D
:10DC200082922EB1C5B8B33F59018D1B6C06E63FF9
:10DC3000C88A599CE52A00404B2D8A1C273A03408C
:10DC4000075C143326A6913C182D4454FB2109404F
:10DC50000000F03F0000E03F414A91422DE9F843C7
:10DC600004460D4637DD3F4A91420B4608DD02F17E
:10DC7000795291423DDD024624F03CF8BDE8F8833C
:10DC800001F1404202F5801202432ED0B1F1804FE3
:10DC900037DC0022344B24F02BF802460B460446B6
:10DCA0000D4624F027F8224606460F462B4620460E
:10DCB000294624F0D5F902460B463046394624F071
:10DCC00019F822F0D9F922462B4624F013F8BDE8C2
:10DCD000F843FFF761BA02460B4624F009F8024602
:10DCE0000B4624F0E7FABDE8F88300200021BDE8E8
:10DCF000F88300F00DFE18A3D3E9002323F0FAFF08
:10DD0000F1E7024624F0ACF90022174B23F0F0FFB4
:10DD100022F0B2F92246804689462B462046294603
:10DD200023F0E8FF224606460F462B46404649466A
:10DD300023F0E0FF02460B4600200B4924F0BAFA1C
:10DD40000B4602463946304623F0D2FFBDE8F84381
:10DD500000F0DEBDAFF30080EF39FAFE422EE63F61
:10DD6000FFFFEF3FFFFFAF410000F03F000000006A
:10DD70002DE9F04FAE4B21F000479F4287B004469B
:10DD80000D4611DD07F1404707F5801703463B4379
:10DD900021D002460B4623F0ABFF02460B4624F08F
:10DDA00089FA07B0BDE8F08FA24B9F420E4629DCEE
:10DDB000B7F1795F80F2468181A3D3E9002323F094
:10DDC00099FF00229C4B24F0DBFBD8B1204629466A
:10DDD00007B0BDE8F08F7CA3D3E9002324F040F91D
:10DDE0007BA3D3E9002306460F462046294624F0AC
:10DDF00037F902460B463046394623F07BFF07B021
:10DE0000BDE8F08F2046294621F088F802460B46EF
:10DE10000020894923F06CFF0022884B24F020F970
:10DE20006DA3D3E9002304460D4624F019F96CA331
:10DE3000D3E9002323F05EFF22462B4624F010F99D
:10DE400069A3D3E9002323F053FF22462B4624F095
:10DE500007F967A3D3E9002323F04CFF22462B46A2
:10DE600024F0FEF864A3D3E9002323F041FF224607
:10DE70002B4624F0F5F862A3D3E9002323F03AFF00
:10DE800022462B4624F0ECF85FA3D3E90023CDE92A
:10DE900000012046294624F0E3F85DA3D3E90023DE
:10DEA00023F026FF22462B4624F0DAF85AA3D3E9C2
:10DEB000002323F01FFF22462B4624F0D1F858A35D
:10DEC000D3E9002323F014FF22462B4624F0C8F8A0
:10DED000594B002223F00EFF82468B4620462946EE
:10DEE000CDE902AB22F0C8F8554B9F4280468946E7
:10DEF00000F3198102460B4623F0FCFEDDE9022304
:10DF0000CDE90401DDE9000124F0D4F902460B4615
:10DF1000DDE9040124F0A4F84FF0000ACDE9000186
:10DF200052464B465046494624F09AF802460B4664
:10DF30002046294623F0DCFE524604460D464B4659
:10DF40004046494623F0D6FE02460B462046294667
:10DF500024F0B0F902460B4623F0CCFE02460B46F5
:10DF60001BA1D1E9000123F0C3FE02460B46DDE907
:10DF7000000123F0BDFE524604460D464B46504676
:10DF8000494623F0B7FE02460B4627A1D1E900011E
:10DF900023F0AEFE02460B462046294623F0A8FE9B
:10DFA00002460B4620A1D1E9000123F0A1FE002E7C
:10DFB0003FF7F7AE01F100431946F2E6AFF30080F8
:10DFC0009C7500883CE4377E182D4454FB21F93FB2
:10DFD000075C143326A6913C09F7FD0DE13D023F95
:10DFE00088B20175E0EF493F3B8F68B52882A43FB6
:10DFF0005544880E55C1C93F7D6FEB0312D6D43FFF
:10E00000555555555555C53F82922EB1C5B8B33FAC
:10E0100059018D1B6C06E63FC88A599CE52A0040D1
:10E020004B2D8A1C273A0340182D4454FB21E93F0D
:10E03000FFFFEF3FFFFFDF3F0000F03F0000E03F4A
:10E040003233EF3F02460B4624F00AF84BA3D3E9E4
:10E05000002306460F4624F003F84AA3D3E9002321
:10E0600023F048FE32463B4623F0FAFF47A3D3E9AC
:10E07000002323F03DFE32463B4623F0F1FF45A34B
:10E08000D3E9002323F036FE32463B4623F0E8FF77
:10E0900042A3D3E9002323F02BFE32463B4623F074
:10E0A000DFFF40A3D3E9002323F024FE32463B46A2
:10E0B00023F0D6FF3DA3D3E90023804689463046AE
:10E0C000394623F0CDFF3BA3D3E9002323F010FE14
:10E0D00032463B4623F0C4FF38A3D3E9002323F0A4
:10E0E00009FE32463B4623F0BBFF36A3D3E90023AB
:10E0F00023F0FEFD32463B4623F0B2FF00221E4BCA
:10E1000023F0F8FD02460B464046494624F0D2F87B
:10E1100022462B4623F0A4FF22462B4623F0EAFD9D
:10E1200007B0BDE8F08F52465B46DDE9000124F000
:10E13000C1F842464B4623F093FF42464B4623F03C
:10E14000D9FD02460B4623F0D5FD07A3D3E90023F2
:10E1500023F0CEFD02460B4605A1D1E9000123F0D4
:10E16000C7FD24E7AFF30080075C143326A6913C7B
:10E17000182D4454FB21F93F0000F03F09F7FD0D35
:10E18000E13D023F88B20175E0EF493F3B8F68B542
:10E190002882A43F5544880E55C1C93F7D6FEB03CB
:10E1A00012D6D43F555555555555C53F82922EB17F
:10E1B000C5B8B33F59018D1B6C06E63FC88A599C10
:10E1C000E52A00404B2D8A1C273A0340000000003E
:10E1D0002DE9F84F1D465342134325F00049DFF85F
:10E1E000C8C149EAD3736345144606460F4626D88C
:10E1F000C0F1000848EA000821F0004A4AEAD8784D
:10E20000E04503468B461AD805F1404808F58018CA
:10E2100058EA0208AE4643D04FEAA57808F0020853
:10E220005AEA030348EAD17811D1B8F1020F55D068
:10E23000B8F1030F09D14AA1D1E9000105E0324646
:10E240003B462046294623F055FDBDE8F88F59EAA4
:10E25000020329D0E1452ED0E24525D0AAEB0909D9
:10E260004FEA2959B9F13C0F3CDC002D3EDA19F197
:10E270003C0F3BDA00200021B8F1010F4ED0B8F17D
:10E28000020F3ED0B8F1000FDFD037A3D3E900234F
:10E2900023F02EFD36A3D3E9002323F029FDD4E794
:10E2A000BDE8F84FFEF7E4BCBBF1000F12DB32A172
:10E2B000D1E90001C9E7CA4534D0B8F1020F0DD049
:10E2C000B8F1030FB7D0B8F1010F4FF0000036D00E
:10E2D0000021BAE72AA1D1E90001B6E724A1D1E9DA
:10E2E0000001B2E724A1D1E90001C5E722462B468F
:10E2F0003046394623F0DEFF20F010FEFEF7B8FC72
:10E30000BAE719A3D3E9002323F0F2FC02460B4637
:10E3100017A1D1E9000123F0EBFC96E701F10043DE
:10E32000194692E7B8F1020F14D0B8F1030F0DD0DF
:10E33000B8F1010F06D014A1D1E9000185E74FF033
:10E34000004182E712A1D1E900017EE712A1D1E9E3
:10E3500000017AE712A1D1E9000176E7AFF300806E
:10E36000182D4454FB2109C0075C143326A6A13C98
:10E37000182D4454FB210940182D4454FB21F93F2A
:10E38000182D4454FB21F9BF182D4454FB21E93FBB
:10E39000182D4454FB21E9BFD221337F7CD902C020
:10E3A000D221337F7CD902400000F07F00000000C2
:10E3B00043422DE9F047034321F000463C4A46EA38
:10E3C000D373934204460D462AD8964240D0394B27
:10E3D0009E428A462EDD384B9E4235463FDD33460F
:10E3E0000246314623F086FC224606460F462B465F
:10E3F00000202F4923F07CFC02460B46304639466C
:10E4000023F058FFFEF7C8FE00222C4B23F028FE15
:10E41000BAF1000F0CDA01F100431946BDE8F087AC
:10E4200002460B4623F064FC02460B4623F042FFF3
:10E43000BDE8F0871CA3D3E9002323F05BFC002296
:10E44000002324F09DF848B120462946BDE8F08716
:10E450000022002323F02EFFBDE8F0873546224638
:10E460002B462046294623F045FC22462B460646ED
:10E470000F4623F0F5FD2246804689462B460020B4
:10E480000B4923F035FC02460B464046494623F033
:10E4900011FF32463B4623F02DFCFEF77DFE0022A5
:10E4A000064B23F0DDFDB3E79C7500883CE4377E26
:10E4B0000000F03FFFFF2F3EFFFFDF3F0000E03F87
:10E4C0002DE9F8434E4B21F000449C4206460F468E
:10E4D0001BDC4C4B9C4222DD4B4B9C4254DD4B4B96
:10E4E0009C4246DD4A4B9C426FDD01339C4269D021
:10E4F00041A3D3E900231046194623F0B1FD064697
:10E500000F4630463946BDE8F88302460B4623F0F5
:10E51000A7FD06460F4630463946BDE8F88320F091
:10E52000FDFC01F0F9FE00223A4B8046894623F0BB
:10E53000E1FBB4F1725F06460F46ECDB42464B4608
:10E540004046494623F08CFD32463B4604460D4684
:10E550003046394623F0CEFB02460B46204629467C
:10E5600023F0A8FE00222B4B23F0C4FB06460F46E7
:10E57000D1E720F0D3FC00F053F80022264B23F023
:10E580006FFD06460F46C6E720F0C8FC00F048F8CD
:10E590000022214B06460F4623F062FD3246044618
:10E5A0000D463B4600201C4923F084FE02460B46E4
:10E5B0002046294623F09EFB06460F463046394644
:10E5C000BDE8F883154B984292D83046394620F082
:10E5D000A5FC0022104B23F043FD00F021F800229F
:10E5E00004460D460C4B23F03BFD22462B4623F000
:10E5F00037FD06460F468EE79C7500883CE4377E63
:10E60000FFFFEF7F422ED63FFFFF3540412E864071
:10E61000CD3386400000F03F0000E03F7DF8B98F29
:10E620002DE9F047B04F21F00042BA4284B00446D1
:10E630000D464FEAD17610D9AC4FBA4240F28A80EB
:10E64000C1F313030343024640F0F180002E7ED055
:10E650000020002104B0BDE8F087A54B9A4200F2EB
:10E66000B680A44B9A4240F2D1804FF0000A224675
:10E670002B462046294623F0F3FC85A3D3E900234B
:10E6800006460F4623F0ECFC83A3D3E9002323F0D6
:10E690002FFB32463B4623F0E3FC81A3D3E9002362
:10E6A00023F028FB32463B4623F0DAFC7EA3D3E975
:10E6B000002323F01DFB32463B4623F0D1FC7CA314
:10E6C000D3E9002323F016FB32463B4623F0C8FC77
:10E6D00002460B462046294623F00AFB02460B461B
:10E6E00006460F462046294623F0BAFC8046894656
:10E6F000BAF1000F00F0AB8032463B4600204FF0ED
:10E70000804123F0F5FA02460B464046494623F085
:10E71000D1FD02460B46DDE9020123F0E9FADDE90D
:10E72000002323F0E5FA0B4602467349002023F04C
:10E73000DFFA6FF47F739A4580F2A3800AF57A7A44
:10E7400001EB0A5100224FF0B87323F089FC04B0AA
:10E75000BDE8F08758A3D3E9002323F011FF002878
:10E760006BD157A3D3E900232046294623F0EAFEC4
:10E7700000287FF46DAF614953A3D3E9002301EB77
:10E78000C6062046294623F06BFCD6E9002323F079
:10E79000B1FA23F015FF824623F0F8FB4CA3D3E92E
:10E7A000002306460F4623F05BFC02460B4620463C
:10E7B000294623F09DFA48A3D3E90023CDE90001BF
:10E7C0003046394623F04CFCCDE9020115E04C4BB4
:10E7D0009A42D0D84B4BF4002344D3E9002323F0D2
:10E7E00087FA494B234493ED007BCDE900018DED81
:10E7F000027BC6F1010AAAEB060ADDE90223DDE984
:10E80000000123F075FA04460D4630E734A3D3E93E
:10E81000002323F06FFA0022374B23F0B1FEA8B398
:10E82000204629460022344B23F064FA8FE70B463A
:10E8300023F060FA04B0BDE8F08729A3D3E90023F0
:10E840001046194623F00CFC04B0BDE8F0873046B2
:10E85000394600224FF0804323F04AFA02460B4625
:10E860004046494623F026FD22462B4623F040FA37
:10E8700002460B460020204923F03AFA04B0BDE8D6
:10E88000F08701EB0A5104B0BDE8F0878246EEE65E
:10E89000D0A4BE726937663EF16BD2C541BDBB3EA6
:10E8A0002CDE25AF6A56113F93BDBE166CC1663F84
:10E8B0003E5555555555C53FEF39FAFE422E864017
:10E8C00051302DD5104987C0FE822B654715F73F83
:10E8D0000000E0FE422EE63F763C7935EF39EA3D16
:10E8E0009C7500883CE4377E412E8640FFFFEF7F19
:10E8F000422ED63FFFFF2F3E0000F03F5034040071
:10E90000B1A2F03F60340400703404000000000045
:10E910002DE9F04FB1F5801F85B006460F460B4636
:10E9200080F2D08021F00042024300F0DA8000291A
:10E93000C0F2E9800022D64B23F092FBD54A0B4669
:10E94000934206460F466FF0350E00F3C180C3F3C5
:10E95000130505F5152C0CF6647C0CF4801C8CF06A
:10E960007F5282F440121C1542EA0507A4F2FF34DC
:10E9700074440022C84B3046394604EB1C5423F043
:10E98000B7F9AB1CC3F31303022B82468B464FF03F
:10E99000000240F3AF804FF0804323F0ABF9024612
:10E9A0000B465046594623F085FC064620460F4646
:10E9B00023F0ECFA3246CDE902013B4630463946B7
:10E9C000CDE9006723F04CFB02460B4680468946A2
:10E9D00023F046FB9AA3D3E9002306460F4623F013
:10E9E0003FFB99A3D3E9002323F084F932463B4649
:10E9F00023F036FB96A3D3E9002323F07BF93246BC
:10EA00003B4623F02DFB94A3D3E9002323F072F9B6
:10EA100042464B4623F024FB91A3D3E900238046D2
:10EA200089463046394623F01BFB8FA3D3E90023E8
:10EA300023F060F932463B4623F012FB8CA3D3E966
:10EA4000002323F057F932463B4623F009FB0B46DF
:10EA500002464946404623F04DF9A5F5C223C5F5C7
:10EA6000D725A3F27A4351351D43002D06460F46A4
:10EA700040F387800022894B5046594623F0F0FA34
:10EA800052465B4623F0ECFA02460B468046894626
:10EA90003046394623F02EF9DDE9002323F0E0FA71
:10EAA00006460F46002C40F0818002460B46404649
:10EAB000494623F01DF902460B465046594623F0BD
:10EAC00017F90BE0734A93424FF0000E7FF73FAF08
:10EAD00032463B463046394623F00CF905B0BDE8D6
:10EAE000F08F0022002300206D4923F0E3FB05B0E6
:10EAF000BDE8F08F002323F01BFD60B1002C7CD11A
:10EB000000200021EAE7024623F0F2F80022002369
:10EB100023F0D0FBE2E758A3D3E90023504659463F
:10EB200023F09EFA02460B4600205C4923F0E0F8F1
:10EB3000524606460F465B465046594623F090FA29
:10EB400002460B463046394623F08AFA06460F46FF
:10EB50002CB3204623F01AFA49A3D3E900238046B8
:10EB6000894623F07DFA48A3D3E9002304460D46E5
:10EB70004046494623F074FA02460B463046394671
:10EB80002CE002460B465046594623F0B1F8DDE929
:10EB9000002323F065FA06460F46002C47D1324683
:10EBA0003B465046594623F0A3F897E734A3D3E9F0
:10EBB0000023DDE9020123F053FA33A3D3E9002354
:10EBC00004460D46DDE9020123F04AFA32463B468F
:10EBD00023F090F802460B464046494623F088F859
:10EBE00052465B4623F084F802460B4620462946EF
:10EBF00023F07EF805B0BDE8F08F204623F0C6F97B
:10EC00001FA3D3E9002306460F4623F029FA1EA3CB
:10EC1000D3E9002304460D463046394623F020FA56
:10EC200002460B462046294623F064F856E7DDE904
:10EC3000028913A3D3E900234046494691E700BF68
:10EC400044523EDF12F1C23FDE03CB966446C73F1B
:10EC5000599322942449D23F935555555555E53F34
:10EC60009FC678D0099AC33FAF788E1DC571CC3F3F
:10EC700004FA97999999D93F555555555555D53F0A
:10EC80000000E0FE422EE63F763C7935EF39EA3D62
:10EC900000005043FFFFEF7F0000F03F0000E03F27
:10ECA000000050C300000000B1F5801F2DE9F843BB
:10ECB00004460D460B4619DA21F00042024359D0B2
:10ECC00000295FDB00223A4B23F0CAF9394A0D468E
:10ECD0002B46934204466FF035010CDD22462B464D
:10ECE0002046294623F006F8BDE8F883314A9342CE
:10ECF0004FF00001F2DC1815A0F2FF3008444FEA93
:10ED0000D0794844C3F3130823F040F9C9F57F7361
:10ED1000033348EA035506460F4620462946FFF7C7
:10ED2000F7FD1DA3D3E900238046894630463946C6
:10ED300023F096F91AA3D3E9002304460D46404672
:10ED4000494623F08DF902460B462046294622F01B
:10ED5000D1FF15A3D3E9002304460D4630463946BA
:10ED600023F07EF902460B462046294622F0C2FFD8
:10ED7000BDE8F8830022002300200F4923F09AFA0F
:10ED8000BDE8F883024622F0B3FF0022002323F0FF
:10ED900091FAA9E7AFF30080362BF111F3FE593D4C
:10EDA0000EE526157BCBDB3F00609F501344D33F1D
:10EDB00000005043FFFFEF7F000050C30000000041
:10EDC0002DE9F047CA4B21F000479F4290B08046A2
:10EDD000894640F38F80C74B9F420C46924626DC03
:10EDE0000029B9A3D3E9002340F38F8022F080FFEC
:10EDF000C14B9F4204460D4600F04781B4A3D3E9BE
:10EE0000002322F075FF02460B46CAE90023204684
:10EE1000294622F06DFFAEA3D3E9002322F068FF5C
:10EE20000125CAE90201284610B0BDE8F087B34BBE
:10EE30009F4240F38980B24B9F4200F31C813D15F5
:10EE4000A5F21645A7EB055319461F46064623F0C3
:10EE5000B7FB23F09BF88046894642464B46304636
:10EE60003946CDE90A8922F043FF0022A54B23F061
:10EE7000F7F88946804623F0A3FB23F087F806467F
:10EE80000F4632463B4640464946CDE90C6722F0E4
:10EE90002FFF00229B4B23F0E3F800220023CDE953
:10EEA0000E0123F045FB002800F06081002330466E
:10EEB0003946002223F03CFB002814BF0123022323
:10EEC000914A019202212A4600910AA8514600F077
:10EED00087FB002C054614DADAF80420DAF80C3047
:10EEE00002F1004203F100434542CAF80420CAF887
:10EEF0000C3006E000200021C2E90089C2E90201CD
:10EF00000025284610B0BDE8F08722F0F3FE7A4BCA
:10EF10009F4204460D4600F00B816DA3D3E9002308
:10EF200022F0E8FE02460B46CAE9002329462046A5
:10EF300022F0DEFE66A3D3E9002322F0DBFE4FF0D1
:10EF4000FF35CAE90201DCE71FF0E8FF62A3D3E95D
:10EF500000238046894623F083F800226B4B22F081
:10EF6000C9FE23F02DFB054623F010F856A3D3E984
:10EF70000023CDE9060123F073F802460B46404614
:10EF8000494622F0B5FE52A3D3E9002380468946C4
:10EF9000DDE90601CDE9028923F062F81F2D024662
:10EFA0000B46CDE9042340F3B380DDE90423DDE91A
:10EFB000020122F09DFE804689463F15C9F30A539F
:10EFC000FB1A102B40F3B18045A3D3E90023DDE900
:10EFD000060123F045F88046894602460B46DDE9E6
:10EFE000020122F085FE02460B46DDE90201CDE971
:10EFF000082322F07DFE42464B4622F079FE3AA3DA
:10F00000D3E9002380468946DDE9060123F028F88C
:10F0100042464B4622F06CFE0B46CDE90401024607
:10F02000DDE9080122F064FEC1F30A53FF1A312F13
:10F030008046894600F39C809DED087BCAE90089E3
:10F040008DED027B42464B46DDE9020122F050FE87
:10F05000DDE9042322F04CFE002CCAE90201BFF6D0
:10F0600050AF09F1004401F100436D42CAE9008448
:10F07000CAE9020345E702460B4622F039FE0025A5
:10F08000CAE90201CAE900013BE715A3D3E900235D
:10F0900022F02EFE14A3D3E900230D46044622F0ED
:10F0A00027FE02460B46CAE900232946204622F0E5
:10F0B0001FFE0DA3D3E9002322F01AFE0125CAE9A1
:10F0C00002011EE7AFF3008000004054FB21F93F2E
:10F0D0003163621A61B4D03D83C8C96D305FE43FCB
:10F0E0000000601A61B4D03D7370032E8A19A33BEF
:10F0F000FB21E93F7BD90240FB21F93FFB2139414C
:10F10000FFFFEF7F00007041545B04000000E03F10
:10F110004046494622F0ECFD394B6A1E804653F8C2
:10F120002230BB4289463FF448AFCAE9008989E7EB
:10F130002BA3D3E9002322F0DDFD2BA3D3E9002389
:10F140000D46044622F0D6FD02460B46CAE90023CE
:10F150002946204622F0CCFD23A3D3E9002322F048
:10F16000C9FD4FF0FF35CAE90201CAE60323A7E64D
:10F170001FA3D3E90023DDE9060122F071FF064653
:10F180000F4602460B46DDE9080122F0B1FD80463C
:10F19000894602460B46DDE90801CDE9028922F0E5
:10F1A000A7FD32463B4622F0A3FD13A3D3E900237B
:10F1B00006460F46DDE9060122F052FF32463B4685
:10F1C00022F096FD02460B4640464946CDE904230F
:10F1D00022F08EFD80468946A7E700BFAFF300808E
:10F1E0000000601A61B4D03D7370032E8A19A33BEE
:10F1F0000000002E8A19A33BC14920259A837B3940
:10F20000D45A040000000000574A2DE9F84F21F0BD
:10F210000048904506460F462CDC544B0029B4BFED
:10F22000534D544D98454FF0000411DC524B984516
:10F2300026DC4BA3D3E9002322F05CFD00224F4BD8
:10F2400023F09EF9002840D030463946BDE8F88FBB
:10F250004B4B984530DD4B4B984568DD0133984565
:10F2600062D0304639463EA3D3E9002322F0F8FEAF
:10F27000BDE8F88F02460B4622F03CFDBDE8F88F52
:10F280001FF04CFE01F048F83F4B984506460F46EC
:10F2900023DD0022394B22F02DFD02460B4630467D
:10F2A000394623F007F832463B4622F023FD22463A
:10F2B0002B4622F0D5FEE1E71FF030FEFFF7B0F954
:10F2C00022462B4622F0CCFED8E7304639461FF0C6
:10F2D00025FE01F021F806460F4632463B463046F1
:10F2E000394622F007FD324682468B463B46304681
:10F2F000394622F0B5FE0022804689461F4B304633
:10F30000394622F0F7FC02460B464046494622F0B9
:10F31000D1FF02460B465046594622F0E9FC2246F0
:10F320002B4622F09DFEA9E7184B984299D830460B
:10F3300039461FF0F3FD00220E4B22F091FEFFF73D
:10F340006FF906460F4602460B462046294622F034
:10F3500087FE32463B4622F083FE8FE7AFF3008004
:10F360003374AC3C1F7BAC7FFFFFEF7FFFFF35406A
:10F370000000E0BF0000E03FFFFF2F3E0000F03F35
:10F38000412E8640CD338640FFFFEF3F7DF8B98F99
:10F390002DE9F04F21F00048B8F1795F85B00646BD
:10F3A0000F4692469B466BDA23F00AF9002800F0DC
:10F3B000E18032463B463046394622F051FE74A386
:10F3C000D3E9002304460D4622F04AFE72A3D3E996
:10F3D000002322F08FFC22462B4622F041FE70A330
:10F3E000D3E9002322F084FC22462B4622F038FE8B
:10F3F0006DA3D3E9002322F07DFC22462B4622F0A8
:10F400002FFE6BA3D3E9002322F072FC22462B4689
:10F4100022F026FE68A3D3E9002322F06BFC2246EB
:10F420002B4622F01DFECDE900010022664B20464E
:10F43000294622F015FEDDE9002380468946204654
:10F44000294622F00DFE524604460D465B463046E4
:10F45000394622F005FE02460B462046294622F098
:10F4600047FC02460B464046494622F041FC024614
:10F470000B460020554922F03BFC05B0BDE8F08F5B
:10F4800002460B4622F0ECFD41A3D3E900230446DB
:10F490000D4622F0E5FD40A3D3E9002322F02AFC2B
:10F4A00022462B4622F0DCFD3DA3D3E9002322F0C7
:10F4B0001FFC22462B4622F0D3FD3BA3D3E90023B9
:10F4C00022F018FC22462B4622F0CAFD38A3D3E9CD
:10F4D000002322F00DFC22462B4622F0C1FD36A36C
:10F4E000D3E9002322F006FC2B46224622F0B8FD89
:10F4F000374B9845CDE9000197DD364B98453EDC0A
:10F50000A8F500130022002030499046994622F0C9
:10F51000EFFBCDE9020100222B4B2046294622F0C9
:10F520009FFD42464B4622F0E3FBDDE90023804687
:10F5300089462046294622F093FD524604460D4650
:10F540005B463046394622F08BFD02460B4620468C
:10F55000294622F0CDFB02460B464046494622F0A2
:10F56000C7FB02460B46DDE9020122F0C1FB05B0F4
:10F57000BDE8F08F1549002005B0BDE8F08F9FED84
:10F58000107B4FF000088DED027BDFF84C90C2E756
:10F59000D43888BEE9FAA8BDC4B1B4BD9EEE213E00
:10F5A000AD529C804F7E923E9015CB19A001FA3E41
:10F5B0007751C1166CC1563F4C5555555555A53F11
:10F5C000000000000000E73F0000E03F0000F03FC7
:10F5D0003233D33F0000E93F0000D23F000000007B
:10F5E0002DE9F04FADF5197DBE4CA29EBE4D54F8ED
:10F5F00026600793D41E85FB0475E417C4EBA504AD
:10F6000024EAE4741D46631CA3EB8303013D02EB73
:10F61000C3030593731904960994019503900B9104
:10F62000A4EB05071AD43B44002400255E1C0DF111
:10F630008008DDF88C9208E059F8270022F0A6FC3B
:10F640000137B742E8E8020108D0002FF4DA0137A9
:10F6500020462946B742E8E80201F6D1049B002B78
:10F66000079B4FEAC30302932ADB039A20A902EB0C
:10F67000030801EB0309049B72AA02EBC30B0DF50F
:10F68000E07A019B002B4FF000064FF0000711DBE2
:10F69000039C4D4675E90223F4E8020122F0E0FCE8
:10F6A00002460B463046394622F024FB44450646C6
:10F6B0000F46EFD1EAE80267DA4509F10809E0D11F
:10F6C000DDE90204049920448B0082460BA8A3F1D3
:10F6D0000802C31808930CAB13440A938B4698ABEB
:10F6E00003EBCB03BBF1000F53E9284529DD70ABD9
:10F6F00003EBCB080DF1300900227C4B2046294654
:10F7000022F0AEFC22F05CFF22F040FC0022784B9D
:10F7100006460F4622F0A4FC02460B462046294628
:10F7200022F0E6FA22F04CFF78E9022349F8040BB4
:10F730003946304622F0DEFA70AB984504460D4655
:10F74000DAD1DDF81490204629464A4601F030F817
:10F7500000224FF07F5304460D4622F081FCFDF756
:10F760009BFC0022634B22F07BFC02460B462046AA
:10F77000294622F0BDFA0D46044622F021FF8046BC
:10F7800022F004FC0B4602462946204622F0B0FA3D
:10F790004B46002B06460F4640F3E1800BF1FF324B
:10F7A0000CA9C9F1180351F8225045FA03F101FAE6
:10F7B00003F30CA8EB1A40F82230C9F1170588446E
:10F7C00043FA05F5002D2CDDBBF1000F08F101080F
:10F7D00040F381820C9C002C40F0A780BBF1010F0C
:10F7E0000AD00CA9012251F8044F531C002C40F000
:10F7F0009E809B451A46F6D1059B002B0EDD012B02
:10F8000000F0D980022B09D10BF1FF320CAB0CA90F
:10F8100053F82230C3F3150341F82230022D00F0D3
:10F82000AF80002200233046394622F081FE0028B6
:10F8300000F05382049B0BF1FF394B4510DC0BF1B8
:10F8400080430CAA013B089802EB8303002253F883
:10F850000419834242EA0102F9D1002A40F0B6803D
:10F86000049B0CAA013B52F82330002B40F0A180EE
:10F870000A9A012352F8041901330029FAD05B4493
:10F880000BF10109994506934CDC099A079909EB9C
:10F89000020801EB0B0508F1804802EB030BA39B68
:10F8A00008F1FF3803EB880870AB03EBC909A39B91
:10F8B00020A903EB8B0301EBC505029358F8040F55
:10F8C00022F064FB0B4601990246002905F1080B62
:10F8D000C5E900234FF000064FF000071CDB039C36
:10F8E0000CE000BFF45F0400ABAAAA2A0000703E3F
:10F8F000000070410000204075E90223F4E8020195
:10F9000022F0AEFB02460B463046394622F0F2F9B1
:10F91000544506460F46EFD1029B9845E9E8026739
:10F920005D46CBD1DDF818B0D9E6012300220CA941
:10F93000C4F180749B4541F822400EDD51F823202C
:10F9400001EB8B0001EB83036FF07F4100E01A684D
:10F950008A1A43F8042B8342F9D101244CE706D1DB
:10F960000BF1FF330CAA52F82350ED152AE70022C1
:10F970007B4B22F0FBFD002840F0A381054650E7B9
:10F9800032463B460020774922F0B2F906460F4640
:10F99000002C3FF446AF059A7249002000F008FFA2
:10F9A00002460B463046394622F0A2F906460F467B
:10F9B00037E7012363E70BF1FF320CAB0CA953F8D7
:10F9C0002230C3F3160341F8223027E70CAB059A27
:10F9D00053F82930183ACDE9068505926BB909F13B
:10F9E0008043013B0CA901EB830353F8041909F18F
:10F9F000FF39183A0029F8D00592059A5949002094
:10FA000000F0D6FEB9F1000F04460D46C0F2C081E9
:10FA10004FEAC90370AA02EB030808930CAB03EB8F
:10FA20008906DFF844B14FF0000A08F108070436F0
:10FA300056F8040D22F0AAFA22462B4622F010FBBB
:10FA40005B4667E9020152462046294622F008FB40
:10FA50000CAB9E4204460D46EAD148AB039301939A
:10FA6000CDF8149009F10103DDF810900293C3461C
:10FA70004FF0000AB9F1000FC0F22A81DFF8EC80E4
:10FA80005D4635A3D3E9002300260027002403E0C8
:10FA9000544510DCF8E80223F5E8020122F0E0FA10
:10FAA00002460B463046394622F024F90134A1457E
:10FAB00006460F46ECDA019BE3E802670193029BDE
:10FAC0000AF1010A9A45ABF1080BD3D1A29BDDF8EC
:10FAD0001490032B39D8DFE813F0D9000600060094
:10FAE0004D0048AB0393B9F1000F4FF000004FF009
:10FAF000000109DB039D05EBC904083474E9022306
:10FB000022F0F8F8A542F9D1079B002B40F01E81A6
:10FB10000B9BC3E900010B4603990246D1E90001A2
:10FB200022F0E6F8B9F1000F0CDD4AAD01240134F2
:10FB3000F5E8022322F0DEF8A145F8DA079B002B56
:10FB400040F014810B9BC3E90201069B03F0070000
:10FB50000DF5197DBDE8F08F00000040FB21F93F55
:10FB60000000E03F0000F03F0000703E98340400C9
:10FB700048AB0393B9F1000F40F32781039ACDF806
:10FB800010904FEAC9030193D318D3E900AB09F1F0
:10FB90000053013B02EBC9080293914678E90267E2
:10FBA00052465B463046394622F0A4F804460D46DC
:10FBB00002460B463046394622F09AF852465B46DA
:10FBC00022F098F8C145A246AB46C8E90201C8E94F
:10FBD0000045E3D1DDF81090B9F1010F40F3F58055
:10FBE000019B039A02991344C900D3E9006701F10C
:10FBF000080A019192440DF5947B7AE90289324614
:10FC00003B464046494622F075F804460D460246FA
:10FC10000B464046494622F06BF832463B4622F0FE
:10FC200069F8D34526462F46CAE90201CAE90045CC
:10FC3000E3D1019C039B1034002000211C4403F1FC
:10FC4000100574E9022322F055F8A542F9D1039C6E
:10FC5000079ED4E90023D4E90245002E00F08A80F3
:10FC600003F1004701F100430B99C1E90403069B2E
:10FC70002646944605F1004403F00700C1E900C799
:10FC8000C1E902640DF5197DBDE8F08F089C039D64
:10FC90000834002000212C4474E9022322F02AF8C1
:10FCA000A542F9D1079B13B101F1004319460B9B03
:10FCB000C3E90001069B03F007000DF5197DBDE8BF
:10FCC000F08FBBF1000F08F1010874DD022581E51A
:10FCD00000260027EFE600248EE5CDE90685059D88
:10FCE000304639466A4200F063FD0022384B064632
:10FCF0000F4622F03BFC00B30022364B304639461B
:10FD000022F0AEF922F05CFC044622F03FF900221A
:10FD10002F4B22F0A5F90B4602463946304621F01A
:10FD2000E7FF22F04DFC0BF101090CAB183543F84D
:10FD30002B00059543F829405FE63046394622F00E
:10FD40003FFC0CABD94643F82B0056E60B9C01F167
:10FD50000043C4E900030B4603990246D1E90001C0
:10FD600021F0C6FFB9F1000F3FF7DFAE01F100430C
:10FD70001946E7E60B9EC6E90023069BC6E9040187
:10FD800003F00700C6E902450DF5197DBDE8F08FC7
:10FD9000A29B032B3FF6D9AE01A252F823F000BF7D
:10FDA000B1FD0100E3FA0100E3FA010071FB01007B
:10FDB0000020002176E732463B460020064921F02C
:10FDC00097FF022506460F462BE5002000213EE75F
:10FDD000000070410000703E0000F03F0000000095
:10FDE0002DE9F04F21F00046B6F1795F85B0044669
:10FDF0000D469046994604DA22F0E2FB002800F016
:10FE0000858022462B462046294622F029F90646BF
:10FE10000F4602460B462046294622F021F941A30F
:10FE2000D3E9002382468B463046394622F018F942
:10FE30003EA3D3E9002321F05BFF32463B4622F08C
:10FE40000FF93CA3D3E9002321F054FF32463B468F
:10FE500022F006F939A3D3E9002321F049FF324605
:10FE60003B4622F0FDF837A3D3E9002321F042FFFF
:10FE70000E9BCDE900019BB30022294B4046494629
:10FE800022F0EEF8DDE90023CDE9020150465946A3
:10FE900022F0E6F802460B46DDE9020121F028FFD8
:10FEA00032463B4622F0DCF842464B4621F020FF2A
:10FEB00019A3D3E9002306460F465046594622F0BF
:10FEC000CFF802460B463046394621F013FF024672
:10FED0000B462046294621F00BFF05B0BDE8F08F08
:10FEE00002460B463046394622F0BAF80AA3D3E957
:10FEF000002321F0FDFE52465B4622F0B1F8224677
:10FF00002B4621F0F7FE05B0BDE8F08F20462946CC
:10FF100005B0BDE8F08F00BF495555555555C53F53
:10FF20000000E03F7CD5CF5A3AD9E53DEB9C2B8AC7
:10FF3000E6E55A3E7DFEB157E31DC73ED561C119C6
:10FF4000A0012A3FA6F810111111813F0000000006
:10FF50002DE9F04FC04C21F0004687B0A642824602
:10FF60008B460F46CDE900231ADC22F029FB00283E
:10FF70003FD1109B524601331343334300F0B78106
:10FF8000109B012B00F0C0815B460020B34922F09A
:10FF900091F904460D462046294607B0BDE8F08F8A
:10FFA000AF4B9E4225DD002909DADDE900452246F6
:10FFB00005F10043CDE900230BF100418B46524689
:10FFC0005B4685A1D1E9000121F092FEDDE9002325
:10FFD00004460D4682A1D1E9000121F089FE9FED82
:10FFE000827B22462B468DED007B21F083FE8246EC
:10FFF0008B4652465B465046594622F031F802463F
:020000040002F8
:100000000B468046894622F02BF8424604460D46B0
:100010004B465046594622F023F875A3D3E90023F6
:10002000CDE902012046294622F01AF872A3D3E94D
:10003000002321F05FFE22462B4622F011F870A328
:10004000D3E9002321F056FE22462B4622F008F881
:100050006DA3D3E9002321F04DFE22462B4621F06B
:10006000FFFF6BA3D3E9002321F044FE22462B4679
:1000700021F0F6FF68A3D3E9002321F03BFE4246BE
:100080004B4621F0EDFF66A3D3E90023CDE904013F
:100090002046294621F0E4FF63A3D3E9002321F0A1
:1000A00029FE22462B4621F0DBFF61A3D3E9002382
:1000B00021F020FE22462B4621F0D2FF5EA3D3E999
:1000C000002321F017FE22462B4621F0C9FF5CA336
:1000D000D3E9002321F00EFE22462B4621F0C0FF7B
:1000E00059A3D3E9002321F005FE02460B46DDE9C2
:1000F000040121F0FFFDDDE9022321F0B1FFDDE97C
:10010000004522462B4621F0F5FD42464B4621F0A4
:10011000A7FF22462B4621F0EDFD4DA3D3E9002396
:1001200004460D46DDE9020121F09AFF22462B46E6
:1001300021F0E0FD0B46024680468946504659466E
:1001400021F0D8FD464B9E4204460D4600F38C80BC
:10015000109B012B3BD002460B4600203F4922F06A
:10016000A9F8002406460F462046294652465B461B
:10017000CDE90067CDE90201009421F0B9FDDDE988
:1001800000AB02460B464046494621F0B1FD5246BF
:100190005B4621F065FF524604460D465B46DDE9AD
:1001A000020121F05DFF00222E4B21F0A3FD02464B
:1001B0000B462046294621F09DFD32463B4621F064
:1001C0004FFF52465B4621F095FD04460D46204602
:1001D000294607B0BDE8F08F182D4454FB21E93FB4
:1001E000075C143326A6813C0000000000000000DC
:1001F000D47ABF74702AFB3EE9A7F0320FB8123FE1
:1002000068108D1AF726303F1583E0FEC8DB573F94
:1002100093846EE9E326823FFE41B31BBAA1AB3F54
:10022000735360DBCB75F3BEA69237A0887E143F74
:100230000165F2F2D844433F280356C9226D6D3F51
:1002400037D60684F464963F7AFE10111111C13F2F
:10025000635555555555D53FFFFF2F3E0000F0BF64
:100260002794E53F0000F03F109821F08FFE2246D2
:10027000CDE900012B462046294621F0F1FEDDE9BB
:100280000023CDE902012046294621F033FD024634
:100290000B46DDE9020122F00DF842464B4621F003
:1002A00027FD02460B465046594621F021FD0246E5
:1002B0000B4621F01FFD02460B46DDE9000121F04F
:1002C00017FD0446B81700F00200C0F101000D460A
:1002D00021F05CFE02460B462046294621F0C0FE76
:1002E00004460D462046294607B0BDE8F08F50462B
:1002F00059461EF013FE02460B460020044921F029
:10030000D9FF04460D4662E754465D465FE700BFED
:100310000000F03F000000002DE9F04FCC4A21F032
:100320000043934285B082468B460C4620D9C94A89
:10033000934200F2D780002C80F2A481ACA3D3E9D1
:1003400000235046594621F0D5FC0022002322F01C
:10035000F9F8002840F0D180A7A3D3E90023504644
:10036000594621F07DFE02460B460020BA4994E131
:10037000BA4A934200F2E580B94A934240F22E8194
:10038000002301930022B74B5046594621F068FEE6
:1003900006460F4602460B465046594621F060FE7F
:1003A00097A3D3E9002304460D4621F059FE96A3F6
:1003B000D3E9002321F09EFC22462B4621F050FE7B
:1003C00093A3D3E9002321F093FC22462B4621F08E
:1003D00047FE91A3D3E9002321F08CFC22462B4653
:1003E00021F03EFE8EA3D3E9002321F081FC2246BA
:1003F0002B4621F035FE00229B4B21F07BFC8046F2
:10040000894602460B463046394621F029FE02460F
:100410000B460020954921F06BFC064602460B4630
:100420000F464046494621F063FC324680468946E5
:100430003B465046594621F013FE02460B4600202B
:100440008B4921F055FC02460B464046494621F0B7
:1004500031FF22462B4621F003FE019E02460B4649
:10046000002E4DD0DDE9026732463B4621F040FCCC
:1004700052465B4621F0F4FD32463B4621F038FC03
:100480002B46224621F034FC019B013306460F46E1
:1004900000F02381019B012B7BD0019A531C392B47
:1004A0004FEA025500F22881019A132A40F3558140
:1004B000019BC3F57F7403340022230521F01AFC4D
:1004C00002460B465046594621F012FC0022664B6C
:1004D00021F010FC824605EB010B5046594605B051
:1004E000BDE8F08F634A93421BD9C1F31303034362
:1004F000024640F012810029EFDA00205E490DE04B
:100500005046594621F0ACFD22462B4621F0F0FB27
:1005100002460B465046594621F0EAFB05B0BDE8BD
:10052000F08F41A3D3E9002322F02AF800283FF4FA
:1005300002AF3FA3D3E900231046194621F090FDF6
:10054000ECE74E4A934200F2EC8000293AA3D3E94B
:10055000002339DA21F0CEFB39A7D7E900674FF045
:10056000FF3380468946019332463B464046494622
:1005700021F0BEFB02460B4682468B46404649466A
:1005800021F0B6FB32463B4621F0B2FBCDE9020139
:10059000F8E600223A4B5046594621F0D3FF002896
:1005A00000F0CC805046594600222E4B21F0A2FB91
:1005B00002460B463046394621F09AFB00224FF0A6
:1005C000404321F04DFDA9E721F092FB0123804635
:1005D000894601931CA7D7E90067C5E714A3D3E9AF
:1005E000002321F087FB02460B468FE7AFF3008024
:1005F00059F3F8C21F6EA501FE822B654715F73F20
:100600002DC3096EB7FD8ABE3952E686CACFD03EE9
:10061000B7DBAA9E19CE143F8555FE19A0015A3F9B
:10062000F41011111111A13FEF39FAFE422E86404C
:100630009C7500883CE4377E0000E0FE422EE63FD9
:10064000763C7935EF39EABD763C7935EF39EA3DCC
:1006500079684340412E86400000E0BF422ED63FDD
:10066000FFFF8F3C0000E03F0000F03F000008402B
:1006700000001840FFFFEF7F0000F0BFB1A2F03F85
:100680000000D0BF44A3D3E900235046594621F0CF
:10069000E7FC02460B460020414921F02BFB21F0EC
:1006A0008FFF019021F072FC37A3D3E900230646A7
:1006B0000F4621F0D5FC02460B465046594621F024
:1006C00017FB33A3D3E900238046894630463946D9
:1006D00021F0C6FC06460F4646E702460B4650464A
:1006E000594621F005FB00222D4B21F0B9FC0022D8
:1006F0002B4B21F0FDFA11E752465B4621F0F8FA48
:1007000002460B460020274921F0F2FA6B181946E1
:100710000022244B21F0ECFA00E70B4621F0EAFA24
:10072000FCE61DA3D3E9002321F09AFC002C02462D
:100730000B464FF00000AFDA1B49AEE732463B46AE
:100740005046594621F0D4FA02460B4621F0D2FA1F
:100750000022144B21F0CEFAE0E64FF4001343FAE6
:1007600002F452465B4621F0C3FAC4F17F570026DB
:1007700007F5401702460B463046394621F0B8FAD5
:10078000A8E600BFAFF300800000E0FE422EE63F87
:10079000763C7935EF39EA3DFE822B654715F73F08
:1007A0000000E03F0000F03F0000E0BF000000005C
:1007B000F8B5C1F30A5304460D460E4617460BBB67
:1007C00021F00046034633431BD0354B002221F075
:1007D00047FC344B9F4204460D4635DBC1F30A53B8
:1007E0000E46363B3B4440F2FE72934232DC002B15
:1007F00011DD26F0FF4626F4E00646EA03552046C2
:100800002946F8BD40F2FF729342EBD102460B46F7
:1008100021F070FAF8BD13F1350F28DA4CF250339D
:100820009F4222462B460ADD19A1D1E9000121F0A1
:10083000BBF917A3D3E9002321F012FCF8BD16A1E0
:10084000D1E9000121F0B0F913A3D3E9002321F08D
:1008500007FCF8BD22462B460DA1D1E9000121F08D
:10086000A3F90BA3D3E9002321F0FAFBF8BD26F08E
:10087000FF4626F4E006363346EA0355204629466D
:100880000022094B21F0ECFBF8BD00BFAFF3008064
:100890009C7500883CE4377E59F3F8C21F6EA501B1
:1008A00000005043B03CFFFF0000903C10B5054CE9
:1008B000237833B9044B13B10448AFF3008001230C
:1008C000237010BD8839002000000000746104000E
:1008D00008B5034B1BB103490348AFF3008008BDC3
:1008E000000000008C39002074610400154B002BBF
:1008F00008BF134B9D46A3F5803A00218B460F4657
:100900001348144A121A22F045F90F4B002B00D05D
:1009100098470E4B002B00D0984700200021040080
:100920000D000D48002802D00C4805F0CFF921F049
:1009300071F92000290004F0ADFC21F057F900BF47
:10094000000008000000022000000000000000007D
:100950000024002098440020CD5C0200000000002C
:1009600010B4054C0A4610230146B4F850055DF852
:10097000044B01F011B900BF0025002008B5034861
:1009800015F0D2F9003018BF012008BD482A002018
:1009900080F30801014804F04FBD00BF482F00203C
:1009A000014804F055BD00BF482F00200146014812
:1009B00004F058BD482F002008B5064806F03AFF5D
:1009C00050EA010301D1002008BD0348BDE80840FA
:1009D00004F01EBE502F0020482F002007EE900A82
:1009E000F8EEE77A024817EE901A06F003BF00BF50
:1009F000502F0020792810B50C4609D10748A4F1E2
:100A00000101B1FA81F14909BDE8104015F02CB996
:100A100003F054FC0028F2D110BD00BF482A00208A
:100A200008B501F0ADFDFCF7DBFDBDE8084001F0C5
:100A3000FFBA00BF08B501F0A3FDFCF741FEBDE819
:100A4000084001F0F5BA00BF08B501F099FD1EF0AD
:100A5000DBFABDE8084001F0EBBA00BF08B501F0D1
:100A60008FFD1EF0CDFEBDE8084001F0E1BA00BFE9
:100A700008B501F085FDFCF7C3FDBDE8084001F0B5
:100A8000D7BA00BF08B501F07BFD1EF0EFFCBDE852
:100A9000084001F0CDBA00BF08B501F071FDFCF7C8
:100AA0004BF8BDE8084001F0C3BA00BF08B501F03B
:100AB00067FD1EF031FCBDE8084001F0B9BA00BF87
:100AC00010B584B00C46014603A812F053FE002373
:100AD00003A900931A46019403480FF071FD03A87F
:100AE00012F032FE04B010BD302E002010B50129E6
:100AF000B8BF012182B00C4690B1828882B1012A30
:100B000017D0811D12B201A813F01CFA224601A9C8
:100B10000C480FF0B5FD01A813F09CF902B010BD10
:100B2000094807F0EDF904EB84000DF009F802B074
:100B300010BD01EB8102817902480FF017FD02B070
:100B400010BD00BF302E0020F42D0020014812F00F
:100B500039BE00BF042E002010B584B00C460146FB
:100B600003A812F007FE0023224603A9CDE90033B3
:100B7000044805230FF0EEFD03A812F0E5FD04B0D4
:100B800010BD00BF302E002000B585B0014602A880
:100B900012F0F0FD02A903A812F0E4FD002303A95E
:100BA000CDE900331A4606480FF00AFD03A812F0FB
:100BB000CBFD02A812F0C8FD05B05DF804FB00BF34
:100BC000302E002000F068BB0CF0BABF70B5049E58
:100BD00096420C4624DB15466BB9042A19D0022A2A
:100BE00002D110F0010310D001462A46204621F020
:100BF000ADFF002070BD10440D4410F8013D01F818
:100C0000013B8D42F9D1002070BD02880A80184650
:100C100070BD10F00303E7D102680A60184670BD8A
:100C20000846002121F0B6FF4FF0FF3070BD00BF35
:100C30000830704740B1002905DB43688B4202DD74
:100C40000844007A70470020704700BF30B1002987
:100C500004DB43688B42C4BF40180272704700BF78
:100C600040B1002905DB4368994202DA0844007A62
:100C700070470020704700BF830704D1030F0CBFEB
:100C80000120002070470120704700BF30B10029CB
:100C900004DB43689942BCBF40180272704700BF32
:100CA000F8B5002B20DB00291EDB46688E421BDBDB
:100CB0005468761AE51AB542A8BF3546002D13DBF5
:100CC000824202F108070C4600F108062A4605D0C8
:100CD000F918301921F03AFF0020F8BDF118381941
:100CE00021F03FFF0020F8BD4FF0FF30F8BD00BFFE
:100CF0004068704710B4141E10DB4268A2420DDB3E
:100D000033EA230328BF1346121B08309A422044BB
:100D1000A8BF1A465DF8044B21F03CBF5DF8044BB8
:100D2000704700BF10B443688B4200F108041846B6
:100D3000A8BF084632EA220128BF19461B1A994269
:100D40002044A8BF19465DF8044B01F043B800BF2A
:100D500070B5002BBCBF43689B1A002A0E4620DBEF
:100D600044689918A1421CDC91421ADBCBB136F0E1
:100D7000004116D05942B14214DAB34212DD0830B4
:100D8000002E00EB020515DB9C1B2246A919284604
:100D900021F0E7FE324628190021BDE8704021F01D
:100DA000F9BE70BD002211464FF0FF33BDE8704020
:100DB000FFF7A0BF74429A192946281921F0D1FEE5
:100DC000224628460021BDE8704021F0E3BE00BF66
:100DD00003460830596800F0FBBF00BF70B50546F8
:100DE00000206968490000F0CFFF6B68002B14DD1C
:100DF0000A4EEB1D02465C782411991F345D9471F4
:100E00005C7804F00F04491B345DD4716C688C422B
:100E100002F1020203F10103EDDC70BDD0340400E5
:100E2000002BBCBF43689B1A002A30DB70B44568B6
:100E30009C18AC4229DC944227DB33B331F00044E8
:100E400023D00029B8BF01EB032191FBF3F403FB8E
:100E50001411002900F10800B8BFC9180244114458
:100E60008A42134411D00C4604E08A4204460FD053
:100E700094420AD02046157810F8016B02F8016BF5
:100E800083422570F1D10C46F2E770BC7047704781
:100E90000146EDE700B583B04FF0FF330093002328
:100EA000FFF7FEFE03B05DF804FB00BF10B50C1E9B
:100EB0000EDD4168083002F0ABF91F2C07DC01237E
:100EC000A34020FA04F4013B444004EA030010BDAF
:100ED000002010BD0146002000F07CBF0346063014
:100EE000998800F077BF00BF30B5013A83B004465F
:100EF0000D460F2A13D8DFE802F014140808611415
:100F0000141B1B734A2554675A38184601F0CAFB54
:100F1000012D04DD80B2E20754BF2080208003B0A1
:100F200030BD184601F0BEFB002DF8DD2070F6E75D
:100F3000184601F0B7FB012DF1DDC0F30723607007
:100F40002370ECE7184601F043FB032D0090E6DD2B
:100F50009DF800009DF801109DF802209DF80330D7
:100F60002370E070A1706270D9E7184601F008FBA9
:100F7000072DCDE90001D2DD0DF1FF3204F10803A8
:100F800012F8011F03F8011D9C42F9D1C7E718466A
:100F900001F01EFB032DC2DDA3070CBF2060206003
:100FA000BDE7184601F016FC032DF5DCB7E718463F
:100FB00001F010FC032D0090CADCB0E7184601F0E8
:100FC00071FB032DE8DCAAE7184601F0D9FA072DDA
:100FD000CDE90001A3DD6B4603CB206061609EE795
:100FE000184601F05FFB032D0090B1DC97E700BFCE
:100FF00030B4141E07DB456808300A462044291B1C
:1010000030BCFFF771BF30BC704700BF00B5013A7C
:1010100085B00F2A00F28880DFE802F01623303D09
:101020004A56595C5F6265717480830800910123A0
:1010300008220DEB0201FFF7C9FDDDE9020100F016
:10104000F7FF05B05DF804FB00910023012202A91F
:10105000FFF7BCFD9DF9080001F0E0F805B05DF870
:1010600004FB00910023012202A9FFF7AFFD9DF8C8
:10107000080001F0D3F805B05DF804FB00910023EF
:10108000022202A9FFF7A2FDBDF9080001F0C6F88F
:1010900005B05DF804FB00910023022202A9FFF7CE
:1010A00095FDBDF8080001F0B9F805B05DF804FB46
:1010B00000910023042202A9FFF788FD029801F0A5
:1010C000ADF805B05DF804FB01230091BEE70123F4
:1010D0000091C8E700910123D2E700910123DCE7EA
:1010E00000910123E6E700910023042202A9FFF703
:1010F0006DFD029801F09CF805B05DF804FB0091CD
:101100000123F2E700910023042202A9FFF75EFD0C
:10111000029801F07BF805B05DF804FB0091002314
:1011200086E700910123EFE700208AE7131E09DB21
:1011300010B4446808300A461844E11A5DF8044BBC
:10114000FFF764BF002001F069B800BF054B1A68C3
:1011500010B4146B0023A4461A4619465DF8044BDC
:10116000604700BFF439002030B585B06C4684E894
:101170000F0094E80F000A4C089D84E80F00BDF8AA
:10118000020001F04BF8074B1A68146B002301466C
:101190001A462846A44605B0BDE83040604700BF67
:1011A00048390020F4390020034B82689A4200D06D
:1011B0007047C06802F0B8BC6911020008B502F0BF
:1011C000B3FCBDE808400CF051BD00BF08B5064EA9
:1011D000054632680023146B19461A462846A04774
:1011E00014200CF0ADFCF4E7F439002010B5034BEB
:1011F0000360044613F080FD204610BDEC3404006B
:1012000010B5054B0360044613F076FD204621F02F
:101210005FFC204610BD00BFEC3404000A460223E8
:10122000014601480EF05CB87C2C002010B5044645
:101230000CF0FCF9034638B100200CB144F8203022
:101240001B6A0130002BF8D110BD00BF044608B561
:1012500016F0A0F803F070FF204604F0F3FB00BF87
:1012600008B50A48FBF7B4F901200CF033FE40F250
:101270000443984200D808BD01200CF02BFEBDE8C5
:101280000840A0F5806002F0C1B900BF0025002031
:101290000CF0ECBC0CF0D6BF50B110B5044602F017
:1012A00035FC2146034A0448BDE810400CF03CBB25
:1012B000704700BFA1DC0200CD11020050B110B593
:1012C000044602F023FC2146034A0448BDE81040CE
:1012D0000CF02ABB704700BFBD1102004D11020087
:1012E00089B280B20CF052BC08B5074B074AC3F86C
:1012F000D820042004F0A0FB6FF0004004F044FB71
:10130000BDE8084000F088BD00250020A9110200BA
:10131000074B10B51C6800F0DDFF4FF080521369D9
:101320001269013B234418445242104010BD00BFD3
:10133000F4390020024B1B7803B17047FFF76EBFF2
:1013400058440020024B186800B1406A704700BF43
:10135000F43B0020014B1B6858627047F43B0020AF
:101360002DE9F04FDFF8DC80D8F8003085B0002B95
:1013700052D00CF05BF90346002857D000241B6ABA
:101380000134002BFBD14FEA840A50460CF002FED8
:101390000190FFF74BFFA04239D1002C2FDD019BBC
:1013A000A3F10409CA4459F8047F7E6A2EB30436B7
:1013B000D8F8003034689F4227D03868D7F808B092
:1013C00016F03CF8D8F800207568ABEB00009742A7
:1013D000044407D03868D7F808B016F02FF8ABEB04
:1013E00000000544A54205D954F8040B02F0B8F8F2
:1013F000AC42F9D3B668002EDAD1CA45D3D10198F0
:1014000005B0BDE8F04F0CF0EBBD7568EAE74FF4AE
:101410004B70FFF71BFFC0E701200CF0BBFD0390F2
:10142000039805B0BDE8F04F0CF0DABD0CF0B2FD4A
:101430000190FFF7FBFE0028E1D04FF44B70FFF75F
:1014400005FFDCE7F43B002010B5074C204609F00F
:10145000FFFC2046054A064921F03CFB0548BDE853
:10146000104012F037B900BF0025002040200020B6
:101470007914020048390020684B2DE9F04703F148
:101480003C02044600F59D50C4E900320830644F28
:10149000644E04F023FD002504F6482004F0DAF839
:1014A00004F61820C4F8187AA4F81E5A0BF09AFF14
:1014B00004F51F60C4F8F079A4F8F6590BF092FF18
:1014C00004F6BC1010F034FC574BC4F8AC3904F6E9
:1014D000AC100CF0D3FE04F688100FF077F904F688
:1014E00064100FF073F904F6F40004F009FC04F63C
:1014F000940006F075FA04F6680005F053FA04F655
:10150000180004F0FDFCC4F8FC6704F2FC7013F052
:10151000F3FBC4F8E46704F2E47013F0EDFB04F2AB
:101520007C7015F03BFA04F55170A4F84A53C4F8E6
:1015300044730BF057FF3D4BC4F8043304F541707E
:1015400010F0F2FD3A4BC4F8F8302833C4F80031FB
:1015500004F1F80904F53D7804F53F7600E02E46E5
:10156000351F284612F0E4FBA845F8D1DFF8C8A0E3
:10157000243E04F58A7846F81CAC3C3D304610F019
:1015800073FE05F10C0012F0D3FBA845A6F13C0652
:10159000F1D100254846C4F8F870A4F8FE500BF0CD
:1015A00021FF04F1D0000FF0FBFF04F198000EF0D2
:1015B00089FC04F17C00A4F88250E7670BF012FF6D
:1015C00004F16400A4F86A5067660BF00BFF04F1A5
:1015D0004C00A4F85250E7640BF004FF264604F1D7
:1015E0003400658767630BF0FDFE124B46F80C3F35
:1015F00004F1200012F02EFC04F11C0012F02AFC71
:1016000030466582E7600BF0EDFE201D6581676066
:101610000BF0E8FE2046BDE8F08700BF2848040034
:10162000344A0400EC340400C04D04008458040023
:10163000B8560400AC460400885604002DE9F84F63
:10164000684B40F8043C0446A0F104083C3308F51C
:101650009D502360083004F041FC634F634E002529
:1016600004F6442003F0F6FF04F61420C4F8147ABC
:10167000A4F81A5A0BF0B6FE04F6EC10C4F8EC7994
:10168000A4F8F2590BF0AEFE04F6B81010F050FBBF
:10169000574BC4F8A83904F6A8100CF0EFFD04F677
:1016A00084100FF093F804F516600FF08FF804F52E
:1016B0000F6004F025FB04F5096006F091F904F6CB
:1016C000640005F06FF904F6140004F019FCC4F886
:1016D000F86704F5FF6013F00FFBC4F8E06704F54A
:1016E000FC6013F009FB04F5EF6015F057F904F501
:1016F0005070A4F84653C4F840730BF073FE3D4B92
:10170000C4F8003304F5407010F00EFD3A4BC4F8F5
:10171000F4302833C4F8FC3004F1F40904F53C7AC1
:1017200004F53E7600E02E46351F284612F000FBF9
:10173000AA45F8D1DFF8C8A0243E04F5887B46F816
:101740001CAC3C3D304610F08FFD05F10C0012F052
:10175000EFFAAB45A6F13C06F1D100254846C4F8A6
:10176000F470A4F8FA500BF03DFE04F1CC000FF039
:1017700017FF04F194000EF0A5FB04F17800A4F823
:101780007E50A7670BF02EFE04F16000A4F86650AF
:1017900027660BF027FE04F14800A4F84E50A7641A
:1017A0000BF020FE264604F13000E58627630BF09F
:1017B00019FE124B46F8083F04F11C0012F04AFBD8
:1017C00004F1180012F046FB3046E581A7600BF0EB
:1017D00009FE2046E58027600BF004FE4046BDE888
:1017E000F88F00BF28480400344A0400EC34040099
:1017F000C04D040084580400B8560400AC460400F0
:10180000885604002DE9F84F694B40F8043C044623
:10181000A0F104083C3308F59D502360083004F023
:101820005DFB644F644E002504F6442003F012FF74
:1018300004F61420C4F8147AA4F81A5A0BF0D2FD56
:1018400004F6EC10C4F8EC79A4F8F2590BF0CAFDD8
:1018500004F6B81010F06CFA584BC4F8A83904F626
:10186000A8100CF00BFD04F684100EF0AFFF04F589
:1018700016600EF0ABFF04F50F6004F041FA04F5BA
:10188000096006F0ADF804F6640005F08BF804F684
:10189000140004F035FBC4F8F86704F5FF6013F09A
:1018A0002BFAC4F8E06704F5FC6013F025FA04F5A0
:1018B000EF6015F073F804F55070A4F84653C4F8BF
:1018C00040730BF08FFD3E4BC4F8003304F54070BD
:1018D00010F02AFC3B4BC4F8F4302833C4F8FC3039
:1018E00004F1F40904F53C7A04F53E7600E02E4656
:1018F000351F284612F01CFAAA45F8D1DFF8CCA013
:10190000243E04F5887B46F81CAC3C3D304610F084
:10191000ABFC05F10C0012F00BFAAB45A6F13C064E
:10192000F1D100254846C4F8F470A4F8FA500BF041
:1019300059FD04F1CC000FF033FE04F194000EF0D9
:10194000C1FA04F17800A4F87E50A7670BF04AFDB5
:1019500004F16000A4F8665027660BF043FD04F123
:101960004800A4F84E50A7640BF03CFD264604F155
:101970003000E58627630BF035FD134B46F8083F32
:1019800004F11C0012F066FA04F1180012F062FA79
:101990003046E581A7600BF025FD2046E5802760F5
:1019A0000BF020FD404621F093F84046BDE8F88F4B
:1019B00028480400344A0400EC340400C04D0400FC
:1019C00084580400B8560400AC460400885604004D
:1019D000694B2DE9F04703F13C02044600F59D50A8
:1019E000C4E900320830654F654E04F077FA0025EF
:1019F00004F6482003F02EFE04F61820C4F8187AE6
:101A0000A4F81E5A0BF0EEFC04F51F60C4F8F07940
:101A1000A4F8F6590BF0E6FC04F6BC1010F088F9B7
:101A2000584BC4F8AC3904F6AC100CF027FC04F6A3
:101A300088100EF0CBFE04F664100EF0C7FE04F61C
:101A4000F40004F05DF904F6940005F0C9FF04F613
:101A5000680004F0A7FF04F6180004F051FAC4F877
:101A6000FC6704F2FC7013F047F9C4F8E46704F271
:101A7000E47013F041F904F27C7014F08FFF04F568
:101A80005170A4F84A53C4F844730BF0ABFC3E4BBE
:101A9000C4F8043304F5417010F046FB3B4BC4F826
:101AA000F8302833C4F8003104F1F80904F53D7822
:101AB00004F53F7600E02E46351F284612F038F92F
:101AC000A845F8D1DFF8CCA0243E04F58A7846F882
:101AD0001CAC3C3D304610F0C7FB05F10C0012F089
:101AE00027F9A845A6F13C06F1D100254846C4F8DF
:101AF000F870A4F8FE500BF075FC04F1D0000FF064
:101B00004FFD04F198000EF0DDF904F17C00A4F81B
:101B10008250E7670BF066FC04F16400A4F86A5099
:101B200067660BF05FFC04F14C00A4F85250E764C8
:101B30000BF058FC264604F13400658767630BF010
:101B400051FC134B46F80C3F04F1200012F082F9CF
:101B500004F11C0012F07EF930466582E7600BF05C
:101B600041FC201D658167600BF03CFC204620F0A5
:101B7000AFFF2046BDE8F08728480400344A04003F
:101B8000EC340400C04D040084580400B85604002E
:101B9000AC460400885604002DE9F0414FF0000CDB
:101BA0008CB04FF0100E1FFA81F887B2CDE900CE4D
:101BB00005461C463946174B164602A842460CF00D
:101BC00057FA02A914480FF04DFC02A80CF06CFA69
:101BD0000F2DA4B201D1C02C0FD1282020F07FFFFF
:101BE00039460546CDE9006442460A4B0CF040FAFE
:101BF000294609480FF0BCFB28B9304601F086FFA2
:101C00000CB0BDE8F08128460CF04EFA284620F0D2
:101C10005FFFF2E769110200D025002008B50EF041
:101C200053F908BD08B50EF05FF920F0404008BD3B
:101C3000FFF744BBFFF754BB03F0FABE704700BF89
:101C4000C117FFF727BB00BF00B585B0D3B28AB27A
:101C500081B2684611F01EFD05B05DF804FB00BFBF
:101C6000002B08BF1023FFF797BF00BF014B588818
:101C7000704700BF48390020014B9868704700BF8B
:101C80004839002008B503F08DFE4FF0FF31BDE864
:101C9000084000F09DB800BF00B583B00E4968460B
:101CA00004F0C4FABDF80430A3F51943033B032B39
:101CB00010D8DFE803F002020D0D0023074A52F8A6
:101CC00023004FF0FF3103B05DF804EB00F080B863
:101CD0000123F3E70223F1E7182D00204420002020
:101CE00003F05CBE0821014800F074B860000010E9
:101CF000704700BF084619B189880630FFF71ABB44
:101D0000704700BF08B50FF0F3FD08BD704700BF76
:101D1000704700BF014820F060407047000002207B
:101D2000012001F0BDBC00BF08B5022001F0B8FCE5
:101D300040F29330BDE80840FFF788BA014B1860C5
:101D4000704700BFA4390020704700BF00207047D3
:101D500080880A3080087047063070478088704756
:101D600083888B4226BF063040180020704700BF92
:101D70000320704740680B308008704780887047A8
:101D8000704700BF704700BF70B50C1E064603DBEE
:101D90003CB90D4D284670BD20F038FF0446002C9C
:101DA000F7D0E01D01F0AEFD054608B1074B03601A
:101DB000AC8026B131462246A81D20F0C7FE2C4437
:101DC0000023A371284670BDF435040038350400A3
:101DD000FFF7DABF70B50D1E12DD064605F10800EB
:101DE00001F090FD044608B1094B0360656004F101
:101DF00008002A46314636B120F0A8FE204670BDC4
:101E0000044C204670BD20F0C5FE204670BD00BFCA
:101E100068350400E8350400014B1860704700BFC6
:101E200050200020034A044B116803FB00F0484097
:101E30001060704750200020CB5725CA30B40E4D9B
:101E40002A68044621460020930983EAD27353404E
:101E500083EA121383EA92035208534042EAC372A0
:101E600002F00103490843EA4000EDD18442E9D37E
:101E70002A6030BC704700BF5020002000487047E7
:101E8000F435040000B583B002AB0022ADF80420A5
:101E900003F8040D01211846FFF776FF03B05DF843
:101EA00004FB00BF2DE9F0410D4688B11C4B39B150
:101EB00098422BD09D4204460FD12046BDE8F081C8
:101EC000984221D08688174D0446311D042707E02B
:101ED000144CF9B1124B9D42EFD0A688AF88F1198E
:101EE0000020FFF751FF04F10608831D0446414618
:101EF0001846324620F02AFE3A463044A91D20F00A
:101F000025FE2046BDE8F081064CD6E70C4620466B
:101F1000BDE8F081042725463E460821E0E700BFE2
:101F2000F435040048360400884212D030B48B885F
:101F3000828806309A4228BF1A460531034613F8B4
:101F4000015B11F8014FA54205D009D3012030BC37
:101F50007047002070471C1A9442F0D90020F6E721
:101F60004FF0FF30F3E700BF80887047002A1ADD8A
:101F700010B484880029BCBF631823EAE371631A94
:101F8000934206DC002B03DC08485DF8044B7047E5
:101F90001A46A1423ABF06304018002011465DF8AB
:101FA000044BFFF7F1BE0148704700BFF435040051
:101FB00078B371B32DE9F047858822EAE272AA422C
:101FC00023D200F1060818EB0204A5EB02058F8866
:101FD0001BD0BD4219D391F806A001F1060902E019
:101FE000AF42344611D82378534505F1FF3504F14B
:101FF0000106F5D13A464946204620F098FD0028D2
:10200000EED1A4EB0800BDE8F0874FF0FF30BDE84B
:10201000F0874FF0FF30704708B5FFF7C9FF013078
:1020200018BF012008BD00BF80F00100704700BF4D
:102030000A1E38B511D138B302460B4604460D4688
:1020400020F0A8FA002841D10C2001F05BFC08B177
:102050001F4B0360C0E9014538BDC2F30A54A4F226
:10206000FF331D2B12D8142B054618DC0028E3D1B2
:10207000A4F2F33412FA04F4DED1D002C3F11F0348
:1020800040F00040D8401AE0012038BD1E2BD3D1CB
:102090000028D1D10F4B9A42CED10F4838BDA4F2BF
:1020A000134410FA04F4C7D1D002C3F11F0140F069
:1020B0000040C3F13403C84025FA03F31843002A53
:1020C000B8BF4042400040F0010038BD0E2038BD8E
:1020D000983504000000D0C1010000802DE9F041D6
:1020E00082B0063001A9FAF78BF8002200230646D9
:1020F0000F4620F01DFA60BB27F000453046294608
:102100004FF0FF321F4B34464FF0010820F042FAE7
:1021100038B94FF0FF321B4B3046294620F030FAD9
:10212000F0B118F0FF0F1FD100224FF480132046AA
:1021300029464FF0010820F02DFA38B920462946EB
:1021400000224FF4801320F0FDF9B0B118F0FF0F1A
:102150000AD130463946FFF76BFF02B0BDE8F08187
:10216000804618F0FF0FDFD0074F00263046394673
:10217000FFF75EFF02B0BDE8F081804618F0FF0F68
:10218000E7D0F1E7FFFFEF7F0000F87F08B51FF011
:10219000FDFEBDE80840FFF74BBF00BF0144887952
:1021A000400040F00100704720B1002902DB828826
:1021B000914201DB0F48704710B582B0FFF7EEFF88
:1021C0000E2804460DD0C3070ED502A800236410C4
:1021D000ADF80430012100F8044DFFF7D5FD02B041
:1021E00010BD044802B010BD40F27130FFF72EF868
:1021F000EBE700BFF435040020B1002902DB828840
:10220000914201DB0E207047FFF7C8BF08B51FF0F1
:10221000CFFEBDE80840FFF70BBF00BF4300B0EBA7
:10222000630F01D0FFF7B2BF43F00100704700BF5A
:10223000B0F1804F08B503D2400040F0010008BD66
:102240001FF094FEBDE80840FFF7F2BE002814BF5F
:1022500042200A20704700BF08B5FAF78DF9BDE8A3
:102260000840FFF7E5BE00BF01FB00F0704700BF6C
:1022700090FBF1F0704700BF10B50C2001F042FB5D
:10228000044608B102F0A4FC204610BD0089704746
:10229000043002F039BC00BF03460A4604301989F5
:1022A00002F012BC043002F03FBC00BF0389426858
:1022B000994234BF52F8210000207047043002F0E8
:1022C00003BC00BF043002F03DBC00BF043002F08C
:1022D0005DBC00BF024B1B68588CC000704700BF3C
:1022E000F4390020704700BF0020704738B51C4B00
:1022F0001B688BB15C6AACB1236898422DD08BB15E
:10230000002300E072B1023354F823208242F9D155
:1023100001339B00E05838BD124B1C6844F2102278
:10232000944216D00D460446FFF7DEFF78B10368ED
:102330009C4210D05BB1002300E042B1023350F860
:102340002320A242F9D101339B00C05838BD284652
:1023500038BD5B68CEE70423F7E70423DAE700BF64
:10236000F4390020802E04004068704741607047B7
:1023700010B5082001F0C6FA044608B102F030FC9E
:10238000204610BD70B50C1E054616460EDB838830
:102390009C420BDA05EB8404E36823B10B2140F285
:1023A000863002F061FCE660284670BD0A2140F2EA
:1023B000863002F059FCEDE7FEF748BF18B1024B3A
:1023C000984208BF00207047F4350400003018BF61
:1023D0000120704710B5142001F094FA044608B1AA
:1023E00002F006FC204610BD10B5044602F00AFCBF
:1023F000002806DB238AE268984202D252F82000C5
:1024000010BD002010BD00BF2E4B1B682DE9F0470A
:10241000DF6ABA683B68824203F1FF3107F10407C3
:1024200003D857F82120824230D2002945DD5B10C5
:1024300057F82320904226D0B0F804904FF0010CBA
:1024400000F105080DE034BF03F1010C03F1FF3189
:102450008C4532DC0CEB01035B1057F823208242E1
:1024600011D094884C4528BF4C4606322646454636
:10247000144614F801AB15F801EFF245E3D1A4EBD3
:10248000020E7645F5D21846BDE8F087002914DD26
:102490005B1057F823209042F5D0012403E057F851
:1024A00023208242EFD090428CBF5C1C03F1FF31AD
:1024B0000B19A1424FEA6303F1DA00231846BDE885
:1024C000F08700BFF4390020034B1B680131DB6A41
:1024D00053F82110FFF788BFF4390020F8B50446FF
:1024E0000F46164602F08EFB011E04F10C0505DBBB
:1024F00032462846BDE8F84002F0E6BA3A4621895D
:10250000201D02F0E1FA3246218A2846BDE8F84053
:1025100002F0DABA034B1B680131DB6A53F8211071
:10252000FFF7DCBFF4390020014B1868704700BF8B
:10253000F0390020704700BF820708B508D130B1DC
:10254000036823F00103DA78F92A13D1987808BDDB
:102550000028FCD0C3070FD40E280DD042280DD080
:102560000A280BD0062805D040F22130FEF76EFE77
:10257000042008BD042008BD022008BD012008BDBC
:102580000E281FD010B5044670B915E0FFF7D4FF30
:102590000346022B204612D0032B0DD1FFF79EFDE0
:1025A0000E28044608D03CB1A3072046EED000F028
:1025B0000FF81FF0EBFC10BD0020044910BDD4E95A
:1025C000010110BD00200149704700BF0000F87FE5
:1025D000C107034651D4820704D59B0914BF0120CB
:1025E0000020704700284AD02DE9F041FFF7C8FFCE
:1025F00021F000450F464FF0FF322946274B064693
:1026000004464FF001081FF0C5FF40B94FF0FF32FC
:10261000224B304629461FF0B3FF00B9804618F020
:10262000FF0F2ED100224FF48013204629464FF091
:1026300001081FF0AFFF40B92046294600224FF4A1
:1026400080131FF07FFF00B9804618F0FF0F18D1EC
:10265000304639461CF048FD0022114B1CF072FF39
:102660000022002304460D461FF06CFF60B920468F
:1026700029461FF0CDFFBDE8F081401070470020D3
:1026800070470020BDE8F081204629460022044B17
:102690001FF030FB04460D46E9E700BFFFFFEF7F68
:1026A0000000F041FFF794BF38B50D46FFF790FFEB
:1026B00004462846FFF78CFF00F01F0004FA00F0E4
:1026C0004300B0EB630F03D0BDE83840FFF75EBDB9
:1026D00043F0010038BD00BF38B50D46FFF778FF65
:1026E00004462846FFF774FF00F01F0044FA00F08C
:1026F0004300B0EB630F03D0BDE83840FFF746BDA1
:1027000043F0010038BD00BF38B50D46FFF760FF4C
:1027100004462846FFF75CFF60404300B0EB630FC0
:1027200003D0BDE83840FFF731BD43F0010038BDAC
:1027300038B50D46FFF74CFF04462846FFF748FF23
:1027400020434300B0EB630F03D0BDE83840FFF7F0
:102750001DBD43F0010038BD08B5FFF739FFC04388
:102760004300B0EB630F03D0BDE80840FFF70EBD98
:1027700043F0010008BD00BF38B50D46FFF728FF44
:1027800004462846FFF724FF20404300B0EB630FC8
:1027900003D0BDE83840FFF7F9BC43F0010038BD75
:1027A00038B50D46FFF714FF04462846FFF710FF23
:1027B00000F01F0024FA00F0B0F1804F03D2400077
:1027C00040F0010038BD1FF0D1FBBDE83840FFF7F5
:1027D0002FBC00BF0E2816D008B50346C0B19B071A
:1027E00008D0FFF7F5FE07EE900AF8EEE77A17EE4D
:1027F000900A08BDFFF7C4FE1FF02AFF07EE900AFB
:1028000017EE900A08BDDFED057A17EE900A7047C3
:10281000DFED027A17EE900A08BD00BF0000C07F0E
:1028200070B50E46FFF7ACFE044630460D46FFF786
:10283000A7FE02460B46204629461FF05BFABDE87C
:102840007040FFF7F5BB00BF70B50E46FFF798FE6E
:10285000044630460D46FFF793FE02460B462046DF
:1028600029461FF045FABDE87040FFF7E1BB00BF05
:1028700001F00103184203D0C3130133012B12D915
:10288000D0B50C46FFF77CFE064620460F46FFF704
:1028900077FE02460B46304639461FF0E1FBBDE8A5
:1028A000D040FFF7C5BBCB130133012BE8D8431051
:1028B000481000FB03F04300B0EB630F02D143F07C
:1028C00001007047FFF762BC032912D0D0B50C4657
:1028D000FFF756FE064620460F46FFF751FE02461A
:1028E0000B46304639461FF0E5FCBDE8D040FFF707
:1028F0009FBB7047F8B50C46C107034603D5E207F6
:1029000001D5620811D11846FFF73AFE0646204667
:102910000F46FFF735FE0B460246394630461CF09F
:1029200011FEBDE8F840FFF783BBFFF751FE0546F7
:102930002046FFF74DFE95FBF0F303FB10504300DC
:10294000B0EB630F03D0BDE8F840FFF71FBC43F0C6
:102950000100F8BD2DE9F0410C468046FFF710FE5E
:10296000064620460F46FFF70BFE04460D46FAF7D3
:1029700093FB22462B461FF0DBFD28BB00220023E1
:10298000304639461FF0FCFD80B900220023304656
:1029900039461FF0CDFD20B32046294600220023F2
:1029A0001FF0D0FD28BB4046BDE8F08130463946D7
:1029B0001CF028FE22462B461FF052FBFAF780FE41
:1029C000BDE8F041FFF734BB294620461FF0F8FD73
:1029D0003946024630461FF0A3FEBDE8F041FFF73E
:1029E00027BB304639461CF00DFEBDE8F041FFF72D
:1029F0001FBB0C2000F086FF08B1034B0360034BA4
:102A00000022C0E90123CFE7983504000000F07FE1
:102A1000C2072DE9F8430C460BD5CB0709D540106A
:102A20004C10844241DB3DD1640044F00100BDE81C
:102A3000F883FFF7A5FD064620460F46FFF7A0FDE9
:102A400004460D4602460B46304639461FF098FDB7
:102A500090B922462B46304639461FF069FD28B111
:102A600030463946BDE8F843FFF7E2BA22462B4626
:102A700034463D4616461F46F9F77EFD22468046FF
:102A800089462B46304639461FF032F942464B46BE
:102A90001FF0E6FA22462B461FF02CF9BDE8F8435A
:102AA000FFF7C6BA234604461846001BFFF7C6F9CF
:102AB00020444400B0EB640F02D144F00100B6E7BB
:102AC000BDE8F843FFF762BB08B5FFF759FD1CF0FE
:102AD00099FDBDE80840FFF7ABBA00BF08B5FFF7A6
:102AE0004FFD1CF00DFEBDE80840FFF7A1BA00BF86
:102AF00008B5FFF745FDFAF7CFFABDE80840FFF744
:102B000097BA00BF08B5FFF73BFDFAF745FABDE8F5
:102B10000840FFF78DBA00BF08B5FFF731FD1CF084
:102B2000E3FABDE80840FFF783BA00BF08B5FFF736
:102B300027FD054B00221FF0DDF8FAF7ADFABDE8DE
:102B40000840FFF775BA00BF0000E03F0E280BD029
:102B50000E2909D08842F8B5044618D001F00102C8
:102B6000104216D00020F8BD00207047A288A88827
:102B7000A31D904228BF1046691D1A4612F8014B4A
:102B800011F8015FA542EDD1D41A8442F6D9012093
:102B9000F8BD0D46FFF7D0FC06462846FFF7CCFCF3
:102BA0008642DFD144EA05039B07DBD1032EDDD04B
:102BB000022ED7D12046FFF7E3FC064628460F46F3
:102BC000FFF7DEFC0B460246394630461FF0B0FCEC
:102BD0004FF0010300B90346D8B2F8BD08B5FFF7BE
:102BE000B5FF002814BF42200A2008BD08B5FFF732
:102BF000ADFF00280CBF42200A2008BD0E281AD0C5
:102C00000E29F8B50C4614D00628054615D04228E2
:102C10003FD00A281CD00629034600F09080422CA1
:102C200011D00A2C37D09C4210D004F001031D4271
:102C300011D00020F8BD00207047062906D0422C94
:102C40004FF00003EDD10322934204D10120F8BDDF
:102C50000123062CE3D12846FFF76EFC06462046EA
:102C6000FFF76AFC032E22D003282FD0012E14D0A8
:102C7000012821D08642DCD145EA04039B07D8D144
:102C8000032847D0022828D0601BB0FA80F0400902
:102C9000F8BD0323DDE70122D6E7062D33D0422D10
:102CA0004FF0020634D00A2DE2D10125E0E70228D8
:102CB00013D00328DCD1DFE7062C4FF0020020D030
:102CC000422C23D00A2CD5D10124D3E7022E04D0E4
:102CD000012EAED1062DE2D1ABE72846FFF750FC1E
:102CE000064620460F46FFF74BFC02460B46304691
:102CF00039461FF01DFC4FF0010400B90446E0B254
:102D0000F8BD0024B6E702260025B1E70324B1E7A9
:102D10000325ADE7AC4299D0AB88A288A81D9A42A2
:102D200028BF1A460534034613F8011B14F8015F47
:102D30008D427FF47EAF191A9142F5D986E70022C1
:102D400082E700BFFFF75ABF08B5FFF757FF00281B
:102D500014BF42200A2008BD08B5FFF74FFF002826
:102D60000CBF42200A2008BDF8B5078945687FB12D
:102D70000E46043D002402E00134A74208D031464B
:102D800055F8040FFFF73AFF0028F5D02046F8BDAC
:102D90004FF0FF30F8BD00BF10B500220446FFF72A
:102DA000E3FF011E04DB201D01F0CCFE012010BD5D
:102DB000002010BD38B58307044608D148B1FFF79D
:102DC000BBFB032812D0022814D0012038BD0A28EA
:102DD00001D1002038BD0028FBD00E28F9D00628EC
:102DE000F7D010F1FF3018BF012038BD0C4B9C42CA
:102DF000EBD1EEE72046FFF7C3FB02460B46044645
:102E00000D461FF0C7FB0028E3D1204629460022CB
:102E100000231FF08DFBB0FA80F0400938BD00BFE1
:102E2000F4350400422805D00A2801D0FFF7C2BFBC
:102E300000207047012070470E2857D00E2955D02A
:102E4000F8B50C460546FFF777FB06462046FFF728
:102E500073FB032E2FD0A5422BD02846FFF790FB03
:102E6000064620460F46FFF78BFB324604460D46CA
:102E70003B46304639461FF08DFBA0BB22462B4611
:102E8000204629461FF086FB68BB22462B4630466B
:102E900039461FF057FB18BB22462B4630463946B1
:102EA0001FF06EFB003018BF0120F8BDD01A814220
:102EB0000DD20020F8BD0328CDD1A542F9D0AA88B3
:102EC000A188AB1D914228BF114605341A4612F85D
:102ED000015B14F8010F8542E8D028BF0120E4D23D
:102EE0004FF0FF30F8BD6FF00100F8BD6FF001004A
:102EF000704700BF38B501F0010313EA000404D0A5
:102F00008842ACBF0020012038BDFFF795FF831C2D
:102F100014BFC00F204638BD10B501F00104204297
:102F200003D0884207DC422010BDFFF785FF831CD9
:102F300001D00028F7DD0A2010BD00BF10B501F058
:102F40000104204203D0884207DA422010BDFFF777
:102F500073FF831C01D00028F7DB0A2010BD00BFDF
:102F600010B501F00104204203D0884205DB422065
:102F700010BDFFF761FF0028F9DA0A2010BD00BF7D
:102F800010B501F00104204203D0884205DD422043
:102F900010BDFFF751FF0028F9DC0A2010BD00BF6B
:102FA000F0B591B00446FFF7C7FA03283DD00228D8
:102FB0000FD0052848D0002C4CD00A2C42D00E2C23
:102FC00045D0422C55D02C4B2C48062C08BF184617
:102FD0002CE0E3072CD40E2C39D02046FFF7D0FA92
:102FE00021F000450F464FF0FF322946244B06469C
:102FF0001FF0D0FA38B9304629464FF0FF32204B47
:103000001FF0AAFA40B332463B46304639461FF01D
:10301000C1FAE0B9304639466A46F9F799F9684687
:103020004FF0FF31FEF7B0FE00E0204611B0F0BDDA
:10303000694660100AF060F868464FF0FF31FEF70D
:10304000A3FEF3E70F48F1E70F4811B0F0BD0F48BA
:1030500011B0F0BD0E48E9E70023304639460022A2
:103060001FF070FA0B4C0C4B002814BF204618467A
:10307000DCE70A48DAE700BF483604006C36040093
:10308000FFFFEF7F603604007C3604002C3604001E
:10309000D8350400383604001C36040054360400C9
:1030A00010B50446FFF748FA04280ED164B1A3070F
:1030B0000AD12368074A23F001035B69934203D0D6
:1030C0002046BDE81040184710BD2046BDE810401E
:1030D000FFF766BFA130020008B5FFF72DFA0528FB
:1030E00010D8DFE800F0030507090B0D084808BDFC
:1030F000084808BD084808BD084808BD084808BD7C
:10310000084808BD40F22230FEF7A0F8002008BDB4
:103110000C360400C835040090360400B0360400B4
:10312000A0360400FC350400062808D008B5FFF7D7
:1031300003FABDE8084000F57570FEF787B840F265
:10314000DD30FEF783B800BF4FF46470FEF77EB841
:1031500010B5FEF7F7F80446102000F07FFC226956
:103160000260206110BD00BF38B5FEF7EBF80469BE
:10317000054634B123682B612046BDE8384000F095
:10318000ADBB40F25330FEF761F8F3E7F0B585B020
:103190000746FEF7D7F8046906468CB194E80F009D
:1031A0006D46306185E80F00204600F097FB084B24
:1031B00077611B68284631469B6B984705B0F0BD88
:1031C0003846FFF76DFF40F2E730FEF73FF8E5E7DE
:1031D000F439002010B5FEF7B5F8446912239C427B
:1031E000436101D0204610BD40F25330FEF72EF867
:1031F000204610BD08B5FEF7A5F84369122B05D08F
:10320000FFF7E8FFBDE80840FFF7C0BF08BD00BFFB
:1032100079B110B4084B094C014410F8012B04FBA0
:1032200003F3884283EA0203F7D118465DF8044BA2
:103230007047014B18467047C59D1C8193010001E2
:1032400038B5046834F00304054612D0A30F15D135
:103250002846E369984705462DB140F6BE239D42B6
:1032600005D9002C03DB40F24930FDF7EFFF28467B
:1032700038BD40F25130FDF7E9FFE9E7C4F39905A5
:10328000EAE700BFF8B54FF480400AF083FE194C1E
:10329000194B1A4D1A4E002787611A4F8760D3E9E0
:1032A00001122768C76000F10807276000F5805405
:1032B000013106343460596043F6F874296844607B
:1032C00022449A6079B188420DD30A6872B1904263
:1032D00003D20BE0984203D31A461368002BF9D1AE
:1032E00003601060F8BD01602860F8BD13460A460F
:1032F000F6E700BFE0390020C4390020B0390020D3
:10330000B8390020F83F008038B5144B9A881B6804
:1033100092B1551E53F8251088421AD0023A03EB99
:1033200082032A4602E0216881420BD0013A511CF7
:103330001C46A3F10403F6D14FF45270BDE83840A7
:10334000FDF784BF954204D0044801F067FB20607C
:1033500038BD0248BDE8384001F060BBBC390020F0
:1033600018210148FEF736BDC4390020036823F058
:10337000010318888008704730B338B5C568044623
:10338000A5B155E901326868A96862605A0F032A3D
:10339000C4E9020105D040F24930FDF757FF55F866
:1033A000043C43F0004345F8043C38BD50F8043C6D
:1033B0005A0F032A09D143F0004344F8043C00208B
:1033C000BDE83840FDF7C6BF704740F24930FDF711
:1033D0003DFF54F8043CEEE738B550F8043CDB07F9
:1033E0000546A0F104041CD4104B1B6873B103F113
:1033F00008029442F9D359680A449442F5D255F828
:10340000043C43F0010345F8043C38BD40F24A3027
:10341000FDF71CFF55F8043C43F0010345F8043C5C
:1034200038BD40F24F30FDF711FFDDE7B039002025
:10343000830709D140B1030F06D00168114B19422F
:1034400002D1CB78F92B00D070470F4B10B5044652
:103450001B688BB103F108029442F9D35868024407
:103460009442F5D2094841F0010121602246818849
:10347000BDE8104001F0BABA40F24A30FDF7E6FE6E
:103480002168EFE703000040B0390020A839002090
:1034900000294DD02DE9F84F0F468046DFF89CB04B
:1034A000DFF89CA0DFF88C90061F002502E00135B4
:1034B000AF423BD056F8044FA307F8D1002CF6D00A
:1034C000230FF4D0206810EA0B0FF0D1C378F92B4A
:1034D000EDD1DAF8003053B103F108018C4203D387
:1034E0005A680A44944207D31B68002BF4D140F277
:1034F0004A30FDF7ABFE2068B9F8041040F0010037
:10350000206022460B4801F071FAB9F80430642BB0
:10351000CDD90C200AF03EFD0135074A08EB8503A2
:103520007D1BC0E90135116801601060BDE8F88FAE
:10353000704700BFA8390020B439002003000040C4
:10354000B039002038B505684DB104462846FFF76C
:1035500043FFA1882846BDE83840FFF799BF38BD32
:10356000830709D140B1030F06D00168234B1942EC
:1035700002D1CB78F92B00D07047214B2DE9F041D7
:1035800004461B68002B33D003F108029442F8D3A1
:10359000586802449442F4D221F0030341F001013F
:1035A0009B6921600BB120469847164D164C2F465B
:1035B000AB8883B923681846C3B1D3E90026D3F892
:1035C000088022600AF00CFD41463046FFF760FF9C
:1035D000AB88002BEED0384601F020FA036823F0C8
:1035E00003039B69002BE3D09847E1E7BDE8F08136
:1035F00040F24A30FDF72AFE2168CDE70300004083
:10360000B0390020A8390020B4390020F8B50546AB
:103610000AF0C0FC0446A5F10800830760602ED1C3
:103620001B4A1C4F556891681B4EC31C23F0004376
:10363000014423F00303013543F00043C2E9015183
:103640003A68A360E26004F10803144A31683B6001
:1036500003EB9000106079B18C420DD30A68A2B1DF
:10366000944203D211E09C4203D31A461368002B04
:10367000F9D123601460F8BD21603460F8BD4FF4C7
:103680005270FDF7E3FD6068CAE713460A46F0E7AB
:10369000C4390020E0390020B0390020B8390020BA
:1036A0002DE9F04F834B1B780646980783B005D56C
:1036B0004FF45270FDF7CAFD7E4B1B787E4A1468AA
:1036C00095887C4A43F0020313706DB104EB8505C5
:1036D00054F8040B20F0010310F0010F18BF186814
:1036E000FFF73EFFA542F3D1744C3046FDF738FE9C
:1036F00023688BB1724B1B685E8D01F0C3FA25689D
:1037000005EB8605861B07D00024013455F8040B11
:10371000FFF726FFA642F8D16A4A6B4B16781D6860
:103720003EB10024013455F8040BFFF719FFA642FF
:10373000F8D16649664A0B68176801330B60654B20
:1037400000221A60002F00F0B180CDE900229046DF
:1037500091467B68019A07F108059B0805EB8306F3
:103760001A44B542019248D22B6813F001017DD171
:103770001A0F062A7AD0AE4240F28880AA4601E0AB
:10378000DAF80030002B4FEA13720FDBD90714D49C
:10379000062A12D05A0009D4DB78F92B40F24930BE
:1037A00001D0FDF753FD504601F012F95046FFF7E6
:1037B00047FD0AEB800A5645E2D8AAEB05044FEA1A
:1037C000A40CE0454FEA8C024FF0FF01284642F07E
:1037D000004BB8BFE046E1441FF0DCF9042CC5F80B
:1037E00000B04CDD00236B60009B002B49D0009B98
:1037F00000955D605546AE42B6D83F68002FA8D10F
:10380000354901980B684FEA890202EB09178000DD
:103810004FEA88047F009BB12E4B1D684FEA59097F
:1038200075B12B68C3F39906B14506D236E02B6813
:10383000C3F399031E44B14531D36D68002DF6D111
:1038400022494B69C1E903246BB193420BD8B842BA
:1038500001D3FFF717FD174A137823F00203137003
:1038600003B0BDE8F08F194B5A61F0E723F0010374
:103870002B602846FFF7E4FC05EB8005BBE75546C7
:10388000B9E7144B00951D605546B4E74FF000436F
:10389000B8F1000F2B60AEDA8846ACE733469944A6
:1038A000A9EB060305EB83030B60C9E73C463846EA
:1038B0003A46C5E759440020BC390020F0390020C1
:1038C000F43900205A440020DC390020C43900209B
:1038D000B0390020E0390020B839002050F8043C0D
:1038E0005A0F032A10B5044605D040F24930FDF7BF
:1038F000ADFC54F8043C43F0004344F8043C20463B
:1039000010BD00BF2DE9F84F42F6F823C71C9842BE
:103910004FEA97077CDC444BDFF810A15B68C3F3E8
:103920000803002B5ED19AF8003018075AD143F0F3
:1039300001038AF80030FDF705FD10B14368002B44
:103940006DD0DFF8ECB0DFF8EC900026DBF800403B
:10395000002C4ED04FF0000803E0A0461C46002B80
:1039600047D040F251301EB9D9F80030A34248D3B5
:10397000A10701D1230F01D1FDF768FC2568002DB7
:1039800040F24B3001DBFDF761FCC5F39905ED1BFF
:10399000002D6368E1DB0AD0AA0042F0004244F83F
:1039A000272004EB8707012D1CBF7B603B46B8F145
:1039B000000F31D0C8F80430002222604BB15B68A0
:1039C0003BB19A0701D11B0F03D14FF45470FDF79F
:1039D0003DFC9AF8003023F001038AF800302046BD
:1039E000BDE8F88F40F29230FDF730FC9AF80030D5
:1039F0009DE736B1012E08D01520FDF727FC0136D2
:103A0000A4E70020FFF74CFEF9E7FFF73BFCF6E7E1
:103A10001620FDF71BFC7EE7CBF80030CCE740F228
:103A20004E30FDF713FC8CE700ED00E05944002018
:103A3000E0390020B8390020033010B520F003042D
:103A4000201DFFF75FFFE31D23F0804323F00303F6
:103A500043F0804340F8043B10BD00BF08B538B1C7
:103A6000FFF7EAFF50F8043C43F0005340F8043CF1
:103A700008BD00BFF8B5214B5B68C3F308030646D9
:103A80000F46002B34D1FDF75DFC1D4D1D4AF31B85
:103A90009B102B7004461760A8B10C20FFF7CCFFD9
:103AA00050F8043C6268026043F00053A26840F89A
:103AB000043CE368C0E90123E0600023A6602B70AA
:103AC00063602046F8BD1820FFF7B6FF0E4A50F895
:103AD000043C1268026043F00053122240F8043C98
:103AE00000234261C0E903330446FDF733FCE4E7F9
:103AF00040F29230FDF7AAFBC5E700BF00ED00E001
:103B00005A440020DC390020F0390020830702D11C
:103B100008B1030F00D17047024B0246998818463E
:103B200000F064BFBC3900208207034602D108B10F
:103B30001B0F00D17047FFF7E7BB00BF0430FFF752
:103B400001BD00BF03460C309988FFF7A1BC00BF40
:103B50004068FFF76DBC00BF10B504460430FFF7A6
:103B6000F1FC04F10C00BDE81040FFF7EBBC00BF16
:103B700050F8043B23F00103198804398908FFF742
:103B800087BC00BF03207047808880000F3080080A
:103B9000704700BF02207047052070470349044A60
:103BA0000023C1E90033C2E900337047BC3900206B
:103BB000A8390020704700BF02207047406810F00D
:103BC00077BA00BF704700BF10B50446034B416091
:103BD0000846236010F04EFA204610BDC03604009F
:103BE00010B5044682B0406810F030FA88B16168C0
:103BF00068460FF0BFFD694601A810F037F801A82C
:103C00000FF0C8FD606001A80FF09EFD68460FF040
:103C10009BFD02B010BD00BF38B505460820FFF778
:103C200071FE044628B1044B45602846236010F01D
:103C300021FA204638BD00BFC0360400FFF7ECBFB4
:103C4000A0F120035E2B10D810B582B00446684660
:103C50000FF078FC04EB8400009BA0381844052189
:103C600002B0BDE81040FEF7B5B80020704700BFB5
:103C700010B584B00C46416803A80FF07BFD00230B
:103C8000624203A9CDE9003303480CF099FC03A874
:103C90000FF05AFD04B010BD302E002030B585B0B5
:103CA0000C46416803A815460FF064FD00236242EC
:103CB00003A90093019504480CF082FC03A80FF0BF
:103CC00043FD05B030BD00BF302E002043689B8807
:103CD00001FB03F1FFF7CCBF70B584B00E4641681D
:103CE00002A815460FF046FD02A903A80FF03AFD01
:103CF00000246FF0FE0033462A4603A9CDE90004F4
:103D000005480CF027FD03A80FF01EFD02A80FF0D8
:103D10001BFD04B070BD00BF302E002010B504465E
:103D200082B0FFF75DFF616801A80FF023FD01A8D5
:103D30000FF048FD01A80FF007FD02B010BD00BF55
:103D4000F0B5074683B00C4615461E46FFF748FF00
:103D5000796801A80FF00EFDF3B22AB221B201A8D2
:103D60000FF03AFD01A80FF0EFFC03B0F0BD00BF6B
:103D700030B583B00C461546416801A80FF0FAFC37
:103D800021B22AB201A80FF03DFD044601A80FF0B0
:103D9000DBFC24EAE47003B030BD00BF4368588800
:103DA000704700BF43689888704700BF002B14BF5E
:103DB000FF230023FFF7C4BF08B5FFF7D9FF002892
:103DC000D4BF0020012008BD43689B8801FB03F19C
:103DD000FFF764BF1023FDF7DFBE00BF082870B5F2
:103DE00004460D461AD0A0F10903012B07D92A4633
:103DF000214610230D20BDE87040FDF7CDBE0F4ECB
:103E0000D6F82C0A03689B6A98470528EFDCD6F899
:103E10002C0A036808215B6A9847E8E7074ED6F842
:103E20002C0A03689B6A98470228E0DCD6F82C0A23
:103E3000036804215B6A9847D9E700BF002500208A
:103E400038B5074C0546D4F82C0A0AF0F7FBD4F82D
:103E50002C0A0AF053FC401BB0FA80F0400938BD30
:103E60000025002070B50D461646044600F026FADF
:103E700050B10368DB6A9847324629462046102332
:103E8000BDE87040FDF788BE70BD00BF0A46102334
:103E90000321FDF781BE00BF0A460321FFF7E2BF01
:103EA0000A460221FFF7DEBF08B500F007FA28B185
:103EB0000368DB6A9847003018BF012008BD00BFC7
:103EC0002DE9F843204CD4F82C0A0AF0B7FB1EF079
:103ED0005DF88046D4F82C0A89460AF0B7FB1EF03C
:103EE00055F80646D4F82C0A0F460AF0B7FB1EF028
:103EF0004DF8424604460D464B46404649461EF0A4
:103F0000AFF83246804689463B46304639461EF079
:103F1000A7F802460B46404649461DF0EBFE2246F6
:103F200006460F462B46204629461EF099F80246C3
:103F30000B46304639461DF0DDFE1BF0C7FC1EF077
:103F40003FFBBDE8F88300BF00250020032814D8FC
:103F5000DFE800F00E090402FFF7B2BF084BD3F808
:103F60002C0A0AF07BBB064BD3F82C0A0AF06EBB76
:103F7000034BD3F82C0A0AF061BB0020704700BF46
:103F800000250020014803F0BFBF00BFF42D002032
:103F9000024BD3F8300A0AF091BD00BF0025002083
:103FA000014802F0E9BC00BF182F002040B10128F1
:103FB00004D1064BD3F82C0A0AF08ABB00207047C4
:103FC000024BD3F82C0A0AF05FBB00BF002500208B
:103FD00008B503283FD8DFE800F02F2011021F4B5F
:103FE000D3F8300A0AF012FC1DF0D0FF00221C4B5F
:103FF0001EF060F9BDE80840FEF71AB8174BD3F879
:10400000300A0AF0B3FC1DF0C1FF154B00221EF070
:1040100051F9BDE80840FEF70BB8104BD3F8300A51
:104020000AF09CFC1DF0B2FF0D4B00221EF042F97D
:10403000BDE80840FDF7FCBF084BD3F8300A0AF092
:1040400085FC1DF0A3FF064B00221EF033F9BDE8EE
:104050000840FDF7EDBF00200021CBE70025002040
:1040600000408F40024BD3F8300A0AF00DBC00BF6D
:1040700000250020034BD3F82C3A1A680146526AF7
:10408000184610470025002008B5054BD3F8300A24
:104090000AF040FCA0F10100B0FA80F0400908BD30
:1040A00000250020012808B505D0022811D00328DA
:1040B00008D0002008BD0A480CF05CFC003018BF96
:1040C000012008BD07480DF01BFC003018BF01207F
:1040D00008BD05480CF04EFC003018BF012008BD9B
:1040E000642E0020AC2E0020882E00200AB2FF2370
:1040F00001B201480FF070BB042E002070B5FF2AFA
:1041000082B005460E4604DC002A14460ADC002371
:1041100000E0FF230C4832B229B202B0BDE8704083
:104120000FF05ABBFF2A0CD0084803F0CFFD01283E
:10413000E3B2EFD001210548019303F0D5FC019BC8
:10414000E8E71346E6E700BF042E0020F42D002028
:104150000AB2002301B201480FF03EBB042E00203A
:104160000AB201B201480FF04DBB00BF042E00207F
:1041700001480CF085B900BF302E0020C1B20148C3
:1041800003F0B2BCF42D002008B5024803F09EFDF8
:1041900008BD00BFF42D002001480AF0C1BC00BFDB
:1041A000F42D00200146014803F0D0BEF42D00207C
:1041B00010B9034803F036BC014803F04BBD00BF03
:1041C000F42D002030B583B00C4901A80AF0ACFCF6
:1041D00001A80FF0DFFA044601A80FF0B5FA082095
:1041E000FFF790FB054610B12146FFF7EDFC204696
:1041F0000FF05EFF284603B030BD00BFF42D002055
:104200002DE9F0410668B3F5807F28BF4FF4807335
:104210000446D6F800800D46002116461F46C047CA
:104220004FF496700AF00EF8227D094B09481F2AB8
:1042300098BF184672B6217D074C01F01F0141EA74
:10424000075133462A46A04762B6BDE8F08100BF59
:104250000005005000080050C522002008B1436846
:1042600003B9704710B50446084600F027F86268A5
:1042700004F108014FF48073BDE81040FFF7C0BFA0
:1042800008B1436803B9704770B50446154608463F
:1042900000F014F82B46626804F10801BDE8704094
:1042A000FFF7AEBF704700BF01F01EB8704700BFF8
:1042B000704700BF704700BF00F062B9722866D037
:1042C0000CDD972865D014DC762864D032DD7828A0
:1042D00055D03ADB792819D1334870476A285CD029
:1042E00016DD6E285BD020DD70284AD035DC2F48E3
:1042F00070479B2855D013DD40F2E933984238D0FF
:1043000040F2EA33984226D09C2836D000207047ED
:1043100066281CD013DD682837D026DC2448704777
:10432000992828D01BDC234870476C282BD01ADC36
:104330002148704774281AD013DC2048704764283D
:1043400007D06528E2D11E4870471E4870471E48B6
:1043500070471E4870471E4870471E4870471E48E9
:1043600070471E4870471E4870471E4870471E48D9
:1043700070471E4870471E4870471E4870471E48C9
:1043800070471E4870471E4870471E4870471E48B9
:1043900070471E4870471E4870471E4870471E48A9
:1043A00070471E48704700BF482A00205829002047
:1043B00098280020B02B0020F8280020B8290020E1
:1043C00068280020182A002080280020502800207B
:1043D000682B002088290020E02B0020E8290020FD
:1043E00028290020C8280020D0290020502B002098
:1043F000C82B0020102C0020302A0020702900201B
:1044000010290020B0280020A0290020982B00208F
:10441000002A0020E028002040290020F82B00205E
:10442000FFF74CBF10B5FFF749FF20B10368BDE8A7
:1044300010405B68184710BD10B5FFF73FFF20B173
:104440000368BDE810401B68184710BD10B5FFF7A2
:1044500035FF20B10368BDE810405B69184710BD07
:1044600010B5FFF72BFF20B10368BDE81040DB68F3
:10447000184710BD10B5FFF721FF20B10368BDE854
:1044800010409B6B184710BD10B5FFF717FF48B1E0
:1044900003681C694FF4FA62A44640F2DC53BDE89D
:1044A0001040604710BD00BF704700BF10B5FFF758
:1044B00005FF20B10368BDE810401B6B184710BD15
:1044C00008B5FFF7FBFE034A034B106000221A6099
:1044D00008BD00BFE8390020EC390020026870B543
:1044E0000D1E0446D66802DD0A4A12782AB9204613
:1044F00033460021BDE87040184752110121914018
:10450000B047236804499B6B91FBF5F12046BDE859
:10451000704018472623002040420F00114B124ADA
:104520001B78FF2808DC002812DB107073B198B1EB
:1045300040110121814003E0FF2111703BB1802136
:104540000A4B186810B10A4B1B783BB17047704793
:1045500000211170002BF9D00021F1E70368DB681E
:10456000184700BF5B44002026230020E8390020C4
:104570005C440020014B1878704700BF26230020C0
:1045800070B50E4D2B680C46ABB10D4E0146224660
:10459000184601233370FFF7A1FF002C0ADD2046E7
:1045A00009F0CEFA286818B103680021DB68984743
:1045B0000023337070BD034B2B60E6E7E839002021
:1045C0005B4400205038002010B559B101290CBFC0
:1045D00002210021FFF772FE48B10368BDE81040D8
:1045E0005B6C18470121FFF769FE0028F5D110BD6B
:1045F00010B5FFF763FE0368BDE810405B6D184718
:1046000001460020FDF7E6BB704700BF70B50C4DBA
:104610002C6882B014B1204602B070BD2C201EF070
:104620005EFA084B002603F1180203F130010096F0
:10463000044611F069FF20462C6002B070BD00BF37
:10464000E43900208829002010B50446FFF7DEFF7A
:10465000036821461B69BDE81040184770B50C4639
:1046600082B0F0B1054639B16A6863689A4203D0F6
:1046700040F28D30FCF7EAFDFFF7C8FF03686A6877
:104680005E6905F1080134B1154604F1080300958F
:10469000B04702B070BD254623460095B04702B032
:1046A00070BD39B1FFF7B2FF036865685E6900212C
:1046B0000A46EAE740F28D30FCF7C8FDF2E700BF9A
:1046C00010B50446FFF7A2FF036821469B68BDE8CA
:1046D0001040184770B505460C46FFF797FF036872
:1046E0002A462146DB68BDE8704018472DE9F043B3
:1046F000134C236883B007460E4615462BB11A6843
:104700001846136A9847002323603846FFF7D6FD02
:1047100007463046FFF7D2FD80462846FFF7CEFD1C
:1047200081462C201EF0DBF900264B4642463946D6
:104730000096054611F0E8FE256003B0BDE8F08361
:10474000E439002070B50446FFF7B8FD68B103688E
:104750000D46164603215B6D984732462946204692
:104760001023BDE87040FDF717BA70BD014B986883
:10477000704700BF4839002008B5FFF79FFD78B1AA
:10478000C38804290CBF43F4807323F48073C3806F
:10479000036811461B6D9847024B984200D008BD34
:1047A000002008BD11FCFFFF30B583B00446FFF7C1
:1047B00085FD90F914503C201EF091F903230093DD
:1047C0002946A2B2012306F04BFA03B030BD00BF68
:1047D00010B5FFF773FD074C0146204600F000FFBF
:1047E000054B1978204681F00101BDE8104000F02A
:1047F0004BBE00BF482F00205C4400200146034B05
:10480000034881F001021A7000F03EBE5C440020B3
:10481000482F0020F0B5044683B0002017460E460E
:10482000FDF7D8FA6100054600F1080289B2009749
:104830003346034810F04CFC284603B0F0BD00BFDF
:10484000FC2C002010B582B00C4640004B68009252
:1048500081B204F10802024810F0D6FB02B010BD8C
:10486000FC2C00200023C0E901337047704700BFD3
:104870000023C0E90133C0E903337047704700BF2C
:104880002DE9F047C4888C4205460E462FD24FEAE8
:104890008408D0F80090002C39D03F2C35DDB4F5D9
:1048A000007F3DDB04F580774FF6FE724FF6FF7315
:1048B000974288BF1F46B742B8BF3746B80009F0D5
:1048C00069FB82461CB1424649461EF03FF93A1B3D
:1048D000920000210AEB08001EF05CF9484609F03E
:1048E0007FFBC5F800A0EF80AE80BDE8F08782882E
:1048F0009142F9D20068521A00EB81009200002127
:104900001EF048F9AE80BDE8F0876700D3E70429C0
:104910000F46B8BF0427B80009F03CFB8246D6E733
:10492000034B08EB0407A3FB07377F08C3E700BF6F
:10493000ABAAAAAA704700BF704700BF704700BF6C
:10494000704700BF704700BF0B6823F0010370B5CC
:104950001B89042B0C46054602D13DB9204670BD8B
:1049600040F28530FCF772FC002DF7D0E81C800087
:10497000FEF7C8FF064608B1074B0360A368B360A3
:10498000AAB2B5809200002106F10C0034461EF058
:1049900001F9204670BD00BFF036040038B5026949
:1049A0000A4B9A42054603D04FF46270FCF74EFC66
:1049B0002888FEF7A7FF044600B105602A88002179
:1049C000043A201D1EF0E6F8204638BD39490200A1
:1049D000036823F001031B69184700BF036823F035
:1049E00001031B69184700BF704700BF4FF6FE73F5
:1049F00099420AD883888B4270B5054616460C4604
:104A000004D92B6843F8246070BD70470131FFF76B
:104A100037FF2B6843F8246070BD00BF83884BB11B
:104A2000013B9BB202688380002152F8230042F8C8
:104A30002310704718467047C38870B54BB33F2B9F
:104A40000FDDB3F5007F2CDB03F580744FF6FE72AB
:104A5000944223D8A4B28C4238BF0C46A34207D359
:104A600070BD5C00A4B28C4238BF0C46A342F7D2A2
:104A70000546A000FEF7E0FFEB880646E3B9E21A20
:104A8000920006EB830000211EF084F82E60EC807B
:104A900070BD042938BF04210C46E7E74FF6FF74C8
:104AA000E4E7084A03EB8304A2FB0424C4F34F04A5
:104AB0008C4238BF0C46D9E79A0029681EF046F8A8
:104AC000EB88DCE7ABAAAAAA30B5C3888B4283B0D7
:104AD00005460C4609D9036843F82120AB889C425F
:104AE00024BF0134AC8003B030BD4FF6FE73994251
:104AF000F9D8013189B20192FFF79EFF2B68019A24
:104B000043F82420EAE700BF38B5C3888B42044647
:104B10008DB201D2AB4201D9A58038BD2946FFF73D
:104B20008BFFA58038BD00BF83884BB1013B9BB292
:104B300002688380002152F8230042F82310704756
:104B400018467047F8B583888B421DD905684A1C02
:104B50008F009342044655F8216005EB070007D803
:104B6000013B9BB20022A38045F823203046F8BDCC
:104B70005A1A02F18042013A391D294492001DF06F
:104B8000F0FFA3882568EBE70026EFE783888B42D8
:104B90001CD970B50E461546591CC28889B28A4286
:104BA00004460FD9701C216880009B1B061F9A00C9
:104BB000084431441DF0D5FFA38822680133955184
:104BC000A38070BDFFF738FFA388EBE7FFF77CBF3A
:104BD000024A02600022C0E90122704780370400C7
:104BE000024A026000224260704700BF5037040052
:104BF000034A02600022C0E90122C0E90322704793
:104C0000203704002DE9F041068945681EB32B6862
:104C1000994224D02A46002003E052F8044F8C42E7
:104C200017D00130B042F8D1B1F804808F1D0024B4
:104C300004E00134A6420ED055F8043F9A8890450E
:104C4000F7D1991D424638461DF071FF0028F0D17A
:104C50002046BDE8F0814FF0FF30BDE8F081002034
:104C6000F7E700BF704700BFFCF7F0BA014B1B68C5
:104C700018697047F4390020014B1B689869704728
:104C8000F4390020014B1B68188C7047F439002060
:104C9000014B1B68D86B7047F43900200268F8B5E7
:104CA00044F210239A4200D0FEE74368194A19687B
:104CB000194F91423B6014D00646188C174D800066
:104CC000FEF7CCFE3B6828601A8C002192001DF094
:104CD00061FF3C68124B226829689A420D6006D039
:104CE000FEE740F29F30BDE8F840FCF7AFBAB3688A
:104CF00022699A42F4D1FCF7F7FA3A680023156B5F
:104D000004F140001A461946A847BDE8F840FCF7F0
:104D1000BFBA00BF718E3B92F4390020F0390020F9
:104D2000708E3B920148FFF7B9BF00BF802E040090
:104D300048B110F0030207D1036823F00103D978CA
:104D4000F92903D010467047002070471889A0F158
:104D50000600B0FA80F04009704700BF70B5054604
:104D60000C20FEF7CFFD044620B1154B0360002355
:104D7000C0E901333DB1AB0705D12B6823F0010336
:104D8000DA78F92A01D0204670BD0E4A9342FAD152
:104D90002E89002EF7D02046FEF7B8FE63899E428A
:104DA00003D93146201DFFF747FEB200696826810E
:104DB00060681DF0CBFE2046FEF7B6FE204670BDB3
:104DC000803704002037040038B50D46044608B18A
:104DD000830714D040F29B30FCF738FA294620466E
:104DE000FFF710FF051E08DB2946201DFFF7AAFE6E
:104DF000294604F10C00FFF7A5FE422038BD0368E8
:104E000023F00103DA78F92AE4D1024A9342E5D08B
:104E1000E0E700BF20370400704700BFDFF8D8C0CC
:104E20002DE9F043C0F3072E044603FB0EFE304E7F
:104E300030488CFB0E87C4F307454FEAEE7ECEEB7D
:104E4000671E03FB05F5C1F30729C1F30748C9B283
:104E500003FB01F786F800E0E4B28CFB05E1ED17F7
:104E600003FB04F4C5EB611575708CFB0415E417A6
:104E700003FB09F9C4EB6515C2F3072EC2F307441F
:104E8000D2B203FB08F803FB0EFE03FB04F403FBA2
:104E900002F38CFB09214FEAE972C2EB6112B57093
:104EA000F2704FEAE8758CFB0812C5EB62158CFBBB
:104EB0000712FF17C7EB62178CFB0E124FEAEE7E4C
:104EC000CEEB621E8CFB04128CFB03C1E417DB17D4
:104ED000C4EB6214C3EB611335713146777186F808
:104EE00006E0F47133720922BDE8F04312F0C2BA51
:104EF000F8390020982B00201F85EB510022114625
:104F000010461423FFF78ABF024601461423FFF719
:104F100085BF00BF10B5104882B00AF02DFD90B1DA
:104F20000246002301A80C490AF0C8FC0198B0F918
:104F300002100430FCF74CFF044601A80EF08AFF73
:104F4000204602B010BD01460448FCF741FF04466C
:104F5000204602B010BD00BF7C2C0020404604005B
:104F600030B5034683B00E4CB0F904200D4601A8BD
:104F7000991D0EF0E7FF01A9002220460AF084FAED
:104F800001A80EF067FF2A46102301210C20FCF730
:104F900003FE204600210AF0FFFB03B030BD00BF36
:104FA0007C2C002098B100B5014683B0B1F90420F3
:104FB00001A806310EF0C6FF01A9022204480AF03A
:104FC000B9F901A80EF046FF03B05DF804FB704785
:104FD0007C2C0020014628B1426803480223083196
:104FE0000AF07EB9704700BF7C2C0020F8B5051E82
:104FF00021DD022729460020FCF7ECFE044600F1E3
:105000000806FEF783FD3B46314662680D480AF00C
:10501000DFFB854209D001463046FCF7DBFE054642
:105020002046FEF781FD2846F8BD20462546FEF7BE
:105030007BFD2846F8BD03480AF09EFC0027054684
:10504000D8E700BF7C2C002070B50D4614460646FC
:10505000FFF734F990B12846FFF730F970B13046C8
:10506000FFF72CF906462846FFF728F93146024695
:1050700005480AF077F9054B01221A7021460248CB
:10508000BDE870400AF060B97C2C00205D4400202F
:1050900038B50C460546FFF711F9A0B12046FFF7D9
:1050A0000DF980B1094B012228461A70FFF706F965
:1050B00005462046FFF702F929460246BDE838407A
:1050C00003480AF04FB96FF47A7038BD5D44002090
:1050D0007C2C0020014601480AF036B97C2C0020C7
:1050E00038B5094A094B02F58A742046A2F1180125
:1050F00000251D700AF036F920464FF4E131BDE875
:1051000038400AF021B900BF682B00205D44002020
:10511000014601480AF0FCBB7C2C002001460148F6
:105120000AF010BC7C2C0020024B1B7803B17047A6
:1051300006F020B85D440020024B1B7803B1704795
:1051400006F018B85D44002010B582B0B0F9042014
:10515000811D68460EF0F6FE6A46022301A8094941
:105160000AF0A8F90198B0F902100430FCF730FEFB
:10517000044601A80EF06EFE68460EF06BFE204657
:1051800002B010BD7C2C002000B5831D83B0B0F9A7
:10519000042069B9194601A80EF0D4FE01A90C48F3
:1051A00003F0BCFC01A80EF055FE03B05DF804FB53
:1051B000194601A80EF0C6FE01A90122044803F019
:1051C00015FD01A80EF046FE03B05DF804FB00BF1C
:1051D0004C380020014803F03BBA00BF4C38002097
:1051E00070B50E46FDF7CCF9044630460D46FDF786
:1051F000C7F902460B46204629461AF035F9BDE8A4
:105200007040FCF715BF00BF08B5FDF7B9F919F0FC
:10521000CDFEBDE80840FCF70BBF00BF08B5FDF7A9
:10522000AFF919F07FFEBDE80840FCF701BF00BFF1
:1052300008B5FDF7A5F919F029FEBDE80840FCF70F
:10524000F7BE00BF08B5FDF79BF9F7F711FDBDE804
:105250000840FCF7EDBE00BF08B5FDF791F91AF064
:10526000B1F8BDE80840FCF7E3BE00BF08B5FDF7A4
:1052700087F919F0FFFFBDE80840FCF7D9BE00BF71
:1052800008B5FDF77DF91AF021FBBDE80840FCF7F1
:10529000CFBE00BF08B5FBF7E3FFFFF743FD0020DB
:1052A00008BD00BF034A044B1068022101221A7096
:1052B0000DF0B0BCA03700205E440020094B1B78E5
:1052C00070B505460C4653B1022D22460CBF022193
:1052D000012110231520BDE87040FCF75DBCFFF7ED
:1052E000E1FFF1E75E44002008B5094B1B780BB9DC
:1052F000FFF7D8FF074B4FF0FF3118680DF07AFB2E
:1053000007EE900AFDEEE77A17EE900A08BD00BF9F
:105310005E440020A037002010B5114B82B01B78EE
:10532000019104467BB10F4B186890B1DDED017A15
:10533000F8EEE77A022C17EE901A0CD002B0BDE816
:1053400010400DF035BCFFF7ADFF064B1868002884
:10535000ECD102B010BD02B0BDE810400DF0F6BBBC
:105360005E440020A0370020704700BF704700BF98
:10537000024B1B6803EB4000704700BFF43900206C
:10538000704700BF704700BF704700BF00487047BC
:1053900016FCFFFF704700BF10B50446D0F8FC08AC
:1053A000036801211B6898470121D4F8FC0810F01C
:1053B00059FED4F84818D4F8F4080FF07BFAD4F862
:1053C000F818D4F8F40800220FF038FA01210EF092
:1053D00045FF012384F8703810BD00BF38B504467E
:1053E000D0F8FC0803680025294684F870581B682B
:1053F00098472946D4F8FC08BDE8384010F032BE82
:1054000010B50446D0F848080EF00AFF10B194F821
:1054100070386BB1D4F848080EF002FF10B994F858
:10542000703803B910BD2046BDE81040FFF7D6BF65
:105430002046FFF7B1FFEDE7FF2906D808B5890040
:10544000083002F0A3F9002008BD6FF47A707047AD
:1054500008B5083002F0B0F90028B8BF033080105A
:1054600008BD00BFD0F8F03880F872185BB1D0F8F2
:10547000782819B91146184610F04CB9114618464B
:10548000012210F01BB97047D0F8F03880F873187B
:105490005BB1D0F8742819B91146184610F03AB922
:1054A00011461846002210F009B9704770B504463D
:1054B00082B038201DF013FB04F1080513232A469F
:1054C000064600931849194B0FF016FF0021C4F847
:1054D000F06830460FF0F8FFD4F8F0080FF0C4FE83
:1054E00081B2284602F078F94FF40041284602F0D4
:1054F0007DF994F872182046FFF7B4FF94F87318FA
:105500002046FFF7C1FFD4F8EC380BB102B070BDF4
:10551000284640F2FF33002204F67C0102F0F4F842
:10552000C4F8EC0802B070BD0010024000442C47E3
:10553000044B186810B1D0F8F03803B17047FFF78A
:10554000B5BF00BF043A002010B5044689B3D0F8B7
:10555000F03823B3C388214A43F001030221C380FA
:10556000C2F88410BFF34F8FBFF36F8FD0F8F008ED
:1055700010F09EF8D4F87818D4F8F00810F0CAF8B3
:10558000D4F87418D4F8F00810F0C4F8D4F8F0087F
:1055900010B103689B6998470023C4F8F03894F869
:1055A0007038DBB284F871382046FFF717FF00200F
:1055B00010BDC388DA0705D5D0F8F02823F0010321
:1055C000C38042B194F87138002BF0D02046FFF729
:1055D000E3FE002010BDFFF769FFF3E700E100E004
:1055E00070B50446D0F8F00894F87358002384F896
:1055F00073380E4618B1D4F8741810F08BF8C4F84C
:10560000746829462046BDE87040FFF73DBF00BFE3
:1056100070B500F108040AF067FC0646204602F067
:1056200009F90546204602F00BF96DB105F5B555AF
:105630000C35B5420CD830B100F5B2500830B0424C
:105640008CBF0020012070BD003018BF012070BD4C
:10565000012070BD70B50446D0F8F0081B4B2360E4
:1056600048B1D4F8781810F055F8D4F87418D4F874
:10567000F00810F04FF8164BC4F8083903F1840213
:10568000A833C4F82029C4F82839124E002504F69E
:1056900038100EF04DFB04F51260C4F82069A4F830
:1056A000265907F09FFE04F6041002F09FFF04F64F
:1056B0007C0002F093FC04F1080001F001FE20469A
:1056C0002660E58007F08EFE204670BDB8370400E6
:1056D000A8430400344A040010B50446FFF7BAFF9B
:1056E00020461DF0F5F9204610BD00BF2DE9F04F12
:1056F000654D056085B000250646456004468B462D
:1057000092461F46DDF8389007F0FCFD5F4B46F8E7
:10571000083B40F2FF3203235D49304601F08AFD29
:1057200004F67C08012284F8705884F8722884F802
:10573000732840F6C2314AF64442C4F874B8C4F83B
:1057400078A884F87158404602F080FC0F9BC4F89A
:10575000FC384146C4F8EC58C4F8F058C4F8F47862
:10576000C4F8F89804F6041002F03EFF31462B22EC
:1057700004F6081003F0EEFC464A1168002900F018
:105780008180E288DFF824A142F400524046E280A2
:10579000012102F01FFF4946002238460FF04EF863
:1057A00003683D495B6AC4F848089847002207210E
:1057B000D4F84808DFF8E0900EF036FD2046FFF7F9
:1057C000EBFD07F08FFD074644201DF088F9D4F863
:1057D00048183A4605461C3104F507680DF04EFEA0
:1057E00041462846C4F854580DF09EFCD4F854089D
:1057F00003685B69984707464C201DF070F90A2240
:1058000002233946CDE90032244A012305460DF032
:10581000C3FBD4F85408C4F84C5803685B69984734
:10582000074660201DF05BF91D4A01921522029285
:105830004FF08342394605461A4B00921A4A0DF042
:105840008DF8C4F8585844201DF049F9D4F84C1884
:1058500007462C3125220DF011FE04F50665C4F82B
:10586000507854201DF03BF9534607464A463146CE
:1058700002F07EFB45F8047B4545F2D1204605B099
:10588000BDE8F08F14607CE7344A0400B8370400A8
:1058900000442C47043A002000E02B460AD7A33DE1
:1058A00000000C42000082420000AA4200007F4338
:1058B00000487047F0370400BFF34F8F0549064B8F
:1058C000CA6802F4E0621343CB60BFF34F8F00BF9E
:1058D000FDE700BF00ED00E00400FA0512DF7047AD
:1058E000704700BF084608F0AFBC00BF11F05CBDB8
:1058F000084608F0A5BC00BF11F064BD024A034988
:1059000001601060704700BF143A0020183804008E
:1059100030B583B002AB002103F8011D05461846DF
:10592000FFF7DCFF9DF80730012B1BD0134A14480A
:10593000012313600424C2F80011D2F80031002BB7
:10594000FBD0D2F80835013C43EA0020F3D1012313
:1059500053602B680B4A9B69934209D108F074FC91
:1059600003B030BD2B68074A9B6905489342F5D0C8
:1059700001462846984703B030BD00BF00D0004024
:10598000ED5EBC0BE5580200034B1B680BB108F041
:105990005DBC1846704700BF143A00204FF080539A
:1059A000586E704770B4174E174C0FCE89B001ADCA
:1059B0000FC596E8070003C5002104F8051F4FF046
:1059C00080532A705E6E0520012501EB810208AB31
:1059D0001A44B6FBF0F300FB1363B3FBF5F31A4470
:1059E000013112F81C2C04F8012D0529A6EB030641
:1059F00000EB800005EB8505E7D1034809B070BCDA
:105A0000704700BFD4370400083A002000B583B0C7
:105A100002A8002300F8013DFFF760FF9DF8070092
:105A2000A0F10100B0FA80F0400903B05DF804FB7A
:105A300008B5FFF741FF00BF014B1860704700BF7A
:105A4000103A00202DE9804889B0DFF87092079065
:105A500011F0A0FC914A9249924D0023C1F81035F3
:105A600009F10404C2F810354846C2F814351C2167
:105A7000C2F81835C2F81C35C2F82035C2F82435F2
:105A8000C2F828354FF0A043032201F5E0718442AB
:105A900043F8212009D010F8011F1F2986BF01F00B
:105AA0001F012B464FF0A043EFE77F4B7D4D1C1DA0
:105AB0001A464FF0A0411523032003F5E0739442EA
:105AC00041F8230009D012F8013F1F2B86BF03F0D5
:105AD0001F0329464FF0A041EFE77348714D15238E
:105AE0004FF0A041012404FA03F38242C1F80C35BF
:105AF00009D010F8013F1F2B86BF03F01F03294672
:105B00004FF0A041EFE7694B694A1B6812680693A2
:105B1000DFF890A10592002303934FF0010B059B42
:105B2000002B00F0AF80039A934240F3A98000233A
:105B30000493604B01931B244FF0A0480023029371
:105B4000019B03F1040E029B272B6FDC039B49F69C
:105B50003F42052B49F6404C40F69F73ACBF4FF4D3
:105B60007A6C1346019E504F49F640426546042028
:105B70000441E407CC464FF01C010FD51F2943D840
:105B80004FF0A0440BFA01F1C4F80C1580B1347841
:105B90001CF8011F01380441E407EFD41F2937D84E
:105BA0004FF0A0440BFA01F1C4F808150028EED11B
:105BB0005DB139781F2986BF01F01F0150464FF0B3
:105BC000A0400BFA01F1C0F80815002102E00131F4
:105BD000914212D09942D8F80405F8D138781F289C
:105BE00086BF00F01F0054464FF0A04401310BFA6D
:105BF00000F09142C4F80C05ECD1764507F101079D
:105C00000AD016F8014FB2E701F01F015446B9E778
:105C100001F01F015446C5E7029B0133302B02936C
:105C200009D0019B1C78029B272B8FDD4FF0FF339F
:105C30004FF0000C96E7049B591C04292AD0012937
:105C400026D0049B012B14BF01230A231A48079A6C
:105C500092FBF3F380FB0320DA17C2EBA00202EB06
:105C60008202A3EB4203303305225BB26FF09F0048
:105C700012FB0303069A0491D1180191D45C5DE7ED
:105C8000FFF71AFE0B4B0193059B04931B2453E76C
:105C90006423DBE7039B0133039340E70460004088
:105CA000006000400003005000380400C8200020BD
:105CB000103A0020F837040067666666083804006A
:105CC00008B50846FBF7C2FA08BD00BF4FF0FF3029
:105CD000704700BF054B186828B10368044ADB69A8
:105CE000934202D1704711F05DBB1847143A00206F
:105CF000E1580200704700BF0048704716FCFFFFE4
:105D000010B5074B03F1080248330446026040F81F
:105D10003C3F0AF0F7F9204601F064FE204610BD32
:105D200038380400A0F13C00FFF7EABF094B10B57A
:105D300003F1080248330446026040F83C3F0AF091
:105D4000E1F9204601F04EFE20461CF0C1FE20463F
:105D500010BD00BF38380400A0F13C00FFF7E6BFDB
:105D600030B583B001241D460094044601F078FF4D
:105D70002A46214604F13C000AF0EEF9044B204685
:105D800003F1080248332260E36303B030BD00BF73
:105D900038380400F8B54FF4006206464263044602
:105DA00056F8640B03680025DF6931460B23B847BA
:105DB000294684F88B5084F8805084F8755084F814
:105DC0009050102204F181001BF078FF2946606496
:105DD000102204F176001BF071FF656B2368E0640C
:105DE00005F50065E5631A68676C126B1846904705
:105DF0002844874203D3E56C636CAB4201D3002097
:105E0000F8BD20680368DB6A98478542F7D23046C0
:105E10000E2203491CF08BFEB0FA80F04009F8BD59
:105E20009C38040010B50446C0E901230160042336
:105E300008314FF480720C3005F02CFD0022012156
:105E400004F1240007F0BCFF04F198000EF09CF868
:105E50000023C4E91433A363236223646363E3630D
:105E60006364A365E36484F85C3084F85D30236682
:105E7000C4F89430204610BD30B5036ADB078DB0FE
:105E8000044602D4FFF786FF90B12D220021684618
:105E90001CF080FE2068616B03686A461D6A0B2354
:105EA000A8472068E16C03686A461D6A0123A84779
:105EB000236A23F0010323620DB030BD38B500F131
:105EC00024040546204607F085FF2846FFF7D4FF47
:105ED0002046BDE8384007F0B5BF00BF10B5044606
:105EE00098300DF0B7FF204610BD00BFC160002004
:105EF000704700BF014B1880704700BF4C44002022
:105F000010B5044B036000230446C38007F06AFA0F
:105F1000204610BD344A040010B5064B0360002330
:105F20000446C38007F05EFA20461CF0D1FD2046EF
:105F300010BD00BF344A040082B070B50C4684B076
:105F400005464968206802AC03C4039908AC4810B0
:105F500084E80C00CB0745BF2A58029B029CD4580A
:105F60000AAB2E1893E803008DE8030008AB0CCBB6
:105F70003046A04704B0BDE8704002B0704700BF93
:105F800010B5006A84B0026800230093146AE0210F
:105F90000DF10F02A04704B010BD00BF2DE9F8437A
:105FA000154D05600025044645601F46894690460C
:105FB000BDF8206007F0A6F910482060C4E90898F1
:105FC000A7622A4604F12C00012107F0F9FEE388BC
:105FD000256143F480430020002143F00403656100
:105FE000A561C4E91001E563A4F84850A680E380E8
:105FF0002046BDE8F88300BF344A0400003904009D
:10600000C3885B0700D47047FFF7BABF30B5C388B9
:106010005B0783B004460D4601D5FFF7B1FF206A48
:106020002A6801685388002400940C6A0432E02135
:10603000A04703B030BD00BF70B50646486AD0F82F
:106040003C33B0F842435B6884B000F54F700D46B6
:106050009847B0FA80F0C4F300244009A04215D05C
:1060600003A801220C210DF049FEEB885B071DD42B
:10607000286A039A0368002100919C6A04320C2369
:10608000E021A04740B103A80DF052FE30460DF0CC
:106090002FFE304604B070BD03A930460DF040FE1F
:1060A00003A80DF045FE304604B070BD2846FFF74A
:1060B00067FFDDE770B50C4682B0064668460DF016
:1060C00017FEE38843F00103E3800125012008F077
:1060D000B7F8214601A8FFF7AFFF01A968460DF008
:1060E0002FFE01A80DF024FE009B5A88691CE2B126
:1060F0001A79202A1DD1E2885B79920601D5392BC5
:106100001FD0312B11D0022168460DF097FEE38895
:1061100023F00103E380694630460DF001FE684636
:106120000DF006FE304602B070BD132D0CDC0D469E
:10613000CCE7132AE7D059790E4808F00BF8C11CB8
:10614000E2E701210D46C1E70122022101A80DF07D
:10615000D5FD019B3822202119715A71E38823F063
:106160000103E38001A930460DF0DAFD01A80DF02E
:10617000DFFDD4E7B0380400F0B5164683B00D4615
:106180001F4604460DF0B4FD314601A80DF0C8FDD0
:1061900001A92846FFF73AFF00B92FB901A80DF071
:1061A000C7FD204603B0F0BD01A80DF0C1FD294692
:1061B00001A8FFF77FFF01A920460DF0C1FD01A84E
:1061C0000DF0B6FD204603B0F0BD00BF70B582B043
:1061D0001646044601220D46684602210DF08EFD4A
:1061E00020460DF085FD009B10225E711A716946F4
:1061F00001A80DF095FD01A92846FFF707FF064607
:1062000001A80DF095FD56B9294601A8FFF752FFE8
:1062100001A920460DF094FD01A80DF089FD684606
:106220000DF086FD204602B070BD00BF30B5CB88B2
:106230009B0783B00C46054606D5A068A389286055
:106240002846AB8003B030BD68460DF051FD0122F9
:1062500001A82146FFF7BAFF01A968460DF070FDBD
:1062600001A80DF065FD009BB3F80730A381022261
:1062700001A82146FFF7AAFF01A968460DF060FDBD
:1062800001A80DF055FD009BB3F807302381022BC8
:1062900003D1E38843F02003E3800322214601A8D1
:1062A000FFF794FF01A968460DF04AFD01A80DF023
:1062B0003FFD009AA189B2F80720E388628149F680
:1062C0000412914243F0020016BF23F0040343F08E
:1062D000060343F00203E080E38068460DF028FDEA
:1062E000ABE700BF70B584B006460C4601A801229A
:1062F00004210DF003FD019A0823012584F0010417
:106300001221D47111715371957101A90DEB030024
:106310000DF006FD2B46314602AA03A8FFF72CFF1D
:1063200003A80DF005FD02A80DF002FD01A80DF077
:10633000FFFC04B070BD00BF70B5054686B00121FA
:10634000FFF7D0FF686A002403A9092200F5557001
:10635000CDE903448DF8144011F08CF8214601205A
:1063600007F054F86846012204210DF0C7FC009B99
:10637000012408221226072069461E715871DA711D
:106380009C7101A80DF0CCFC234601AA294602A865
:10639000FFF7F2FE02A80DF0CBFC01A80DF0C8FC3F
:1063A0000A2007F04DFF686A032100F54F700FF0D7
:1063B00077FE4FF080436846C3F800450DF0B8FC07
:1063C00006B070BDC388DB0700D5704730B5044602
:1063D000406AD0F83C33B0F842535B6883B000F5B4
:1063E0004F709847B0FA80F0C5F300254009A842E5
:1063F00013D068460DF07CFC01A82146FFF71CFE77
:1064000001A968460DF09CFC01A80DF091FC009BD1
:106410005A8822B968460DF08BFC03B030BD1A795A
:10642000112AF7D15A79092AF4D19A79012AF1D19E
:10643000DB79032BEED12046FFF77EFFEAE700BFB2
:10644000C38870B513F0010403D0114B00221A6009
:1064500070BD0546406AD0F83C33B0F842635B68D3
:1064600000F54F709847B0FA80F0C6F30026400957
:10647000B042EAD0064A13681D2B02DC01331360D8
:1064800070BD28461460BDE87040FFF79BBF00BF99
:10649000183A0020C38819B923F00103C38070475C
:1064A00043F00103C380704708B507F073FC003068
:1064B00018BF012008BD00BF2DE91848044609F0A7
:1064C00003FDD4E91023821A61EB0303002B08BFFC
:1064D000B2F5FA7F06D3E06B0028CCBF0020012084
:1064E000BDE818880020BDE8188800BF2DE9F04FEE
:1064F0008FB0054699469DF8603004930C46019193
:10650000904609F0F1FCAB6A002B00F00C810646C6
:106510000F4609F0E9FC82468B467CB1894508BFED
:106520008045C0F0FE80B8EB0A0069EB0B017F4AA2
:1065300000238B4208BF824280F0F380012128466D
:10654000FFF7D0FE686A002400F5557009220BA9F8
:10655000CDE90B448DF8344010F08CFF049BA3422E
:106560000CBF01200220214606F050FF08A809F0C8
:106570008DFDCDE90201A86A42690368D2F8481589
:106580000591D2F804130691D2F80413DB69C2F81E
:106590000813C2680792664A934240F0BA80654B7E
:1065A000C360DFF8A4A10023AAF80030049B002BED
:1065B00000F09C80686A032100F54F700FF070FDB9
:1065C0005D4B40221A60A86A089A03680221DB6BBF
:1065D0009847A86A03689B6A9847DDE90223B8F1E7
:1065E0000D0049F1FF31921B63EB0703801B61EB48
:1065F000070192185B41801A61EB0301089C002699
:1066000000278046894628E04F4508BF464529D2E5
:10661000B8EB060269EB070348480021994208BF1E
:10662000904200D20246A86A036802212244DB6B32
:10663000984730BFA86A03689B6C9847041B3619BB
:10664000834647F1000709F04FFCBAF800309BB2CF
:1066500000213BB1AAF800105C46019B002BD3D16E
:10666000364AE0E7686A002100F54F700FF018FD28
:106670000499002933D0A86A03681B6B9847A86A5D
:1066800043690268D3F80413D269C3F80813284990
:106690008A4241D1079AC260059AC3F84825002270
:1066A00000231946104609F001FDAB6A049A5B69A4
:1066B000002A069AC3F804230CBF032004200021FB
:1066C00006F0A4FE00212846FFF70CFE09F0FCFBB3
:1066D000C5E91001002318460FB0BDE8F08F199BE3
:1066E000002BC8D018460FF0DBFCC4E7199B002B29
:1066F0003FF460AF1B6819985B689847199B19981D
:10670000DB8813F4807F0CBF032102210FF0C8FC4B
:1067100050E70849984744E707999047AB6A5B6997
:10672000BAE7074BD7E7074BD5E700BF9F860100C5
:10673000ED5E0200F55E020000E100E0BFBDF0FF8B
:1067400009FCFFFF16FCFFFF4C44002070B584B02D
:1067500004AB0024002563E902450646184609F00B
:10676000BDFC002501240146DDE902233046CDE9C8
:106770000045FFF7BBFE04B070BD00BF2DE9F0413E
:10678000044682B00E46154610309846BDF8287073
:106790000CF0A0FF2680658018201CF0A0F908AB43
:1067A000054693E803006A4682E803002E4603CAC2
:1067B00046F80C8B0023084AEB6047F00207736031
:1067C00068602046A780A560E360C4E90833A9603B
:1067D0006A6102B0BDE8F081395F020010B5104B6C
:1067E0001C6890B0CCB10F4A04920022059204AA12
:1067F000034692E8030010228DE80300029240F263
:10680000FF31052206A8FFF7B9FF236806A99B6898
:106810002046984706A807F047FC10B010BD00BFFF
:10682000343C00206968020038B50446002007F0B7
:10683000B9FA2046FFF7D2FF2046FFF787FF05464B
:1068400004F12C0007F012FB284638BD10B50446B1
:106850002C3007F00BFB002007F0A4FA2046BDE81F
:106860001040FFF7BBBF00BF82B08DE80C00BDF841
:10687000002040F2FF339A4201D002B07047BDF8C9
:106880000230052BF9D102B0FFF7E0BF4CDF7047B3
:1068900010B5044B036000230446C38006F0A2FD3C
:1068A000204610BD344A040010B5064B0360002397
:1068B0000446C38006F096FD20461CF009F92046E8
:1068C00010BD00BF344A040070B5094B03600025B9
:1068D000044645600E4606F015FD4FF47A73054AEE
:1068E0002561E360A680A5602260204670BD00BFE0
:1068F000344A04002439040010B5C38843F48043AB
:10690000C38086B0044609F0DFFAA26800239942EA
:1069100008BF904202D2002006B010BD00230193B0
:10692000FFF774F808BB134B01221A60D3F800215B
:10693000002AFBD00022C3F80021D3F808250192D9
:1069400001215960002AB8BF03329210228209F057
:10695000BBFAE368A18818440123A0601A4602A884
:106960000CF098FE002006B010BD01A8FFF78EFFC6
:10697000019AE7E700C0004010B50446FFF7BCFFEE
:10698000B4F91000B4F91230C01A10BDFFF7B4BF4B
:10699000002070470368DB6A184700BFA0F10800B9
:1069A000FFF7F8BF094B10B503F10802483304465E
:1069B0000260836018300DF04DFA054B2360002310
:1069C0002046E38006F00EFD204610BD8839040005
:1069D000344A04000B4B03F10802483310B5044657
:1069E0000260836018300DF035FA074B23600023F6
:1069F000E380204606F0F6FC20461CF069F82046AD
:106A000010BD00BF88390400344A040000207047DC
:106A10002DE9F041104D05600025456004461746FC
:106A20001E468846BDF8185006F06CFC0B48C4F8AA
:106A30000C8000F108014830A060C4E904762160B0
:106A400004F118000DF0A0FA40221823A580A262DC
:106A5000E3802046BDE8F081344A04008839040010
:106A60002DE9F04F032B85B082460D461746194697
:106A700003A8B8BF032101229B460DF03FF94FF058
:106A800014094FF0000801216869FFF703FDE86869
:106A90003A6801685388CDF800800C6A0432E4211A
:106AA000A047064600285ED13B681B790C2B38D1E5
:106AB000EB8813F0400F14BF6420142007F040F857
:106AC0002869D0F83C33B0F842435B6800F54F705A
:106AD0009847B0FA80F0C4F300244009A04224D0C3
:106AE000002211464FF0FF3303A80DF04FF9E8687C
:106AF000039A01685388CDF800808C6A0432E4213F
:106B0000A0470646B8B9039A3968137909798B42C8
:106B100030D0E888800619D5202B0CD15379392B39
:106B200009D1012007F00CF8CAE70136012007F06F
:106B300007F8142EC4D1B9F10109A4D168694946F6
:106B4000FFF7A8FC50460DF0D3F81FE0002BE8D06B
:106B5000202BF0D153799942E3D0002BE1D0B9F149
:106B6000010990D1EAE7012006F0EAFFB9F1010935
:106B700089D1E3E701466869FFF78CFC594603A811
:106B80000DF05CF903A950460DF0CAF803A80DF00A
:106B9000CFF8504605B0BDE8F08F00BF2DE9F041B9
:106BA0000D4684B00646486998461746FFF728FA0E
:106BB000EB88DB0611D403AC394620460DF0B0F863
:106BC0004346224629463046FFF74AFF20460DF04D
:106BD000AFF8304604B0BDE8F0810122114601A8AB
:106BE0000DF08CF83A68019B1279032A0CBF06223B
:106BF00003221A7101A902A80DF092F803210A4894
:106C000007F0A8FA03AC034602AA29462046FFF77C
:106C100027FF20460DF08CF802A80DF089F801A896
:106C20000DF086F8C8E700BF40390400F0B585B024
:106C3000044616460F460122082101A81D460DF004
:106C40005DF820460DF054F846F02060019E05F0F6
:106C50005BFBAD007060284605F056FB01A9B060F3
:106C600002A80DF05DF805F1080302AA394603A851
:106C7000FFF794FF03A920460DF062F803A80DF07A
:106C800057F802A80DF054F823685B88082B0FD83A
:106C900003A80DF02DF803A920460DF051F803A824
:106CA0000DF046F801A80DF043F8204605B0F0BD00
:106CB000002220464FF0FF3308210DF081F82368B1
:106CC0005988204608390DF0B9F801A80DF030F8C0
:106CD000204605B0F0BD00BF30B583B00C4601467C
:106CE00001A81D46FFF7A2FF01994B885BB1204622
:106CF000AA0004311BF02AFF002401A80DF018F8A7
:106D0000204603B030BD014CF7E700BF0CFCFFFF8D
:106D1000A0F10800FFF7E0BF2DE9F04F804685B0F5
:106D200068464FEA83090D4693460CF0E1FFD8F818
:106D300028104945A8BF49460831012201A80CF096
:106D4000DDFF09EB050A01A84FF0FF330022FF2108
:106D50000DF01CF855453DD2002601E0AA4539D971
:106D6000D8F82830019FA9EB06049C4245F030601A
:106D7000A8BF1C4605F0C8FA7860204605F0C4FAA2
:106D800026F003012246B860594407F10C001BF0BD
:106D9000DDFE04F1080101A80DF050F801A902A8D8
:106DA0000CF0BEFF092302AA414603A8FFF7F6FE36
:106DB00003A968460CF0C4FF03A80CF0B9FF02A8B1
:106DC0000CF0B6FF009B5B8825442644002BC5D100
:106DD000064C00E0002401A80CF0AAFF68460CF065
:106DE000A7FF204605B0BDE8F08F00BF0EFCFFFFF7
:106DF000A0F10800FFF790BF70B5154682B00122E0
:106E000004460E46684611460CF078FF009B694622
:106E10001D7101A80CF084FF2946094807F09AF972
:106E200001AA034631462046FFF7B8FE01A80CF040
:106E30007FFF68460CF07CFF204602B070BD00BFAB
:106E40004039040010B5C3889B0784B0044609D5B7
:106E5000636A00209AB262F30F001B0C63F31F40B9
:106E600004B010BD01A80CF043FF072202A8214680
:106E7000FFF7C2FF02A901A80CF062FF02A80CF004
:106E800057FF019B5A88B2B90622214602A8FFF794
:106E9000B3FF02A901A80CF053FF02A80CF048FFB1
:106EA000019B5A881AB901A80CF042FFD0E75B7920
:106EB00084F82630F7E7B3F8050005F037FA062224
:106EC000A084214602A8FFF797FF02A901A80CF0B1
:106ED00037FF02A80CF02CFF019B5A88002AE2D051
:106EE0005B79A28C84F8263002FB03F3B3F5F83FFC
:106EF00005DD4FF4F83393FBF2F284F8262002A864
:106F00006169FFF793F9BDF80830012BE38814D0CD
:106F100023F0100343F028034022E380A262BDF86F
:106F20000C2002F5CD427B3292B2012A98BF43F089
:106F3000400343F00203E380B5E7402243F0180327
:106F4000E380A262EBE700BF2DE9F04788B0064678
:106F50000D4617460821012201A80CF0CFFE02A819
:106F60000CF0C6FE03A80CF0C3FE04A80CF0C0FE93
:106F70003046FFF767FFB48C96F826300590B900CD
:106F800001EB050904FB03F3994500F2D680B9FB38
:106F9000F4F7B5FBF4F304FB07F7B9EB070204FBC6
:106FA00003FA08BF3F1B554500F0C180A21A04FB3D
:106FB0001353B2FBF4F104FB1124002B40F08F803B
:106FC000002C7DD1F3881B073ED5BA455ED85446C8
:106FD00007AD03E0B38C1C44BC4257D844F040607A
:106FE000DDF8048005F090F9C8F80400204605F0AB
:106FF0008BF901A9C8F8080006A80CF091FE01233E
:1070000006AA31462846FFF7C9FD294602A80CF01A
:1070100097FE28460CF08CFE06A80CF089FE029B19
:107020005B88002BD6D1464C04A80CF081FE03A847
:107030000CF07EFE02A80CF07BFE01A80CF078FE9E
:10704000204608B0BDE8F0874AF04060019C05F09A
:107050005BF96060384605F057F901A9A06006A801
:107060000CF05EFE012306AA07A83146FFF796FD45
:1070700007A902A80CF064FE07A80CF059FE06A8A8
:107080000CF056FE029B5B88002BCCD0039B5B88E8
:10709000002B36D1049B5C88002CC5D004A907A81E
:1070A0000CF03EFE079A316853880C6A9B084946EB
:1070B00004323046A04707A80CF03AFE0024B3E79C
:1070C00007ADA30828464A463146FFF7AFFD2946DB
:1070D00004A80CF035FE28460CF02AFE72E707AD36
:1070E0009B08284652463146FFF7A0FD294603A8D3
:1070F0000CF026FE28460CF01BFE002C3FF462AF7D
:10710000DEE703A907A80CF00BFE079A3168538845
:107110000C6A9B08514604323046A04707A80CF081
:1071200007FE049B5C88002C3FF47EAFB6E7601B33
:10713000384488427FF43AAF44E76FF47A7473E7D7
:107140000EFCFFFF30B5044683B00D46FFF77AFE14
:10715000A28C29469208204603B0BDE83040FFF7D4
:10716000F3BE00BFA0F10800FFF7ECBF10B5044666
:1071700082B0FFF767FEA38C94F8260000FB03F0B3
:1071800002B010BDA0F10800FFF7F0BF10B5044633
:1071900082B0FFF757FEA08C02B010BDA0F108002E
:1071A000FFF7F4BF02460020D3680133D360704775
:1071B0000B68C1601B680846184700BFC0680030F4
:1071C00018BF0120704700BFD0F81808704700BFF3
:1071D000CB1E012B05D94B1E012B02D96FF47A70FF
:1071E00070474B1C03EBD3735B10C0F81818C0F842
:1071F0001C380020704700BF00F61400006870477C
:1072000010B5044B044640F8083B0CF091FD2046B5
:1072100010BD00BFF439040010B5054B044640F81A
:10722000083B0CF085FD20461BF052FC204610BDAB
:10723000F4390400F0B4214C04600226032400F564
:107240000265C0F81848C0F81C6800244FF07E564C
:10725000C0E902442E6000F628054FF0000CC0F88B
:1072600024480127C5F800C000F503660024002566
:1072700080F82C78C6E90045DE1E00F63807012E9E
:10728000C7E9004510D95C1E012C0DD992B207EE5A
:10729000902A00F61402F8EE677A00F50163116097
:1072A000F0BCC3ED007A70475C1C04EBD47464102E
:1072B000C0F81838C0F81C48E8E700BF083A0400D6
:1072C000F8B5104B104E114F03600546AC68A4B1E1
:1072D0006068E26B0368AA60DB68984723689B6874
:1072E000B34220460BD140F8087B0CF021FD20462C
:1072F0001BF0EEFBAC68002CEAD12846F8BD98479D
:10730000E4E700BF083A040019720200F4390400EF
:1073100038B54B684FF07E520A631A6805460C4632
:107320001846126905F61405904795ED006A9FED21
:10733000117AD4ED067AD4ED075A6063C7EE276A56
:10734000431C03EBD37320F002005B100128A363FE
:1073500085EE867AC4ED096A84ED0A7A02D00023AC
:10736000236238BDBEEE007A67EE877AC4ED087AF4
:1073700038BD00BF00C07F442DE9F04F2DED048BD8
:107380008DB00C460291059008F0AEFDA468CDE9E1
:107390000601002C00F09781029B4FF40072D3F895
:1073A0001C3892FBF3F2029B002A03F110030493B2
:1073B00006DD002103EB820243F8041B9A42FBD155
:1073C000CC4EDFEDCD8A0125A346DBF83470DBF827
:1073D0003C30039347B959460298FFF799FFDBF811
:1073E0003470002F00F0A180029BDBED0A7AD3F805
:1073F0001C284FF4007AF5EE407A9AFBF2FA0AF173
:10740000040A03EB8A02F1EE10FA019209D103F6A5
:10741000140292ED007ADBED076AC6EE877ACBEDB7
:107420000A7A019B1946049B99427ED99946DBF85A
:107430000820DBF83830528892FBF3F207EE102A6E
:10744000DBED0B7ADBED0A6A019AB8EEC77AA2EBA4
:10745000090437EE677AA41087EE268ABDEEC88A43
:1074600018EE108AA045A8BFA046B8F1000F34D08E
:107470004546CA4607EE103A01E09BED0E7ADBF86E
:10748000102056F82730B8EEC77A67EE277AFDEE5F
:10749000E77A17EE900A1044984706EE900ADBED63
:1074A000087A9BED097A9AED006ADBED0C5AF8EE4A
:1074B000E66A013D76EEA77A67EE877AA5EEA76ABF
:1074C000AAEC016A9BED0B7ADBED0A7A77EE277A5C
:1074D000CBED0B7AD1D109EB880918EE103A9C421A
:1074E00020DDDBF80C3003B3DBF804100A68013B45
:1074F000CBF80C3008A81368984708A90BF10800CE
:107500000CF01EFC08A80CF013FCDBF80820CBEDF7
:107510000B8A131DCBF8103051880B44CBF8143074
:10752000538813B1019B994581D3DDF80CB0BBF1B1
:10753000000F7FF44AAF029B2C46184693F82C1894
:10754000002D40F0848079B1029BDDE9060103F64D
:10755000380283F82C48C2E900010123022240F6D8
:10756000D63108A80CF096F801224FF4007108A853
:107570000CF0C4FB0299089C9FED607A01F5016252
:1075800001F5026392ED008AD3ED007AD1F8183844
:107590006288D1F81C1892FBF1F268EE277A032B6F
:1075A00004F10404C7EE879A00F08480012BF6EE04
:1075B000008A28EE289A00F0978068EE688AB0EE7C
:1075C000498A9FED4F9A551E7AB3B8EEC99A4D4E2F
:1075D000049FDDF8088001E0D8F81838F7EC017A4C
:1075E000D8F8242856F82330B0EE497AA7EEA97AC5
:1075F0002046013DB4EE687AF1EE10FAF0EE477ADB
:1076000048BFF0EE687AF4EE487AF1EE10FAC8BF9F
:10761000F0EE487AFDEEE77A17EE901A114398479C
:10762000D8F81C381C446B1CD6D1029BD868036860
:107630001B68984708A905980CF072FB08A80CF085
:1076400077FB05980DB0BDEC048BBDE8F08F03F619
:107650002803D3ED007AF5EE407AF1EE10FA0ED061
:107660004FF40072D0F81C3892FBF3F2002A06DDCA
:10767000049B03EB8202E3EC017A9A42FBD10029DE
:107680007FF472AF0299DDE906450846012301F552
:10769000036280F82C3801F63801C2E90045002465
:1076A0000025C1E900451A4640F6D63108A80BF07E
:1076B000F1FF59E7B6EE009A28EE099ADFED0E8A3F
:1076C000BDEEC99A7FE7029BD86803681B6898479C
:1076D00001224FF4007105980CF010FB05980DB0D5
:1076E000BDEC048BBDE8F08FBDEEC99ADFED028AD8
:1076F00069E700BF802000200000000000C07F4438
:1077000000000000A420002070B506462DED028B7D
:10771000402008EE103A0D4608EE902A1BF0DFF9E3
:107720004022044600211BF035FA2046164B40F853
:10773000083B0CF0DDFAB8EEC88AF5EE408AF1EEAF
:1077400010FA656084ED068A05D12B6828469B698E
:10775000984708EE900A0023002221463046C4EDE7
:10776000078AE262C4E903336361FFF7D1FD2B6846
:10777000B2685B68E2632846B46021469847BDEC76
:10778000028B204670BD00BFF4390400B1F5806F54
:107790000DD207EE901ADFED076AF8EEE77A00F5F2
:1077A000026387EEA67A002083ED007A70476FF4BB
:1077B0007A70704700C07F4400F50260D0ED007A17
:1077C0009FED047A67EE877AFDEEE77A17EE900A6E
:1077D000704700BF00C07F4407EE901AF8EE677A4A
:1077E00000F50160C0ED007A00207047C0F8241851
:1077F0000020704707EE901AF5EEC07AF1EE10FA0D
:1078000010D49FED0A7AF4EEC77AF1EE10FA09DC93
:107810009FED077A77EEC77A00F62800C0ED007A70
:10782000002070476FF47A70704700BF00008044FA
:107830000000004400F50360D0E90001704700BF7C
:1078400000F63800D0E90001704700BF29DF70471B
:1078500028DF704712DF7047022802D1014B012256
:107860001A7070475F44002000207047C06870475E
:10787000D0E9023000FB03F0704700BF10B5446848
:10788000084611199A001BF061F9002010BD00BFD5
:107890002DE9F04182B002AD4FF0000805F8018DEE
:1078A000446828461E460C441546FFF7D3FF9DF852
:1078B0000730A3B11C4F87F8008002E00A2008F0CF
:1078C000DFFB324629462046FFF7C0FF0028F5D1EE
:1078D0003B78002BFCD0002002B0BDE8F081134AB9
:1078E0000123C2F80435D2F80034002BFBD076B166
:1078F00029460E4A05EB8605641A631851F8040BF5
:107900001860D2F80034002BFBD0A942F5D1074A09
:107910000023C2F80435D2F80034002BFBD000203D
:1079200002B0BDE8F08100BF5F44002000E00140EC
:1079300002680549D2688A4204D1D0E9022000FBDE
:1079400002F07047104700BF7178020070B582B036
:1079500002AB002203F8012D4468054618460C448A
:10796000FFF778FF9DF8073093B1164E327002E0B2
:107970000A2008F085FBE868B4FBF0F0FFF768FF29
:107980000028F5D13378002BFCD0002002B070BD68
:107990000D4A0223C2F80435D2F80034002BFBD084
:1079A0000949C2F80845D1F80034002BFBD0002368
:1079B000054AC1F80435D2F80034002BFBD0002072
:1079C00002B070BD5F44002000E0014030B4034DC0
:1079D0000560C0E90112C36030BC7047343A04004E
:1079E000704700BF10B5C388044A026023F40053F7
:1079F0000446C38007F0A8F8204610BD583A04009A
:107A000010B5C388064A026023F400530446C380BD
:107A100007F09AF820461BF05BF8204610BD00BF27
:107A2000583A0400F8B5C37D03B9F8BD0446006AAE
:107A30000368DB6A9847206A03681B6B9847E36911
:107A4000DA68002A1FDD6FF02F051A4F2D1B04F195
:107A50003002002612F9013B03F5A273A81847F87B
:107A60002360E369D9688142F4DC00290BDD00253D
:107A70005B6953F8250003685B689847E369DA6837
:107A80000135AA42F4DC9A68002A0BDD00251B6947
:107A900053F8250003685B689847E3699A680135E5
:107AA000AA42F4DCE388002223F00203E380E275BB
:107AB000F8BD00BF0060004008B5034649B9094A57
:107AC00012780AB9002008BD1B68DB6A98470020BD
:107AD00008BD02680349C37D0B70136B98470020F3
:107AE00008BD00BF604400202DE9F84FC37DD0F8E9
:107AF0001CB004460F4613B1C388DB0748D5DBF83A
:107B00000C30002B40DD0123DFF8D890DFF8D8805F
:107B1000314EDFF8D8E09C4604F1300504F1350120
:107B200000209A1C2B700A70DBF814201258127D6A
:107B300003F5A27A49EA022248F82A20226A11F9BA
:107B400001AB526900F5A27B0AF1A20A5A4446F839
:107B50003A2011F9012C15F901ABA23206EBC20251
:107B60000EEB8A0AC2F804A011F9012C0CFA02F2F9
:107B7000C6F80425D4F81CB0DBF80C209A4200F1BA
:107B8000040003F10103CCDCE38823F00103E3806C
:107B90009BF80830217B114D206ABA1E012A9CBF38
:107BA0000133DBB26375C3EB03139B000C4A92FBFA
:107BB000F3F202FB01F1A5FB0131C90BC4E9092174
:107BC00003680021DB6B9847236A5B690122DA6056
:107BD000A775BDE8F88F00BF00F00140818080806C
:107BE0000024F40003000100006000403060004009
:107BF00038B50546817DFFF777FFEB699A68002A63
:107C00000CDD00241B6953F82400036800219B68E5
:107C10009847EB699A680134A242F3DCDA68002ADB
:107C20000CDD00245B6953F82400036800219B6885
:107C30009847EB69DA680134A242F3DC286A0368EA
:107C40005B6A9847286A03689B6A98470123EB752B
:107C500038BD00BFC37D03B17047FFF7C9BF00BF88
:107C6000F8B5154604460E46526829689DF8187006
:107C700006F096FF0021124BE5612662A77523608E
:107C80002176E1752175E162EB680E4A052B1460DF
:107C900001DD2046F8BD336830469B6B9847206A6B
:107CA00003684FF47A51DB6C9847236A064ADA601E
:107CB000E37D002BEDD12046FFF79AFF2046F8BD6B
:107CC000583A04001C3A0020F17E0200807D704783
:107CD0002DE9F047C269037D916805698B4204462E
:107CE00080F28F80126952F82300036800211B681C
:107CF0009847236A5B6901225A60237D607DE169B0
:107D0000134493FBF0F200FB1233D8B220758A685B
:107D1000934280F28B80CE688A69002E02EB430288
:107D200038DD06350023267E107821895778032E0A
:107D300003D8DFE806F002463F4C07FB0151085C20
:107D4000A17D266A11F0FD0F776903F1010302D1CD
:107D5000002843D0FF20A16A03F5A87601FB00F1BB
:107D600047F8261000293DD0E11891F92F1089001D
:107D700001F1804101F5C041D1F8100520F48010D7
:107D8000C1F81005E169D1E90260984202EB4602B0
:107D9000C9DC207D0B6953F82000036801211B68B2
:107DA0009847236A5A690123D360226A5269136093
:107DB000BDE8F0876689F71BC04301FB0751085CEB
:107DC000BEE700FB01116818F943405CB8E766891B
:107DD000013E301A01FB0051C85DB1E703F5A871FF
:107DE00047F82100E11891F92F10890001F1804135
:107DF00001F5C041D1F8100540F48010C1F810051C
:107E0000C0E7D0E908315B69C288D3F844358900FE
:107E100042F00302C3EB0323B3FBF1F3C3F1FF030F
:107E2000C362C280817DFFF75FFE62E7D4E908028A
:107E300003689200DB6B00219847E369DA68002A47
:107E400026DD4FF000086FF02F05274F46462D1B0B
:107E500004F1300919F9013B03F5A27305EB090A96
:107E600047F82360D4E908230AF5A87152699B00FA
:107E700042F82130E3695B6953F808000368012187
:107E80001B689847E369DA68524508F10408E1DCA9
:107E90001B691868036800211B689847E36994F917
:107EA00030101B6910481B68104A1B7D01F5A27138
:107EB0001B0243F0011340F8213094F9303094F95B
:107EC00035109B00A23103F1804303F5C24342F811
:107ED000313094F93510236AA2315B6902EBC1029B
:107EE000443353605DE700BF0060004000F0014094
:107EF000024B186808B1FFF7EBBE70471C3A002030
:107F000010300BF05FBC00BF10B5837D04469BB101
:107F1000012B04D0E3889B0709D5E06A10BD03213B
:107F20002046FFF7E1FDE38823F00203E3801920F8
:107F300005F006FEE06A10BD0221FFF7D5FDE288DC
:107F4000A37D22F00202E280E2E700BF10B5044602
:107F500006F0DEFD40B9217B636A044A03FB01F3AE
:107F6000A2FB0323DB0BA36210BD00BF81808080D6
:107F700070B52DED028B08EE103A04460D461646FC
:107F80000AF0C2FEFDEEC87A0A4B84ED138A32462F
:107F90002360214617EE903A6564A6642846FFF7F1
:107FA000B3FB0146206520460AF04CFEBDEC028B77
:107FB000204670BD983A04000161704700690030A6
:107FC00018BF0120704700BF03207047C06B07EE49
:107FD000900AF8EEE77A17EE900A7047104B03F11B
:107FE00008023C3310B504460260836030300BF069
:107FF0009FFE04F12C000BF09BFE04F128000BF017
:1080000097FE04F124000BF093FE064BA3600023BF
:1080100004F10800E38105F0E5F9204610BD00BF3A
:10802000BC3A0400344A0400A0F10800FFF7D6BFB0
:1080300010B50446FFF7D2FF20461AF049FD20464E
:1080400010BD00BFA0F10800FFF7F2BFF0B5044675
:108050000025274B2748A18183B02060A36004F14D
:108060000800E581174605F04DF9234B23603433B2
:10807000A3602A4604F11400012105F0A1FE04F1D9
:10808000280601224FF4007104F124000BF036FEA3
:1080900030460BF02DFE04F12C000BF029FE294692
:1080A00004F1300001220BF029FE00234FF400718F
:1080B00023660122A1642561C4E90D55E56401A888
:1080C0000BF01CFE01A930460BF03AFE01A80BF0A4
:1080D0002FFE0A4A2264AF424FF000032046C4E953
:1080E0001655C8BFE763A4F8443003B0F0BD00BF25
:1080F000344A0400544E0400C43A040000C07F44D3
:10810000436B1BB1C38943F00403C381704700BFB5
:10811000C3895B0770B50446456B5FD4E16A2B46A3
:10812000081D002B66D0503363634A880244934293
:108130001DD3D1ED037A6063F5EEC07AF1EE10FA4B
:108140000EDB0026AD1B18BF0125666304F130016C
:1081500004F12C000BF0F4FDC4E91666284670BD4E
:1081600004F1140005F092FE0028EADC636B93ED45
:10817000027ADFED227A19685A686265B5EEC07A34
:10818000F1EE10FA48BFB1EE477AC7EE276A002039
:108190002165E06503F13C0504F16401D4ED0F7A3B
:1081A000F8EEE77A67EEA67AFDEEE77AF8EEE76A90
:1081B000C4ED167ADA699861012AB8BF012207EE88
:1081C000902AB8EEE77ADA61C6EE877A14339D42D8
:1081D000E1EC017AEED10025284670BD002343630F
:1081E00000F130012C300BF0ABFDE16A636B081D30
:1081F000002B98D16063034697E700BF00007A44E4
:1082000038B50D460446FDF793F92B685A884F2A76
:1082100025D9D3ED017AF5EEC07AF1EE10FA1ED42D
:1082200004F1140005F0D6FD0FF0B4F8294604F16E
:108230002C000BF085FD2046FFF76AFF0FF09CF83D
:10824000E38913F0010501D0002038BD20690268E0
:1082500043F00103E38113689847284638BD6FF463
:108260007A7038BD2DE9F04F2DED068B8846D1E9A7
:10827000161C8DB008F124039FEDB78ADFEDB7AA75
:108280009FEDB7AA02900493002762468A4231D03C
:10829000B8F80E3013F004032CD107938A423FDB69
:1082A000B8F80E309B0740F11D81079B002BEDD0E5
:1082B000002F00F04581D8ED107AB8F84420B6EED2
:1082C000007A67EE877A4F45FCEEE77A17EE903A30
:1082D00043EA02039BB203D227F8023B4F45FBD38C
:1082E000049902980BF01CFD02980DB0BDEC068BB2
:1082F000BDE8F08F4046FFF70BFFD8F85810B8F8EC
:108300000E30002940F08C80002840F08D805A0704
:1083100000F18C80D8F85C2001238A420793BFDAF1
:10832000002F00F0E28008AB019308F1640303938F
:1083300008F1700BD8ED146A98ED0F7AD8ED108A19
:10834000D8ED157AD8F83430039C019D66EE886A22
:10835000B8EEC77A68EEA78A86EE879A68EEAA8A90
:10836000F0EE4A9AE8EECA9A9E69D869F4EC017A6E
:1083700007EE106AB8EEC77A013867EE277A8642B0
:10838000FDEEE77A03F11403E5EC017A08BF45F846
:10839000041CA345E8D1DDE908540A9BAC42A8BF00
:1083A0002C469C42A8BF1C4613469C4255DD4F45B7
:1083B00096D0D8ED187AD8F83430FDEEE77AD3E9C4
:1083C000032017EE901A904707EE900AB8EE677AEE
:1083D000F0EE696AE8EE876AD8F85C20B8F84410D5
:1083E000D8ED187ABCEEE67A79EE277A17EE100A05
:1083F000F4EEC87A531C0843F1EE10FA27F8020B8A
:108400001A46C8ED187AC8F85C30CEDD77EEC87A27
:10841000F4EEC87AF1EE10FAF8DCC8ED187AC4E789
:1084200013F0040271D008B1C8F8387023F00402C8
:10843000A8F80E2001230522B8F80C10C8F84C202B
:1084400008A81A460BF026F908F1140005F0FAFC0A
:1084500001230793D8E9161220E7AB424FF000043E
:10846000BA46CDF8149008D0651C032D2C4630D0A8
:10847000019951F82550AB42F6D14FEA840909EB36
:108480000406D8F83470B10007EB010EDEE906C629
:10849000651C0691B44505EB850107EB810140465B
:1084A000E3DADEF81460002E48D0B047D8F8347014
:1084B000069BD8F85C203B441E461346D6F818C0ED
:1084C0004C4407EB84070CF10101032DB9612C46E4
:1084D000CED1D8F85810DDF81490994257463FF79E
:1084E00029AFE2E6002F7FF4E0AED8F8387087B10C
:1084F000D8F824300024181DC8F838405B888A4218
:1085000000EB0309FFF60FAFCFE60792D8F85C2027
:10851000C4E608AC0122D8F8481020460BF0EEFB68
:10852000214604980BF00CFC20460BF001FCD8F817
:1085300024301F1DD8E916123846DFE7651CBFE757
:1085400008A80BF0D5FB08A904980BF0F9FB08A8C4
:108550000BF0EEFBC4E600BF000080440000803A50
:1085600000000044F0B50C4601F1280685B0314604
:1085700007460BF0D5FBA36B6D4633B12846214669
:10858000FFF770FE28460BF0D3FB0023A36304F132
:10859000240130460BF0D4FB21462846FFF762FE4B
:1085A00028460BF0C5FB206903681B689847E36CFD
:1085B000002B02DD013BE36413B1384605B0F0BD8A
:1085C000A1892846012302220BF064F8384605B041
:1085D000F0BD00BFC38919B923F00203C3817047FE
:1085E00043F00203C381704701607047704700BFCA
:1085F000002928DD0378303B092B26D870B40446C7
:10860000642600204FF47A754A1E032A05D8DFE855
:1086100002F01315100205FB03000129114606D0D4
:1086200014F8013F303B092BEED94FF0FF3070BCFE
:10863000704706FB0300F0E71844EEE703EB830303
:1086400000EB4300E9E7002070474FF0FF30704730
:108650000068FFF755BD00BF38B5041E0CDB0029CC
:108660000ADB480001300D4604F07EFD641B204407
:108670000028B8BF404238BD4FF0FF3038BD00BFC2
:108680002DE9F04F87B00C46084601210592FFF70F
:10869000AFFF04210390601CFFF7AAFF04210746E7
:1086A000601DFFF7A5FF0421064604F10900FFF74E
:1086B0009FFF0221824604F10D00FFF799FF04217C
:1086C000029004F11200FFF793FF0421814604F1A8
:1086D0001A00FFF78DFF0421804604F11E00FFF70A
:1086E00087FF0221049004F12200FFF781FF04219B
:1086F000019004F12400FFF77BFF0421834604F17D
:108700002800FFF775FF0421054604F12C00FFF750
:108710006FFF01463046FFF79FFF0421064604F134
:108720003000FFF765FF01464846FFF795FF04213B
:10873000814604F13400FFF75BFF01463846FFF73E
:108740008BFF0421074604F13800FFF751FF014673
:108750004046FFF781FF0421804604F13C00FFF70B
:1087600047FF01465046FFF777FF0421824604F198
:108770004000FFF73DFF01465846FFF76DFF04211B
:10878000834604F14400FFF733FF01462846FFF714
:1087900063FF711C18D0B9F1FF3F15D07A1C13D0BC
:1087A000B8F1FF3F10D0BAF1FF3F0DD0BBF1FF3F52
:1087B0000AD0431C08D0039B059A042B0AD8DFE893
:1087C00003F07A7774710700002007B0BDE8F08FDE
:1087D0006E4BD36007EE906A07EE10AA049BD3613C
:1087E000F8EEE77AF8EEC76A029BC2ED007AC2EDB6
:1087F000026A122B13D8DFE803F07A7D0A12128F77
:108800008612776A776A776A776A776A610007EE15
:10881000909AF8EEE77A5E4BC2ED087A536140F227
:10882000FF339F42A8BF1F469845A8BF984627EA36
:10883000E77728EAE87807EE907A07EE108AF8EEF4
:10884000E77A9FED546ADFED544A544B9362B8EED9
:10885000C77A87EE865A24231363019B022BC7EE47
:10886000065A86EEA47A07EE900AF8EEE77A82EDD1
:10887000015AC2ED0D5A67EE277A78D0032B03D048
:10888000012B66D00120A0E707EE10BAFDEEE77AD3
:10889000B8EEC77A424BC2ED117A82ED127AD363F9
:1088A000012092E73F4BD36094E73F4BD36091E7C1
:1088B0003E4BD3608EE73E4BD3608BE707EE909A3A
:1088C000F8EEE77A3B4BC2ED087A5361A7E73A4BE3
:1088D0005361029B083B092BA1D8DFE803F0363631
:1088E00032322E2E2A2A2626344B5361F1E7344B9E
:1088F000536194E707EE909AF8EEE77A314BC2EDB8
:10890000087A53618BE707EE909AF8EEE77A2E4BE0
:10891000C2ED087A536182E707EE909AF8EEE77AA3
:108920002A4BC2ED087A536179E7294B1B68136221
:1089300075E7284B1B68136271E7274B1B681362AE
:108940006DE7264B1B68136269E7254B1B681362B2
:1089500065E707EE10BAFDEEE77AB8EEC77A214B6D
:10896000C2ED117A019882ED127AD3632DE707EEFA
:1089700010BAFDEEE77AB8EEC77A1B4BC2ED117A5A
:1089800082ED127AD36301201FE700BF093503008F
:108990005D94020000C07F4400401C4659960200CE
:1089A000A994020025350300D934030005350300DE
:1089B000ED340300F5930200B195020055950200D5
:1089C000C5930200C993020019950200DD940200CC
:1089D0006420002060200020542000205C20002023
:1089E00058200020119602003596020038B50C463A
:1089F0000546364920460BF0DDFA002837D13449C8
:108A000020460BF0D7FA60BB324920460BF0D2FA71
:108A100098BB314920460BF0CDFAA0BB2F49204628
:108A20000BF0C8FAA0BB2E4920460BF0C3FAA0BB3E
:108A30002C4920460BF0BEFAA0BB2B4920460BF078
:108A4000B9FAA0BB294920460BF0B4FAA0BB2849CB
:108A500020460BF0AFFAA0BB214628460BF08CFA5B
:108A600003E0244928460BF087FA284638BD2249FE
:108A700028460BF081FA284638BD204928460BF0DD
:108A80007BFA284638BD1E4928460BF075FAECE7FC
:108A90001C4928460BF070FAE7E71B4928460BF003
:108AA0006BFAE2E7194928460BF066FADDE7184948
:108AB00028460BF061FAD8E7164928460BF05CFA15
:108AC000D3E7154928460BF057FACEE74C3A002079
:108AD000403A0020443A0020243A0020383A00204E
:108AE000483A0020583A0020503A00205C3A0020D2
:108AF0003C3A0020643A0020203A0020683A0020E6
:108B0000343A0020543A00206C3A00202C3A0020DD
:108B1000283A0020303A0020603A00202DE9F04148
:108B200082B0064668460C460BF026FA694601A854
:108B3000FFF75CFF01A920460BF02CFA01A80BF00F
:108B400089F968460BF086F92568274BB5F90220AC
:108B5000541CA3FB0413E41A03EB5404A40904EB10
:108B6000C40304EBC303013B9A4202D002B0BDE848
:108B7000F08104EB84073F013946012268460BF07F
:108B8000BDF8009B0433F4B12C1D1F44C4F1490807
:108B900001E049342B461A462146304603F1500580
:108BA000FFF76EFD08EB040338B1BD420BD0002B7C
:108BB000EFDD94F848302C2BEBD068460BF0B8F87A
:108BC00002B0BDE8F0813468694601A80BF0A8F84E
:108BD00001A92046FFF714FB01A80BF0A9F868468D
:108BE0000BF0A6F8C2E700BF3970E0C030B50368EB
:108BF00083B004460D469889114604F015FE2946B7
:108C000001A80BF0B9F901A92046FFF787FF01A8D9
:108C10000BF020F904F08AFF03B030BDF8B5664FC1
:108C2000664D674C674E684938460BF047F92A464F
:108C30002146384619F04EFF644F654930460BF027
:108C40003DF92A462146304619F044FF614E6249FB
:108C500038460BF033F92A462146384619F03AFFD8
:108C60005E4F5F4930460BF029F92A4621463046CF
:108C700019F030FF5B4E5C4938460BF01FF92A466D
:108C80002146384619F026FF584F594930460BF017
:108C900015F92A462146304619F01CFF554E564913
:108CA00038460BF00BF92A462146384619F012FFD8
:108CB000524F534930460BF001F92A4621463046BF
:108CC00019F008FF4F4E504938460BF0F7F82A4686
:108CD0002146384619F0FEFE4C4F4D4930460BF008
:108CE000EDF82A462146304619F0F4FE494E4A492D
:108CF00038460BF0E3F82A462146384619F0EAFEDA
:108D0000464F474930460BF0D9F82A4621463046AF
:108D100019F0E0FE434E444938460BF0CFF82A469E
:108D20002146384619F0D6FE404F414930460BF0F7
:108D3000C5F82A462146304619F0CCFE3D4E3E4944
:108D400038460BF0BBF82A462146384619F0C2FED9
:108D50003A4F3B4930460BF0B1F82A46214630469F
:108D600019F0B8FE374E384938460BF0A7F82A46B6
:108D70002146384619F0AEFE344F354930460BF0E7
:108D80009DF82A462146304619F0A4FE314E32495C
:108D900038460BF093F82A462146384619F09AFED9
:108DA00030462E490BF08AF82A4621463046BDE867
:108DB000F84019F08FBE00BF4C3A00204020002040
:108DC000553E0300203A0020143B0400403A0020A6
:108DD0001C3B0400643A00208C3C0400443A002010
:108DE000943C0400683A0020703D0400243A0020BE
:108DF000783D0400343A0020543E0400383A002004
:108E0000603E0400543A0020F43E0400483A00203A
:108E1000F83E04006C3A00208C3F0400583A0020D1
:108E2000943F04002C3A002028400400503A0020CF
:108E300030400400283A0020C44004005C3A00207E
:108E4000CC400400303A0020604104003C3A00204D
:108E500068410400603A0020B4410400BC410400B1
:108E60006FF47D70704700BF6FF47D70704700BF76
:108E700010B5036804465B6C9847236820465B681E
:108E8000BDE81040184700BF6FF47D70704700BF09
:108E90006FF47D70704700BF6FF47D70704700BF46
:108EA000C08800F00500003018BF0120704700BFE7
:108EB000C08800F00A00003018BF0120704700BFD2
:108EC000C08810F0030018BF01207047C08800F070
:108ED0000C00003018BF0120704700BFC088C0F3ED
:108EE000802070476FF47D70704700BF6FF47D7015
:108EF000704700BF03684FF47A729B6B02FB01F16D
:108F0000184700BF6FF47D70704700BF6FF47D702D
:108F1000704700BF08B50368DB6B9847024BA3FBA3
:108F20000030800908BD00BFD34D62106FF47D7022
:108F3000704700BF6FF47D70704700BF0161002073
:108F4000704700BF6FF47D70704700BF6FF47D7095
:108F5000704700BF38B503689B6904460D469847C3
:108F600078B1236820465B689847B5FA85F35B09BA
:108F7000984206D1236829461B682046984700205E
:108F800038BD014838BD00BF12FCFFFF0A717047B1
:108F9000704700BF704700BF806B704703684FF495
:108FA0007A729B6B02FB01F1184700BF406B704760
:108FB00001207047C06A003018BF0120704700BF11
:108FC000A0F12000FFF7F6BF10B5044619F080FDB0
:108FD000204610BD2DE91848C38B426D9907044601
:108FE00007D56AB1BDE8188823F002039BB2E3837A
:108FF000626D002AC4BF43F00203E383BDE8188812
:1090000006F062FF636CB0EB030B61F1000CBCF186
:10901000000F08BFBBF1650FE38BE5D29A07E1D4DF
:10902000E6E700BFA0F11800FFF7D4BF0B4B10B567
:1090300003F1080103F18C02B03304460160826140
:10904000036230300AF074FE054BA361002304F183
:109050001800E38304F0C6F9204610BDA0430400C5
:10906000344A040038B50C4B03F1080103F18C02BB
:10907000B033044640F8181C0260836018300AF0D0
:1090800057FE064B236000232046E380A4F1180519
:1090900004F0A8F9284638BDA0430400344A04006F
:1090A00002680849D26B8A4208B505D1406B064B6D
:1090B000A3FB0030800908BD9047034BA3FB0030A1
:1090C000800908BDAD8F0200D34D621001207047AA
:1090D00038B50E4B03F1080103F18C02B03304469E
:1090E00040F8181C0260836018300AF021FE084B1B
:1090F00023600023E380A4F11805204604F072F9F0
:10910000284619F0E5FC284638BD00BFA0430400FE
:10911000344A04000D4B03F1080103F18C02B03313
:1091200010B5044601608261036230300AF000FE2F
:10913000074BA3610023E38304F1180004F052F904
:10914000204619F0C5FC204610BD00BFA043040016
:10915000344A040070B504461A4D02811A4B25604A
:10916000022200254FF48070E0802271A36104F197
:1091700018002575C4E90355E5610E4604F0C2F8F0
:10918000124BA66203F1080103F18C02B033216097
:10919000A261236204F1300001224FF400710AF051
:1091A000ADFDE38B226B65630021043243F4804301
:1091B0008020A063E56265646565E2642165E38300
:1091C000204670BD34430400344A0400A043040028
:1091D00038B5044621200D4605F030F8226B131DEA
:1091E0005088002D3CD019182748E26BE36CA0FB97
:1091F000020299424FEA121029D9520907EE902A29
:10920000B8EEE77A07EE900ADFED205AF8EEE76A4B
:10921000B7EE006AD4ED147AF4EEC77AF1EE10FAE4
:109220004CBF94F8542000221A70D4ED147AE36CE9
:1092300077EE867A0133F4EEE67AF1EE10FAC8BFE3
:10924000F0EE657A8B42C4ED147AE364E2D3D4E99C
:109250000D232120C4E90F23BDE8384004F0EEBF00
:10926000D4E91121521A07EE902A9FED097AF8EEFF
:10927000677A67EE877AFDEEE77A17EE902A8242E8
:10928000D4BF99181918AFE7A38B2EBA00000000BD
:1092900078C2B93C10B5044606F016FE636B6064F4
:1092A00003B1A36B636500212046FFF791FFE38BB9
:1092B000DB0700D510BDFCF73BF904F1200180234A
:1092C000064AA06AFEF720FAE38B0168E06243F0E9
:1092D00001030A68E383BDE81040104700442C47AF
:1092E000B1F5806F0DD8B1F5007F08B5C8BFC1F5E5
:1092F00080618029A8BF80218163FFF7CBFF002018
:1093000008BD6FF47A70704708B5144BA3FB0123B6
:109310001A09162303FB02F303F1160207EE902A43
:1093200006EE903AB8EE677A07EE901AF8EE666AA3
:10933000F8EE677A37EEC77A77EEE67AB0EEC77A5C
:10934000F0EEE77AF4EEC77AF1EE10FA58BF134662
:109350004363FFF79FFF002008BD00BFA38B2EBA19
:1093600070B50C4682B005460AF0C2FCE38B9B0741
:1093700016D504F13006314628460AF0E1FC0121F9
:109380002046FFF725FF01224FF4007101A80AF0E3
:10939000B5FC01A930460AF0D3FC01A80AF0C8FCCC
:1093A000236B0433E36406F08FFDE36AA0641A685C
:1093B000184613689847284602B070BDA1F12001F5
:1093C000FFF7CEBF704700BF436B91ED036AD3ED4B
:1093D000007AD1ED026A91ED017A36EE676AF8EE15
:1093E000E66AB8EEC77AC6EE265AE7EE257AC0EDF1
:1093F000147A704738B5426B4B682DED028B0446EA
:109400000D4692ED008A23B307EE903AB8EEE77A64
:1094100017EE100A16F0BAFA636BD5ED037A93EDE6
:10942000007ADFED0D6A77EEC77A07EE100A67EE75
:10943000877A002387EEA67A77EE087ABDEC028B56
:10944000F5EEC07AF1EE10FA54BFC4ED147A23653C
:1094500038BDB7EE007ADBE79A99F93FD1ED017A92
:10946000DFED0F6A9FED0F7AF8EEE77A38B567EE19
:10947000A67A0446C7EE877A0D4617EE900A15F0D5
:10948000ABFE636B95ED037AD3ED007A06EE900A9E
:1094900037EE677AE6EE877AC4ED147A38BD00BFFE
:1094A000D00F494000003443D1ED017AF8EEE77A5D
:1094B00038B5044617EE900A0D4615F08DFE636B25
:1094C00095ED037AD3ED007A06EE900A37EE677ACF
:1094D000E6EE877AC4ED147A38BD00BFD1ED017A8B
:1094E0009FED0C7AF8EEE77A38B567EE877A044696
:1094F00017EE900A0D4615F06FFE636B95ED037A3B
:10950000D3ED007A06EE900AE6EE877AC4ED147A7F
:1095100038BD00BF34FA8E3CD1ED017A9FED0C7A54
:10952000F8EEE77A38B567EE877A044617EE900AC8
:109530000D4615F005FE636B95ED037AD3ED007AC9
:1095400006EE900AE6EE877AC4ED147A38BD00BFC5
:1095500034FA8E3C2DE9F041D1F80C804F68D8F8F0
:10956000046097FBF6F407EE904AF8EEE77A436B57
:109570002DED028B054617EE901A4FF0804093EDCB
:10958000008A16F07DFAD8F8003007EE900A06FB44
:10959000147428EE277A03EB8404BDEC028BD4ED1F
:1095A000007A67EE877AC5ED147ABDE8F08100BFD6
:1095B0002DE9F041D1E90134D1F80C80426BD8F8A3
:1095C0000470013CE41A94FBF7F507EE905AF8EEAC
:1095D000E77A2DED028B064617EE901A4FF0804089
:1095E00092ED008A16F04CFAD8F8003007EE900A97
:1095F00007FB154428EE277A03EB8404BDEC028BAD
:10960000D4ED007A67EE877AC6ED147ABDE8F08172
:109610004B684BB1DB0790ED147AD1ED037A04D59A
:1096200067EE877AC0ED147A7047C7EE276AC0EDFF
:10963000146A70474B684BB1DB0790ED157AD1ED9A
:10964000037A04D567EE877AC0ED157A7047C7EEC6
:10965000276AC0ED156A7047436B91ED036AD3ED3D
:10966000017AD1ED026A91ED017A36EE676AF8EE81
:10967000E66AB8EEC77AC6EE265AE7EE257AC0ED5E
:10968000157A704772DF704773DF704774DF704779
:1096900076DF704777DF704778DF70477ADF704793
:1096A0008FDF704769DF70471321FFF7F1BF00BFFD
:1096B0000B68034A0146D2560320FFF7EBBF00BFF9
:1096C000B4450400094B10B5044640F8143B0AF0B9
:1096D000C1FB04F110000AF0BDFB054B2360002321
:1096E0002046E38003F07EFE204610BDAC46040019
:1096F000344A04002DE91848C3885A0708D41B07C8
:1097000001D4BDE818880420BDE818480EF09CBEBE
:10971000044606F0D9FBA369B0EB030B61F1000C22
:10972000BCF1000F08BFBBF5FA6F01D2E388E6E792
:10973000002104480FF0A0FCE38823F004039BB24F
:10974000E380DCE7A9960200F0B54FF47A748BB0A1
:1097500004FB02F4194A1A4E00960AADA2FB042437
:109760001F22002825F8242D4FEA542414BF012776
:109770000427184600294FF0000309930493069428
:109780002A460CBF1C4603243146CDF8063005930B
:10979000CDE90733CDF80A30ADF80E3001238DF84E
:1097A00025308DF810708DF824400EF06DFF04AA5E
:1097B00069460448FFF766FF0BB0F0BD5917B7D1F3
:1097C0007C3A00202723002010B5664C002943D1A5
:1097D0002378980638D4D9062FD41A0725D45807E9
:1097E0001DD4990713D4DA070BD45B0603D40EF00B
:1097F000EFFB002010BD5C4B01211878FFF744FF00
:10980000F5E712F071F823785B06F0D5F3E7574BD4
:109810004FF400321A602378DA07E6D5F1E7534AAD
:10982000012151609907DED5F1E7504B4FF00072EE
:109830001A6023785807D4D5F1E74C4B01221A60FF
:1098400023781A07CBD5F0E7484B4FF400621A6033
:109850002378D906C1D5F0E70EF0B4FB00232370BE
:1098600012F05AF8237810B943F0010323703F4AED
:109870001268920348BF43F002033C4A48BF23707A
:109880005268D00748BF43F00403384A48BF2370EA
:109890001268910148BF43F00803344A48BF23705F
:1098A0001268D20748BF43F01003304A48BF237004
:1098B000126810052C4A48BF43F02003107848BFB7
:1098C0002370FFF7E3FEB0B1D90719D49A071CD46F
:1098D000580726D419072FD4DA0639D49C0688D520
:1098E000224B4FF40062C3F88020BFF34F8FBFF3C9
:1098F0006F8F002010BD43F04003D9072370E5D5DA
:1099000011F0D2FF23789A07E2D5184B4FF40032BA
:10991000C3F88020BFF34F8FBFF36F8F23785807B2
:10992000D8D5124B0122C3F88420BFF34F8FBFF369
:109930006F8F23781907CFD50C4B4FF00072C3F807
:109940008020BFF34F8FBFF36F8F2378DA06C5D522
:10995000064B0122C3F88020BFF34F8FBFF36F8FF8
:109960002378BBE7614400202723002000E100E0CA
:109970000B4B10B5044640F8143B0AF06BFA04F1A7
:1099800010000AF067FA074B23600023E3802046AB
:1099900003F028FD204619F09BF8204610BD00BFBB
:1099A000AC460400344A040038B500250E4B036071
:1099B0000446456003F0A6FC0C4B2360A56004F14F
:1099C00010000AF0E1FA04F114000AF0DDFA0123B4
:1099D000074AE56084F8203084F82130146012F0E2
:1099E000DFF9204638BD00BF344A0400AC4604000D
:1099F000B43A0020072914D810B50B4C0B4821604D
:109A000021460FF039FB0A4B1978FF2907D023684C
:109A1000084A0120D256FFF73DFE002010BD00206D
:109A200010BD6FF47A70704770200020B19602006C
:109A300027230020B445040090F8202022B9C368F1
:109A40009B0701D400F002B8012070472DE91848A7
:109A50000446042921D8DFE801F0322505030D0072
:109A60008369D3B106F030FAE368A061C3F3400024
:109A7000BDE81888836983B106F026FAA369B0EBC4
:109A8000030B61F1000CBCF1000F08BFBBF5FA6FCE
:109A900003D301212046FFF7CFFFE068C0F3400069
:109AA000BDE81888C3880A2243F00403C380C2605B
:109AB00002F024FCE068C0F34000BDE818880223EF
:109AC000C3600120BDE8188810B5044682B010F0CC
:109AD00019FE204610F024FE2378023B062B18D8EE
:109AE000DFE803F00B19271717170400237A012B5F
:109AF00003D1144A1368013B1360134B186840B13B
:109B000090F820302BB9C3689B0702D40321FFF7DC
:109B10009DFF02B010BD0C4B1B68002BF9D093F8D1
:109B20002020002AF5D1DA689207F2D40222DA6006
:109B3000EFE702A9012301F8043D608810F0F4FB6F
:109B400002B010BDB03A0020B43A002010B504466F
:109B500084B0012302224FF47A71684609F09AFD1D
:109B600094F821300BB904B010BD0FF0FFF90028B4
:109B7000F9D1034B01211878FFF786FD04B010BD21
:109B80002723002010B50388103B86B0462B33D81E
:109B9000DFE803F043583232325F3232322432325D
:109BA00032323232323A323232323232323232328D
:109BB0003232323232323232323232323232323483
:109BC0003232323232323232323232323232323275
:109BD000323232323232323232323400037A5BB9CC
:109BE0002D4B186840B190F820302BB9C3689B0703
:109BF00002D40221FFF72AFF06B010BD132180888E
:109C0000FFF746FD06B010BD06A9002321F8103D60
:109C10008088FFF745FD06B010BD81884FF6FF73C1
:109C2000994206D01D4B1E4A1B680320D256FFF7EF
:109C300031FD01231A464FF47A7102A809F02AFD7A
:109C400006B010BD144B18680028D5D0FFF77EFF72
:109C5000D2E700F10801062268460AF073F9694666
:109C600001A80AF089F90C4B1C686CB101A902A883
:109C70000AF082F902A904F110000AF08BF901231D
:109C800002A8E3600AF0E6F801A80AF0E3F86846E3
:109C90000AF0E0F806B010BDB43A002070200020B1
:109CA000B445040008B50FF061F9003018BF012079
:109CB00008BD00BFF0B5A9B06A220D460DA828491D
:109CC000284E18F043FF0DA903A809F053FD03A97E
:109CD00006A809F047FD05F13C0701226FF0FE03DD
:109CE00006A9CDE9003238460523642206F032FD8C
:109CF00006A809F029FD0FCE06AC0FC496E80700B0
:109D000003C422700522114606AB04A809F056FED2
:109D1000002404A905A809F025FD384605A9CDE9C8
:109D200000442346224606F04BFC05A809F00CFD32
:109D30002B6821465B6A284698470534052003F0C6
:109D4000FFFEFF2CF4D14FF47A7003F0F9FE04A863
:109D500009F0FAFC03A809F0F7FC29B0F0BD00BF38
:109D60002C450400984504002DE9F84F4FF080532E
:109D700008460F46D3F864A0FEF7C2F810374FF03C
:109D8000040B4FF005084FF00109BAFBF8F308FB8C
:109D900013A3B3FBF9F35D1C002DAAEB030A08EB38
:109DA000880809EB89090DDD0FFA8BF60024C4F150
:109DB000040212B20134FF233146384609F00CFD8B
:109DC000A542F4D11BF1FF3BDFD2BDE8F88F00BF05
:109DD000AB4B2DE9F04F1E68DFF8B48233690446BF
:109DE000002543F0080395B0336198F8000084F82B
:109DF0002050A5610E469346FFF748FC29462846A9
:109E000010F09EFA2946284610F0A4FA29463C2272
:109E100005A818F0BFFE06F13C074FF0020E4FF008
:109E2000060C05ABC822294601208DF814E08DF8F8
:109E300017C00397FFF788FC012198F80000FFF78F
:109E400023FC384606F01CFB31462046FFF732FF64
:109E500031462046FFF788FF06F11008029504F10D
:109E600010074FF0FF0994F82020E36812B9980713
:109E700040F1D58013F0010A31D1590766D49A0711
:109E800040F1C38013F0080A00F0A9807D4904A8BE
:109E900009F034FD04A905A809F064FC0023CDE90C
:109EA00000331A4605A9039806F08AFB05A809F0B5
:109EB0004BFC4FF4FA6003F043FE04A809F044FCA5
:109EC000642003F03DFE40F68D25FBF7B1FD94F8CC
:109ED0002020E368002ACAD013F0010ACDD06A49D5
:109EE00004A809F00BFD04A905A809F03BFC002318
:109EF000CDE900331A4605A9039806F061FB05A8D1
:109F000009F022FC029B002B40F08F80A9F104098C
:109F1000B9F1280F40F38F80B9F1FF0F029BA8BF62
:109F200000230293DBF800305846DB69984728B1DC
:109F3000E36823F0010343F00403E36004A809F09D
:109F400003FCE36859074FF0000598D53368FF21FB
:109F50005B6A304698472369B3F90230002B76DDFF
:109F6000002521E0E3689A076FD4FFF76FFD002812
:109F70006DD14FF4487003F0E3FD3046FDF7C0FFAC
:109F800094F8203004212046FBB9E3689A075CD49A
:109F9000FFF75CFD00285AD1C82003F0D1FD2369EA
:109FA000B3F90230AB4252DD29B238460AF02CF840
:109FB000002301461A46404609F09CFD94F82030E3
:109FC000042120460135002BCCD0E36803F00202C7
:109FD000002A3AD1642003F0B3FD012543E72B4961
:109FE00004A809F08BFC04A905A809F0BBFB5346A3
:109FF000524605A9CDE900AA039806F0E1FA05A8A2
:10A0000009F0A2FB04A809F09FFB642003F098FD6F
:10A01000013540F68B239D427FF725AF55E704219C
:10A020002046FFF713FDE36824E709F10409B9F1BD
:10A03000280F3FF771AF3046FDF762FF029BB9F181
:10A04000000FD8BF534602936CE700251AE7E36878
:10A0500094F8205003F00202002DB9D1002A7FF4B9
:10A0600011AF04212046FFF7F1FC0028ADD14FF4D9
:10A070007A7003F065FDE36803F00202A8E700BF11
:10A08000F43B002004460400BC45040044460400A0
:10A090002723002030B50446806883B020B10C49E6
:10A0A00006F054FD054618B1FBF7C2FC03B030BD05
:10A0B00002AA042302F8015D0549A06806F080FDAC
:10A0C000284618F005FDFBF7B3FC03B030BD00BF18
:10A0D0008C46040090F82000704700BF38B5124B42
:10A0E000054600241878FFF7D1FA85F821400EF0D4
:10A0F00025FF98B9EB696BB105F0E6FEEB69C41A70
:10A1000061F10005002D08BFB4F5FA7F2CBF0120D6
:10A11000002038BD05F0D8FEE861EDE72146034890
:10A120000EF0AAFF204638BD27230020A996020082
:10A1300020B9034B186808B1FFF7D0BF704700BFC4
:10A14000B43A00200238012801D90120704710B527
:10A15000074C206850B1C38843F00803C38002F065
:10A16000CDF82068BDE81040FFF7B8BF012010BD52
:10A17000B43A0020012808D138B50D4B1D6835B11F
:10A180002846BDE83840FFF7A9BF01207047094BBA
:10A1900004461878FFF77AFA0EF0D0FE08B9204688
:10A1A00038BD294604480EF067FF284638BD00BF79
:10A1B000B43A002027230020A99602002DE970431D
:10A1C00084B010F0EFF81E4E30603368002B02DCD4
:10A1D00004B0BDE870830DF107034FF6FF700393E1
:10A1E0000FF058FB4FF6FF75A842044609D1EFE780
:10A1F000039B1B7820465BB10FF04CFBA842044642
:10A20000E6D002AA012120460FF014FD0028EFD06D
:10A2100005F05AFE40F2E73480468946002510F0EA
:10A2200087F809E005F050FEB0EB080261EB090386
:10A230009D4208BF9442CBD33368002BF2D1C7E7CD
:10A24000B03A00202DE9F04FC588B1B015F4805523
:10A250009DF8EC7002D031B0BDE8F08FCDE900235D
:10A260000DF1C0083A9B8360C0E90655029104468F
:10A270000DF044FE11F022FC48F8AC5DDFF824A399
:10A280000EF0CCF811F070FA4146012011F09AFB63
:10A2900004F1140BDAF8001020A809F00FFE20A931
:10A2A000584609F077FE20A809F0D4FD0DF12809E1
:10A2B000002F40F027810CAE0EAB11AD4FF0000B1C
:10A2C000CDF838B0C3E901BB62699DF839100220AE
:10A2D00060F30101101D0F908DF839105188ADF811
:10A2E0004010412019465388059AADF84230FFF7D7
:10A2F000D9F9404611F0B0FB5846FFF7CDF90322DB
:10A300004FF0010362F306134FF0070C10208DF895
:10A3100020308DF821C08DF823208DF824208DF871
:10A3200022000FF0A3FF08A80FF0E6FF91480FF0FE
:10A33000C7FF914AADF82CB04FF4C87348460A9253
:10A34000ADF82E30FFF7AAF959468C480FF000F807
:10A35000002F40F0C68007AF30A904234FF6FF72EC
:10A3600041F8A83D3046002310F024F80699002952
:10A3700014BF304600200FF0E3FF0699002914BFF8
:10A38000304600200FF0E6FF069E7D4B20930036FE
:10A3900020A818BF012611F05DFC7C2018F09FFB5F
:10A3A000A368019A214600F049F9DAF8001020A8C4
:10A3B00009F084FD7349284609F080FD2A4620A94A
:10A3C000384609F009FE284609F044FD20A809F0A6
:10A3D00041FD4022002120A818F0DCFB6A4B1868E0
:10A3E000219001238DF8BC3010B118F00FFC80B221
:10A3F000079BADF88000181D2390002800F0B8805E
:10A4000018F004FC83B2009AADF88830106804306C
:10A41000259010B118F0FAFB80B25C4BADF89000BB
:10A420001868279010B118F0F1FB80B2584BADF8C6
:10A4300098001868299010B118F0E8FB80B2554BCD
:10A44000ADF8A00018682B90002800F08F8018F05D
:10A45000DDFB83B220A8ADF8A83011F0A3FD2046A3
:10A46000FFF7ACFE3C220021284618F093FB0221A6
:10A470004FF0040C2B46322230468DF84410314602
:10A480008DF847C0FFF760F906212046FFF7B2FAC2
:10A490004FF4A03600234FF4F02103222846012573
:10A4A000CDE91433CDE91633CDE912618DF8502092
:10A4B000CDF844900EF0D8FB84F821500FF072FFD5
:10A4C000002804DD344B29461878FFF7DDF8E388CF
:10A4D00043F480533846E38009F0BCFC31B0BDE85A
:10A4E000F08F0FF05FFF032807AF7FF735AF3846D7
:10A4F00020AB3246294610F049F8BDF8300010F084
:10A500003BF829E70CAE2549484609F0D7FC0EABCD
:10A5100023490393304609F0D1FC039B4A46184671
:10A52000594609F059FDDDE9022311AD19462846C7
:10A53000029309F051FD3246294620A809F04CFD4E
:10A5400020A9584609F026FD20A809F083FC2846DA
:10A5500009F080FC029B184609F07CFC304609F0AB
:10A5600079FC484609F076FC029BA7E6034671E7B2
:10A57000034648E7C99A0200080010009C3A0020F0
:10A5800031A10200A0460400743A0020703A002075
:10A5900068200020783A00202723002098460400F5
:10A5A0009C4604006C20002041F20103984216D022
:10A5B0000DD944F20103984206D044F202039842B6
:10A5C0000AD14820F6F742BE4920F6F73FBE0128DF
:10A5D00002D14620F6F73ABE4A20F6F737BE4720AA
:10A5E000F6F734BE0120704701EB810100EB41001A
:10A5F0007030704782B070B50C4684B0054649682B
:10A60000206802AC03C4039908AC481084E80C002D
:10A61000CB0745BF2A58029B029CD4580AAB2E1880
:10A6200093E803008DE8030008AB0CCB3046A0474D
:10A6300004B0BDE8704002B0704700BF2DE9F041A2
:10A64000044686B0002590461F4602F055FB2E4971
:10A650002160C4E90287258284F85450A56504F17D
:10A66000700002F0A7FA20462849E5652566656670
:10A67000A566E56602F050FB20464DF61D1102F07E
:10A680005FFB04F15C0614220A2733462946CDE914
:10A6900001272046009243F6103202F061FB282089
:10A6A000D4F8088018F01BFA0646103009F012F8AA
:10A6B00029233360182018F012FA154ACDE9042531
:10A6C000074604AA034603CA47F80C4BDD607D60C9
:10A6D00058609960D8F800200E49F5601220596141
:10A6E000B360B080C6E90855536840463146984784
:10A6F00018B9204606B0BDE8F081304603F0D4FC1E
:10A70000304618F0E5F9F4E704470400EC4604008D
:10A710004DAA0200F5A50200F0B5037CCA78934269
:10A7200085B0054629D022D99B1A072BCCBF00241F
:10A730000124D4B9314A2B68128804AE214626F888
:10A74000102D28461B6998470746284602F086FBCD
:10A75000022301463246384602F032FA6B7C85F815
:10A7600054400433DBB26B742B7405B0F0BDD31AC4
:10A77000F82BD4BF00240124DBE70A4690F85400EC
:10A7800001332B7452F804CF030105F11404E018CF
:10A7900057689668D26844F803C047608660C26014
:10A7A00095F85430012B0FD01ED3032B18D1012361
:10A7B0001A462921684608F06DFF6B7C002204339D
:10A7C0006B7485F85420D0E78B784978AA6D1B0408
:10A7D00043EA016313430222AB6585F85420C4E7C2
:10A7E000013385F85430C0E7B1F801305BBA9BB251
:10A7F0000122AB6585F85420B7E700BFD8460400B6
:10A80000F0B503684F4A1B690E88934297B004461F
:10A810000D4615D170300388B34201D017B0F0BD9A
:10A820006B89002BFAD02A7B022A17D00BD8DAB119
:10A83000012AF3D105F10C012046FFF76DFFEDE78A
:10A8400000219847E7E7EE2A5FD0FF2AE6D16B7B2D
:10A8500023B1012BE2D1FBF7EBF8DFE7012329213C
:10A8600006A808F017FFD9E706A801F011FF364B3C
:10A870001A684AB9129A3AB19DF84410032903D1D3
:10A8800032481399026019606B7B8DF805301421F2
:10A8900006A803EB830201FB030316A901EB820266
:10A8A00052E90E62103303CB330E8DF809608DF838
:10A8B0000630330C360A25688DF80D208DF80730E8
:10A8C0008DF80860130C0026170E120A8DF80C2064
:10A8D000CDF80E00CDF812108DF80A708DF80B30FF
:10A8E0008DF804602B69314620469847054620467E
:10A8F00002F0B4FA01AA01461223284602F060F9D8
:10A90000268284F85460A66588E7114B00251868F4
:10A910008DF81A504FF4F773ADF81830FFF7DAFBE3
:10A9200023688DF81A0029461B692046984705467A
:10A93000204602F093FA0323014606AA284602F0B5
:10A940003FF96BE7E9A50200B83A0020BC3A0020C5
:10A95000B43A002010B5ADF5627D01A801F0FEFC0F
:10A960004FF46072002102A818F014F902200123AC
:10A9700000225821039003A80A930DF067FC0022DF
:10A980000290C3219AA80DF061FC40F6FC739990E7
:10A990001A68013232D04FF080521C6813691C448F
:10A9A00020464FF4607202A918F0C1F8B0B940F621
:10A9B000FC731C684FF4607202A9204618F0B7F8C7
:10A9C00048B1214601A801F0CBFC02AA214601A80A
:10A9D000E02301F0FBFC0DF5627D10BD214601A8CE
:10A9E00001F0BEFCE023214602AA01A801F0EEFC22
:10A9F00040F6FC731B680133D9D10EE04FF01022F2
:10AA00004FF0805394691B691C4420464FF46072D8
:10AA100002A918F08CF80028E0D14FF010239C69AF
:10AA2000C8E700BF40F6FC731A6801320ABF4FF056
:10AA300010231A689A694FF080531B69134493F8E6
:10AA4000A13203B97047FFF785BF00BF82B02DE97F
:10AA5000F04383B00AA90546684681E80C0001F07E
:10AA60007DFCBDF82A40022C56D0FF2C4BD0012C87
:10AA700004D003B0BDE8F04302B070474C49E86829
:10AA800006F064F80746002865D001AE384618F095
:10AA90001FF84FF08052AC6D1169B4FBF1F301FB6C
:10AAA00013438BB9116989080ED02168013108BFA1
:10AAB000201D04D04AE050F8041B013146D1116931
:10AAC0000133B3EB910FF6D32146684605F114022A
:10AAD000102301F07BFC4FF601722B68ADF80420C7
:10AAE0001B690021284698470446284602F0B6F91B
:10AAF000324601460223204602F062F803B0BDE868
:10AB0000F04302B070472B4B1868FFF7C3FA03B04D
:10AB1000BDE8F04302B070471023684605F1140207
:10AB2000A96D01F053FCFFF715FFE868204906F016
:10AB300041F9214B186810B1012100F071FBFAF7BF
:10AB400077FF03B0BDE8F04302B070472146684686
:10AB500001F006FCB8E702AE234606F8044D174C98
:10AB60001349E868324606F02BF82368002B8DD095
:10AB7000134AD2F80090994588D24FF08058A9F135
:10AB8000040309F6FC7101E08B4207D053F8042F4F
:10AB90000132F9D04946684601F0E2FBD8F810309E
:10ABA000226823F0030399449145E8D36EE700BF80
:10ABB000DC460400B43A0020143A0020B83A0020E1
:10ABC000BC3A002010B5074B036003F1740103F198
:10ABD000A402044681614262183005F0F7FD204668
:10ABE00010BD00BF4047040010B5074A40F8182CBC
:10ABF00002F1740402F1A4010460C160A0F1180420
:10AC000005F0E4FD204610BD4047040010B5084B98
:10AC1000036003F1740103F1A402044681614262FE
:10AC2000183005F0D3FD204617F052FF204610BD26
:10AC30004047040010B5094A40F8182C02F174048A
:10AC400002F1A401C1600460A0F1180405F0BEFD8A
:10AC5000204617F03DFF204610BD00BF40470400CE
:10AC6000F0B583B016469DF82050CAB21F46314653
:10AC7000012304460AF0CEFF012D04F1180003D091
:10AC8000032D14BF0025022500213B4632460091CA
:10AC90000195214605F0BEFE044B236003F17402CA
:10ACA0002046A433A261636203B0F0BD40470400B4
:10ACB00042DF7047704700BF084602F041BF00BF47
:10ACC00082B070B50C4684B005464968206802AC75
:10ACD00003C4039908AC481084E80C00CB0745BFB7
:10ACE0002A58029B029CD4580AAB2E1893E8030002
:10ACF0008DE8030008AB0CCB3046A04704B0BDE89C
:10AD0000704002B0704700BF82B08DE80C0000F6C2
:10AD10004820002102B0FAF7B7BB00BF82B010B5DF
:10AD200002A981E80C00BDF80A30062B3DD00FD9EE
:10AD3000152B22D040F6B932934226D1BDE81040FF
:10AD400000F595504FF0FF31006802B007F052BE99
:10AD5000032B20D10446002100F6641005F080FE8C
:10AD600004F68810002105F07BFE04F6AC10BDE867
:10AD70001040012102B006F021BFBDE8104000F5EF
:10AD8000955002B0006807F04DBF0D2B05D0BDE80F
:10AD9000104002B07047052BF9D1BDE81040D0F843
:10ADA0002C0A036802B01B6B1847BDE81040D0F8AE
:10ADB000300A036802B09B6A184700BF82B08DE872
:10ADC0000C00BDF80230152B01D002B0704700F521
:10ADD000955002B0006807F02FBF00BF38B500F6ED
:10ADE000180405462046FBF75FFB40B105F10C0057
:10ADF000FEF758FF38B92046FBF75EFB50B9BDE8B7
:10AE000038400CF0CFBA2046FBF720FDBDE83840B3
:10AE10000CF0C8BA2046FBF707FD0028EFD138BD7B
:10AE2000064A1368591E11603BB9054A116821B1E1
:10AE30004189136021F4005343817047742000203E
:10AE400030200020A0F10400FFF7EABF704700BFE8
:10AE50002DE9F04F89B00446FAF750FDBC4B4FF096
:10AE60000009C4E90139201D02F04CFAB94B2360F6
:10AE700004F10C063C33636004F134073046FEF7FE
:10AE800093FD04F14C05266338460922B2490CF0C3
:10AE900003FA04F1640828460A22B0490CF0FCF9D0
:10AEA00004F17C0640461A22AD490CF0F5F9304613
:10AEB0001B22AC490CF0F0F94A463946012304F153
:10AEC000980005F061F804F1F80304F1D000039351
:10AED00006F0BAFBDDF80C9004F5417A22232946EE
:10AEE00048465B2209F04AFA4146504612220BF0CE
:10AEF000A3FF04F5517504F27C724946049228467A
:10AF0000524600F0DBF904F2E478974B049804F51C
:10AF1000CD6204F5CA610BF0A3FD04F5B86204F537
:10AF2000B561404602F0C6F804F5A36204F5A661D7
:10AF300004F2FC7002F0BEF84FF0280C04F618037F
:10AF4000CDF800C018462A46059341463B46814647
:10AF50002A27FBF723F804F6680241464B461046C1
:10AF6000069200972A46FBF753FD40F6F87304F665
:10AF700094051A6801320ABF4FF010231968596905
:10AF80004FF0805304F6A40718691B6900EB4000DA
:10AF9000091A01222846FCF719FD294638460022E5
:10AFA000079705F0A9FD04F5C460C4F8BC08D4F8FF
:10AFB0002807C4F8C408D4F82C07C4F8C808D4F883
:10AFC0003007C4F8CC0804F5BB63D4F83407C4F8E0
:10AFD000B03804F5BE6704F5C16104F5C762052306
:10AFE00004F6F40BC4F8B478C4F8B818C4F8C02850
:10AFF00031465E4AC4F8D00804F50B65D4F838072A
:10B00000C4F8D40804F6C40704F6D806C4F8D8383F
:10B01000C4F8DC38C4F8E038C4F8E438C4F8F028E0
:10B02000584632460723C4F8E858C4F8EC78FAF7D3
:10B0300097FE4FF0000901231A46CDE9009904F567
:10B04000727104F6641005F0E5FCCDE90099012366
:10B05000022204F58B6104F6881005F0DBFC032363
:10B060000222012104F6AC1006F006FE524604F559
:10B07000A96A40F6AC53514604F6BC1006F076FEC1
:10B08000092104F51F6001F06FFB082104F6182068
:10B09000FBF71AFC404600F043FCC4F82C0A40467B
:10B0A00000F01AFD079BD4F82C2A009301465B465A
:10B0B000C4F8300A04F6342001F0D8F804F5AC6B7B
:10B0C00004F5AF6004F5B261CDE90010039B5A4668
:10B0D00004F5547104F64820FAF708FB04F59D5076
:10B0E000DDE9043206990830FAF79CFE04F5D063D6
:10B0F0000121A4F80A90504603930AF0B5FD039B82
:10B10000994618460AF0D0FC022148460AF09AFBFC
:10B11000B4F88636164923F480734046A4F8863680
:10B1200009F0BAFD55F8040B01210AF09BFFAF426C
:10B13000F8D155F8040B01210AF094FFAE42F8D182
:10B14000584601210AF08EFF204609B0BDE8F08F75
:10B15000344A0400284804000090004000A0004049
:10B1600000A0014000B0014000200040EC47040076
:10B17000801A0600704700BF2DE9F04F83B0DDE96B
:10B180000C9ABDF83880002B3BD0B9F1000F35D0B8
:10B190000F2902D1B8F1C00F33D1074628201D4630
:10B1A0000E46934617F09BFC0446103008F092FAC6
:10B1B00018202680A4F802B017F091FCCDE9009A7F
:10B1C00006466B46024603CB46F80C5B00233D68FF
:10B1D000D36048F002087360E360506091600E49EC
:10B1E0005161C4E90833A4F80480A2606B68384652
:10B1F0002146984740B903B0BDE8F08F1AF0010F1F
:10B20000C6D16FF47A70F6E7204602F04DFF204673
:10B2100017F05EFC0148EEE7C1AC020016FCFFFF30
:10B2200070B5002486B04FF48053802205460E4648
:10B2300002A821460094FCF7C9FB012302A80E4A8C
:10B2400001A9FCF71BFB019B7BB101236A460A495C
:10B2500002A8FCF71DFB05F59D500830FAF72EFEFD
:10B2600002A8FCF7BDFB06B070BD002EF3D102A80A
:10B27000FCF7B6FB06B070BDE8470400A0F104007F
:10B28000F1F7A6B910B5044B036000230446C38050
:10B2900002F0A8F8204610BD344A040010B5064B51
:10B2A000036000230446C38002F09CF8204617F098
:10B2B0000FFC204610BD00BF344A04002DE9F04FBA
:10B2C000BB4B03604FF0000B89B00446C0F804B0DC
:10B2D000CDE906124FF0290A02F014F8B54B2360AD
:10B2E000022203236421C4F808A004F10C000AF030
:10B2F00091FC03231A46652104F124000AF08AFC1C
:10B3000003230422662104F13C000AF083FC04F1CB
:10B310006C0903232322672104F154000AF07AFC0C
:10B3200004F1840503231C22682148460AF072FCBC
:10B3300004F19C06284603230E22692104F1B40778
:10B3400001950AF067FC3046032325226A21029604
:10B350000AF060FC384603230B226B2103970AF0A6
:10B3600059FC03230A226C2104F1CC000AF052FCA0
:10B3700004F1FC031D46092203236D2104F1E400BE
:10B380000AF048FC04F58A731E46284603231E2251
:10B390006E2104950AF03EFC3046032317226F21EC
:10B3A00005960AF037FC03230C22702104F59670F1
:10B3B0000AF030FC03231122712104F5A2700AF077
:10B3C00029FC03230122722104F5AE700AF022FC4D
:10B3D00003230D22732104F5BA700AF01BFC04F557
:10B3E000D27703231D22742104F5C6700AF012FCE3
:10B3F00004F5DE7803232222752138460AF00AFC80
:10B4000004F5EA7503231F22762140460AF002FC68
:10B4100004F5F67603231A22772128460AF0FAFB70
:10B4200003232022782130460AF0F4FB0323242250
:10B43000792104F501700AF0EDFB5A4603237A21C5
:10B4400004F507700AF0E6FB032314227B2104F5C0
:10B450000D700AF0DFFB03230522862104F513702B
:10B460000AF0D8FB032310227C2104F519700AF09E
:10B47000D1FB032308227D2104F51F700AF0CAFBCB
:10B48000032315227E2104F525700AF0C3FB032354
:10B4900016227F2104F52B700AF0BCFB03230F2238
:10B4A000802104F531700AF0B5FB032318228121B5
:10B4B00004F537700AF0AEFB03231322822104F552
:10B4C0003D700AF0A7FB01230622832104F5437097
:10B4D0000AF0A0FB01232822842104F549700AF018
:10B4E00099FB03231922852104F54F700AF092FB82
:10B4F00003230722972104F555700AF08BFB0323E1
:10B500002122982104F55B700AF084FB03231B229F
:10B51000992104F561700AF07DFB032327229A210B
:10B5200004F567700AF076FB524603239B2104F56D
:10B530006D700AF06FFB032326229C2104F57370C3
:10B540000AF068FB0398C4F8E8030298C4F8F00313
:10B550000498C4F8F40301981749A368C4F8F803E1
:10B560000598164AC4F8FC0306980860132B07993F
:10B57000C4F8E493C4F8EC83C4F80074C4F8045429
:10B58000C4F8086411600BDD13262B6828465B6C39
:10B5900000219847A3680136B34205F11805F4DC91
:10B5A00023440022204683F80C2409B0BDE8F08F24
:10B5B000344A040088480400243D0020203D002037
:10B5C00082688118002A91F80C3443F0010381F855
:10B5D0000C3445DD2DE9F0470646DFF8888000F1A0
:10B5E0000C0400F20B45002715E0D3F8003703F4F4
:10B5F0004033B3F5003F05D199F8003043F008031C
:10B6000089F80030A5F20A45B268AB1B9A4204F1F2
:10B6100018044D4622DD94F814A06F70236820466C
:10B62000DB69984705F101090AF01F020028E9D1FA
:10B63000BAF1200F34BF4FF0A043434603EB82031F
:10B64000D3F8002702F44032B2F5403FCDD199F84B
:10B65000003043F0040389F80030D3E7BDE8F087F9
:10B66000704700BF00030050F8B583681F4A0344C9
:10B6700093F80C1421F0010183F80C14D2F8047330
:10B68000D2F80433C2F808338368002B29DD06465C
:10B6900000F10C0400250FE011F0080320464FF0E4
:10B6A000020104BF204619460AF0FAFCB3680135CE
:10B6B000AB4204F1180414DD23682046DB69984787
:10B6C00073190028F2D193F80C144B07E4D52046E7
:10B6D00003210AF0E5FCB3680135AB4204F118041C
:10B6E000EADC024BC3F80473F8BD00BF0060004001
:10B6F0002DE9F04F324CD4F804B3D4F80453C4F815
:10B7000008538468002C83B045DD99460092884632
:10B71000064604464FF0000A06E0B3680AF1010A43
:10B72000534504F1180436DDE36894F82070DB69B2
:10B7300004F10C05284698470028EED1E368284616
:10B740001B6A98470028E8D0638A13F400712BD055
:10B75000B8F1000FE1D0009A6AB31F2F07F01F075E
:10B76000184A07F5E07198BF4FF0A042019252F8D5
:10B77000211011F4403FD0D113F4807F28460CBF34
:10B78000032102210AF08CFC0123019A03FA07F736
:10B79000C2F82075C1E70A4B0022C3F87C21C3F828
:10B7A00004B303B0BDE8F08FB9F1000FB5D028465F
:10B7B0000AF076FCB1E7284600990AF071FCACE784
:10B7C000006000400003005038B50446062919D82F
:10B7D000DFE801F02E38485858041A00002A55D0E6
:10B7E000816800290EDD0023458A15F4007F03F1EE
:10B7F000010300F1180003D0116801311160A16844
:10B800009942F1DC002038BD81680029FADD02464A
:10B810000020538A13F4007F23F400731CBF53826B
:10B82000A1680130814202F11802F2DC0020EAE74F
:10B83000FFF7C6FE0122204611460023FFF758FFFE
:10B84000002038BD8368034493F80C34DA0701D430
:10B85000FFF7B6FE0123204619460022FFF748FFF6
:10B86000002038BD8368034493F80C34DB0701D40F
:10B87000FFF7A6FE012320461A461946FFF738FFB8
:10B88000002038BDFFF7F0FE002038BD6FF47A705D
:10B8900038BD00BF10B5044603EB43002160C4E986
:10B8A00002230121800002F0BBFB002360602382A1
:10B8B000204610BD704700BF054B1B68834203D074
:10B8C0001A681846D36A184710B53220FAF7BAF842
:10B8D000C83A0020054B1B68834203D01A681846FB
:10B8E000136B184710B53220FAF7ACF8C83A0020AD
:10B8F00010B5034B0360044602F002FF204610BD62
:10B90000AC48040010B5054B0360044602F0F8FE95
:10B91000204617F0DDF8204610BD00BFAC480400FB
:10B920002DE9F041404C236813F0010382B0074633
:10B930004FD03E4C2368DB073DD53D4D2B7823B1DE
:10B940003C4C206802B0BDE8F0813B4E072002F07D
:10B9500077FC30460AF0A8F80221304609F072FF61
:10B96000F38823F4807332213846F38005F0D0FB4E
:10B97000002836D1442017F0B2F8052206462F4998
:10B980002C4C02F0BBFC2E4B33604C20266017F091
:10B99000A6F806222949804600F094F8294BC3F8FE
:10B9A00000804046216802F0B9FF206801232B7017
:10B9B00002B0BDE8F0810323192285211E480AF058
:10B9C00029F90123204A21491B48236017F082F8F6
:10B9D000B3E701221146194807F0D8FD012323607F
:10B9E000A7E7502017F07BF832230522CDE900327B
:10B9F0003946124B0F4C3246804605F06FFB5420FF
:10BA0000C4F8008017F06BF84FF0060C3C23CDE92A
:10BA1000003C3246094B3946804605F057FC094B3D
:10BA2000C3F80080BDE700BFC03A0020C43A002040
:10BA300062440020C83A0020D43A0020CC3A0020CA
:10BA4000AC480400EC3A002040200020B5B80200C9
:10BA500010B5044617F03CF8204610BD054B1B6896
:10BA6000834203D01A681846D369184710B53320AB
:10BA7000F9F7E8FFEC3A0020054B1B68834203D03E
:10BA80001A681846936A184710B53320F9F7DAFF99
:10BA9000EC3A002010B5034B0360044603F028F88D
:10BAA000204610BDEC48040010B5054B0360044669
:10BAB00003F01EF8204617F00BF8204610BD00BF1B
:10BAC000EC48040010B5044602F074FE014B2360FC
:10BAD000204610BDEC48040008B5FFF721FF014BDC
:10BAE000186808BDEC3A002082B070B50C4684B0EE
:10BAF00005464968206802AC03C4039908AC4810A5
:10BB000084E80C00CB0745BF2A58029B029CD458FE
:10BB10000AAB2E1893E803008DE8030008AB0CCBAA
:10BB20003046A04704B0BDE8704002B0704700BF87
:10BB3000F0B44B68456804680F688668EB1A06EE37
:10BB4000903AE71BF8EEE66A07EE907A8B68F8EE1B
:10BB5000E77A66EEA66AF31AE7EEA76A012A07EE0D
:10BB6000903AF8EEE77AE7EEA76A35DD02EB42029B
:10BB700001EB8207B0EE666A0C3FD1E90303EB1AD2
:10BB800007EE903A201AF8EEE77A07EE100A4A69B3
:10BB9000B8EEC77A67EEA77AB21AE7EE077A0C31E9
:10BBA00007EE102AB8EEC77AE7EE077AF4EE667A67
:10BBB000F1EE10FAF4EE467A48BFF0EE676AF1EE65
:10BBC00010FAC8BFB0EE676A8F42D6D176EE667AB9
:10BBD000F0BC17EE900A7047B0EE666A76EE667AB1
:10BBE000F0BC17EE900A70472DE9F0472DED088B59
:10BBF00084B004AC04E90E00159A039E00234FF4B0
:10BC000080619A428146DDE90187C0E900338360A3
:10BC10008361C0E90311416140F3D080149DDFEDE1
:10BC2000778A02EB420205EB820A2C46D4E9001324
:10BC3000FB1A07EE903AA8EB0101F8EEE77A07EE5F
:10BC4000101AA268B8EEC77A67EEA77AB21AE7EEC2
:10BC5000077A0C3407EE102AB8EEC77AE7EE077AB7
:10BC6000F5EE407AF1EE10FAB1EEE78A00F1B1801C
:10BC7000FDEEC87AF8EEE77AF4EE687AF1EE10FAA3
:10BC8000C8BFF0EE678AA245D0D1DFED5C9AB7EE6F
:10BC900000BAB0EE69AAF0EE69AAB0EE699AD5E9E9
:10BCA0000012B81A07EE900AA8EB010006EE900AFF
:10BCB000F8EEE77AAB6867EEA77AF8EEE66AF01A74
:10BCC00007EE100AE6EEA67AB8EEC77AE7EE077A34
:10BCD000F5EE407AF1EE10FAB1EEE78A7ED4A1EBF0
:10BCE0000801D21B9B1B0C3507EE101AB8EEC76A71
:10BCF00007EE102AC8EE887AF8EEC76A07EE103A07
:10BD0000B8EEC77AC6EE085A86EE886AC7EE086AA9
:10BD100077EECB7AF0EEE55AF4EE497AF1EE10FACE
:10BD2000B0EEC66AB0EEE67AC8BFB0EE679AAC4233
:10BD3000E5EEA7AAA6EE27AAE7EE279AAFD16AEE0C
:10BD40000A7ABDEEE87AEAEEAA7A17EE103AE9EE40
:10BD5000A97AF5EE407AF1EE10FAB1EEE78A45D411
:10BD60004846C9E90087C9F80860C9F81830CAEE22
:10BD7000886A8AEE087A89EE886AF7EE007AF0EE31
:10BD8000675AE9EE265AF0EE656AF0EE675AE9EE78
:10BD9000075AE9EE067AB0EE657AFEEECB6ABEEEA1
:10BDA000CB7AFEEECB7AC9ED036A89ED047AC9ED50
:10BDB000057A04B0BDEC088BBDE8F087DFED0F9A83
:10BDC000B0EE69AAF0EE69AAB0EE699AB0EE698A9F
:10BDD000C6E717EE900A13F0E9FF49E717EE900A5D
:10BDE00013F0E4FFD5E90012AB6878E717EE900A8C
:10BDF0008DED007A13F0DAFF009BB1E70000000040
:10BE00002DE9F04F8BB0131E8346019100937ADD2C
:10BE100003EB430000230A4601EB80001C46194651
:10BE2000D2E9007695680C3282423C4431442B447E
:10BE3000F6D1009A94FBF2F0059091FBF2F193FB9E
:10BE4000F2F3059ACBF80830CBE900215846DDE93A
:10BE50000021FFF76DFE0023CDE9033305EE900AC4
:10BE600002930DF11C086FF0C7096FF0C70A6FF05D
:10BE7000C7079BE8070088E80700DDE90745099E3A
:10BE80004C443E445544DDE900214046CDE9074598
:10BE90000996FFF74DFE07EE900AF4EEE57AF1EE13
:10BEA00010FA07F1C80704D5CDE9035605EE900A4C
:10BEB0000294B7F5C87FDCD10AF1C80ABAF5C87F89
:10BEC000D5D109F1C809B9F5C87FCED1059B029A31
:10BED00093420AD0039A029BCBF80420049ACBF831
:10BEE0000030CBF808200593BDE7DBF80430039A57
:10BEF0009342EFD1DBF80830049A9342EAD15846D6
:10BF00000BB0BDE8F08F00231946059399E700BFF9
:10BF1000F0B587B003AC05460E4617462046FFF73E
:10BF20006FFFCDE90067284694E80E00FFF75CFE3E
:10BF3000284607B0F0BD00BF82B02DE9F04FE9B050
:10BF400072A98246642081E80C0002F079F905228A
:10BF500011460CA807F0CAFC95490DA807F0CEFCC5
:10BF60001DAB68A900229A60C3E900220C339942F4
:10BF7000F9D1DAF808008DF854200DF13C09036876
:10BF80008C4D9B6AC9E90022C9E90222C9E9042251
:10BF900098470790DAF808000368FF215B6A984722
:10BFA000DAF808003C3004F06BFA4FF00208002386
:10BFB000069315AEC3460CA8059307F003FC059B3A
:10BFC0007C4F4C463BB9A64207F102070DD014F84E
:10BFD000013F002BF7D07A78397850230CA807F06E
:10BFE000FBFBA64207F10207F1D1734F73493B688F
:10BFF00001EB43020CA811F8131052780F2307F03D
:10C00000EBFB3C680134634203F00F0304F00F04C0
:10C01000424658BF5C425946FF230CA83C6007F0DB
:10C02000DBFBDAF80800002300931A460CA9103055
:10C0300007F0CAFCDAF8040002F000FB0446DAF864
:10C04000040002F003FB14F52A7F57DB14F1C80F3C
:10C050005ADBB4F52A7F00F3A580C92CB4BF4FF09A
:10C06000020B4FF0030B10F52A7F44DB10F1C80FD1
:10C0700047DBB0F52A7F00F39880C928B4BF4FF0A2
:10C0800002084FF0030800231C4604E00134192C79
:10C0900028D015F814309B45F8D105EB44035B78A4
:10C0A0004345F3D119F80420002AEFD1069BDAF8B2
:10C0B000001008AF0DF1740C03EB43030CEB83038A
:10C0C0003846059302F02CFC069B97E8070003F125
:10C0D000010C5FFA8CF30693059B83E807000127A8
:10C0E00009F80470502002F0ABF8069B192B0ED013
:10C0F00099F800305FE74FF00008C4E74FF0000BFD
:10C10000B1E74FF00108BEE74FF0010BABE716AC0B
:10C11000069A1DA92046FFF7FBFE19AB0FCBDAF8F4
:10C1200000508DE80F00284694E80E0002F0DCFB7A
:10C13000DAF80C0020B122461C23214904F040FD0E
:10C14000DAF80800FBF7DCFEDAF808300DA90EA8D3
:10C1500003F13C0407F006FB002340F2DC52CDE97A
:10C1600000320EA91A46204604F0DAF90EA807F0AC
:10C17000EBFA4FF47A7002F063F8DAF80800FBF794
:10C18000BFFEDAF80800079903685B6A98470DA8B4
:10C1900007F0DAFA0CA807F0D7FA69B0BDE8F04F5B
:10C1A00002B070474FF0040B5DE74FF004086AE7F8
:10C1B0001C49040090490400F03A00207049040032
:10C1C000644904002DE9F04F83B0DDE90C9ABDF815
:10C1D0003880002B3BD0B9F1000F35D00F2902D1A8
:10C1E000B8F1C00F33D1074628201D460E469346AE
:10C1F00016F075FC0446103007F06CFA1820268003
:10C20000A4F802B016F06BFCCDE9009A06466B4626
:10C21000024603CB46F80C5B00233D68D36048F030
:10C2200002087360E360506091600E495161C4E997
:10C230000833A4F80480A2606B683846214698470A
:10C2400040B903B0BDE8F08F1AF0010FC6D16FF40A
:10C250007A70F6E7204601F027FF204616F038FCFA
:10C260000148EEE7E9BA020016FCFFFFF0B58DB019
:10C2700004461298C4E90012C4E902301C4904F0D3
:10C2800065FCE8B10646074656F8100FD4F800E002
:10C290007168B268F3680DF1140C65460FC530691A
:10C2A0007169B26907C50CAB13E90F008DE80F0087
:10C2B00070469CE80E0002F017FB384616F008FCAA
:10C2C0000C4B1B6883B10C4A05920022069205AA0A
:10C2D00092E80300C0228DE8030002921846032270
:10C2E00023460621FFF76EFF20460DB0F0BD00BFCC
:10C2F00064490400343C002039BF0200C38843F481
:10C300008043C380704700BF82B0C0F30761C0F3B1
:10C310000742C0F307238DF807008DF804108DF84D
:10C3200005208DF80630019802B0704782B0C0F346
:10C3300007238DF807008DF80630BDF8060002B01F
:10C34000704700BF29DF704728DF7047022802D1FD
:10C35000014B01221A70704763440020704700BFF0
:10C3600070B50C46F9F752FB98B1164D00232B70AF
:10C370004FF0805602E00A2003F082FE3069B4FBE1
:10C38000F0F0FFF7E1FF0028F5D12B78002BFCD06F
:10C3900070BD0D4A0223C2F80435D2F80034002BD8
:10C3A000FBD00949C2F80845D1F80034002BFBD076
:10C3B0000023054AC1F80435D2F80034002BFBD025
:10C3C00070BD00BF6344002000E00140F8B50D4699
:10C3D00014461E46F9F71AFB88B11A4F00233B702A
:10C3E00002E00A2003F04CFE324621462846FFF7C1
:10C3F000A9FF0028F5D13B78002BFCD0F8BD124AEC
:10C400000123C2F80435D2F80034002BFBD0002EF3
:10C410000EDD211F0C4A01EB8606281F51F8043F50
:10C4200040F8043FD2F80034002BFBD0B142F5D1E4
:10C43000054A0023C2F80435D2F80034002BFBD0A3
:10C44000F8BD00BF6344002000E00140F0B50B469A
:10C4500087B09A68496804461868DB6802AD0FC562
:10C460009DF80860032E3CD84FF08053BDF80A2099
:10C470001D699DF80930039F022B05FB02F51FD0B3
:10C4800006AB13E903006A4682E80300731EDBB2C1
:10C4900003EB830C4FEA8C0C03CA0CF1100E03EB78
:10C4A000830304EB830304EB0E0C2F4444F80E00CB
:10C4B000CCF8041000201E719D60DF6007B0F0BD55
:10C4C0000498002102E00131642902D0435C002B72
:10C4D000F9D100220BF0BAFE0023CDE900036A4631
:10C4E000D4E76FF47A70E9E72DE9F04F604A614CC8
:10C4F000614B4FF0805122440C69D21A85B0B2FBD7
:10C50000F4F304FB13230192002B00F0AD800C69BF
:10C510001444E41A40F6F8734FF080511A680F691A
:10C5200001320ABF4FF010231E685E694FF080533E
:10C530001B69A6EB8306A6427DD98046DFF848A199
:10C54000DFF848B108E054F8103C5B4576D027F09E
:10C5500003031C44A6426ED9CDF80CA0039B2268AD
:10C56000DB439A42EFD16368444A9342EBD1A3681C
:10C57000434A9342E7D102F14E42E368A2F5A51285
:10C58000A2F64F229342DED198F80020032A1CD055
:10C5900002EB8201531C08EB8101DBB200264FF451
:10C5A000E035032B8E60CD6088F800300E715DD0D1
:10C5B00003EB830108EB810102328D60D2B20120CE
:10C5C000019DCD6088F80020087140F6F8714FF0A9
:10C5D000805308681F691D6901300ABF4FF010239E
:10C5E000086858694FF08053032A1E6911D002EB86
:10C5F000820108EB8101A0EB8600019BB3FBF5F300
:10C60000013205FB037302268B60C86088F80020A6
:10C610000E712246234652F8101F5268C8F828208F
:10C62000C8F8241053F8182F5B68C8F83C30C8F8D5
:10C630003820C8F8304005B0BDE8F08F54F8043C0D
:10C64000104A934283D114F8083C002B3FF47FAF8B
:10C65000A4F12005A5EB031929464046103DFFF73C
:10C66000F5FE4D45F8D172E7019C53E71A46ACE759
:10C67000702300200462040040200020C615A84159
:10C68000C49866C99DD7B1C18F71C46DFE307F5902
:10C690000346002210B503F8102B044600F14C01AC
:10C6A00003F80C2C1A605A6043E9022214338B42BF
:10C6B000F6D12046FFF718FF204610BD10B5044BF9
:10C6C000036000230446C38000F08CFE204610BDAA
:10C6D000344A040010B5064B036000230446C380AF
:10C6E00000F080FE204616F0F3F9204610BD00BF92
:10C6F000344A0400F0B51B4F85B0054600F118061A
:10C700002C6974B1E278012A0DD0022A05F12000CB
:10C7100021D100F0FFF92B69A3420AD01C46002C5E
:10C72000F0D105B0F0BD304600F0CAF92B69A34244
:10C73000F4D10222C7F88020BFF34F8FBFF36F8F71
:10C740002969EB7A496A2961013BEB7220463A601C
:10C7500016F0BEF9D4E701230A21684606F09AFFD5
:10C76000D9E700BF00E100E070B5114B0360002580
:10C77000044645600E4600F0C5FD20460D4B40F8CE
:10C78000183B214600F098F9214604F1200000F002
:10C79000BDF9094BA57207210622E572217262726A
:10C7A000A680E580C4E9035565611C60204670BD24
:10C7B000344A0400D4490400F43A002038B54369EF
:10C7C0004BB3C27A032A23D8C288D2074CBFC268AF
:10C7D000124A9A6204462C2016F081F92C2200217C
:10C7E000054616F0D7F9636900225A6222690AB930
:10C7F0000BE01A46536A002BFBD163695362E37A5C
:10C8000065610133E372002038BD63692361F6E797
:10C810006FF47B7038BD6FF47A7038BD16FCFFFF83
:10C8200038B5194BD3F8002122B100210122C3F8F9
:10C8300000119A60144BD3F80C217AB1134C0021EB
:10C84000C3F80C112068D3F80054C288012D02F0FF
:10C85000010204D09AB90C4B01229A6038BDD3F87A
:10C8600048350AB15B42C360FFF7A8FF2268064B58
:10C870005269C3F80425044B01229A60EEE7024B8B
:10C88000C16001229A60E9E700100040F43A0020FC
:10C89000F8B5C388DB0701D50020F8BD0446F9F7D9
:10C8A000B5F800286DD16569002D61D04FF0804347
:10C8B00000220121C3F800211A461960D2F8003184
:10C8C000002BFBD0637A304A304DD35CC5F80C3571
:10C8D000227AC5F808252E4B0022C5F81025C5F888
:10C8E0001C35A67AF9F792F800283DD0274BDFF8DF
:10C8F000B0C0284F284D002001210826C3F82C0580
:10C900000222C3F83015C3F81465C3F818C54FF6F2
:10C91000FF7CC3F83425C3F83CC5C3F83875182725
:10C92000C3F854756769C3F80475C3F80463C5F8A0
:10C9300080212A60D3F8002242F01002C3F80022BE
:10C94000C3F800011A465960D2F80031002BFBD021
:10C95000E38843F4804343F0010300200121C2F83F
:10C960000C019160E380F8BDA672C5F82465BDE7AF
:10C970002C2016F0B4F829462C2216F00BF9606131
:10C9800094E70648F8BD00BFC44904000010004009
:10C99000746962752110010000E100E016FCFFFFE0
:10C9A0002000040210B50446F9F730F8F8B9E3881E
:10C9B00013F0010301D1184610BD0E4B0222C3F83B
:10C9C0008020BFF34F8FBFF36F8F0B4B0121C3F854
:10C9D00010011A461961D2F81031002BFBD0E38800
:10C9E00023F4804323F00103E380002010BD0348BB
:10C9F00010BD00BF00E100E00010004016FCFFFF8A
:10CA000070B505460C46F9F701F8002836D1EB88D9
:10CA100044B113F001041FD1194A1068C0F340005B
:10CA200070B970BD13F0040120D113F00200F8D0EA
:10CA3000134A23F002030224EB801460084670BD01
:10CA400043F002030221EB80C2F88010BFF34F8F46
:10CA5000BFF36F8F204670BD06462846FFF7A2FF42
:10CA6000EB8843F004033046EB8070BD23F00403F1
:10CA7000EB802846FFF70CFF204670BD014870BDD3
:10CA800000E100E016FCFFFF0346006988B1094998
:10CA900030B40224C1F88040BFF34F8FBFF36F8FD3
:10CAA0001D69DA7A6D6A1D61013ADA720C6030BC78
:10CAB0007047704700E100E00022C0E900127047B3
:10CAC00010B5044684B00068FFF7DEFF0023436220
:10CAD0006268B2B1516A09B915E011464A6A013378
:10CAE000002AFAD1032B08DC486201231A460921E7
:10CAF000684606F0CFFD04B010BD15F0E9FF04B0A4
:10CB000010BD6060F1E71146EEE700BF0022416012
:10CB10000270704738B504464068FFF7B5FF01233F
:10CB200005462370043006F0DFFD002328462370FD
:10CB3000BDE8384015F0CCBF10B50446006807F0DA
:10CB4000B7FA204610BD00BFF8B522EAE2750446E8
:10CB500005F10C001F460E4601F01CFA206007F09C
:10CB6000CFFA23681D72226857603EB120682A46BA
:10CB700031460930BDE8F84015F0E8BFF8BD00BF08
:10CB800010B5074C0023204619460122FFF7DCFFB1
:10CB90002046044A0449BDE8104015F09BBF00BF81
:10CBA000F83A00204020002039CB0200ACDF70476B
:10CBB000AEDF70470022028102604260704700BF12
:10CBC000F0B54FF6FF7487B0A142ADF8063032D011
:10CBD0000389DB07054616460C4600880FD4BDF8CE
:10CBE000063002AAADF8083001460023204603961D
:10CBF000ADF80A30FFF7DAFF184607B0F0BD02AA19
:10CC0000012300270DF1060CADF80800114620465F
:10CC100005968DF80A30ADF80C70CDF810C0FFF70E
:10CC2000C7FF0028E8D00499BDF80630098899426A
:10CC300001D02888D6E7002007B0F0BDA8DF7047F4
:10CC4000B0DF704762DF7047704700BF8B79012B00
:10CC500005D0022B02D10368DB6A184770470368CE
:10CC60009B6A18470368034A9B68934200D1704748
:10CC70000631184749CC020070B50B88502B04468A
:10CC800031D01AD8102B26D0112B14D10368194D8E
:10CC9000DA69AA422BD100252E4605E023681B69DC
:10CCA0009847236806810135DB6820469847A842EB
:10CCB00029462046F2DC012070BD512B06D0532BB3
:10CCC000F9D103681B6B9847012070BD03685B6A4C
:10CCD0009847012070BD0368064A9B699342EAD0D9
:10CCE0009847012070BD03681B6A9847F9E7904791
:10CCF0002368D0E749CC020010B5064B036000233F
:10CD000004460371C38000F0B9F9214600F0C4F96C
:10CD1000204610BDF849040010B584B010310DF163
:10CD2000FF330DF10F0411F8012D03F8012FA34279
:10CD3000F9D1011D6846FFF785FF04B010BD00BFA3
:10CD400000B583B00379ADF80410821D01A901205C
:10CD50008DF80630FFF772FF03B05DF804FB00BFEB
:10CD60002DE9F04788B00546BDF84060BDF8447035
:10CD7000BDF84840924688461E2200210DF102006F
:10CD8000994615F007FFBB1B18BF01232A79ADF8A0
:10CD900000A0E107ADF804708DF80C30ADF8066026
:10CDA000CDF808908DF8022005D59DF80D3043F0A0
:10CDB00002038DF80D30A20705D59DF80D3043F024
:10CDC00004038DF80D30630705D59DF80D3043F051
:10CDD00008038DF80D30270705D59DF80D3043F079
:10CDE00010038DF80D30E60605D59DF80D3043F0A3
:10CDF00020038DF80D30A00605D59DF80D3043F0C9
:10CE000040038DF80D30610605D59DF80D3043F0D7
:10CE100001038DF80D30E20544BF01238DF80F307A
:10CE2000A30544BF01238DF810302B68EC881A69E4
:10CE30000120022341468DF811308DF812308DF813
:10CE400013308DF814002846904769460246204664
:10CE50000CF03EF908B0BDE8F08700BF00B58DB01A
:10CE600001A80CF0ADF8019B23B1BDF808000DB08E
:10CE70005DF804FB4FF6FF700DB05DF804FB00BFDA
:10CE800003682DE9F041DB6806460D469046984759
:10CE9000071E1BDD00240BE04388AB421ED08388B5
:10CEA000AB4221D0C388AB4224D00134A7420DD07D
:10CEB000336821461B69304698470388AB42EBD163
:10CEC000012388F800302046BDE8F08100234FF0B0
:10CED000FF3488F800302046BDE8F081022388F84E
:10CEE00000302046BDE8F081032388F8003020465A
:10CEF000BDE8F081042388F800302046BDE8F081C9
:10CF000030B583B00C460DF10702C9880546FFF71E
:10CF1000B7FF011E08DB9DF807202B68032A05D008
:10CF20001B680B4A93420ED103B030BD228A022AFD
:10CF3000F6D11B6928469847E17CA27C2B6842EA1F
:10CF400001220281ECE7A11D2846984703B030BDBD
:10CF500049CC0200F0B58BB00C460DF107020989EF
:10CF60000746FFF78DFF002819DB9DF80730E6899B
:10CF7000012293428DF8082013D09DF80E20A0883E
:10CF8000ADF81060002363F3000202A98DF80E20B3
:10CF9000ADF80C30ADF812300593FFF751FE0BB031
:10CFA000F0BD3A681F4952682089ADF81A60002523
:10CFB0008A428DF81C308DF81D30ADF818000895A8
:10CFC000ADF8245015D12A462F4629469DF80E501B
:10CFD000ADF80C1063F30005A088ADF8106002A94D
:10CFE000ADF8127005928DF80E50FFF729FE0BB0C8
:10CFF000F0BD384606A990479DF81C304BB99DF806
:10D000001D30BDF81A60BDF82470089A4FF4817184
:10D01000DCE729469DF81D30BDF81A60BDF8247084
:10D02000089AD3E749CC020000B583B009890DF115
:10D030000702FFF725FF03B05DF804FBF8B50E4CBF
:10D0400026689EB13368002B0FDD07463546002465
:10D0500002E03368A34208DD55F8040F036839463F
:10D060005B69984701340028F3D1F8BD542015F0CE
:10D0700036FD20600660F8BDFC3A002010B5054C76
:10D08000206800B110BD542015F029FD0023206058
:10D09000036010BDFC3A002008B50368132B05DCC3
:10D0A00000EB830201335160036008BD1420F8F7E0
:10D0B000C9FC00BF10B50023044607F0FDFE024B7B
:10D0C0002360204610BD00BFEC34040088B110B5C9
:10D0D000044615F09BFD01382044844207D2237892
:10D0E000027804F8012B00F801398442F7D30020BC
:10D0F00010BD6FF47A707047F8B549B380EAE074F8
:10D10000C4EBE0744F1E0025DFF84CC000E01D4664
:10D110008CFB0423E217C2EBA30202EB8203C4EBF5
:10D1200043033033564207F8013F14466B1C002E70
:10D13000EDD1002801EB030203DA2D220235CA5497
:10D140004A19002308461370FFF7C0FF3046F8BDA8
:10D150006FF47A76FAE700BF67666666014B18607F
:10D1600000207047003B0020002821DD30B4124D24
:10D17000124B2A68002A00F1FF3408BF1A462146E4
:10D180000020930983EAD273534083EA121383EA9F
:10D1900092035208534042EAC37202F00103490865
:10D1A00043EA4000EDD1A042E9D82A6030BC704784
:10D1B0006FF47A70704700BF003B0020A10D0C0097
:10D1C0000A4B036010B40A4C0023C380224602E0DD
:10D1D00001333C2B06D052F8041B8842F8D10022C0
:10D1E00044F823205DF8044B704700BF344A040024
:10D1F000043B00200048704716FCFFFF10B50446B2
:10D200000A4B0B4823600023E380024602E001330F
:10D210003C2B06D052F8041B8C42F8D1002240F877
:10D220002320204615F054FC204610BD344A04004B
:10D23000043B0020013908B503290AD8DFE801F0D2
:10D240000B0B02020368084ADB68934201D00021FD
:10D250009847002008BD0368034ADB689342F8D072
:10D2600001219847F5E700BFF95C020070B584B072
:10D2700004AC04E90F00BDF80230012B18D0022BDA
:10D2800014D1154C154E04F1F00501E0AC420DD05F
:10D2900054F8040F0028F9D0C3885B04F6D503685E
:10D2A0009B68B342F2D09847AC42F1D104B070BD54
:10D2B000094C0B4E04F1F00501E0A542F6D054F8FC
:10D2C000040F0028F9D0C3889A04F6D503685B6878
:10D2D000B342F2D09847F0E7003B0020955302009C
:10D2E000F55C020010B5064C20884FF6E8539842D2
:10D2F00003D91520F3F7AAFF2088431C238010BD13
:10D30000222300202DE9F041314C82B02246002337
:10D3100002E001333C2B05D052F8041B0029F8D160
:10D3200044F823002B4C237813F001030BD12A4D32
:10D330002A6842B10093102201234FF47A60002141
:10D3400002F0E2FD10B102B0BDE8F0812820D5F86E
:10D350000080224E15F0C3FBC02300930122204B16
:10D360001021074600F06CFED8F800305B68B3422D
:10D3700022D1384600F098FE384615F0A9FB282047
:10D380002F6815F0ACFBC02300930222144B0F2131
:10D39000054600F055FE3B685B68B34212D1284653
:10D3A00000F082FE284615F093FB237843F001033A
:10D3B000237002B0BDE8F081404639469847002806
:10D3C000DDD0D6E73846294698470028EDD0E6E775
:10D3D000043B002064440020343C0020F5D10200CE
:10D3E0006DD2020010B4084C0023224602E0013343
:10D3F0003C2B06D052F8041B8142F8D1002244F89D
:10D4000023205DF8044B7047043B0020062816D803
:10D41000F8B50123834013F0580F0E4605460FD090
:10D42000104CA4F1F00754F8043D32462946184642
:10D4300013B11B681B699847BC42F4D1F8BD704713
:10D4400013F0270FFAD0084C04F1F00754F8043F0A
:10D4500032462946184613B11B681B699847A742F4
:10D46000F4D1F8BDF43B0020003B0020084600F05A
:10D4700067BB00BF0048704716FCFFFF10B50446AD
:10D4800009F088FFE3696BB1A2699A61A3690BB1E6
:10D49000E269DA610023C4E906336361BDE8104044
:10D4A00009F06ABFD4E905321A60EFE738B50D46D6
:10D4B000044609F06FFF2A6865610AB90AE01A4656
:10D4C0009369002BFBD19461C4E90632BDE8384072
:10D4D00009F052BFC4E906222C60BDE8384009F0CB
:10D4E0004BBF00BF2DE9F04184B004AC04E90F004C
:10D4F000114B1C68DDE902014FF47A72002315F02C
:10D50000F7F8B4B1DFF8348006460F46E268A56943
:10D5100000239F4208BF964208D3636920460BB19F
:10D52000FFF7ACFF20464146FFF7C0FF2C46002D19
:10D53000ECD104B0BDE8F081FC3B0020043C0020AD
:10D540002DE9F04FDFF8E08093B0D8F8005004AC3C
:10D5500084E80F00002D32D02F4BBDF810401A6820
:10D56000BDF81260AAB12D4F4FF0000A40F2FE350F
:10D5700040F2FF39D368D2F818B0190CAC429BB214
:10D5800088B21FD0002B33D09C4231D05A46002A9B
:10D59000F0D1A4F2FE33012B11D9D8F80050204B62
:10D5A00010273246214608A8009700F049FD2B6855
:10D5B0001C4A9B6893422AD108A800F075FD13B05D
:10D5C000BDE8F08F4B45DDD109B1B042DED1BAF1F3
:10D5D000000FDBD1536923B110460392FFF74EFFD2
:10D5E000039A10463946FFF761FF4FF0010ACDE775
:10D5F00009B1B042CAD1536923B110460392FFF773
:10D600003DFF039A10463946FFF750FFBEE7284614
:10D6100008A99847D0E700BF143C0020043C002034
:10D6200041D5020075D40200F83B0020014B186878
:10D63000704700BF083C002038B509F0ABFE164B20
:10D640001C68D4B1636913B12046FFF717FF09F0D6
:10D6500093FE002323616362256809F0E1FE014621
:10D66000284609F0E9FE09F095FE0C4B1A68226283
:10D670001C6009F081FE204638BD282015F02FFAE5
:10D6800028220021044615F085FA09F0CDFE00237A
:10D69000C4E90003A360DAE70C3C0020083C00204A
:10D6A00038B50A4B1C682369DB0707D5084D286885
:10D6B00030B1636A4362002363620446204638BD8A
:10D6C000FFF7BAFF28600028F8D0F2E7F43B00200B
:10D6D000003C00202DE9F041464D2A7812F001046B
:10D6E00082B002D002B0BDE8F081434E434F3060BB
:10D6F000FFF7A2FF424B43491860FFF7D7FEFFF741
:10D700009BFF3860D0F8008009F08AFE011F404678
:10D7100009F090FE3B683C49186809F089FE3768BB
:10D72000002F4ED0282015F0DAF9C02322460093AE
:10D7300040F2FF31354B364C804600F081FC3B68AF
:10D740005B68A34244D1404600F0AEFC404615F071
:10D75000BFF92820D6F8008015F0C1F9C023009346
:10D7600000222A4B40F2FE31074600F069FCD8F84F
:10D7700000305B68A34237D1384600F095FC38464C
:10D7800015F0A6F900230F22002100934FF47A60D0
:10D79000012302F0B9FB2820376815F0A0F9C02357
:10D7A000009301221B4B0F21064600F049FC3B6809
:10D7B0005B68A34212D1304600F076FC304615F08B
:10D7C00087F92B7843F001032B7002B0BDE8F0819C
:10D7D0003846414698470028BBD0B4E73846314622
:10D7E00098470028EDD0E6E740463946984700289C
:10D7F000C8D0C1E765440020F83B0020103C002061
:10D80000F43B0020043C00207DDD020041D50200F5
:10D81000F5D10200E5D40200024B187800F00100B7
:10D82000704700BF65440020F0B51F4F3B6883B0D0
:10D83000002B37D01D4B1B78DB0733D50E46044633
:10D84000FFF72EFF436944EA06420546C2600BB16A
:10D85000FFF714FE28461649FFF728FEA4F2FE3310
:10D86000012B16D928203F6815F039F9C02332461C
:10D87000009321460F4B054600F0E2FB3B680E4A41
:10D880005B68934208D1284600F00EFC284615F04C
:10D890001FF9002003B0F0BD3846294698470028FC
:10D8A000F7D0F0E70548F5E7F83B00206544002095
:10D8B000143C002041D50200F5D1020016FCFFFF08
:10D8C0002DE9F04128B321B30546984617460E4688
:10D8D000FFF7B2FE0446E0B132463B4629460068F7
:10D8E00009F0B4FD256809F09BFD011F284609F0E9
:10D8F000A1FD0A4B0A492068B8F1000F18BF19466C
:10D9000009F096FD20460749FFF7D0FD2046BDE807
:10D91000F08100242046BDE8F08100BF55DD020003
:10D9200081DC0200043C0020074B1B7813F001034C
:10D9300008D010B4144601230A4621465DF8044B72
:10D94000FFF7BEBF1846704765440020024B1868B9
:10D95000B0FA80F040097047043C002030B50F4D0C
:10D960002B789A0785B004D50D4B1B6873B105B0B1
:10D9700030BD43F00204022201230F2168462C70BF
:10D9800005F088FE064B1B68002BF0D12B7823F0A6
:10D9900002032B70F8F79EF905B030BD65440020F6
:10D9A000043C00202DE9F0415A4D2C682369D90729
:10D9B00037D4594E594F3268396812B36069B04252
:10D9C00000F089802A6091421CD0944252D08C424F
:10D9D00052D0534B62699A424ED0206809F02EFD16
:10D9E000064609F02DFDD4E90131361ACB1A9E42C4
:10D9F0002F6860D82068BB683A68BDE8F04109F03C
:10DA00009BBE29601B0745D52C60FFF7A7FF336835
:10DA1000002BFAD09C422B602CD039688B42D6D197
:10DA20003BE0404E2068326843F0020323611369F3
:10DA3000146843F00403136109F006FD0146204613
:10DA400009F0FAFC3768386809F0F8FC044609F078
:10DA5000F7FCD7E90123241A9B1A9C4241D833686A
:10DA60009968186809F0A9FE2B681A6900219207C5
:10DA700031600AD4BDE8F0812A68002193681268F9
:10DA80000846BDE8F04109F057BE1868BDE8F0410E
:10DA900009F0CDBE2B689C42ECD01E6809F0C0FC9A
:10DAA000011F304609F0C6FC3B681F49186809F0A1
:10DAB000BFFC39688BE72C6009F0C2FC6068203637
:10DAC00026F01F0618BB304600F064FA3118C4E98E
:10DAD00001012F608EE7A069002818BF02462A6066
:10DAE00071E7D5F800802F6009F0AAFC786820342F
:10DAF00024F01F0440B9204600F04CFA0444C7E962
:10DB00000104C5F80080AAE700F06AFAF3E700F024
:10DB100067FAD8E7F43B0020043C0020103C0020CA
:10DB20000C3C0020003C00207DDD0200034B1B78F4
:10DB3000DB0701D5FFF736BF704700BF6544002003
:10DB400070B5104D2A78D20714D50446FFF7A8FD0A
:10DB5000064602F0B9F973692044F06013B130460B
:10DB6000FFF78CFC30460849FFF7A0FC2B78DB0759
:10DB700004D470BDBDE8704000F062BBBDE87040E9
:10DB8000FFF710BF65440020FC3B002000B583B0C8
:10DB9000FFF74AFE18B9074B1B78DB0702D403B026
:10DBA0005DF804FB0190FFF7FDFE019803B05DF8FE
:10DBB00004FB00BF6544002038B5284D2868436940
:10DBC00013B1FFF75BFC2868254C2146FFF76EFC7C
:10DBD00024684CB1A369002223B11C460132A36919
:10DBE000002BFAD1032A22DC2B6800221A611C6860
:10DBF00009F016FC0146204609F01EFC09F0CAFB9C
:10DC0000184B29681A688A4225D04AB1136A99428A
:10DC10001DD02BB11A6A91421AD01346002BF9D1AC
:10DC200009F0AAFB104B1B78DB070CD438BDE26966
:10DC30002068936100F0D4F9606800F0D1F92046C3
:10DC400000F0CEF9D0E7BDE83840FFF7ABBE134691
:10DC50000A6A1A62E4E7126A1A60E1E7F43B0020FC
:10DC60000C3C0020083C002065440020034B1B783E
:10DC7000DB0701D5FFF7A0BF704700BF6544002058
:10DC800010B50C468047A047044B1B78DB0700D437
:10DC900010BDBDE81040FFF78FBF00BF65440020F6
:10DCA000034B1B78DB0700D47047FFF785BF00BF2D
:10DCB00065440020002842D02DE9F041DFF8908033
:10DCC00098F80030DC0782B032D51E4F3B680A4618
:10DCD00019694907054601D15C6A44B12846012308
:10DCE0001949FFF7EDFD002002B0BDE8F08118688A
:10DCF000019209F084FD3968019A0B6913F002065C
:10DD000018D143F0010310460B61A8473B6818691E
:10DD10005E6220F0010210F004001A61E4D098F86D
:10DD2000000010F00100DFD0FFF746FF3046DBE7D0
:10DD30000648D9E723F003030B612046D4E76FF4CC
:10DD40007A707047F43B0020A1DC020016FCFFFF54
:10DD50006544002038B50346144610460D469847E2
:10DD60002046A847044B1B78DB0700D438BDBDE82C
:10DD70003840FFF721BF00BF6544002008B5044CC0
:10DD8000FFF7ECFD2378DB07FAD5FFF70BFEF7E78B
:10DD900065440020024B1878C0F38000704700BF34
:10DDA00065440020054A137818B923F00403137062
:10DDB000704743F004031370704700BF65440020B0
:10DDC00010B40024C460C0E9001102725DF8044B75
:10DDD000704700BFF8B5194D2B78DA0700D4F8BDAD
:10DDE000044609F0D7FA2668013E266009F0C4FA15
:10DDF000002EF4DAFFF754FC436907460BB1FFF736
:10DE00003DFB04F10C013846FFF750FB09F0C2FA64
:10DE100023689E4208DD7B6913B13846FFF72EFB6D
:10DE200038460749FFF742FB09F0A6FA2B78DB07D3
:10DE3000D5D5BDE8F840FFF7B5BD00BF654400206B
:10DE4000043C0020036810B5C4680133036054B17A
:10DE5000636913B12046FFF711FB20460249BDE874
:10DE60001040FFF723BB10BD043C0020C36810B571
:10DE700004462BB12046FFF7E5FFE368002BF9D1FC
:10DE8000237A0BB96368236010BD00BF00680028C7
:10DE9000B4BF404200207047F8B50C4C05460E4612
:10DEA000277809F077FA0A4A731B02EBC7019B082F
:10DEB00043F0004342F837504E602B602378013323
:10DEC000237009F059FA0020F8BD00BF6744002014
:10DED000183C0020064B1B78834207D9054B03EB07
:10DEE000C00253F830305068C01A704700207047A5
:10DEF00067440020183C0020F8B583074FEA9006DD
:10DF00003BD188B10D4609F045FAD5E90045771CAB
:10DF1000A54206D92368002B07DB04EB8304A54246
:10DF2000F8D809F029FA0020F8BD23F00043990041
:10DF300054F82320002A04EB01000DDB0EE022F050
:10DF40000042134443F00042226054F82320990019
:10DF5000002A04EB010001DA8542F0D89F4201D982
:10DF60000C44D5E702369E4209D3236823F00043D0
:10DF7000236009F001FA201DF8BD0136C2E704EB69
:10DF80008606B542F1D9DB1B43F0004346F8043C5A
:10DF90002760EEE738B5044640B10C4D2B783BB115
:10DFA00020460B49FFF7A8FF044658B1204638BD6C
:10DFB0000849094A086809491370FFF76DFF0123F2
:10DFC0002B70EDE71420F3F741F9EFE766440020EA
:10DFD000183C0020D02000206744002000F80120D9
:10DFE000A0B10E4B1A6882420DD25B6883420AD9F7
:10DFF00050F8043C002B10B5044608DD43F0004304
:10E0000044F8043C10BD1E20F3F720B970471E20D1
:10E01000F3F71CF954F8043CF0E700BF183C00206B
:10E0200038B501FB00F52846FFF7B4FF044628B1D8
:10E0300001232A460360002114F0ACFD204638BDC0
:10E040002DE9F04104461030884617461E46BDF8BB
:10E05000185005F03FFB0020E060C4E90800A4F878
:10E0600000806780A660A5802046BDE8F08100BFE3
:10E070002DE9F843BDF82450089E04461030894627
:10E0800090461F4645F0010505F024FB0020C4E939
:10E090000800A4F80090A580A4F80280C4E90276E4
:10E0A0002046BDE8F88300BF83889B0710B504466F
:10E0B00002D5806814F00CFD204610BD82B070B50A
:10E0C00086B00AA981E80C00036A4BB31C696CB1E5
:10E0D000012200E01C4623690132002BFAD1092AF3
:10E0E00005DD06B0BDE8704002B070471C460AABC3
:10E0F0000FCB02AD85E80F00182014F0F0FC06AB42
:10E10000064613E9030095E80C008DE8030030464D
:10E1100005F006FB266106B0BDE8704002B070470E
:10E1200004460FC902AD85E80F00182014F0D7FC93
:10E1300006AB064613E9030095E80C008DE80300E2
:10E14000304605F0EDFA266206B0BDE8704002B038
:10E15000704700BFD0E9002303F10053013B10B426
:10E1600002EBC304A24210D852F8333099420CD8C3
:10E17000A21A22F007022346A21A03E053F8080D60
:10E18000814202D893421C46F8D160685DF8044B86
:10E19000704700BFD0E9002303F10050013802EBC3
:10E1A000C0039A4252F8300016D8814215D89A1A04
:10E1B00022F0070210B49A1A03E053F8080D8142C6
:10E1C00006D893421C46F8D118685DF8044B704796
:10E1D00020685DF8044B704770477047D0E9002312
:10E1E00003F10050013802EBC0039A4252F83000AC
:10E1F0001FD881421DD89A1A22F007029A1A934218
:10E20000184615D010B453F8084DA14206D89342D1
:10E2100018460BD053F8084DA142F8D900685DF8B4
:10E22000044B081AB0FA80F0400970471868F6E706
:10E230001868081AB0FA80F040097047704700BFAC
:10E2400001F01EBF01F0ECBEFEF788BFFEF78CBFE9
:10E2500038B50446074B036000254560FFF752F8C8
:10E26000E388054A258143F480532260E3802046F9
:10E2700038BD00BF344A0400584A040010B5044BAE
:10E28000036000230446C380FFF7ACF8204610BDAE
:10E29000344A040000897047807A704738B50368B3
:10E2A00081720446DB6A98472368074A9B6A934257
:10E2B000054603D1A07AA072284638BD204698476B
:10E2C000A072284638BD00BF99E2020038B5036845
:10E2D00001810446DB6A98472368074A1B6A934218
:10E2E000054603D120892081284638BD204698471D
:10E2F0002081284638BD00BF95E20200F8B50446EB
:10E300000025154B036045600E461746FEF7FAFFE1
:10E3100094F8363066624FF00112C4E90E220221F1
:10E3200003F0F90365F3C3030C4E2563142084F84E
:10E330004050A1722081E560C4E90455C4E9065546
:10E340002562A780E580A586A4F8425084F836307F
:10E3500026602046F8BD00BF344A0400804A04000D
:10E36000C16811F5C87FF0B480F2848090F836302F
:10E3700013F0020340F08680046914F5C87F66DA62
:10E3800090F8362012F0040269D1456915F5C87F6E
:10E3900031DA90F8362012F0080234D0B2FA82F363
:10E3A00090F8366090F840205B0963F3C30680F86C
:10E3B0003660032A08D80132D2B2012A80F8402000
:10E3C00000F08B80042A77D0B0F8423090F83660A5
:10E3D00001339BB216F00107A0F8423062D01D2B2A
:10E3E00017D900236FF3000680F83660A0F842309A
:10E3F00080F840300DE0B5F5C87F04DD90F8362098
:10E4000012F00802CAD090F84020002BD1D1002A87
:10E41000DAD104FB04F301FB0133334A05FB053376
:10E4200093423CD911F5487F51DBB1F5487F51DC6F
:10E4300014F5487F54DBB4F5487F3BDC15F5487F85
:10E4400050DBB5F5487FD4BF0020062028E0B4F5A6
:10E45000C87F9ADD90F8362012F0040295D1B2FA06
:10E4600082F390F836205B0963F3820280F836204D
:10E4700001238AE7B1F5C87F0FDD90F8363013F03D
:10E4800002030AD190F83620B3FA83F35B0963F3F1
:10E49000410280F8362001236EE700236CE7072055
:10E4A000F0BC7047092BB4D9013A80F84020A0F89D
:10E4B0004270AEE70120F3E790F83630002243F0D7
:10E4C000010380F83630A0F842200B20E8E7032053
:10E4D000F0BC70470420F0BC7047A0F8422098E7D9
:10E4E0000220DDE70520DBE7FF700200D0E9033200
:10E4F00030B502FB02F2456903FB032305FB05353A
:10E50000B5F5800F85B0044616D9038F002B4DD08A
:10E51000B5F5100F25D8012384F831302046FFF7D8
:10E520001FFF0B2814D0A38E834231D00023A08676
:10E5300084F8303005B030BD90F83130042B56D916
:10E540000023C0E90E332046FFF70AFF0B28EAD16B
:10E550006086024601230D21684605F09BF805B050
:10E5600030BD638F002B39D0B5F1107FD3D9A38F85
:10E570005BB3B5F1806FCED9E38F002BCBD10123F4
:10E580000A220D21684605F085F80123E387C2E7DA
:10E5900094F83030628E042B14D80133DBB29042F1
:10E5A00084F83030C6D0052BD2D0C3E701230C222B
:10E5B0000D21684605F06EF80123B5F5100F23878D
:10E5C000A9D9CEE79042C3D1B4E7012309220D2196
:10E5D000684605F05FF80123A387CAE701230822F4
:10E5E0000D21684605F056F801236387BCE7013327
:10E5F000DBB291E730B5D0E908218BB002AD0092D3
:10E6000000F1180304460CCB284605F011F895E8F4
:10E610000700E38804F10C0523F0020385E80700F6
:10E62000E3802046FFF762FF0123A1881A4606A86F
:10E6300005F030F800200BB030BD00BF10B5036806
:10E6400004461B6B9847E06810BD00BF10B5036817
:10E6500004461B6B9847206910BD00BF10B50368C6
:10E6600004461B6B9847606910BD00BF036810B576
:10E6700004461B6B9847E3889B0702D42046EEF7BD
:10E68000DBF9A06A10BD00BF08B5FFF7EFFFDFEDB3
:10E69000077ADFED076A07EE100A67EE277A87EE42
:10E6A000A67AFDEEC77A17EE900A08BD0000B443C3
:10E6B000DB0FC940036810B504461B6B9847E3881D
:10E6C0009B0702D42046EEF7B7F9E06A10BD00BF01
:10E6D00008B5FFF7EFFFDFED077ADFED076A07EE1A
:10E6E000100A67EE277A87EEA67AFDEEC77A17EE54
:10E6F000900A08BD0000B443DB0FC940408E70474C
:10E7000010B5044B036000230446C380FEF76AFE85
:10E71000204610BD344A040000897047F0B5044615
:10E72000416BA26BE36B2769656900F13406C06831
:10E73000D71B5D1BD4E90723081AA16902FB07F266
:10E7400001FB00F1881292128BB0C4E90D0203FBA9
:10E7500005F39B12216CE36302AD009396E80C0075
:10E76000284604F065FF95E80700012304F1280519
:10E7700085E80700A1881A4606A804F08BFF002050
:10E780000BB0F0BD38B5036801810446DB699847DA
:10E790002368074A5B6A9342054603D1208920819A
:10E7A000284638BD204698472081284638BD00BFFE
:10E7B00019E702002DE9F041124B036000250446E1
:10E7C000456088461746104EFEF79CFD4FF4806367
:10E7D00014204FF480512081C4F84080C4E90355CF
:10E7E0006561C4E90955C4E90B55C4E90D55E563F4
:10E7F0006564A7802660E180C4E906332362204671
:10E80000BDE8F081344A0400C04A04002DE9F84311
:10E81000036804469B6A9847A06A13F0B7FB8046DA
:10E82000E06A894613F0B2FB0646206B0F4613F0F0
:10E83000ADFB424604460D464B464046494613F062
:10E840000FFC3246804689463B463046394613F037
:10E8500007FC02460B464046494613F04BFA224657
:10E8600006460F462B462046294613F0F9FB024682
:10E870000B463046394613F03DFA11F027F813F0F5
:10E880009FFEBDE8F88300BF30B5C58815F00405CC
:10E8900085B023D1036804469B6A9847E388E56006
:10E8A00023F002034FF4806243F00403E380C4E9E1
:10E8B000062222620123C4E9045565620322A1886D
:10E8C000684604F0E7FEE388054813F0020F23F0E2
:10E8D0000403E38018BF002005B030BD0148FBE70A
:10E8E00014FCFFFF15FCFFFF84B070B404AC84E897
:10E8F0000E0006460FCC06F10C050FC594E8070084
:10E90000F38843F0020385E80700F38070BC04B08D
:10E91000704700BFC08800F0020070474164704734
:10E9200070B50B6882B005460C4608469B6A1646D1
:10E930009847D4E90F31019600933434284694E87F
:10E940000C0004F02BFE284602B070BD10B5036821
:10E9500004469B6A9847A06A10BD00BF10B50368C3
:10E9600004469B6A9847E06A10BD00BF10B5036873
:10E9700004469B6A9847206B10BD00BF70B52DED13
:10E98000068B044684B0406CFFF794FE0646606C2C
:10E99000FFF76CFE21460222054601A8FFF7C0FFE3
:10E9A000DDED027AB8EEE78ADDED037A3046B8EEA7
:10E9B000E79A10F011FC0AEE100A304610F0C0FB86
:10E9C00009EE900A284610F007FC08EE900A284647
:10E9D00010F0B6FB68EE287A9DED017A06EE900AFB
:10E9E000B8EEC77A67EE8A7A29EEC88AE7EE267A09
:10E9F00069EE288AA9EE0A8AE8EEA97A18EE101ABA
:10EA000017EE900A10F0C0FF9FED0E7A9FED0E6A90
:10EA1000DFED0E7A06EE900A66EE875AC5EE866A3C
:10EA200077EEE67AF5EEC07AF1EE10FA48BF77EEAF
:10EA3000877AFDEEE77A17EE900A04B0BDEC068BFC
:10EA400070BD00BF0000B443DB0FC9400000B442FA
:10EA500000B585B00146012201A8FFF761FFDDED99
:10EA6000027AF8EEE77A17EE901ADDED017AF8EE09
:10EA7000E77A17EE900A10F087FFDFED0D7ADFEDF1
:10EA80000D6A07EE100A67EE277A87EEA67AB5EED2
:10EA9000C07AF1EE10FA44BFDFED077A37EE277A3D
:10EAA000FDEEC77A17EE900A05B05DF804FB00BFD3
:10EAB00000003443DB0F49400000B443C2885107D3
:10EAC00011D4930710B504460AD5636C20461BB1D8
:10EAD000BDE81040FFF752BFBDE81040FFF7B8BFD8
:10EAE000FFF7D2FEF1E70148704700BF15FCFFFFBA
:10EAF00010B5044B036000230446C380FEF772FC8C
:10EB0000204610BD344A0400008970474089704790
:10EB1000FF299ABF017300206FF47A70704700BF1D
:10EB2000007B7047704700BF10B50A894C8982B0DE
:10EB30000023CDE9002410311A46044605F050F8B0
:10EB4000204602B010BD00BF10B5074B044640F888
:10EB5000103B04F0F9FD054B236000232046E380C1
:10EB6000FEF740FC204610BDF84A0400344A040079
:10EB7000094B10B5044640F8103B04F0E5FD074B87
:10EB800023600023E3802046FEF72CFC204613F090
:10EB90009FFF204610BD00BFF84A0400344A04001D
:10EBA000F8B50C4D05600025044645600E46154637
:10EBB0001F46FEF7A7FB2046074B40F8103B2AB242
:10EBC00031B204F093FEFF222273A7802681658173
:10EBD0002046F8BD344A0400F84A04006FF47D7002
:10EBE000704700BF6FF47D70704700BF6FF47D7099
:10EBF000704700BF6FF47D70704700BF10B584B0E0
:10EC000004AB046803F8012D00220092246A1A461E
:10EC10000123A04704B010BD10B584B004688DF87E
:10EC20000C20002200928DF80D30246A022303AAE2
:10EC3000A04704B010BD00BF10B5012384B0046824
:10EC4000CDE900330DF10F03E46AA04708B99DF840
:10EC50000F0004B010BD00BFF0B585B004469DF8AC
:10EC60002C508DF80F201F4602680E4685B10123F7
:10EC70000093156A0DF10F02A84738B92368009078
:10EC80009D6A0A9B3A4631462046A84705B0F0BD2A
:10EC9000D3699DF80F209847EFE700BF2DE9F84FA3
:10ECA0009DF82870002A3CD0002B3ADD8846016888
:10ECB000DFF874901E468B684B458246144628D177
:10ECC0000D69DFF868B05D451BD1264405E00134CD
:10ECD000A6420AD0DAF800301D695D45F7D02178E8
:10ECE00050460134A847A642F4D117B10020BDE830
:10ECF000F88FDAF80030DB684B450ED13846BDE8B6
:10ED0000F88F5FFA88F15046A847DAF800301D699D
:10ED1000DBE79847DAF80010D2E7504698473846C4
:10ED2000E5E76FF47A70E2E7EDEB0200F5EB020045
:10ED30002DE9F04F83B09DF83090002A5AD0002B77
:10ED4000984657DD05689246AB682C4A93420646C2
:10ED50003DD12B692A4FBB4241D1B8F1010F1BD0E5
:10ED6000A8F102080AEB080B0AF1FF3405E00B20BA
:10ED700004F8010FA3450BD035686D69BD42F6D08C
:10ED800000213046A847C0B204F8010FA345F3D1D3
:10ED900008F101083568C2446B69BB4212D10B20EF
:10EDA0008AF80000B9F1000F03D0002003B0BDE8DD
:10EDB000F08F3368114ADB68934217D1484603B09D
:10EDC000BDE8F08F012130469847C0B2E8E70191D5
:10EDD000984735680A4F2B690199BB42BDD041F075
:10EDE0000101C9B2304698473568B6E730469847C2
:10EDF0004846DBE76FF47A70D8E700BFEDEB02001E
:10EE0000F5EB0200024A0260002202714271704773
:10EE1000384B04006FF47D70704700BF4079704735
:10EE20004171704719B30B68934214D070B50E4608
:10EE30001446054623B11A680E49126E8A420CD157
:10EE400034B123680C4ADB6D93420BD100232B7144
:10EE50003460002070BD0020704718469047002C99
:10EE6000EFD1F5E72946002220469847F0E76FF4F6
:10EE70007A707047918F02008D8F02000EB42DE9D9
:10EE8000F04787B00FAB054653F8046B0093317819
:10EE900049B125290CD02B6801369B692846984733
:10EEA00031780029F5D107B0BDE8F04703B07047CD
:10EEB000009B7178D3F80090632903F10403009359
:10EEC00006F102067ED015D9732969D0782964D05D
:10EED000642941D02B683F219B69284698472B68BD
:10EEE0003F219B69284698472B683F219B6928460C
:10EEF0009847CCE725294BD05829EBD14FF0000893
:10EF00001C2708244FF0000A10E0B8F1000F3CD095
:10EF100003F157012B6828469B6998474FF0010A77
:10EF2000013C14F0FF04A7F10407B0D029FA07F35D
:10EF300003F00F0303F13002392AD1B2E5DC302AA5
:10EF4000E8D130212846BAF1000F01D1012CE7D1D8
:10EF50002B689B699847E3E7002301A94846CDE960
:10EF60000133CDE903330593FEF7C6F89DF804108D
:10EF700000298CD00DF105042B6828469B69984721
:10EF800014F8011B0029F7D181E703F13701C1E72C
:10EF90002B6828469B69984779E74FF00108AFE74F
:10EFA00099F8001009F1010900293FF470AF2B68AE
:10EFB00028469B69984799F8001009F10109002932
:10EFC000F5D164E72B685FFA89F19B692846984779
:10EFD0005DE700BFC389DB0600D4704710B5044667
:10EFE00084B0818901230422684604F053FBE3893D
:10EFF00023F01003E38104B010BD00BFA0F10800AE
:10F00000FFF7E8BFC3895B073DD52DE9F041836970
:10F01000B3F90270002F84B00E46054615DD00F1ED
:10F020001808002401E0A7420FD021B2404604F0A6
:10F03000EBFFB04204F10104F5D101231A46A9897E
:10F04000684604F027FBA742EFD1EB8C95F824101B
:10F05000288D5A1C92FBF1F301FB13239BB29842BB
:10F0600012D0EA8C296A92B28E54EA69EB84002AA3
:10F0700002DBEB8C9A4210D0EB8943F01003EB815A
:10F0800004B0BDE8F0817047A989012303226846D6
:10F0900004F000FB04B0BDE8F0814FF0FF33EB61FA
:10F0A00002220123A989684604F0F4FAE4E700BFCC
:10F0B000C3891B0700D4704730B5838EC16A0268CC
:10F0C0009BB20446C95C926985B09047A58E94F8BE
:10F0D0003020618E6B1C93FBF2F502FB1535ADB24F
:10F0E000A94202D0A58605B030BD0123022240F21C
:10F0F000FF31684604F0CEFA236801219B68204660
:10F100009847EFE72DE9F047B2F1000A054629DDFF
:10F110009946408E01F1FF38002608E0EB6A18F8A6
:10F12000012F1A540136B2456C8620461BD095F843
:10F130003070AA8E431C93FBF7F407FB1434A4B27F
:10F140009442EBD12B6801215B6828469847B9F1BE
:10F15000020F1FD0B9F1010F0DD0B9F1000F02D08D
:10F16000688EDBE700262B6828465B6801219847FC
:10F170003046BDE8F087688E06E095F83030AA8EFC
:10F1800003449B1A002BC9DDAB8E9842F5D3AB8E9E
:10F19000C31AF7E7494640F2FF30FEF7F7FC688EE6
:10F1A000BCE700BFC3895A0770B5044607D503689A
:10F1B00000219B689847206AFEF712FFE38994F8C4
:10F1C000240023F004039DB2E581FEF7E3FE2062F4
:10F1D00060B12368002645F004055B68E581E6849C
:10F1E0002685204631469847304670BD6FF47B70C7
:10F1F00070BD00BF38B5C3891A07054607D5036837
:10F2000001219B689847E86AFEF7EAFEEB8995F8CA
:10F21000300023F008039CB2EC81FEF7BBFEE862ED
:10F2200030B1002044F00804EC816886A88638BD1F
:10F230006FF47B7038BD00BF2DE9F0470446244DC4
:10F24000244825600025A060257104F1080065713F
:10F25000E560894690461F469DF82060BDF824A0D1
:10F26000FEF750F81C4B236003F13802A260C4F88B
:10F270001090C4F8148004F1180004F085FE0137E2
:10F280004FF0FF330136E361E5844A4604F1100193
:10F2900084F8247084F83060A4F80CA02562E5623C
:10F2A00025856586A5862046FFF7BCFD424604F10C
:10F2B00014012046FFF7B6FD084B1A6802B91C601E
:10F2C000E38943F48043E3812046BDE8F08700BF33
:10F2D000744B0400344A0400804B0400203C00209E
:10F2E0002DE9F041C789BC071DD4002A1DDDE1B11D
:10F2F000984647F00203C3813B07044615460E4675
:10F300000BD543462A4631462046FFF7FBFEE389EC
:10F3100023F00203E381BDE8F081FFF76BFF0028D3
:10F32000EFD0BDE8F0810248F5E76FF47A70F2E7BC
:10F330000DFCFFFF10B40C681346211DB4F9022028
:10F340005DF8044BFFF7CCBF38B50B1E07DB1D463D
:10F350000368DB680446984700B9A56338BD6FF4BD
:10F360007A7038BDC38913F0030F60D143F00303F3
:10F3700070B50446C38115460E460A4600F11001D9
:10F38000FFF750FD2A4604F114012046FFF74AFD1D
:10F39000A28E638E93423DD3A28E9B1A2268002BCD
:10F3A000926804DD01212046904723689A68002175
:10F3B000204690472B681F4A5B6C934233D12368E9
:10F3C0002A4631461B6920469847236800215B681E
:10F3D00020469847A28E638E934221D294F8302023
:10F3E000A18E13445B1A002B04DD236801215B68A6
:10F3F00020469847A56B002D06DB23682946DB686D
:10F400002046984700B9A563E38923F00303E3810D
:10F41000002070BD94F83020A18E13445B1ABDE724
:10F42000A28E9B1ADFE7022128469847C7E70248C9
:10F43000704700BF2D8F02000DFCFFFF012A20D076
:10F44000022A38B50AD0C38C90F82420194491FBC5
:10F45000F2F302FB1311C161002038BD05460C46D2
:10F4600080891146FEF7E0F9E98C95F824202144C3
:10F4700091FBF2F302FB1311E961FEF757FB002049
:10F4800038BD6FF47A707047012A0FD038B5144632
:10F490000546183004F07EFD022C01D0002038BD56
:10F4A000A8890121FEF772FB002038BD6FF47A7045
:10F4B000704700BF2DE9F04F87B0CE8900AFF50748
:10F4C000C7E9013060D474078946154640F1D780FA
:10F4D000B9F828A0B9F8263046F001069A45A9F8EF
:10F4E0000E6058D02B68D9F82010B3F90220564688
:10F4F000731C002A11F80680FB602ADD4FF0000B18
:10F500004FF0FF340FFA8BF1284604F07DFD2A6896
:10F51000B2F902200BF1010B404508BF34465A45B1
:10F52000F0DC99F82430F968B9F8268091FBF3F6FD
:10F530001FFA88F803FB1616B04500F0A880601C7F
:10F5400054D1D9F82010731C002A11F80680FB60F2
:10F55000D4DC99F82430F868B9F8268090FBF3F6EB
:10F560001FFA88F803FB1606B045C1D17B68012B52
:10F5700000F094807B68022B13D0B9F80E60B86855
:10F5800026F00106A9F80E6004F0FEFCB8681C37EE
:10F59000BD46BDE8F08F7B68012B00F0BA80022BDE
:10F5A000EDD1294607F1140004F0E6FC07F114013F
:10F5B00002224846FFF768FF07F1140004F04AFCF6
:10F5C000B9F8264014F1FF3402D299F82440013CE6
:10F5D00007F1140004F0D8FC07F1140109F1180038
:10F5E00004F0D8FC07F1140004F034FC002CB9F846
:10F5F0000E60C4DB99F824505445BABFA5EB0A0B42
:10F60000A344A4EB0A0B0BF1080323F00703E8461D
:10F61000ADEB030D002168460BF10102A4B213F01B
:10F62000B9FAA2456946D9F820000FD00DF1FF3292
:10F630000AF1010C9CFBF5F305FB13C310F80AC09B
:10F6400002F801CF1FFA83FA5445F1D1B9F82830F6
:10F65000B86801335B4426F0010693FBF5F205FB25
:10F660001235A9F80E600FFA8BF2A9F8285004F0B1
:10F6700069FCC546B8681C37BD46BDE8F08F084632
:10F68000FFF790FD002837D1B9F80E6020E77B68BE
:10F69000012B29D1611CA9D1D9F82010B9F8263045
:10F6A0009845FBD008F10103002A11F80860FB60BF
:10F6B00027DD4FF0000B4FF0FF340FFA8BF1284697
:10F6C00004F0A2FC2A68B2F902200BF1010BB0424F
:10F6D00008BF44465A45F0DC99F82430F96891FB9C
:10F6E000F3F803FB1818D5E77B68022B7FF47EAF95
:10F6F000631C7FF47BAF54E70146B86804F0CAFB93
:10F70000B8E799F82430F86890FBF3F803FB180881
:10F71000C4E72B68D9F82010B3F90220D046BDE722
:10F72000C3895B0710B5044605D5E38C208DC01A4C
:10F7300018BF012010BDFFF735FD0028F5D010BD22
:10F7400038B50446F9B101290D4610D12046FFF71E
:10F75000E7FF0028FAD0238D226A94F82410D05CA9
:10F76000013393FBF1F201FB1233238538BD0229EB
:10F77000F1D1FFF7D5FF0028EDD12A46012120461F
:10F78000FFF75CFEE7E7FFF7CBFF0028E3D1014876
:10F7900038BD00BF0CFCFFFF38B5C389DA0712D4AF
:10F7A00043F001025B0704460D46C28102D4FFF715
:10F7B000F9FC38B929462046FFF7C2FFE38923F058
:10F7C0000103E38138BD014838BD00BF0DFCFFFFD8
:10F7D000B0F80EC01CF0010F2DE9F0416AD1984637
:10F7E0001CF0040F4CF00103064617460D46C3817A
:10F7F0002BD0B8F1000F11D1002F59DD013D444647
:10F8000004E00134A74205F8010F17D0002130466B
:10F81000FFF796FF10F57D7FF3D10FE0B8F1010FF0
:10F820001CD1002F44DD6C1EE51901213046FFF785
:10F8300087FF04F8010FAC42F7D13C46F38923F06F
:10F840000103F3812046BDE8F081FFF7ABFC0446DD
:10F850000028F7D1B8F1000FCED0DFE7B8F1020FE2
:10F8600026D1F38C318D994285BF96F82430F28CE5
:10F87000F38C9B185B1A9F420DDDF38C994285BF78
:10F88000F28C96F82430F38C9B18591A791A0222BC
:10F890003046FFF7D3FD002F0ADD6C1EE51902216B
:10F8A0003046FFF74DFF04F8010FAC42F7D1C4E733
:10F8B0000024C3E7004CC5E70DFCFFFF2DE9F04134
:10F8C0001446083222F0070200AFADEB020D0E46DF
:10F8D0009846621C00210546684613F05BF94346D2
:10F8E000224669463046FFF773FF002808DD02B262
:10F8F0006946284604F026FB2846BD46BDE8F0814F
:10F90000284604F041FB2846BD46BDE8F08100BF13
:10F91000C389DA0712D4FF2918BF013110B543F0AB
:10F920000103044618BFC9B2C38180F82410FFF751
:10F9300039FCE38923F00103E38110BD00487047DF
:10F940000DFCFFFFC3899A0712D4FF2918BF0131AC
:10F9500010B543F00203044618BFC9B2C38180F852
:10F960003010FFF747FCE38923F00203E38110BD69
:10F97000004870470DFCFFFF90F82400704700BF5F
:10F98000828E438E934237BF90F83020808E808ED7
:10F990009B18181A704700BF0A4B10B503F10802F4
:10F9A0004033044602608360183004F053FA064B7B
:10F9B000A360002304F10800E381FDF713FD204656
:10F9C00010BD00BF784B0400344A040008B5C0687D
:10F9D00003681B6B9847002008BD00BF08B5C068CE
:10F9E00003689B6A9847002008BD00BF2DE9D847EF
:10F9F00004469246994607F0CDFCE66894F81180DB
:10FA000034683046A36CE76B98474B465246002B50
:10FA100008BF0A2A38BF0A22024441463046B84786
:10FA2000BDE8D84707F0A8BC70B5044607F0B2FCA3
:10FA3000E06803689B6C9847D4E90151D4E9082336
:10FA40006060401B1518084443F10006B0F57A7F4A
:10FA5000C4E90856A0600CD3D4E906230132A0F50E
:10FA60007A7043F10003B0F57A7FF7D2C4E9062338
:10FA7000A060BDE8704007F07FBC00BF10B5044631
:10FA8000FFF7D2FFD4E9060110BD00BF2DE9F84F02
:10FA90001646426BBDF82880BDF82C909DF830A02A
:10FAA000002A10DDC46A1F46238A83B104F11803BB
:10FAB000002102E033F8085C4DB1013191421C464F
:10FAC00003F11803F6D16FF47B70BDE8F88F05469B
:10FAD000FFF7AAFFD5E9082312EB060B43EB070C4F
:10FAE000BAF1000F22D1002001460D9BA4F810802E
:10FAF000C4E90001C4E902BCA4F81290636107F0F4
:10FB000049FC296B39B1D4E90223D1E902018B42C6
:10FB100008BF824205D22C6332463B462846FFF797
:10FB200065FF07F029FC0020BDE8F88F3046394614
:10FB3000DBE700BF2DE9F003456BC36A00218D426E
:10FB400001631EDD0A461C8A013254B139B1D3E982
:10FB50000267D1E902894F4508BF464501D20363D8
:10FB60001946AA4203F11803EDD151B1036A8A681C
:10FB7000D21A0A2AB8BF0A22D317BDE8F003FFF74A
:10FB800035BFBDE8F00370472DE9F04F83468BB0D9
:10FB900059B1C468067C236820469A6CDD6B904797
:10FBA000394A314602442046A8475846FFF73CFFF1
:10FBB000DBF83420DBF82C40002A49DD0025AA467A
:10FBC0001CE0D4E9006756EA0701628A46D1DBF8F7
:10FBD00030000021A042218247D001210291CDE9CD
:10FBE0000089194606A803F065FDDBF834200AF108
:10FBF000010A0135AA4204F1180426DD238A002BEC
:10FC0000F7D0D4E90201DBE90889894508BF8045BE
:10FC1000CDE90401D5D26369DB07EAD5FEF7BAF86E
:10FC200060B1DBE90801194ED4E9022336184FF020
:10FC300000074F41BB4208BFB24219D3DBF8342062
:10FC40000135AA4204F11804D8DCBAF1000FB1D191
:10FC50005846FFF76FFF0BB0BDE8F08FDDE90401F8
:10FC600080197941C4E90201B7E7CBF83010B4E755
:10FC70000123CDE900010293052240F2FF3106A8DD
:10FC800003F018FDDAE700BF80969800A086010017
:10FC9000074B1B6853B1197C084110F0010118464D
:10FCA00001D1FFF771BF0121FFF76EBF704700BFA1
:10FCB000283C0020426BC36A02EB420203EBC20203
:10FCC00093424FF0000025D2198AF9B15969C9074A
:10FCD0001CD5D0B1F0B4D0E90245D3E90267AF42F8
:10FCE00008BFA64238BF184618339A420BD9198A62
:10FCF0000029F9D05969CC07F6D50028EBD1184670
:10FD000018339A42F3D8F0BC7047184618339A4219
:10FD1000DAD87047704700BF2DE9784804460D4691
:10FD200007F038FBE06803689B6C98476368606085
:10FD30000646D4E90801A268F31A10EB030B13443A
:10FD400041F1000CB3F57A7FC4E908BCA3600CD381
:10FD5000D4E906010130A3F57A7341F10001B3F54E
:10FD60007A7FF7D2C4E90601A360E06803681B6BE1
:10FD7000984707F001FB0023C5E90063D4E90801B7
:10FD8000BDE878882DE9F84FDDE90A890446154673
:10FD900007F000FB58EA090330D0D4E9082312EB3E
:10FDA000080043EB0901C4E908014FF47A7200230B
:10FDB0004046494612F09CFCD4E9066716EB000A5F
:10FDC00047EB010BC4E906AB404649464FF47A7253
:10FDD000002312F08DFCA3681A44B2F57A7FA2606A
:10FDE0000BD31AF1010AA2F57A724BF1000BB2F5AE
:10FDF0007A7FF6D2C4E906ABA26065602046FFF7C1
:10FE000013FED4E90889636BE56A03EB430305EB52
:10FE1000C30C18F10A0A4FF0000349F1000B6545C5
:10FE2000236314D333E05B4508BF524501D2C5E9D3
:10FE300002AB236B3BB1D3E90201D5E902238B422C
:10FE400008BF824200D225631835AC451FD92B8AE2
:10FE5000002BF9D0D5E9006756EA0701D5E902235E
:10FE6000E1D012EB060843EB0709D94508BFD0459E
:10FE700002D3DEE78046894616EB080047EB09010E
:10FE8000594508BF5045F5D3C5E90289D1E7E06877
:10FE900003689B6C98470546E068094A0368217C23
:10FEA000DB6B2A449847236B33B1E068617C0368BD
:10FEB00005F10A02DB6B9847BDE8F84F07F05CBA22
:10FEC00080969800704700BF064B10B51C682CB197
:10FED0002046FFF7A9FDD4E9060110BD002000214E
:10FEE00010BD00BF283C0020064B10B51C682CB18B
:10FEF0002046FFF799FDD4E9080110BD002000213C
:10FF000010BD00BF283C002070B50A4C266884B0A4
:10FF100076B11D4614460B4602460121089803900F
:10FF2000CDE9004530460291FFF7B0FD04B070BD49
:10FF30000148FBE7283C002016FCFFFF70B50E4D82
:10FF40002C68B4B12046FFF76FFD0C4B266A42F2D5
:10FF5000107098472C682046FFF766FD236A084911
:10FF6000053B9B1B42F210720020B2FBF3F30B60C7
:10FF700070BD044870BD00BF283C002079200020DF
:10FF8000243C002016FCFFFFF8B50D4643741646CE
:10FF90000A231E4A1E49016004464363C560067475
:10FFA0000121F0201460FEF73BF82B68194FDA6945
:10FFB000E062002100202163BA424FF00001C4E951
:10FFC0000601C4E908011AD1134AEA603146134A0E
:10FFD000DB6B28469847E06803685B6A9847E068EF
:10FFE000036800229B6CA2609847E36860601A680F
:10FFF0001846936A9847FFF7A1FF2046F8BD2846A8
:020000040003F7
:1000000005499047E5682B68E0E700BF283C0020E1
:10001000DC4B0400ED5E020091FC0200809698002B
:100020002DE9F843124D2E6806B3124B04461868AA
:10003000A8B93046FFF7F8FCD6E9086716EB0408C4
:1000400047F100092C682046FFF7EEFCD4E90823AD
:100050004B4508BF4245F5D30020BDE8F88304FBBB
:1000600000F0054B98470020BDE8F8830348F4E70B
:10007000283C0020243C00207920002016FCFFFFB3
:100080004FF47A7303FB00F0FFF7CABF064B1B68FF
:100090001BB101461846FFF73FBE00220023C0E90E
:1000A0000023194610467047283C002070B5094CC3
:1000B000266882B05EB114461D4602460B463046A5
:1000C000CDE90045FFF75EFE002002B070BD02489A
:1000D000FBE700BF283C002016FCFFFF084B1B6815
:1000E0005BB110B504461846FFF7E4FD20B1D0E936
:1000F0000223C4E90023012010BD1846704700BF49
:10010000283C0020C3880D4A23F4005310B5044650
:100110000260C3802C3003F017FB04F1240003F0CD
:1001200099FE04F11C0003F095FE054B23600023AB
:100130002046E380FDF756F9204610BDEC4B040045
:10014000344A040010B50446FFF7DCFF204612F0E5
:10015000BFFC204610BD00BFF8B50025164B03605C
:10016000044645600F461646FDF7CCF8134B236056
:10017000A76004F10C0003F0DDF904F11C0003F0AA
:1001800003FF04F1240003F0FFFE04F12C0003F050
:10019000E3FA4FF4405384F8225084F83250A6809A
:1001A0002575E582258325842585258684F83350A9
:1001B000E3802046F8BD00BF344A0400EC4B040045
:1001C00000B5012385B081881A46684603F062FABB
:1001D000012368461A4640F2FE3103F05BFA05B08F
:1001E0005DF804FB2DE9F8430446806801211030D6
:1001F00003F0C6FC94F92230042B06DCE269B4F962
:100200002010B2F902208A421ADCA06801335DB2E4
:1002100084F822500368DB6998470130854201D099
:10022000BDE8F883E369002284F82220B3F90210C4
:10023000B4F92030994236DD01332384BDE8F883D8
:1002400004F11C0003F0E0FE04F10C050146284611
:1002500003F082F9064660B3A06894F92270026840
:10026000C7F1040301279F40D3699847354600F141
:10027000FF38A068FFB25FFA88F805366FEA050913
:1002800015F8013B3B4204D1AE42F9D194F922303A
:10029000BCE709EB0502103012B2FF23414603F020
:1002A0009BFAA068F0E722752046BDE8F843FFF707
:1002B00087BF2846202103F04FF90646CCE700BF50
:1002C00038B50446436AB4F92810B3F9023080689F
:1002D0008B4200F110050FDC202100231A4628462E
:1002E00003F008FC626AB4F92830B2F902209A429D
:1002F00008DB0133238538BD04F1240003F084FEBC
:100300000146EAE7002323752046BDE83840FFF7A1
:1003100057BF00BF10B50446806882B0103003F0AC
:1003200051FAA068B4F930200023103004F12C01F8
:10033000009303F049FB50B994F833303BB10023EC
:100340002046237502B0BDE81040FFF739BF94F98D
:100350003230002BF3D0218E01220B44238684F807
:10036000332002B010BD00BF30B504468068B4F938
:100370003050036883B0DB699847E36A94F9321020
:100380005B88CB1A184485420DDC94F8333053B1A6
:10039000237D062B2ED000232046237503B0BDE815
:1003A0003040FFF70DBFB4F93020A068002A00F1FB
:1003B000100010DC0023009304F12C0103F004FB77
:1003C00094F932307BB1218E01220B44238684F8CC
:1003D000332003B030BD494203F0D2FBA068B4F92A
:1003E00030201030E6E723752046FFF7E9FE94F948
:1003F0003230E8E7A068103003F0E4F9CBE700BF43
:10040000037D0022022B10B5044602831CD0237DFD
:10041000032B1ED0237D042B21D0237D052B06D05A
:10042000237D062B03D0237D072B06D010BD20464D
:10043000FFF79AFF237D072BF8D100232375204671
:10044000BDE81040FFF7BCBEFFF7CCFE237D032BB9
:10045000E0D12046FFF734FF237D042BDDD1204679
:10046000FFF758FFD9E700BF037D33B1038BC18A83
:1004700004339BB29942038300D97047FFF7C0BF92
:1004800010B5037D84B0044673B1012300220275C8
:10049000A1881A46684603F0FDF8012368461A460B
:1004A00040F2FF3103F0F6F8A068103003F08AF94B
:1004B00004B010BD10B5012104460720FDF766FB0E
:1004C000064B984205D010BD237D012BFBD006F0D2
:1004D00069FF237D002BF7D110BD00BF16FCFFFF85
:1004E00038B5151E16DB037D13B1037D012B0FD12B
:1004F00004468068002310301A4603F0FBFA2DB141
:1005000000200723E5822083237538BD284638BDA7
:10051000024838BD6FF47A7038BD00BF12FCFFFF8F
:1005200070B582B0079D002D1BDB047D14B1047DE6
:10053000012C14D1069E04468068F6B21BB212B29A
:100540001030009603F040FA35B100200723E58211
:100550002083237502B070BD284602B070BD0248EA
:10056000F8E76FF47A70F5E712FCFFFFF8B5151E97
:1005700021DB037D0F4604463BB909E0012140F22F
:10058000FF30FDF703FB237D13B1237D012BF5D154
:10059000237D03F0FF0663B939462A462046FFF75C
:1005A0009FFF25B12046FFF785FF3046F8BD28465E
:1005B000F8BD0248F8BD6FF47A70F8BD11FCFFFF7A
:1005C0002DE9F04385B00D9E002E36DB9846037D65
:1005D00017468946044673B1037D012B03D10AE017
:1005E000257D012D07D0012140F2FF30FDF7CEFA25
:1005F000257D002DF4D1237D03F0FF05DBB94946AD
:1006000003A803F0AFF80C9B0093019643463A46CB
:1006100003A92046FFF784FF03A803F095F836B13D
:100620002046FFF747FF284605B0BDE8F083304677
:1006300005B0BDE8F0830248F6E76FF47A70F3E79F
:1006400011FCFFFF70B5161E14DD037D13B1037D91
:10065000012B0DD10025044680F8225005841C3062
:1006600003F098FC022325832846E682237570BD9B
:10067000024870BD6FF47A7070BD00BF12FCFFFFBE
:10068000F0B5161E83B026DD037D0F4604463BB948
:1006900009E0012140F2FF30FDF778FA237D13B124
:1006A000237D012BF5D1237D03F0FF058BB939465E
:1006B00001A803F061FC324601A92046FFF7C2FF02
:1006C00001A803F0C7FB2046FFF7F4FE284603B05D
:1006D000F0BD0248FBE76FF47A70F8E711FCFFFF0A
:1006E000F0B583B0171E089E2FDD047DFCB916F10E
:1006F000FF0F0446C3F100051ED036B284F8325015
:10070000268604F12C0003F04DF8099B002D18BF3C
:100710003D46002B07F1FF320CBF052306230020C6
:10072000E5822283237584F8330003B0F0BD047D95
:10073000012CDCD00648F8E7806801910368DB698A
:100740009847461936B20199D8E76FF47A70ECE70A
:1007500012FCFFFF2DE9F041161E84B031DD1F466B
:10076000037D8846044673B1037D012B03D10AE063
:10077000207D012807D0012140F2FF30FDF706FA65
:10078000207D0028F4D1237D03F0FF05BBB941464D
:1007900003A802F0E7FF0B9B01930A9B00933246EC
:1007A0003B4603A92046FFF79BFF03A802F0CCFFBE
:1007B0002046FFF77FFE284604B0BDE8F0810248DE
:1007C000FAE76FF47A70F7E711FCFFFF10B5054BFD
:1007D00003F10802383304460260C360FDF74EFDA2
:1007E000204610BD084C040010B5074B03F1080269
:1007F000383304460260C360FDF740FD204612F026
:1008000067F9204610BD00BF084C0400C28838B507
:10081000047C22F400520025C280CD6014B103682C
:100820009B699847002038BDA0F10C00FFF7EEBF90
:10083000C388DB0400D470472DE93048036888B0D2
:100840005B6A04469847227EE38878B10B2A04D875
:100850000132D2B2082A22760ED9D9071ED503F06A
:100860000305012D2CD008B0BDE8308832B1013A23
:10087000D2B2082A2276F0D8012AF0D8DA07EED5CB
:1008800023F00303E38002220123A188684602F0DB
:1008900001FF657E012D2CD0E388E0E743F00102E3
:1008A0000123E280A1881A4604A802F0F3FE2389FE
:1008B00001332381FFF708FB227EE3886061DBE7D9
:1008C000FFF702FB6369B0EB030B61F1000C00233F
:1008D00040F2DB52634508BF5A45C4D2E288A18882
:1008E00042F00202E2802B46052204A802F0D2FE6A
:1008F000B9E7FFF7E9FA6369B0EB030B61F1000CAC
:10090000BCF1000F08BFBBF57A7F2B462CBF042239
:100910000322A18804A802F0BDFEBDE710B504467D
:1009200084B0E9B9C269D288930502D4002004B02A
:1009300010BD03685B6A98470028F7D0E288A18859
:10094000012342F001020320E28020761A46684625
:1009500002F0A0FE01232381FFF7B6FA6061E5E70C
:10096000C288002122F00302C280018101760020AA
:1009700004B010BDC16938B5CB6800F10C05AB42BD
:100980001CD0044623B11A68184612689047E169E2
:10099000A27ECB88CD60012A0CBF43F4807323F480
:1009A0008073CB800B680A4A5B6C93420AD1E08863
:1009B00040F40050E08000F0010038BDC08800F035
:1009C000010038BD084694F820109847EFE700BFB3
:1009D0002D8F020070B5054600F10C06304601214E
:1009E000FEF71EFAE8690A4A03685B6893420CD175
:1009F0006FF47D73AC7EE41AB4FA84F43046640973
:100A00000021FEF70DFA204670BD98470346F1E736
:100A1000698E02002DE9F84304460D4690461F46B4
:100A20009DF820609DF82490FDF712FC0B48E561CD
:100A3000002100F108053830E06084F82090A4F827
:100A400004806776A67625602174617461612176E1
:100A50002046FFF78FFF2046BDE8F883084C0400CE
:100A60004176704710B50446806830B14FF480720B
:100A70000021BDE8104012F08DB84FF48070FDF7F2
:100A800089FA4FF48072A0600021BDE8104012F096
:100A900081B800BFF0B5044640682268036885B09D
:100AA00000256E461F690095022301953146B8471F
:100AB000104B009A9A4219D02046CDE90035FFF735
:100AC000D1FF96E8030002AB83E8030003CBA368E1
:100AD00018605960D4E9001003689B699847D4E90D
:100AE0000102036821685C694023A047019805B0B2
:100AF000F0BD00BFA10D0C00F8B50023161E8360E9
:100B000004460D4641600B680FDB08461B6898479A
:100B10002B6807469B682846984706FB00702060B4
:100B20002046FFF7B7FF2046F8BD08465B689847A8
:100B30002B6807469B682846984706FB1070206084
:100B40002046FFF7A7FF2046F8BD00BF2DE9F0477C
:100B50008A468146FFF79EFF804638B33020D9F899
:100B6000004011F0BCFF30220021064612F012F8BE
:100B7000B8F1000F04F1080415DD002502E001358D
:100B8000A84517D0D9F80400036822461F693146EA
:100B90000C23B8473146504612F02EF83034002866
:100BA000EDD1A84506D03046BDE8F0870646304670
:100BB000BDE8F087304611F08BFF0026F3E700BF59
:100BC0002DE9F04F0546C3B008460C4692461F4635
:100BD00012F01CF800F10109B9F1100F00F2E180E8
:100BE000202F00F2DE8021462846FFF7AFFF0646A1
:100BF00060B13A465146103011F099FF80463046B8
:100C0000B8F1000F00F0A48011F062FF4A462146BF
:100C100006A811F09BFF51463A460AA811F096FF2C
:100C20002846D5F800A0FFF735FF30228046002186
:100C300012A811F0AFFF2846FFF714FFB8F1000F1C
:100C40000AF1080640F3AB80002701970DF1A809CF
:100C50000DF1D80B6868036832461C6912A90C2391
:100C6000A04706A912A811F0C7FFA6EB0A0E00289C
:100C700074D14F4ACDE9022802AB03CBAB680DF12A
:100C8000180C18605960BCE80F001EAC0FC4BCE81B
:100C90000F000FC49CE80F0084E80F00AB681EAC87
:100CA0009E44A446BCE80F00CC45CEF80000CEF828
:100CB0000410CEF80820CEF80C3064460EF1100E69
:100CC000EFD1012301930137B84506F13006C1D1B8
:100CD00008EB4804019BA400A71C3BBBB8F1050F1F
:100CE00062D0334A08F10103CDE9042304AB03CBFE
:100CF000AB6806AC186059600FCC36AE0FC60FCC8F
:100D00000FC694E80F0086E80F00AC680DF1D80C10
:100D100004EB870442AF66460FCEBE42206061609E
:100D2000A260E360B44604F11004F4D1D5E90010E8
:100D300003689B699847D5E90102036829685C69E3
:100D40004023A0474FF00008404643B0BDE8F08F75
:100D500011F0BEFE404643B0BDE8F08F0DF1480CE7
:100D6000BCE80F004C460FC4BCE80F000FC49CE861
:100D70000F0084E80F00AB684C469E44A446BCE8D4
:100D80000F00DC45CEF80000CEF80410CEF80820A5
:100D9000CEF80C3064460EF1100EEFD193E7022727
:100DA0009FE76FF47A78D5E76FF47B78D2E700BFDE
:100DB000A10D0C002DE9F04FA1B089460546FFF7C3
:100DC00069FE002800F0868080463022002108A8B5
:100DD0002E6811F0DFFE2846FFF744FE3E4ACDE9BB
:100DE000022802AB03CBAB68B8F1000F06F108068E
:100DF0001860596061DD00270192BB464FF0020A7E
:100E000010E0019A08F1FF33CDE9042304AB03CBD2
:100E10000137AB68B845186059604FF0010B06F117
:100E2000300632D06868036808A91C6932460C2372
:100E3000A047494608A811F0DFFE0028E1D00DF1D7
:100E4000200CBCE80F0014AC0FC4BCE80F000FC4AA
:100E50009CE80F0084E80F00AC680DF1500C04EB27
:100E60008A04E646BEE80F00E36020AB9E452060A2
:100E70006160A260F44604F11004F2D10137B84574
:100E80000AF10C0A06F13006CCD1BBF1000F14D0E8
:100E9000D5E9001003689B699847D5E9010203680A
:100EA00029685C6908EB48084FEA88030233A047C9
:100EB0000023184621B0BDE8F08F074BAA68CDE9A2
:100EC000063806AB03CB054B10601846516021B0C5
:100ED000BDE8F08F014BECE7A10D0C000CFCFFFF0F
:100EE00003681B6B184700BF01892DE9F0414FF4DF
:100EF0007A76044606FB01F12148FDF74BF9214AB9
:100F0000A17A0346A2FB03239B0923811E48FDF718
:100F100041F9656CA072E3882A68B4F84C80576A7E
:100F200013F4807320D1414628462022B84728BBBD
:100F3000606CB4F84C10036822225D6A1023A84745
:100F4000E0B9656CA17A2B680F485E6AB4F84C4032
:100F5000FDF700F960F07F03DBB22146284623222B
:100F6000B04758B9BDE8F0812189054806FB01F179
:100F7000FDF7F0F840F00703DBB2D4E70348F1E7F0
:100F80004C4C0400D34D6210444C04000EFCFFFF97
:100F900010B5034B03600446FDF7B2FB204610BDBD
:100FA000C44C040010B5054B03600446FDF7A8FBD4
:100FB000204611F08DFD204610BD00BFC44C04003A
:100FC00008B50246C38819B1D9050AD4002008BD66
:100FD0009905FBD523F4007343F48043D3800020AC
:100FE00008BD016823F4824343F40073C380CB6AD5
:100FF0009847002008BD00BFF0B5C388DA0585B06A
:1010000005462BD4026843F48243C380D36A9847D1
:101010000126304FA86C0368C4885B68BB42C4F3E8
:10102000002416D1002084424FF027020DD0686CB6
:1010300095F84C1003681B6B984710F008040FD10B
:10104000002EE7D1204605B0F0BD002EE2D1344697
:10105000F8E79847B0FA80F04009E4E70026D8E7BF
:10106000686CB5F84C10036806220124CDE9002411
:10107000A822DC6A02ABA047044608B1164CE1E79F
:10108000BDF90820BDF90A30BDF90C60A87A2968BD
:10109000002AB8BF1F32002BB8BF1F33002EB8BFC5
:1010A0001F36761152115B11ADF80820ADF80A30E9
:1010B00010FB02F210FB03F310FB06F05B42404210
:1010C0002862C5E90632ADF80C604B6B284698479C
:1010D000B8E700BF698E02000EFCFFFFF8B50446BA
:1010E0000F4616461946BDF81C20BDF81850FDF7EE
:1010F00005F9064A67640023A664A4F84C502260F0
:10110000E3802046FFF7F0FE2046F8BDC44C040003
:1011100008B50368C9B21B6B0F229847A0F13300D2
:10112000B0FA80F0400908BD03689B6A184700BF09
:10113000018938B54FF47A75044605FB01F115486D
:10114000FDF728F8144A0346A2FB03239B0999B232
:1011500005FB01F123810F48FCF7FCFFE288B4F89E
:101160005010C3B2A06CD205026858BF43F003030D
:10117000556A6022A84758B9A06CE3880268B4F8A1
:101180005010546AC3F300236222A04700B938BD4F
:10119000024838BDFC4C0400D34D62100EFCFFFF2A
:1011A00010B5034B03600446FDF7A2FC204610BDBA
:1011B0002C4D040010B5054B03600446FDF798FC68
:1011C000204611F085FC204610BD00BF2C4D0400C8
:1011D00008B50246C38819B1D9050AD4002008BD54
:1011E0009905FBD523F4007343F48043D38000209A
:1011F00008BD016823F4824343F40073C380CB69C4
:101200009847002008BD00BFF0B5C388DA0585B057
:1012100005462BD4026843F48243C380D3699847C0
:101220000126284FE86C0368C4885B68BB42C4F39E
:10123000002416D1002084424FF067020DD0A86C24
:1012400095F8501003681B6B984710F008040FD1F5
:10125000002EE7D1204605B0F0BD002EE2D1344685
:10126000F8E79847B0FA80F04009E4E70026D8E7AD
:10127000A86CB5F85010036806220124CDE90024BB
:10128000E822DC6A02ABA047044608B10E4CE1E755
:10129000BDF90830BDF80A00BDF80C102A6803EB50
:1012A0008303C3EB03135B00AB634FF66A7310FB5E
:1012B00003F011FB03F36863EB632846D36A984796
:1012C000C8E700BF698E02000EFCFFFFF8B50446B8
:1012D0000F4616461946BDF81C20BDF81850FDF7FC
:1012E00069FA054BA4F85050C4E9127623602046F1
:1012F000FFF71EFF2046F8BD2C4D040082B08DE89C
:101300000C00014802B0704716FCFFFF0020704738
:101310000029806905DD08B904E010B10139406A8F
:10132000FBD17047704700BF82B070B50C4684B0E7
:1013300005464968206802AC03C4039908AC48100C
:1013400084E80C00CB0745BF2A58029B029CD45866
:101350000AAB2E1893E803008DE8030008AB0CCB12
:101360003046A04704B0BDE8704002B0704700BFEF
:10137000002971D0F0B5846985B00D4606463CB9A8
:1013800066E0A388980708D5914219D0646A14B31F
:10139000AB8821682A689F07F3D49142F6D1A268EE
:1013A000AB689A42F2D1EA68E3689A42EED1A38828
:1013B0001A0402D5C3F30E03A380294805B0F0BD7B
:1013C000A968A06802F0B8FE0028DFD0EA68E368E8
:1013D0009A42DBD1EBE7D6F818C02A88BCF1000F9F
:1013E0002ED06046634600E00B461C88944211D222
:1013F000596A18460029F7D163451DD0596A6962B8
:101400005D62012340F2FD31684602F043F900209D
:1014100005B0F0BD1ED16F885988B94204D319E0D8
:101420004888B842E8D20B46596A0029E4D00888B7
:10143000A042F5D06345E1D119888A4202D26B629D
:10144000B561DEE7DAD1588869888842D6D9F6E7EF
:101450000A88F5E70346CFE76FF47A70704700BF5C
:1014600016FCFFFF002943D0F0B5846985B0002C3D
:101470003BD00D46204F002605E0A268AB689A429B
:101480000DD0646A04B3AA88A38853409907F8D49E
:101490009207F2D5A968A06802F04EFED0B12B8861
:1014A000E3B96B8813B162889A42EAD1A388228893
:1014B0003B43A3804FF47F71012368461E4402F032
:1014C000E9F8646A002CDED1002EC8BF20460CDD8E
:1014D00005B0F0BDAB889B07D3D4CEE722889A42F3
:1014E000CFD16B88002BDED1E0E76FF47A70EFE7A5
:1014F0006FF47A70704700BF0080FFFF2DE9F04164
:1015000083885F0782B0064603D59D062DD4DC068E
:1015100038D443F00403B38006F1100506F118082F
:1015200015E0F368009395E80F00A047B388DA064A
:1015300018D5346AB4B194E80F00276985E80F0024
:101540002046376211F0C4FAFCF7F0FAB388B468A9
:1015500098070DD4D907E4D495E80F00A047B388C5
:10156000DA06E6D423F00403B38002B0BDE8F081CC
:1015700098E8030095E80C008DE80300204602F08F
:10158000C3FDD3E700F1180393E803008DE80300DF
:1015900006F110030CCB3046FCF790FDE5E700BFE9
:1015A00070B51C4B8CB003F108022833044602606E
:1015B000C36006A802F08EF80F231820029311F0E2
:1015C0008EFA0025144A0092064601956A460346A3
:1015D00003CA46F80C4B114ADD60049375605A61EA
:1015E00058609960204602A91223ADF80C30059589
:1015F000CDE90A55FFF736FF02A8FCF755FD084B69
:10160000658204F10C00E360FBF7ECFE20460CB0B1
:1016100070BD00BF744D0400A91803002913030016
:10162000344A0400A0F10C00FFF7BABF10B504461D
:10163000FFF7B6FF204611F04BFA204610BD00BF61
:10164000A0F10C00FFF7F2BFF0B5254B254A026070
:101650000025044683B0C0E9025305610C30FBF756
:1016600051FE214B236003F12002E260A561C4E931
:101670000755E584282011F032FA0646103002F0B2
:1016800029F81A4B3360182011F029FA184ACDE9CD
:10169000002507466A46034603CA47F80C4B154A1D
:1016A000DD604FF0C20C7D60586099602046314685
:1016B0005A61C6E90235C6E90855A6F804C0FFF725
:1016C00057FE30B90C4B1A6802B91C60204603B0B3
:1016D000F0BD3046FCF7E8FC304611F0F9F9F1E7CF
:1016E000344A0400644D04007C4D04000F000200E5
:1016F000A918030029130300343C002038B5044620
:1017000005F048FEE5692DB12B69E36133B1E38C47
:10171000013BE38405F030FE284638BD2362F6E73E
:101720002DE9F041846934B3A388656A4FF000085D
:101730001A040746464606D42646BDB12C46A38861
:10174000656A1A04F8D55B07F6D496B17562656AC6
:10175000BB680BB1204698472046FCF7A5FC204605
:1017600008F1010811F0B4F9002DE7D14046BDE8B9
:10177000F081BD61ECE7A0464046BDE8F08100BFC6
:101780002DE9F0418469002C44D016460D46DFF85F
:101790008C8001270CE0A38803F0C003A3F1C003F1
:1017A000B3FA83F35B09B34215D00027646A4CB3E4
:1017B00023882988994201D0002BF7D163886A8851
:1017C0009A4201D0002BF1D1FCF726F80028E2D193
:1017D0000123B342E9D1B4F804E01EF4004FE4D190
:1017E00095E80F0004F1100C1EF0400F8CE80F007C
:1017F00002D1FCF711F840B92046FFF77FFE646A7A
:10180000002CD5D13846BDE8F08121464046FCF792
:1018100051FACBE701273846BDE8F081FD140300FB
:10182000F0B5012287B00446066A0D46FFF7A8FF0F
:1018300010B9E38C092B01D907B0F0BD95E80F0072
:1018400002AD85E80F00182011F049F906AB0746F4
:1018500013E9030095E80C008DE80300384601F019
:101860005FFF05F097FD66B133693B6137613B6906
:101870005BB1E38C0133E38407B0BDE8F04005F0D1
:101880007BBDE3693B61E761F2E72762F1E700BFF7
:1018900082B008B502A9C1E90023FFF7C1FFBDE886
:1018A0000840002002B0704782B038B5054604A950
:1018B00081E80C00FFF734FF2846FFF71FFF90B1C7
:1018C000044604E02846FFF719FF044658B10022F9
:1018D00021462846FFF754FF204611F0F9F8FCF79F
:1018E00035F80028EED1BDE8384002B0704700BF9F
:1018F000024B1888421C1A80704700BF2423002026
:10190000C08800F00300A0F10300B0FA80F04009A5
:10191000704700BF82B070B50C4684B00546496878
:10192000206802AC03C4039908AC481084E80C009A
:10193000CB0745BF2A58029B029CD4580AAB2E18ED
:1019400093E803008DE8030008AB0CCB3046A047BA
:1019500004B0BDE8704002B0704700BF10B5034B43
:1019600003600446FCF78AFC204610BDC04D04000D
:1019700010B5054B03600446FCF780FC204611F0CF
:10198000A7F8204610BD00BFC04D040082B070B55E
:1019900088B00CA981E80C004289BDF83050BDF830
:1019A0003230954204460BD0022B27D0052B00F095
:1019B0008680012B78D008B0BDE8704002B0704737
:1019C0008189022B0E461AD0052B5AD0012BF2D159
:1019D000C3888D4243F00103C38068D0A9426AD016
:1019E00003F00203002BE6D001231A46A18804A8C5
:1019F00001F050FE238901332381DCE71646B24211
:101A000017D0A189B14265D0954267D0A3899D4284
:101A1000194600F09C80A17B012900F0C1809D4205
:101A200000F0AE809542C6D1E38823F01003E38036
:101A3000C1E7E38803F00103002BE5D00123022274
:101A4000A188684601F026FE63899D4200F09080DF
:101A5000A289A188AA4250D00123032204A801F040
:101A600019FE6289B24203D1E38843F01003E38098
:101A7000A389B34200F08F80954266D09D429AD1EF
:101A800068E0C3888D4243F00403C3801AD0A942A2
:101A90001CD003F00803002B8DD0A1880123052260
:101AA00004A801F0F7FD86E78689B54203D1E388F3
:101AB00043F00203E380E38803F0010392E78689A1
:101AC000B54203D1E38843F00803E380E38803F0E1
:101AD0000403E0E7E38803F00203ADE7E088C6060D
:101AE0001FD5A38920F0010189B29D42E18028D051
:101AF0002A4621F00401E18091E7E28802F0080023
:101B00000028A9D0B34238D0A389B342A4D102F0AF
:101B10000802002AA0D00123042204A801F0BAFD83
:101B20009FE7A37B012B3ED100F00403002B37D0AD
:101B300001230422294604A801F0ACFD6289A3898F
:101B40009AE720F0030189B2D2E7E088CAE7E38888
:101B500098062BD5E38823F0020189B29542E180F3
:101B60002AD023F00A039BB223F02003E38022E76C
:101B7000E288A18802F00400C2E702F00402C8E78C
:101B8000E18821F008039BB29542E38004BF21F075
:101B900018039BB2E8E7E18841F02001E1806BE7A0
:101BA00001230322C6E7A1890B4665E7A07B012834
:101BB000FAD103F00803B9E72B469AE7817370471F
:101BC0002DE9F04F83B0DDE90C9ABDF83870002B99
:101BD00040D0B9F1000F3AD00F2901D1C02F39D12F
:101BE000804628201D460E46934610F078FF044696
:101BF000103001F06FFD18202680A4F802B010F01C
:101C00006EFFCDE9009A06466B46024603CB46F8C6
:101C10000C5B0023D8F80050D360E3607360506021
:101C200091606D6811491248A26047F002078D4229
:101C3000A780C4E9083350610FD12046FCF734FA7D
:101C4000204610F045FF0B4803B0BDE8F08F1AF0B6
:101C5000010FC1D16FF47A70F6E740462146A847DC
:101C60000028EAD103B0BDE8F08F00BFF5D1020033
:101C70001519030016FCFFFF2DE9F0471C4F044621
:101C800088B0884616461D46FCF7E2FA3A681949BC
:101C9000A5800025A4F80A80A6812160A57312B34F
:101CA000DFF854A0CDE904A504AB93E803004FF09E
:101CB000C0098DE80300234641461046CDF8089040
:101CC0002A46FFF77DFFCDE906A508AB13E903001F
:101CD0003F68CDF808908DE803002A462346384631
:101CE0003146FFF76DFF204608B0BDE8F08700BF22
:101CF000343C0020C04D04008D190300C3889A06AF
:101D000010B5044608D4406A03682146DB69984749
:101D1000E38843F02003E380DB0606D4D4E90A30ED
:101D20009842B4BF0020012010BD002010BD00BFAC
:101D300010B50446406A074B026803F108013833C6
:101D40002160E3602146136A98472046FEF73EFD76
:101D5000204610BDE04D040010B50446FFF7E8FF33
:101D6000204610F0B5FE204610BD00BFF0B50C892E
:101D700083B000251E46174601232246CDE90055B3
:101D80000446FEF747FE0C4B676203F13002C4E9DC
:101D90000A652360E2602046FFF7B0FFAE4207DA33
:101DA000E388A56243F010034FF4FA72E380E26225
:101DB000204603B0F0BD00BFE84D040038B505462D
:101DC00000F10C0420460121FDF72AF8E8690A4ACF
:101DD00003685B68934207D120466FF47D7500214C
:101DE000FDF71EF8284638BD9847002105462046D5
:101DF000FDF716F8284638BD698E020070B5054615
:101E000000F10C0420460E460121FDF709F8E869AF
:101E1000094A03681B68934205D120460021BDE8AA
:101E20007040FCF7FDBF3146984720460021BDE8D1
:101E30007040FCF7F5BF00BF618E0200F0B41D4D8D
:101E4000C6884A0085FB0234D317C3EB6414F3063B
:101E50001FD5836A4BBB6222164FC56A02FB01F194
:101E600087FB0132CB17C3EB62132344013DC0E96A
:101E70000A3565B903EB830287FB0217D217C2EB61
:101E80006712023326F010061344C6808362F0BC4A
:101E90007047622202FB01F185FB0123C917C1EBE8
:101EA00063132344C362F0BC70479942B8BF19461C
:101EB000D1E700BF1F85EB5110B50446FEF7A6FC25
:101EC000606A036821461B6A9847E38823F0200371
:101ED000E380002010BD00BFA0F10C00FFF7ECBFB5
:101EE00030B4456B002D0DDD836899420FD000F1B1
:101EF0000802002303E052F8044F8C4208D001335B
:101F00009D42F8D16FF47A72104630BC70470023BE
:101F10006A1C023350F82210013D0022456340F84C
:101F2000231030BC1046704782B070B50C4684B0A8
:101F300005464968206802AC03C4039908AC481000
:101F400084E80C00CB0745BF2A58029B029CD4585A
:101F50000AAB2E1893E803008DE8030008AB0CCB06
:101F60003046A04704B0BDE8704002B0704700BFE3
:101F700038B5446B0A2C1DD0002C0DDD83689942C6
:101F800015D000F10802002303E052F8045F8D42EF
:101F90000DD001339C42F8D10346A21C013440F815
:101FA000221008465C63FFF709FF002038BD6FF47C
:101FB0007A7038BD6FF47B7038BD00BF82B02DE9F8
:101FC000F04708A981E80C00426B002A804619DD21
:101FD000314F051D0024012603E0A24283F8306042
:101FE00010DD55F8043FD8690168896CB94204F1E5
:101FF0000104F2D08847D8F834202B68A24283F835
:102000003060EEDC0120FCF71BF9D8F83000DFF877
:102010008CA003681B68534536D10026D8F83420BD
:10202000B146002A26DD0024274608F1040502E017
:102030000134A24219DD55F8040F90F83030002B1E
:10204000F6D0FFF7BBFE0128286802D0836AB342AE
:1020500004DC80F830903146FFF7F0FED8F83420E9
:102060000134A24207F10107E5DC164417B1B6F5C9
:102070007A7FD6DDD8F8300003681B68534506D157
:10208000BDE8F04702B0704701219847C5E7BDE8B9
:10209000F047002102B01847358F0200618E020020
:1020A00070B5074B03600025044645600E46FBF7FC
:1020B00029F9044BA680C4E90C552360204670BD65
:1020C000344A0400244E04002DE9F041044682B055
:1020D0000E46154610309846BDF8287001F0FAFA01
:1020E00026806580182010F0FAFC08AB054693E8BE
:1020F00003006A4682E803002E4603CA46F80C8BAA
:102100000023084AEB6047F00207736068602046CE
:10211000A780A560E360C4E90833A9606A6102B0E2
:10212000BDE8F081291F030070B5174A174B1568E9
:10213000036090B00446C5B101222423CDE90432E6
:1021400004AB93E80300A38810268DE803000296F1
:10215000194606A82346FFF7B7FF2B680C4A9B6871
:1021600093420CD106A8FBF79FFF0A4B2360002384
:102170002046E380FBF736F9204610B070BD2846B4
:1021800006A99847EEE700BF343C0020244E040027
:1021900075D40200344A040010B50446FFF7C4FFAA
:1021A000204610F095FC204610BD00BF002070476F
:1021B000704700BF704700BF00207047004870475D
:1021C00016FCFFFF00207047416070474068704771
:1021D0000048704716FCFFFF704700BFC1607047A2
:1021E000C068003018BF0120704700BF0023C360E3
:1021F000704700BF006903681B69184700690368DE
:102200005B691847006903689B6918470369416067
:102210001A681846D3691847C06810B103681B686C
:1022200018470148704700BF12FCFFFFA0F10800EB
:10223000FFF7F2BFC06882B08DE80C0018B10368E8
:1022400002B01B68184702B0704700BFC1607047FA
:1022500010B5044601F04CFD204610BD10B50446F3
:1022600010F036FC204610BD10B5064B03F10802F5
:102270004033044602608360183001F059FD204667
:1022800010BD00BF784E040010B5074B03F10802E3
:102290004033044602608360183001F049FD204657
:1022A00010F016FC204610BD784E040082B070B5C8
:1022B0000C4684B005464968206802AC03C4039903
:1022C00008AC481084E80C00CB0745BF2A58029B95
:1022D000029CD4580AAB2E1893E803008DE8030043
:1022E00008AB0CCB3046A04704B0BDE8704002B04C
:1022F000704700BF4B7F10B504462BB109690B68CE
:102300001B689847204610BD0B77183101F008FD77
:10231000204610BD30B5447F85B0054634B1C06855
:10232000E0B103681B68984705B030BD01690B68D0
:1023300068461B689847694605F1180001F000FDE2
:10234000684601F0F5FC012368462B77AA8A40F223
:10235000FF3101F09FF9204605B030BD0048E3E7AA
:1023600012FCFFFFA0F10800FFF7D4BF38B50C4BFB
:1023700003F1080202600A68016104460025403347
:1023800083605368C560084604F1080198472069D6
:10239000656003682946DB699847204638BD00BF61
:1023A000BC4E040038B5134B03F1080202600A6802
:1023B000016104460025403383605368C5600846C8
:1023C00004F1080198472069656003682946DB69C4
:1023D0009847094B03F108024033A360226004F1DF
:1023E000180001F085FC0123A5822577637720463C
:1023F00038BD00BFBC4E0400784E0400417739B9A7
:102400002DE9F041858A82B01DB102B0BDE8F081AE
:1024100070470446FFF76CFA1D4BA0821F68804688
:10242000002FF2D0282010F05AFB0646103001F0A1
:1024300051F940F2FF3318203380A6F8028010F0E3
:102440004EFB144ACDE9002584466A46034603CA7A
:102450004CF80C4BDD60CCF80450586099603A6839
:102460000D49F56012205961B360B080C6E9085586
:1024700053683846314698470028C6D03046FBF7A7
:1024800013FE304602B0BDE8F04110F021BB00BFA2
:10249000343C002035220300AD22030010B5054B6B
:1024A000054A8360002304460260C380FAF79AFF5E
:1024B000204610BD3C4F0400344A040010B5074BC1
:1024C000074A8360002304460260C380FAF78AFF4C
:1024D000204610F0FDFA204610BD00BF3C4F04001E
:1024E000344A04002DE9184890F84430012B05D9EE
:1024F000C388DB0602D590F845300BB1BDE81888DB
:1025000004464830FBF7C2FC0028F7D10E4B186890
:10251000FDF7B4FAD4E91623821A61EB0303002B0A
:1025200008BF322AEAD3E068E388026823F0100388
:10253000D269E38001219047E388022223F020033F
:10254000E38084F84420D9E7283C002090F8443008
:10255000012B23D9C388DB0602D490F8453003B39E
:102560002DE9F04FC1682DED0A8B0B688FB0044642
:102570001B6805A89847E068DDF8148003681B69AC
:10258000984730F0040306460DD0082831D04FF4A8
:102590008073A361DFEDC98A012709E0013380F868
:1025A0004430002070478023A361F7EE008A0227A1
:1025B000059B5B8893FBF7F300931BB1A569009B18
:1025C000AB421CDA04F14800FBF760FCE388DB0651
:1025D00008D405A801F0ACFB00200FB0BDEC0A8BBD
:1025E000BDE8F08FB64B1868FDF748FAC4E916014C
:1025F000EFE74023DFEDB38AA3610427D8E708F1B2
:1026000004030193DFEDB09A9FEDB09A9FEDB0BA4D
:10261000DFEDB0AA9FEDABAADFEDAFBA00230293C6
:10262000019B1D4400219D42CDE90A11CDE90C1109
:1026300040F275810394DFF8A8A2DDF8088089468E
:102640009B460C4601E09DF82C405AF8263058462F
:102650009847002818BF4FF00108002C00F0EF80C9
:102660004845C0F2EC809DF83430002B00F0198111
:102670000C9B9842C0F21581BB445D45E3D8CDF870
:102680000880DDF8048047F6FE7334464FF0000BF7
:10269000464698460DE00C9B98421DD05845C8BF51
:1026A0000FFA80FB4045B8BF0FFA80F83E44B542B0
:1026B00018D95AF82430304698474845EBD19DF850
:1026C0002C30002BE7D000230EAA02EBC3034FF0FF
:1026D000000203F80C2CE9E79DF83430002BDDD024
:1026E0000123F1E708F128025A4526464346039C98
:1026F00000F3B880ABEB030B0BEBDB7B4BF34F0230
:1027000008EE102A6FF02709A9EB03034FF0000B26
:10271000DDF804800394D9461C4640465AF826301A
:102720009847B844204420EAE070454509F1010982
:1027300000FB00BBF1D89BFBF9FB07EE90BAF8EE6B
:10274000E77A039CF5EE407AF1EE10FAB1EEE7CAB3
:1027500000F1FA80F8EEC87A94ED097A67EEA87A6B
:10276000C7EEA96A66EE877AC7EE897A17EE900AF5
:102770000DF00CF907EE100AF3EE047A67EE277AF3
:1027800094ED0A7AF4EEC77AF1EE10FA40F1AA80DD
:1027900084ED077AE388A26943F02001E180009983
:1027A000891A0091019911440191990709D494ED76
:1027B000077AD4ED047AB4EEE77AF1EE10FA00F37A
:1027C000A1805A0709D494ED077AD4ED057AB4EEC6
:1027D000E77AF1EE10FA00F1A38094F83C30002B78
:1027E00061D0D4ED107AB4EEE7CAF1EE10FA01DD53
:1027F00084ED10CADFED397AB4EEE7CAF1EE10FAD3
:102800003ADDA36B01330022A3630123626384F8E2
:102810003C30009B23B1A569009B9D427FF700AF30
:1028200004F148052846FBF731FB0028029B65DDD3
:10283000002B3FF4CBAE2846FBF718FBC9E64FF060
:1028400001038DF83430CDF8309000230EAA02EB4E
:10285000C3034FF0010243F8100CDDF8289003F891
:102860000C2C09E75A1C12B2D21A02EBD27242F3B4
:102870004F0208EE102A45E7A36B023B0B2B06D84C
:10288000D4ED107AF4EEEB7AF1EE10FA55DA636BD0
:1028900084ED10AA00220133636384F83C20A26314
:1028A000B7E70123D2E7B4EEEACAF1EE10FAE3DDAE
:1028B000636B132BE0DD84ED10CAA2E700008043B8
:1028C000283C00200000000000FEFF46ACC5A737F2
:1028D000FFFF7F7F00004843000096430000C8428E
:1028E00080200020F0EEE76AF4EE4B6AF1EE10FA79
:1028F00088BFF0EE477AC4ED077A4BE7002B7FF4F0
:1029000068AE63E601230222A18806A800F0C2FE99
:10291000E38823F0040343F00203E3805DE7FFDE76
:1029200001231A46A18806A800F0B4FEE38823F02C
:10293000020343F00403E3804FE701230822A18848
:1029400006A800F0A7FEA2E717EE900A0DF02EFAF7
:1029500000E700BFA0F10800FFF7F8BD2DE9F84F30
:10296000224D05600025456004460E4617469946EF
:10297000DDF828A0DDF82CB0BDF83080FAF7C2FCF5
:102980001B4AE66002F1080330322360A260294648
:102990002A4604F14800FBF713FAE2882564A4F8FC
:1029A00044503168C4F8149042F400534FF0000CC6
:1029B0000122802043F01103A061E38030464B6880
:1029C000A4F804802761C4F828B0C4F824A0C4E99E
:1029D0000D5584F83C50C4F81CC0226384F82C20A8
:1029E00004F1080198472046BDE8F88F344A0400F6
:1029F0000C4F040070B54F4E044630680D46FDF78D
:102A00003DF8E388C4E91601D80608D4E0680268F6
:102A100043F01003E3800221D3699847E3889906C5
:102A200021D594ED077ADFED447ADFED446A77EE45
:102A3000677A6A1C67EEA67A08BF236BF5EEC07A48
:102A400018BF2B46F1EE10FA4CD4DFED3D6AF4EEE0
:102A5000E67AF1EE10FA51DD022B08D0B5EE407A9D
:102A6000F1EE10FA03D104F14800FBF7B3F9306836
:102A7000FDF704F894ED077ADFED2F7ADFED2F6A8A
:102A800077EE677A6B1C67EEA67A08BF256BF5EECA
:102A9000C07AF1EE10FAC4E9160126D4DFED286AF7
:102AA000F4EE667AF1EE10FAC8BFF0EE667A022D07
:102AB0001FD0F2EE026AF4EEE67AF1EE10FA0EDBC7
:102AC000B3EE056AF4EEC67AF1EE10FA07D877EEA7
:102AD000E67A9FED1C7AF7EE086AA7EEA67A17EE63
:102AE000100A70BD022BB9D1BDE7022DDFED167AB9
:102AF000DFD1B0EE677A17EE100A70BD022B16D048
:102B0000F2EE026AF4EEE67AF1EE10FAA6DBB3EE2C
:102B1000056AF4EEC67AF1EE10FA9FD877EEE67AFF
:102B20009FED087AF7EE086AA7EEA67A96E7B0EE70
:102B3000677A93E7283C0020000050420000AA403A
:102B400000007F43000018420000000008B5036B3E
:102B5000022B07EE901A07D19FED136A9FED137AAF
:102B6000C7EE866A76EE877A90ED047AB4EE677ADD
:102B7000F1EE10FA0CD090ED057AC388C0ED047A1E
:102B8000B4EEE77A23F00203F1EE10FAC38001DC21
:102B9000002008BDB7EE007A77EEC77A17EE901ADC
:102BA00000F006F8002008BD0000AA4000005042D6
:102BB00008B5036B022B07EE901A07D19FED136A3D
:102BC0009FED137AC7EE866A76EE877A90ED057AE6
:102BD000B4EE677AF1EE10FA0CD090ED047AC38867
:102BE000C0ED057AB4EEE77A23F00403F1EE10FAB3
:102BF000C38001D4002008BDB7EE007A77EE877A53
:102C000017EE901AFFF7A2FF002008BD0000AA40AF
:102C1000000050424B1E012B9ABF016300206FF44D
:102C20007A70704790F8453001334FF0FF3180F8EB
:102C30004530FFF7DFBE00BF90F84530013B80F81C
:102C40004530704781627047806A003018BF0120AC
:102C5000704700BF8068704781600020704700BFE8
:102C6000F0B5CB680D6A9D42A8BF1D460C4683B0E7
:102C700001222946064604F1100701A801F03EF89A
:102C800001A9384601F05CF801A801F051F820696B
:102C9000A1692A4604300FF059FFA269236A2A4429
:102CA0005D1B002DA26125622BD1636A002BC4BF7E
:102CB00003F1FF33636293B1E36962692362002B1E
:102CC000A26104DDA06A03681B689847236A33B1D8
:102CD0003946304601F024F8304603B0F0BD636A4F
:102CE000002BF5D194F82C30002BF1D004F13000FA
:102CF000FBF7A8F83946304601F012F8304603B029
:102D0000F0BDDFDCE4E700BF38B504460C4B40F80B
:102D1000103B04F1300500F0EBFF284600220121B2
:102D2000FBF74EF8002101224FF4807328462464FB
:102D3000A162C4E90223FBF74DF8204638BD00BF6D
:102D4000484F040070B5856A9DF810608DB1002A67
:102D50000FDD73B1044628686362C4E90511036896
:102D600084F82C60C4E907222846984794F82C3050
:102D700003B970BD04F13000BDE87040FBF72AB81C
:102D800010B582B000240094FFF7DCFF02B010BD44
:102D90000078704790F90000704700BF00887047C6
:102DA000B0F90000704700BF0068000A704700BF1C
:102DB00000680012704700BF0068704700687047E5
:102DC0000170704701807047018070470A120B1430
:102DD00001704270837070470160704701607047F6
:102DE0004069704708299ABF416100206FF47A70EA
:102DF000704700BF2DE9F04FD1ED087A89B08946C0
:102E0000FDEEE77A0490CDED037A00F071FFD9F87A
:102E10001000026812699047D9F81470824617B9F9
:102E2000C9F814000746D9F8101001370A6807EBF3
:102E3000D7777B101268019306A89047D9F8142021
:102E400006990AF1010808EBD87801324FEA6808C0
:102E500002EBD272B8EB620F4B8893FBF8F700F0ED
:102E60008880019B07FB03F31946012207A80593FD
:102E700000F044FF07A9049800F062FF07A800F0E3
:102E800057FF049B069C1D68002F04F1040405F104
:102E9000040577DD4B460026DFF8F4B00296B9460C
:102EA0001F465BF82A2020469047019B97F8281080
:102EB00002460136284644441D4421B1029B134476
:102EC0000293039BD21A07EE902AB8EEE77AD7ED69
:102ED000077A7A692D4B67EE277A53F822207B6AAE
:102EE000FDEEE77A17EE901A19439047B145D8D115
:102EF0003B464F46994699F82820FAB1DDED027A13
:102F000099F82920B8EEE77A07EE907AF8EEE77A9A
:102F1000C7EE276A3AB1F6EE007A66EEA76A99ED37
:102F2000087AE7EE276AD9F818100122C9ED086A75
:102F300089F8292071B9012289F82A20DDE90441A4
:102F4000204600F07BFF06A800F0F2FE204609B004
:102F5000BDE8F08FFDEEE67A039B17EE902AD21AB9
:102F6000002AB8BF52429142E8DD012289F82A20A6
:102F7000E4E706A9049800F0E3FE019B07FB03F3D6
:102F800005937EE700230293B5E700BFA42000204D
:102F900080200020017070472DE9F04104461E4654
:102FA000DDE906759046FFF7E1F9134921603831F4
:102FB000A16004F12C002146FFF7F4F90023082F4B
:102FC0004FF0000198BF6761C4F81C8084F8286046
:102FD000A5612162636284F829303EB1B5FA85F3B8
:102FE0005B0984F82A302046BDE8F081012384F88B
:102FF0002A302046BDE8F081744F04002C30FFF7E2
:1030000089B900BFA0F10800FFF7F8BF10B5074B62
:1030100003F1080240330446026083602C30FFF75E
:1030200023F92046FFF7D8F8204610BD6C4F040066
:10303000094B10B503F10802403304460260836077
:103040002C30FFF711F92046FFF7C6F820460FF0A5
:103050003FFD204610BD00BF6C4F04004369586916
:1030600003681B69184700BF4369586903685B69B7
:10307000184700BF0346002281610846C3E90722C2
:10308000704700BF2DE9F041074600F1140400F13C
:103090003C05002654F8043F18464BB11B681B6AD8
:1030A0009847B04204DD206803681B6A98470646CB
:1030B000AC42EFD1786903683146DB69BDE8F04185
:1030C000184700BF00F1140300F13C0253F8040F4D
:1030D00078B110B4C4688C4208D093420DD053F834
:1030E000040F0028F9D0C4688C42F6D15DF8044B77
:1030F00070479342EAD10020704700205DF8044BEE
:10310000704700BF436910B50446586903689B695E
:103110009847D4ED067A07EE100AF8EEE77AC7EE84
:10312000277A17EE900A10BD0164704770B50C46FF
:103130000546FFF74BF8A0420AD021462846FFF784
:1031400043F8686903682146DB68BDE870401847AA
:1031500070BD00BF10B5054B03F1080244330446AF
:1031600002608360FFF738F8204610BD005004006D
:1031700010B5074B03F10802443304460260836034
:10318000FFF72AF820460FF0A3FC204610BD00BF31
:1031900000500400094B10B503F108023433044613
:1031A000C0E900230C3000F0C3FD054B6360002331
:1031B000201D6381FAF716F9204610BDB04F0400B8
:1031C000344A0400A0F10400FFF7E4BF0B4B03F105
:1031D0000802343310B50446C0E900230C3000F077
:1031E000A7FD074B636000236381201DFAF7FAF8FF
:1031F00020460FF06DFC204610BD00BFB04F04000C
:10320000344A0400A0F10400FFF7E0BFF0B583B03A
:1032100001F10C04054601A80E4600F069FD01A964
:10322000204600F09DFD074601A800F081FD5FB13A
:1032300071690B6801A81B68984701A9204600F036
:103240007FFD01A800F074FD2146284600F068FDCE
:10325000284603B0F0BD00BF10B500F114020023F2
:1032600052F8044F8C4204D001330A2BF8D10020CD
:1032700010BD026906330024013A40F82340026180
:1032800029B10B6808469B6A9847012010BD0120B0
:1032900010BD00BF036C2BB11A7802F0FF030AB90E
:1032A0001846704770B5044682B000F1140500F16D
:1032B0003C0655F8043F184613B11B68DB6A984773
:1032C000B542F6D101A800F013FD01A904F10C00EC
:1032D00000F036FD01A800F02BFD014802B070BDE2
:1032E00012FCFFFFF8B5044608200F4616460FF003
:1032F000F6FB034600250A4A026001465D6020464F
:10330000FFF734F8074BE56103F10800012144336E
:10331000206025626761E660A360A1612046F8BD78
:10332000544E040000500400F8B500F114030024CA
:1033300053F8045F2DB101340A2CF9D10027384627
:10334000F8BD064624200FF0CAFB2A463146074640
:10335000FFF7C8FF33690634013346F82470384656
:103360003361F8BD2DE9F04F8B6985B0012B17460D
:10337000019056D04B69586903681B690C46984701
:10338000431C03EBD3733A68A169B2F802804FEA99
:10339000630B064698FBFBF803A898FBF1F10122AA
:1033A00001FB0BB100F0AAFC039D08FB0BF3002B03
:1033B00005F104053CDD0433DFF87880DFF8789010
:1033C00000934FF0040A386858F826305044984764
:1033D000D4E90732A169013310448B420AF1010A92
:1033E000C4E9073009DB90FBF1F159F82630284693
:1033F00098470023C4E907335D44009B5345E2D15D
:1034000003990431691A03A800F018FD03A9019873
:1034100000F086FC03A800F08BFC019805B0BDE825
:10342000F08F114600F07CFC019805B0BDE8F08FEC
:103430000021E8E780200020A420002030B50D46C0
:1034400049690B6885B004461B6902A8984702A920
:1034500003A800F065FC4FF0FF33294603AA20467D
:1034600000930023FFF77EFF03A800F061FC02A891
:1034700000F05EFC204605B030BD00BFF8B5054643
:10348000124B134828600024C5E90134281D0E465C
:103490001746F9F737FF0F4B2B602C336B6005F1A4
:1034A0000C0000F025FC6E612F812C612C6405F16D
:1034B000140305F13C0043F8044F8342FBD1336809
:1034C00030465B68294698472846F8BD344A0400D0
:1034D000084F0400B84F0400B1F5007FA4BFC1F548
:1034E0007F710331490088B2704700BFC1F5806326
:1034F000B3F5007FB8BF1946014B33F81100704790
:103500004850040088B2704728B180B211FB00F027
:10351000C0F30900704741F6EF6011FB00F0C0F303
:1035200009007047B1F5007F40F2FF30A8BF0020CE
:10353000704700BF024A126802607E2242607047F4
:10354000C8200020034A034692E8030083E80300F2
:10355000184670472C3C0020A1F120035E2B07D8B1
:10356000006805236FF09F0213FB01210844704798
:1035700000207047034A044B12681A607E225A608A
:10358000704700BFC82000202C3C002010B4017000
:10359000427043605DF8044B704700BF82B030B4A6
:1035A00002AC84E80C000D46034694E807009DF841
:1035B000144083E80700B4B1687818B14942524218
:1035C000C3E901126A68022A11D0032A2AD0012A0B
:1035D00022D0012C15D0022C05D1D3E90112494289
:1035E0005242C3E9011230BC184602B07047D3E919
:1035F0000012012CC1F10001C2F10002C3E9001266
:10360000E9D130BCD3E900109A68186052421846DC
:10361000C3E9011202B07047D3E900215242196098
:103620005A60D6E7D3E90012524259601A60D0E7D7
:1036300082B010B582B004AC84E80C000B78069C14
:10364000019304AB0CCB00940446FFF7A7FF204680
:1036500002B0BDE8104002B0704700BF30B50B4B60
:103660001C6883B024B12268094B15689D4201D1C2
:1036700003B030BD00F10802034692E803008DE874
:10368000030020460CCBA84703B030BD343C0020DB
:10369000FD12030038B50180428004461D46FCF748
:1036A00023FCC4E9020115B12046FFF7D7FF2046ED
:1036B00038BD00BFD0B5DDE904679DF81830018042
:1036C0000446C0E9026742800BB1FFF7C7FF2046FE
:1036D000D0BD00BF10B5002303600446FCF704FC16
:1036E000C4E90201204610BD30B50B4B1C6883B005
:1036F00024B12268094B15689D4201D103B030BD49
:1037000000F10802034692E803008DE8030020461A
:103710000CCBA84703B030BD343C0020FD120300A1
:1037200082B038B5002504A90560044681E80C0084
:10373000FCF7DAFB04AB0FCB256184E80F002046D1
:10374000BDE8384002B0704710B50446006800F08C
:10375000AFFC204610BD00BF014B0360704700BFA7
:103760002856040010B504460868206000F082FC6A
:10377000204610BD10B5044629B10160084600F08E
:1037800079FC204610BD024B0360204610BD00BFEF
:10379000285604000346024A00681A60704700BFBA
:1037A0002856040038B504460B680068984206D0D5
:1037B0000D4600F07DFC2868206000F05BFC204690
:1037C00038BD00BF0068438882880021063002FBB4
:1037D00003F20FF0DFB900BF30B400684488A142A3
:1037E0000DDA8588AA420ADA002908DB002A06DBFE
:1037F000084404FB02020020937130BC70476FF450
:103800007A70FAE703685888814211DA10B49C880C
:10381000A2420ADA002908DB002A06DB0B4400FB7F
:10382000023398795DF8044B70476FF47A70F9E7CA
:103830006FF47A70704700BF2DE9F047B1F1000ACC
:1038400021DD1D46FBB10468A788B4F802809742C9
:10385000A8BF1746D045A8BFD046002F814604F127
:1038600006040DDD00262946204642460FF06EF97B
:10387000D9F8003001365B88BE4255441C44F2D171
:103880000020BDE8F0876FF47A70FAE72DE9F04187
:103890000F1E19DB002A17DB0446062007FB020077
:1038A0001E461546FAF776FB206000F029FC2368D7
:1038B0005F8023689D805EB133462A4639462046A4
:1038C000BDE8F041FFF7B8BF074B0360BDE8F081EA
:1038D000206843888288314602FB03F20630BDE847
:1038E000F0410FF057B900BF2856040010B500236F
:1038F0000446FFF7CBFF204610BD00BF2DE9F04185
:10390000054684B000294FD00A780C46002A51D0D1
:1039100000218C460F460E46234607E00A2A39D07E
:103920000EB10137002613F8012F42B1A2F1300089
:103930000928F3D813F8012F0126002AF6D109B27D
:103940000FFA8CF200232846FFF7A0FF2F68237898
:103950000637DBB101AE32464FF0000804E002F852
:10396000013B14F8013F8BB1A3F130010929F6D9CD
:10397000B24282F80080F4D930460FF0D4F807F84C
:10398000010B14F8013F3246002BEDD1284604B05C
:10399000BDE8F08106B10137B942B8BF394600270A
:1039A0000CF1010C3E46BEE7034B0360284604B011
:1039B000BDE8F0811146C5E72856040010B504465D
:1039C000FFF764FF204610BD2DE9F84F05689DF80C
:1039D0002840B5F802C062454FDAB5F804E07345F7
:1039E0004BDAD1F800B0BBF8029002EB0907002FC8
:1039F00043DDBBF804A003EB0A08B8F1000F3CDD7F
:103A0000002A55DBACEB02074F45A8BF4F46002B01
:103A10000BF1060660DBAEEB0308D045A8BFD0462D
:103A200022EAE27205F106090BB10CFB0322914474
:103A30003CB3B8F1000F20DD4FF0000E724607F1E5
:103A4000FF3A002F0FDD731E4C4606EB0A0C13F8ED
:103A5000015F0DB1257001329C4504F10104F6D1DE
:103A60000568D1F800B0BBF802406B880EF1010E7A
:103A7000F04526449944E4D100E000221046BDE818
:103A8000F88FB8F1000FF8DD0D4682463A46314610
:103A900048460FF05BF82A68DAF8003052885B88F5
:103AA0000134A04516449944F0D107FB08F2E5E73C
:103AB0006745A8BF6746002B0BF1060612DAF045F2
:103AC000A8BFF046C2F1000C09FB13C31E4422EA52
:103AD000E27205F10609AAE7F045A8BFF0464FF0EB
:103AE000000CF1E7AEEB0308D045A8BFD046B61AEC
:103AF00096E700BF2DE9F043804683B068469146C3
:103B00001D460C46FFF71EFDD8F800305A88914537
:103B100033DA9B889D4230DA1F2C2ED9019B9C42C0
:103B20002BDC21466846FFF717FD4FF0100E0746C5
:103B30002B1A053007EB030C0021D8F800406588EC
:103B400001EB0906B5420EDDA288624534444EFA07
:103B500001F208DD3E780CFB0544164214BF4FF01D
:103B6000FF320022A27101310529E6D10137B842A6
:103B7000E0D1002003B0BDE8F0836FF47A70F9E77C
:103B80002DE9F04103680D1E5F8826DDBD4203F17B
:103B9000060480469A8817DA9AB17F1B00266119BD
:103BA0003A4620460EF0D2FF2A46E01900210EF0D8
:103BB000F1FFD8F800305A889B8801369E421444A1
:103BC000EDDB0020BDE8F08107FB02F2204600217A
:103BD0000EF0E0FF0020BDE8F0816FF47A70F1E7AD
:103BE0002DE9F84F00AFD1F80090BE6AB9F8024055
:103BF000F96A02EB0608A0451D468246194432DAEE
:103C0000B8F1000FD8BFA046B9F80460B14202DA9B
:103C10000029C8BF0E4608FB06F3073323F007034D
:103C200004FB0522ADEB030D09F10604AE4214447A
:103C3000EB460DDD6B464246214618460EF086FFE8
:103C40000135B9F802200346AE4233441444F2D1A0
:103C500050465B4632B20FFA88F1FFF717FE504626
:103C6000BD46BDE8F88FA046CEE700BF10B5096895
:103C700004468B1DB1F90420B1F90210FFF706FECE
:103C8000204610BD10B5064B064C1846236000F0C8
:103C9000F1F92046044A0549BDE810400EF01ABF6C
:103CA00028560400383C00204020002049370300FB
:103CB000F8B50546101D14461F460E46FAF76AF978
:103CC000286000F01DFA2B685C802EB12868314610
:103CD000043022460EF03AFF012F00D0F8BD2868CC
:103CE000224604300021BDE8F8400EF053BF00BF6B
:103CF000014B0360704700BF30560400002910B527
:103D0000044606DD13460A460021FFF7D1FF204690
:103D100010BD024B0360204610BD00BF30560400AA
:103D200010B504460868206000F0A4F9204610BDD4
:103D300010B50446006800F0BBF9204610BD00BF76
:103D400038B504460B680068984206D00D4600F06E
:103D5000AFF92868206000F08DF9204638BD00BF1B
:103D60000068096888420ED008B543884A889A429C
:103D700001D0002008BD043104300EF0D8FEB0FAA6
:103D800080F0400908BD0120704700BF38B5151EFE
:103D900013DB04686288A8B290420ED833EA23038A
:103DA00028BF1346521B9A4204F10404A8BF1A46C6
:103DB00060190EF0EFFE002038BD6FF47A7038BD48
:103DC000002B70B50D4602DA03685B889B1A002A47
:103DD00021DB046866889918B1421CDC91421ADB29
:103DE000CBB135F0004116D05942A94214DAAB42AA
:103DF00012DD0434002D04EB020612DB5C1B2246AC
:103E0000711930460EF0ADFE2A4630190021BDE88A
:103E100070400EF0BFBE70BD0021BDE87040FFF7DE
:103E2000B5BF6C425A19314630190EF09AFE22463F
:103E300030460021BDE870400EF0ACBE002906DB24
:103E400003685A888A4202DB5980002070476FF469
:103E50007A70704710B50446006800F029F92046D2
:103E600010BD00BF70B50546501D14460E46FAF74A
:103E700091F8286000F044F92B685C80286822469D
:103E8000314604300EF062FE2B681C44002323717F
:103E900070BD00BF10B50B4684B0044601A918469A
:103EA000F9F72AF901A80EF0B1FE01A90246204651
:103EB000FFF7D8FF204604B010BD00BF38B5054657
:103EC00011B10B780C461BB9064B2B60284638BD48
:103ED00008460EF09BFE214602462846FFF7C2FF29
:103EE000284638BD34560400F8B517460A683B68C2
:103EF000B2F90250B3F902301D440446681D0E4663
:103F0000FAF748F8206000F0FBF823685D8031681C
:103F10002068B1F90220043004310EF017FE326837
:103F200023683968B2F90200B1F902200433184459
:103F300004310EF00BFE23681D4400232B71204634
:103F4000F8BD00BF70B5054649B10B780C4633B1DA
:103F5000084616460EF05AFEB3B2834203D9054B0B
:103F60002B60284670BD284632462146FFF77AFF6F
:103F7000284670BD3456040010B504460868206019
:103F800000F078F8204610BD014B0360704700BF79
:103F90003456040038B504460B680068984206D0D1
:103FA0000D4600F085F82868206000F063F8204690
:103FB00038BD00BF08B50068096843884A889A423E
:103FC00001D0002008BD043104300EF015FEB0FA17
:103FD00080F0400908BD00BF70B513680D685E88A9
:103FE00004465EB16D881DB1FFF77EFF204670BDAF
:103FF0000360184600F03EF8204670BD0560284674
:1040000000F038F8204670BD002907DB0368B3F9DB
:1040100002208A4202DD0B44187970470020704765
:1040200010B5064B064C1846236000F023F82046D6
:10403000044A0549BDE810400EF04CBD345604005A
:104040003C3C002040200020553E030008B503887A
:104050004FF6FF729BB293420AD0012B01D0DB07CF
:1040600004D41E20EDF7F2F8002008BD002008BDA2
:10407000012008BD03884FF6FF729BB2934215D012
:10408000012B10B504460DD0DB070BD5BFF35B8FBA
:10409000D4E85F3F0233C4E8523F002AF8D1BFF3AF
:1040A0005B8F10BD1E20EDF7D1F8EFE7704700BF22
:1040B00003884FF6FF729BB2934218D0012B10B5C4
:1040C000044610D0DB070ED5BFF35B8FD4E85F3F0B
:1040D0009A1EC4E8512F0029F8D1BFF35B8F9BB221
:1040E000032B05D010BD1E20EDF7B0F8ECE77047AC
:1040F0002046BDE8104000F001B800BFF9F770BFDE
:1041000003230380704700BF82B070B582B00446BD
:1041100008A906A880E80C0003C9266865698DE82F
:10412000030006AB0CCB3046211DA84702B0BDE80A
:10413000704002B0704700BF08B502680B689A4231
:1041400001D0002008BD0431102204300EF0EFFC35
:10415000B0FA80F0400908BD0420704704290248E5
:1041600008BF0020704700BF16FCFFFF83680548AA
:104170001B6990FBF3F007EE900AF8EEE77A17EE72
:10418000900A704740420F00837D43F020038375FF
:10419000704700BF807DC0F34010704710B50C31F0
:1041A0000446FFF7BDFD204610BD00BF084B094A7D
:1041B0000321C3F80815D2F80034DB07FBD4012330
:1041C000936090F80832002BFBD10120704700BFAC
:1041D00000F0014000700040F8B504460F4B03604A
:1041E0000025816004F11C060C301746FFF780FDA6
:1041F00021463046A575FEF7D5F8E368E7755B887C
:1042000063824FF40072022330462582A576294648
:10421000A2822383FEF7F2F82046F8BD88560400F8
:10422000807D00F010007047072914D8032A12D8A7
:1042300010B4C37D01761B0103F1804342F4805426
:1042400003F5E043427644EA01210020C3F8181543
:104250005DF8044B70476FF47A7070478176704751
:1042600010B5898A04460022FFF748FD20464FF02A
:10427000FF3300228821FFF789FD204610BD00BFD3
:1042800038B504468069036800219B6B9847A06994
:1042900003684FF47A51DB6C98472269A17D07EEE1
:1042A000902A01290B46F8EE677AB8BF012303EB89
:1042B0008303B3EE007AB2FBF3F3FF2B67EE877A4A
:1042C0002FD9802300225B1002F10102FBD10129CA
:1042D0003AD92649072AC1F8F4352BDD9FED247A17
:1042E00067EE877A4FF48072C4F80422A069FDEE6D
:1042F000E77A03680021DB6B17EE902A9847A369E1
:104300001C4A5B691C48012103F5A0740225C3F80F
:104310000012C2F80855C2F81845C2F81C05D96049
:1043200038BD5B10CED101291DD910490122C1F839
:10433000F435D9E7012303FA02F207EE102AB8EEAA
:10434000C77AC7EE877ACFE70123934007EE103A8A
:10435000B8EEC77AC7EE877A04490123C1F8F4257D
:10436000C4F80432C2E71A46F6E700BF0070004006
:104370000000803B00F00140047000402DE9F04750
:10438000504D0560002582B0456004460E469146BA
:104390009A46F8F7B7FF4C4AA66102F1080330329B
:1043A0002360A26021462A462573657304F11C0030
:1043B000FFF712FF214604F158000122FFF70CFF1E
:1043C000214604F194000222FFF706FF214604F182
:1043D000D0000322FFF700FF214604F58670042277
:1043E000FFF7FAFE214604F5A4700522FFF7F4FE5C
:1043F000214604F5C2700622FFF7EEFE04F5FE77B3
:104400000722214604F5E070FFF7E6FE04F500768A
:104410003846FFF76DFC3046FFF76AFC4FF00108A5
:104420004FF40073A382214601A8A4F804A0C4F8A5
:104430001090A57584F80852C4F80482FFF710FFA5
:1044400001A93846FFF77CFC01A8FFF771FC214663
:1044500001A8FFF705FF01A93046FFF771FC01A88D
:10446000FFF766FC194E1A4BE57580271C60C6F8ED
:104470008070BFF34F8FBFF36F8F164B164AC3F890
:1044800000550320C3F8F00514492320C3F80403A2
:10449000C2F808852046C2F81015C2F81435FFF797
:1044A000EFFE86F80753C6F880713760A06903688D
:1044B0005B6A9847A06903681B6B9847204602B067
:1044C000BDE8F087344A0400B056040000E100E083
:1044D000403C00200070004000F0014004710040AA
:1044E000F0B5514D51492B68514C524A85B00126C7
:1044F00000930B68019323680293002313601768ED
:104500001660009A2A60019A0A60029A2260A1F25B
:10451000446103222324C1F800351F46C1F8F02569
:104520008E46C1F804431A469C468375064617E03A
:10453000CFB2877596F8353096F8331096F8344038
:1045400043F480530EEB011143EA0423082AC1F817
:10455000183506F13C06C5F81025C5F814C51CD061
:1045600013019C1A00EB840403F1804594F8324057
:1045700014F0100407F1010105F5E04502F1010214
:1045800003F18043D4D103F5E043082AC3F8104572
:1045900006F13C06C3F81445E2D117B9384605B018
:1045A000F0BD254D04460126C5F80065FFF768FEFD
:1045B000E77D7F3704EB870703A82146FFF750FE0E
:1045C00003A93846FFF7BCFB03A8FFF7B1FBD4F8FB
:1045D0000422A17DE07DA38AB24001FB02F204EB3C
:1045E000800093FBF2F702FB17329B1AD0F8FC21F4
:1045F000124801F1004103EBD37301390432334116
:104600000327C5F82C26C5F8303602EB41022E6090
:1046100048F68801C0F8047584F808621388994246
:10462000FCD0012005B0F0BD40760040447600404B
:1046300048760040FC7F00400070004000F00140E0
:1046400008B5034689B190F8083203F0FF011BBB9F
:10465000184B194A197013681849DB0903F0010057
:10466000DB0708701CD4002008BD144A12785AB920
:10467000104A1278002AF6D093F80822002AF2D1C4
:104680001846FFF72DFFEEE70B4A80211160094A1B
:104690001278002AF0D1E6E7FFF788FD0146D7E758
:1046A0008023C2F88030BFF34F8FBFF36F8F00209D
:1046B00008BD00BF6944002000E100E0684400201C
:1046C00038B590F8083204460D465BB9AB7D43F02F
:1046D0001003AB7594F8083213B92046FFF700FFBA
:1046E000002038BDFFF762FDF0E700BF90F8082218
:1046F00038B5044612B90161002038BD0D46FFF7F8
:1047000055FD25610028F7D094F80832002BF3D12D
:104710002046FFF7E5FEEFE707EE901AB7EE007AC6
:10472000F4EEC77AF1EE10FA06D49FED137AF4EEA8
:10473000C77AF1EE10FA06DD0368104A9B699342CE
:1047400018D1FFF713BDC7EE276A10B5044680687D
:10475000FDEEE67A17EE901AFFF7C8FF2368074AC6
:104760009B699342204603D1BDE81040FFF7FEBC91
:10477000BDE81040184700BF002474496D41030094
:1047800038B50D460446FFF7B3FA02F003FEEB7DA1
:104790007F3305EB83012046FFF7D2FA02F0ECFDF0
:1047A000204638BD30B5837D13F0100483B002D1AC
:1047B000204603B030BD044601A8A168FFF7E0FF22
:1047C0000023E57D1B481A4602F1510109014158B9
:1047D00001B10133954202F1010228D0082AF3D138
:1047E000154B01990A1D48F68800D55A8542134495
:1047F00012D0A5684988AD7D0A449A424FEA450522
:1048000002D805E09A4203D92B4419888142F9D194
:104810005B1BB3F900302382248A01A824B2FFF77E
:1048200087FA24EAE474A4B2204603B030BD013B09
:104830005B00D6E7007000402EF8FFFFF8B50E468B
:104840000446097D19481546F9F7C8FCC8B1317D01
:104850001648F9F77FFC471EA5B13D01E91B890009
:10486000631893F83230DB0613D53368104ADB6DDA
:10487000934214D10023ED1B237304EB850404F150
:104880001C00F8BD3D01ED1B04EB850404F11C0088
:10489000F8BD1C3121442046FFF712FFE5E7304602
:1048A000002204F108019847EDE700BF38560400E4
:1048B0008D8F020031B18B7DDB0601D4FFF700BF85
:1048C000002070476FF47A70704700BF29B338B585
:1048D0008B7DDB060BD590F80842054604F0FF03FC
:1048E0003CB98A7D02F0EF0218468A7538BD002077
:1048F00038BD0C46FFF75AFCA37D03F0EF03A37508
:104900000028F4D095F8083203F0FF04002BEED114
:104910002846FFF7E5FD204638BD6FF47A707047F2
:1049200010B5837D0229044603F0100303D001294A
:1049300000D853B910BD002BFCD1837DDB060DD50B
:10494000A37D43F01003A37510BD01468068FFF7F7
:10495000BDFFA37D03F0EF03A37510BD0146806882
:10496000FFF7AEFEECE700BF38B500220546FFF7C3
:1049700065FF38B1044601462846FFF7A7FFA37D2F
:10498000DB06FCD42B7B1BB12B6828469B69984720
:10499000002038BDA0F10800FFF7E6BF2DE9F04F79
:1049A000857D847EED0685B005D54CB1013C8476CD
:1049B00005B0BDE8F08F002CF8D105B0BDE8F08F50
:1049C0000F68B7F802804FEA68089045F0DD0437B9
:1049D00007EB480807EB420700E0A846A8F10205EC
:1049E000EC1B641094FBF3F603FB1644002CF4D18B
:1049F000B5F900200282827D9206D9D5012B0646A8
:104A000049D0B0F91210C0680A1DB84500EB020B7E
:104A1000B0F802A0CCD95D0006F10C03A1460193C9
:104A200007E0B6F91230534530D0B845C0D9B6F9D1
:104A30001210514504F1010413D0B7F90030994424
:104A40000E9B9C422F44ECD199FBF4F4ABF8004050
:104A5000738A02331BB200240BF1020B7382A1464E
:104A6000E1E70122B6F9141003A8FFF747F903A9FB
:104A70000198FFF765F903A8FFF75AF9F2680023D8
:104A80007382B2F802A002F1040BD6E706F11C0013
:104A9000FDF740FCC9E70C30FFF752F9F3685B887B
:104AA000738206F11C00FDF735FC81E72DE9F04328
:104AB0003B4BD3F8042185B005461AB9D3F814311D
:104AC000002B42D095F81780354F08F1010303F011
:104AD0000103EB75D7F8341608F17F0805EB880859
:104AE000490040460024FFF7A9F9264605F11C09B4
:104AF00002E00134082C1DD004F151031B01FB58C6
:104B0000002BF6D0414603A8FFF70AF9D5F8042296
:104B1000AB7D0092C4EB0410324609EB800003A980
:104B2000FFF73CFF013403A8FFF702F9082C06F158
:104B30000106E1D11A4BD3F8042112B10022C3F8C7
:104B40000421174BD3F814211ABB154ED6F80031A7
:104B5000E3B1EC7D013404F0010404F17F07294640
:104B600005EB870703A87E34FFF77AFB05EB840586
:104B700003A93846FFF7E4F803A8FFF7D9F86B68F4
:104B800000220433C6F82C36C6F8002105B0BDE873
:104B9000F0830022C3F8142185F80822D5E700BF6E
:104BA00000700040024B186808B1FFF77FBF7047E4
:104BB000403C0020184B03F128022DE9F041064645
:104BC0000360826000F5FE7700F5017500E0254680
:104BD0002C1F2046FFF7ACF8A742F8D1DFF8408041
:104BE000243D06F11C0745F81C8C3C3C2846FDF78B
:104BF0003BFB04F10C00FFF79BF8A742A5F13C0535
:104C0000F1D1064B336000233046F380F8F7EAFB1E
:104C10003046BDE8F08100BFB8560400344A0400B5
:104C200088560400194B03F128022DE9F04106468D
:104C30000360826000F5FE7700F5017500E025460F
:104C40002C1F2046FFF774F8A742F8D1DFF8448004
:104C5000243D06F11C0745F81C8C3C3C2846FDF71A
:104C600003FB04F10C00FFF763F8A742A5F13C0534
:104C7000F1D1074B33600023F3803046F8F7B2FBE5
:104C800030460DF025FF3046BDE8F081B8560400EF
:104C9000344A040088560400154A4369914218D9E1
:104CA000144A914221D9013210B44FF0C860002457
:104CB0009142C3F80045C3F8240503D14FF0C46204
:104CC000C3F8242506220020C3F800255DF8044B14
:104CD00070474FF0CC720021C3F80015C3F82425AB
:104CE0000622C3F80025002070474FF08062F2E7EB
:104CF0008FD003007F1A0600704700BF10B504462E
:104D00000DF0E6FE204610BDF0B585B004AC066897
:104D100004F8012D9DF82C70009722461F46366A34
:104D2000012305460C46B04738B92B680090214650
:104D30003A469C6A0A9B2846A04705B0F0BD00BFD2
:104D4000C3688B4210B5044606D003698B4203D07A
:104D5000237953B9002010BD23680022DB6B114674
:104D6000204698472379002BF4D02368054A9B6B93
:104D70009342204603D10DF0ABFE002010BD9847B2
:104D8000E8E700BFFD4C0300C368002B3AD003697D
:104D9000002B37D01A6870B50446012118461368F5
:104DA0009847E068036801211B6898470420F9F7D9
:104DB00049FA0025E068036802219B68984701468C
:104DC00008BB206903681B6898470420F9F73AFA82
:104DD0002069036801211B680D4498470420F9F7F6
:104DE00031FA092DE6D1E068036800211B68984775
:104DF0000420F9F727FAE068036801211B68BDE881
:104E0000704018477047002DEDD170BD38B504468D
:104E100015460A4600F10C01FAF704F82A4604F197
:104E200010012046F9F7FEFF6269E3680025C2F829
:104E30000055F3B12369E3B101212046F9F7F0FFF2
:104E40000621E06801F0F2F80621206901F0EEF891
:104E50002046FFF799FFE068036802219B689847A6
:104E60002069036802219B68984729462046F9F784
:104E7000D7FF0A20F9F7E6F9D4E904239AB1107DA7
:104E8000E268AAB1147DC3F808054FF0CC71062280
:104E9000C3F80C450A20C3F82415C3F80025F9F718
:104EA000D1F9002038BDE2684FF0FF30002AE9D187
:104EB0004FF0FF34E7E700BFF8B504461D4617463C
:104EC0000E46F9F79FFF0022104B2360C4E902222F
:104ED00022615DB1284602F013FB606160B13A4681
:104EE00031462046FFF792FF2046F8BD012002F030
:104EF00029FB60610028F2D15A20ECF7A7F93A4665
:104F000031462046FFF782FF2046F8BDEC560400EC
:104F10002DE9F04143698EB282B09A590546002AC4
:104F200061D1D3F82441002C36D14FF00108334F22
:104F300010E0D3F8482592B9632C54DC0A20F9F725
:104F400081F96B699A59002A4DD1D3F824211ABBF3
:104F5000BC4221D0D3F850210134002AE9D1632C7E
:104F6000ECDDD3F860213AB1D3F80022D10503D5A6
:104F7000D3F84821002A32D0D3F86021002ADDD0AE
:104F8000D3F800229205D9D5D3F80421002AD5D12F
:104F9000C3F814801446D1E7D3F8C424C3F8C4245A
:104FA0000022C3F82421D3F824210192012201997F
:104FB000134C1A625A6101E0013C16D00A20F9F73D
:104FC00041F96B69D3F80431002BF5D00D4CA8687A
:104FD00008B1F9F737F9204602B0BDE8F081C3F80F
:104FE0001C801446AAE70024F1E72B682A69DB6BD2
:104FF000E968044C28469847E9E700BF41420F00A2
:10500000A08601000EFCFFFF70B44469C1F34701A4
:10501000C4F888150021C4F8041189B0D4F80461DB
:105020000696069EC4F82411D4F824610596059EC0
:10503000C4F86011D4F860610496049EC4F85C1151
:10504000D4F85C610396039EC4F85011D4F8506103
:105050000296029EC4F84C11D4F84C619DF8305071
:105060000196019EC4F84425C4F8483575B14FF443
:1050700080720123C4F80022A360D4F84821DAB971
:105080004FF4A47109B070BCFFF742BF4FF4007237
:105090000123C4F80022A360D4F84821A2B12362FE
:1050A000C4F84851D4F848310793079B4FF48271F4
:1050B00009B070BCFFF72CBF2362C4F84811D4F8C4
:1050C00048310793079BDBE74FF48271DAE700BFB3
:1050D00070B54469C1F34701C4F888150021C4F8CC
:1050E000041188B0D4F804610696069EC4F8241111
:1050F000D4F824610596059EC4F86011D4F8606167
:105100000496049EC4F85C11D4F85C610396039E77
:10511000C4F85011D4F850610296029EC4F84C11A4
:10512000D4F84C619DF830500196019EC4F83425A6
:10513000C4F83835B5B94FF480520123C4F80022C1
:105140002360D4F8482132B12362C4F84851D4F81E
:1051500048310793079B4FF4827108B0BDE8704057
:10516000FFF7D6BE01232360D4F8482192B94FF44B
:10517000AE710446FFF7CCFE08B108B070BD63699C
:10518000012220464FF4A471DA6108B0BDE87040F6
:10519000FFF7BEBE2362C4F84811D4F84831079324
:1051A000079BE4E70E4B03F12C0103F1380270B5C5
:1051B000C0E902120546036000F12C0600F1340438
:1051C000043C2046FEF7B4FDA642F9D1054B2B6006
:1051D00000232846EB80F8F705F9284670BD00BF8C
:1051E00034570400344A040070B544690D7D00232F
:1051F0004FF0FF3604EB83020133D2F86015A94269
:1052000008BFC2F86065042BF4D1037C13B10368B6
:105210009B699847002070BDA0F10C00FFF7E4BF28
:105220000F4B03F12C0103F1380270B5C0E90212F3
:105230000546036000F12C0600F13404043C2046CE
:10524000FEF776FDA642F9D1064B2B600023EB80DA
:105250002846F8F7C7F828460DF03AFC284670BDF6
:1052600034570400344A04004369D3F808057047F2
:105270009FED1F7A07EE901AC7EE277A10B4B0EEB2
:10528000677ABEEECE7A17EE101AB1F5004F29DB21
:105290000023013341FA03F2B2F5004FF9DA072B8C
:1052A00004DD144B5DF8044B184670471C4612FA97
:1052B00003F348BF0F331B1107EE903ADFED0C6A82
:1052C0004169F8EEE77A002386EEA77AC1F80C452B
:1052D000C1F808255DF8044BC0ED097A80ED087A25
:1052E00018467047002417EE102A2346DFE700BF58
:1052F0000024744900407AC42DE9F843494D056003
:105300000025456004460F4616469846BDF8209095
:10531000F7F7F8FF4448676100F12C0200F1380309
:10532000C4E9022320602574657404F12C00FEF7A3
:10533000DFFC04F13000FEF7DBFC63693B4F666382
:105340000126A4F80490E561657625852576A67684
:10535000E676C3F800554FF08023C7E90033C7E96C
:10536000023341462046FFF783FF6369304AC3F8A2
:1053700004550227042030219342C3F81075C3F866
:105380004855C3F82855C3F84C55C3F82C55A67694
:10539000E676C3F81465C3F80002C3F8041320D0FE
:1053A000244A93422FD0244A93420CD0606B016868
:1053B00001224D68227604F10801C3F80025A847B0
:1053C0002046BDE8F8831D4A1D4B92681D49C2F86E
:1053D000C81004221C49C3F884215A6063698C6098
:1053E000E4E7194A154B14609A681849C2F8B010DE
:1053F000A3F540634FF08052C3F880211A606369BF
:105400000C4A9342CFD10D4A0D4B92681049C2F815
:10541000C41002220C49C3F884215A6063694C60AD
:10542000C1E700BF344A040034570400443C002064
:1054300000C00140001002400020024000ED00E0EA
:1054400000E100E0A1560300543C00208156030017
:105450009156030007EE901AFEEECE7A10B417EEC6
:10546000901AB1F5004F23DB0022013241FA02F31A
:10547000B3F5004FF9DA072A1FDC14464169DFED66
:10548000106AC1F80C45C1F80835934048BF0F3386
:105490001B1107EE903AF8EEE77A002386EEA77A22
:1054A000C0ED097A80ED087A18465DF8044B704724
:1054B000002417EE903A2246E0E76FF47A73F3E7A0
:1054C00000247449406A704743690020C3F81015EE
:1054D000704700BFC2768176436939B93022C3F87C
:1054E0001415C3F80012C3F80823704701200421E3
:1054F0003022C3F81405C3F80012C3F80423704720
:1055000070B590F92930044682B0C0696BB1626908
:1055100001235360D2F80431002BFBD000256576BF
:105520002585D0B9002002B070BD0D46F0B9A37E2C
:10553000002BF7D0637E002BF4D0E37E002BF1D15B
:1055400063691C4903EB451508220123C5F82015A2
:10555000C5F8242584F82930E5E723680138E0619F
:10556000DB6920469847284602B070BD616B0B6826
:1055700005F10B061B6801A804EB8606984701A9F4
:105580003046FEF7DDFB01A8FEF7D2FB04EB8502F7
:105590006369D16AE26903EB45150B1DC5F8203537
:1055A0004988531E49100120C5F82415E36102B053
:1055B00070BD00BF443C002038B5C369817E013313
:1055C0000446C36119B1637E63B1002038BDFFF7A3
:1055D00097FFC8B1636901229A60A37E002BF2D1C4
:1055E000002038BD0125657694F828102046FFF785
:1055F00087FF94F828302B442B4084F828303BB99F
:10560000636901229A60E0E7E37E002BE5D0E1E7E1
:10561000E3691BB900236376002038BD2946204684
:10562000FFF76EFF94F82830013303F0010384F88C
:105630002830002BEED1E3E7A0F10800FFF7BCBF54
:1056400038B54369D3F81021044672B9D3F8143140
:1056500003B938BD002584F8285001212046FFF702
:105660004FFF6369C3F8145138BD012380F8283017
:105670000021FFF745FF63690022C3F81021E5E729
:10568000024B186808B1FFF7DBBF7047543C00209D
:10569000024B586808B1FFF7D3BF7047543C002055
:1056A000024B986808B1FFF7CBBF7047543C00200D
:1056B000426900230376C2F800357047032A26DCCE
:1056C00070B502F5AC7642690B7D52F826209A42FD
:1056D0001BD00B680C4605461B6E0846984723688E
:1056E00000211B68204698476A692368217D42F89B
:1056F0002610204605F10C01DB6D00229847E38857
:1057000043F00803E380002070BD002070BD6FF4FB
:105710007A70704703681B6A184700BFF8B5C768FE
:105720008F4208D0054616460C4617B103681B6E1B
:1057300098472671EC60F8BD10B5036804465B6CB1
:105740009847236820465B68BDE81040184700BFB3
:10575000F0B40479A40728D5002922DB002A20DD33
:10576000002B1EDDB4294FF47A74A8BFB42104FBCA
:1057700001F10F4F05680F4E2D6B8908A7FB0171D2
:1057800002EBD277A3EB670304FB03F3890802FB68
:10579000013286FB0231D2172B46C2EBA111F0BCBD
:1057A00018476FF47A70F0BC70470348FBE700BFFE
:1057B000176CC116D34D621016FCFFFFC08800F0B5
:1057C0000500003018BF0120704700BF037D0B4A61
:1057D0001F2B98BF4FF0A04203F01F03D2F81415FF
:1057E000012202FA03F30B4206D1C08800F00A003E
:1057F000003018BF0120704710467047000300506A
:10580000C08810F0030018BF01207047C08800F066
:105810000C00003018BF0120704700BF03684FF430
:105820007A729B6B02FB01F1184700BF08B5036851
:10583000DB6B9847024BA3FB0030800908BD00BF1B
:10584000D34D6210027D0F4B202A38BF4FF0A0438A
:1058500002F01F0203EB82030129D3F800274171F4
:1058600022F00C0207D0022908BF42F00C02C3F854
:1058700000270020704742F00402C3F800270020F0
:10588000704700BF00030050D0F8103521EA030133
:10589000C0F81815704700BFD0F810351940C0F88F
:1058A0001815704738B503799A071ED5C3885B076A
:1058B000044602D403681B6E98470D4B1868A0B1CC
:1058C00001222146FEF7BAFF054670B1E06810B12B
:1058D000F9F7A4FA18B9E38843F00403E3802846F3
:1058E000FEF760FFC0F30F1038BD024838BD00BF9F
:1058F000243D002016FCFFFF70B52DED028BC38800
:1059000082B01B07019137D51C4D1D4C286808EE4D
:10591000101AFFF7A9FCF8EE487A08EE900A17EE85
:10592000901A2868FFF796FDF8EEE88A04F1080659
:105930002388286807EE103AB8EE478AFFF794FCF0
:1059400007EE900AB8EEE77A27EE087AC7EE287AD3
:10595000FCEEE77A17EE903A24F8023BB442E7D126
:10596000084B0749186808220123FDF709FA0020AF
:1059700002B0BDEC028B70BD0348F9E7283D002062
:105980002C3D0020343D002016FCFFFF38B5027D81
:105990001B4B202A38BF4FF0A04302F01F02012505
:1059A000D3F8144505FA02F2144224D10D460446F8
:1059B000D1B9C3F80C2518461146FFF76DFF217DBC
:1059C0000F4B202938BF4FF0A043D3F814351342B2
:1059D00013D0236820461B6E9847236829461B680E
:1059E00020469847002038BDC3F8082518461146C0
:1059F000FFF74AFFE3E7002038BD024838BD00BF8B
:105A00000003005012FCFFFF38B5C3889B07044613
:105A10000D4614D5C06810B1F9F700FA78B1227DAF
:105A2000012302F01F018B408DB31E491F2A8CBF3A
:105A30000A464FF0A0420020C2F8083538BD23685E
:105A400020461B6E9847217D164B202901F01F0030
:105A50004FF0010238BF4FF0A0438240A5B9C3F810
:105A60000C2520290F4BE28838BF4FF0A04303EBF1
:105A7000800342F00202D3F8001741F00101C3F89D
:105A800000170020E28038BDC3F80825E9E7054982
:105A90001F2A8CBF0A464FF0A0420020C2F80C35E6
:105AA00038BD00BF00030050C388DB0770B5044653
:105AB00016D5C06810B1F9F7B1F988B1237D204936
:105AC000202B38BF4FF0A0410122D1F8101503F070
:105AD0001F0302FA03F30B4214BF1046002070BDEF
:105AE0002368174D1B6E20469847237DE088216868
:105AF000202B03F01F0234BF4FF0A0432B4603EBD3
:105B0000820340F00102D3F800074E6C617920F067
:105B10000300C3F80007E2802046B047237D202B16
:105B200038BF4FF0A0450122D5F8101503F01F0330
:105B300002FA03F30B4214BF1046002070BD00BFF1
:105B40000003005008B5C3881B070AD5064B186828
:105B5000FFF7B8FC07EE900AFCEEE77A17EE900A22
:105B600008BD024808BD00BF283D002016FCFFFF0D
:105B700038B50368234A9B6A934204461DD1C58801
:105B8000C5F38025C5B9E06810B1F9F747F9B8B198
:105B9000227D1D4BE1881F2A98BF4FF0A04302F0E1
:105BA0001F0203EB820301F43062D3F8001721F4E3
:105BB0004031C3F80017E28038BD98470546E1E759
:105BC000E068E388026843F480631268E38021465A
:105BD00090470E4BE1681B680BB103F10C05A9421D
:105BE000227D02D00023E360D3E7094BFF25181D77
:105BF00013F9011B914208BF03F8015C9842F7D1E9
:105C0000F0E700BFDD8E020000030050283D0020B9
:105C1000CC20002070B5044615464FF480760E481F
:105C20002371012200232F2D21812575E68020601C
:105C30006271C4E9033302D93220EBF707FB074A4C
:105C40000749084B42F825404FF000454022C1F873
:105C500004531A60204670BD78570400603C002051
:105C60000060004000E100E00379DB0755D5F0B5A6
:105C7000C388DA0683B00D46044603D5C3F3C023B8
:105C8000994223D0236820461B6E9847012D236834
:105C90002ED05B682046984723682420DE6D0CF0E8
:105CA0001EFF002322890746CDE900332146012348
:105CB000FAF7B0FE07F10C0101222046B047E38855
:105CC00023F400639BB243F01103E380012DE068ED
:105CD0000AD038B150F80C3CDB690C3803B0BDE891
:105CE000F04018470368FFDE0028F3D10368FFDEA9
:105CF0003420DE6D0CF0F3FE094A40F6AC53074643
:105D000012682146FCF732F82A4607F10C012046BA
:105D1000B047E38843F40063D5E70248704700BF0B
:105D2000203D002016FCFFFFC188C1F3C021FFF712
:105D30009BBF00BF10B5044684B00A4600236846E6
:105D40002189FDF7A7FCE3684BB1029AD96ADA62B0
:105D50006846521A0023CDE90223FDF7C5FC04B0C2
:105D600010BD00BF10B5C388590684B0044609D4DD
:105D70009A060DD41B0603D523690BB10120984761
:105D800004B010BD0521FFF7D5FFE3889A06F1D5D1
:105D90000123022221896846FDF77CFCE388E9E7BC
:105DA00010B5C388590684B0044609D49A060DD4A8
:105DB0001B0603D523690BB10020984704B010BD22
:105DC0000421FFF7B7FFE3889A06F1D501230322E8
:105DD00021896846FDF75EFCE388E9E72DE9F04B91
:105DE000D0F8204584B0054674B3DFF890800E46A5
:105DF00001274FF01F0BB4FA84FCABEB0C0399198D
:105E000007FA03F258F8219024EA0204B9F1000FCE
:105E100018D0B9F8062012F0E00F05EB83030FD07D
:105E2000D3F8002782F48032C3F80027D3F8003774
:105E300013F4803F48461CD0FFF794FFB9F80620C2
:105E4000930508D4002CD4D14FF0FF33C5F820358A
:105E500004B0BDE8F08BF7F79DFF0028F2D00123D6
:105E6000052240F2FF316846FDF714FC002CC0D13A
:105E7000EAE7FFF795FFB9F80620E1E7603C00206C
:105E800008B5094BD3F87C2102B908BD0021C3F83D
:105E90007C114FF0A040FFF7A1FF20210348BDE88F
:105EA0000840FFF79BBF00BF0060004000030050A8
:105EB000C38813F0E00F70B504460D4640D05A0673
:105EC0000ED423F0E003022D9BB218D0032D22D074
:105ED000012DE38004BF43F08003E380002070BD08
:105EE000032D11D0E068036821461B689847E388BA
:105EF000002223F0E003022D9BB2E260E8D143F0E0
:105F00002003E380002070BD23F0E00343F0400352
:105F1000E380002070BD43F04003E38030200CF0AC
:105F2000DEFD2146054608F005FEF9F7DDFF236892
:105F3000E86229462046DB6D01229847002070BDAB
:105F400003685B689847237D114A1F2B98BF4FF069
:105F5000A04203F01F0302EB8301D1F8006726F48F
:105F60004036C1F8006758B1D1F8000740F440301E
:105F7000C1F8000701219940E388C2F820159EE787
:105F8000D1F8000740F40030C1F80007F2E700BF85
:105F90000003005000B583B0042920D8DFE801F0E9
:105FA000100A0A0A03000368DB6A9847002003B05E
:105FB0005DF804FBFFF77CFF002003B05DF804FBF5
:105FC000C38803F0F0031BB9084603B05DF804FB77
:105FD000036801911B6E984701990846E7E76FF443
:105FE0007A70E4E738B5036804465B680D46984765
:105FF000E3885B0605D52946E068BDE8384008F02F
:1060000027BE2368084A5B6D93424FF00301204688
:1060100007D1FFF74DFF2946E068BDE8384008F09A
:1060200017BE9847E7E700BF955F0300072913D81D
:10603000027D0B4B202A38BF4FF0A04302F01F0215
:1060400003EB82030020D3F8002722F4E06242EA47
:106050000121C3F8001770476FF47A70704700BFD2
:106060000003005010B4037D0C4A00290CBF00242B
:106070004FF440741F2B03F01F018CBF13464FF0E9
:10608000A04303EB81030020D3F8002722F4E06251
:106090002243C3F800275DF8044B7047000300500B
:1060A000027D0B4B202A38BF4FF0A04302F01F02A5
:1060B00003EB8203D3F8002722F44032C3F8002711
:1060C000D3F8002742EA0141C3F80017704700BF28
:1060D00000030050F0B5154C236883B0CBB1144DCC
:1060E0002E6816B1002003B0F0BD38200CF0F7FC8C
:1060F0002268104B1049132407460094FFF7FCF860
:106100003846314601222F60FFF7E4F9002003B042
:10611000F0BD44200CF0E3FC0546FCF7F5FD2846F5
:1061200003212560FCF798FDD9E700BF343D00202E
:10613000283D00200000484200C0014003799B0731
:1061400060D5B1F5806F5FD2C3881A072DE9F041A1
:1061500005460E4602D403681B6E98472C4F297DD6
:106160003A464FF0FF34002312F9010B884208BF72
:106170001C460133042BF7D1631C2FD0DFF8A88015
:10618000E86810B1F8F74AFE18B9EB8843F0080345
:10619000EB80D8F800001F4DFFF766F807EE906A15
:1061A000DFED1D6A1D4AB8EEE77AF7EE007AE7EEFA
:1061B000667A2946012307EE100AB8EEC77A1068FE
:1061C00067EE877A0822FDEEE77A17EE906A25F8E7
:1061D0001460FCF7D5FD0020BDE8F0812846FFF7EC
:1061E00079FF0F4BDFF840801C78297DD8F800003C
:1061F000013404F003042246395529461C70FFF788
:106200005DFABDE7074870476FF47A70704700BFCA
:10621000CC2000202C3D00200000803A343D00209E
:106220002823002016FCFFFF283D002070B5174DE5
:106230002DED028B044608EE101AFFF74BFF28687D
:10624000FFF740F9DFED127A07EE100AB4EE677A35
:10625000F1EE10FA04D0286817EE901AFFF7FAF85A
:10626000DFED0C7A9FED0A7A2368B8EE488A204663
:1062700028EE278ADB68C8EE077ABDEC028BBDE802
:106280007040FDEEE77A17EE901A1847283D00207F
:1062900000409C46000080441F4B026A9A4220D076
:1062A0001E4B994209D94FF0004143698B4202D0FD
:1062B00000234161837600207047194B99421FD813
:1062C000184B99421FD8184B99421FD8174B994227
:1062D0001FD8174B99428CBF4FF080614FF000716F
:1062E000E3E7144B994202D94FF0A051DDE7A3F543
:1062F0007403A3F510539942D2D94FF02061D4E72B
:106300004FF08041D1E74FF00051CEE74FF0805180
:10631000CBE74FF00061C8E700F00240FF117A00C0
:10632000FF083D007F841E003F420F001FA10700B1
:106330008FD00300FF47E801082A4FF000034176A1
:10634000837614BF6FF47A7018467047704700BFA9
:1063500010B504460CF0BCFB204610BD036AD3F810
:10636000182182B100B50022C3F8182187B0D3F8F4
:106370001811436A0191019933B14262806A9847CA
:1063800007B05DF804FB704701230322182102A81F
:10639000FDF780F9F4E700BF70B50121044681766E
:1063A000F8F73EFD236AA0680021C3F80015002815
:1063B00073D003681B689847A068627E0368012A4F
:1063C0005B6C8CBF022101219847A368E0681D7DAA
:1063D000002867D003685B689847E068627E0368BE
:1063E000012A5B6C8CBF022101219847E368206978
:1063F0001E7D617E00285BD00368012994BF0021C7
:1064000001211B6898472369617E187D236A6269B0
:10641000C3F808050139C9B20229C3F80C55C3F8FD
:106420001065C3F824259CBF264A52F8211094F920
:10643000182088BF00210025C3F8541542200721E9
:10644000AA42C3F8C055C3F80403C3F8001532DBF1
:1064500002F1604202F56142E02382F8003394F9D0
:106460001830002B13DB5909603103F01F030122A0
:10647000154802FA03F340F8213094F91830002B44
:1064800005DB03F01F015B098A4040F8232020460A
:106490000121BDE87040F8F7C3BCE0684FF0FF355C
:1064A000002897D12069617E4FF0FF360028A3D1E4
:1064B0004FF0FF30AAE7054B02F00F021344E02231
:1064C0001A76CCE7E457040000E100E0FCEC00E0C1
:1064D00070B5044616460A4600F108011D46F8F755
:1064E000A1FC324604F10C012046F8F79BFC2A4639
:1064F00004F1100100252046F8F794FC2046A5760B
:10650000FFF74AFF284670BD38B504460498174D7A
:10651000A1600021C4E90323256021716171C8B124
:1065200000F0EEFF2062D8B101F05EF863692076DA
:10653000B3F1805F1CBF4FF08053636100220023E2
:10654000A276206A637663622246094901F080F8E8
:10655000204638BD042000F0F5FF20620028E3D17A
:106560005A20EAF773FE206ADEE700BFF8570400FE
:106570005D6303002DE9F047847E82B005468A46BC
:10658000DDE90A87164699462CB3B6F5803F35D229
:10659000B8F5803F32D22C6A0020C4F844A5C4F874
:1065A0004865C4F83495C4F83885C4F81801D4F89F
:1065B00018310193019BC4F85005C4F840056FB130
:1065C000012240230C996F62A9622261C4F804334E
:1065D00002B0BDE8F087FFF7DFFED6E70321182001
:1065E000F7F722F92B6A012140221961C3F804232D
:1065F000F7F79CFA384602B0BDE8F0876FF47A707E
:10660000E6E700BFF0B585B0B2F5803F1446064618
:106610000F469C460A9D02D2B5F5803F09D36346DA
:106620002246394630460A9505B0BDE8F04008F0EC
:10663000E1B900240095CDE90144FFF79BFF05B0C7
:10664000F0BD00BF2DE9F041DDE90664DDF82080F2
:10665000C4B1B2F5803F07468C4615469E4602D22D
:10666000B6F5803F0AD3CDE90748069673462A4619
:1066700038466146BDE8F04108F0E8B9BDE8F041B0
:10668000FFF778BF6FF47A70BDE8F08130B585B060
:1066900000250122C17600F11C0300F11B01CDE9A8
:1066A000015500920446FFF765FFA842ACBF207F6A
:1066B000014805B030BD00BF0AFCFFFF21B9436EA1
:1066C0004FF40472C3F8082300207047B1F5614FFE
:1066D00043D00FD9B1F5612F2AD0234B994219D05D
:1066E000B1F5613F2BD0436E4FF0EB720020C3F841
:1066F0002425704747F61223994227D0B1F5164F4B
:106700000FD0B1F5165FEED1436E184AC3F82425B9
:1067100000207047436E4FF080520020C3F82425BC
:106720007047436E4FF41D020020C3F824257047C4
:10673000436E4FF070620020C3F824257047436E0B
:106740004FF06C720020C3F824257047436E4FF45D
:1067500000020020C3F824257047436E4FF46B02FB
:106760000020C3F82425704740420F000050270046
:1067700070B504460E4615462046F9F701F9002883
:10678000FADC94F83C3003F0FF00002BF4D1636E88
:10679000317D2A7DC3F80C15C3F8142570BD00BFE8
:1067A0000021F8F7CDBF00BF70B5044684B0B9B979
:1067B000C3895A073DD5636E04F144012022C3F812
:1067C0003415C3F83825636E4FF404720021216438
:1067D000C3F80423636E01221A60002004B070BD68
:1067E00001290D46F9D190F83C30002BF5D1F9F78D
:1067F000C7F80028F1D0A08EA38E94F83060E16A2B
:106800005A1C92FBF6F306FB13239BB282B220685C
:10681000A3868369895C20469847A38E628E9A423C
:10682000DBD12B46022240F2FF316846FCF732FFF3
:10683000D3E7F8F7B7FCE3895B07BCD4002004B0CA
:1068400070BD00BF10B584B004468DF8071002E09B
:1068500094F83C301BB100F089FD0028F8D000F01E
:1068600085FD70B1636E0022C3F82021D3F820119A
:10687000636E03910399C3F85821D3F858310293FA
:10688000029B626E01230DF1070184F83C30C2F8CF
:106890004415C2F84835626E936000F067FDA0B100
:1068A000636E00E099B9D3F82021D3F85811002A7B
:1068B000F8D061B90122DA60626ED2F85831002B4B
:1068C000FBD00020002384F83C3004B010BD014808
:1068D000F8E700BF09FCFFFF70B50446406E0E46A6
:1068E00000F082FE05461EB1E18911F0200125D09D
:1068F000002D14DA236800215B6820469847204663
:10690000F9F73EF8002804DD236801215B68204682
:106910009847A16B2046F8F717FD002070BD6B0962
:106920009B0003F1604303F5614305F01F0501225D
:1069300002FA05F5C3F880511D60DBE72368134AAE
:106940009B6893421ED1636E4FF40472C3F8082310
:106950002046F9F715F80028FADC94F83C30002BB3
:10696000F6D1002DD9DB6B0920330122084905F04F
:106970001F0502FA05F541F82350BFF34F8FBFF30F
:106980006F8FCAE720469847E2E700BFBD66030065
:1069900000E100E0A0F10800FFF79EBF10B5244B16
:1069A000426E036023493C338360C2F8081382B00F
:1069B0000446406E00F018FE00280DDB430920332A
:1069C00001221D4900F01F0002FA00F041F82300E7
:1069D000BFF34F8FBFF36F8F626ED2F8003223F098
:1069E0002003C2F80032626E01235360626E002100
:1069F000C2F85811D2F85811626E01910199D36012
:106A0000626ED2F85831002BFBD00023C2F800355B
:106A1000636E4FF0FF32C3F80C25C3F81425606E87
:106A200000F0B4FD2046F8F7B7FF204602B010BDD5
:106A3000245804001403420000E100E0A0F1080023
:106A4000FFF7ACBF10B50446FFF7A8FF20460CF0D7
:106A50003FF8204610BD00BFA0F10800FFF7F2BFCD
:106A6000F0B514248BB00C25CDE900451F46234614
:106A7000154604460E46F8F7DFFB514B2360002213
:106A80003C3384F83C20A36062662264002F00F04F
:106A90008A80384600F034FD6066002800F08A8065
:106AA0004FF0EB73C0F82435636E0022C3F86C25F9
:106AB0002046F8F765FF0028FADC94F83C3003F034
:106AC000FF02002BF4D1636E307D297DC3F80C05E5
:106AD000C3F81415636E3B48C3F80821D3F80811B6
:106AE000636E09910999C3F81021D3F81011636EF0
:106AF00008910899C3F82021D3F82011636E0791FB
:106B00000799C3F82421D3F82411636E06910699DE
:106B1000C3F84421D3F84411636E05910599C3F875
:106B20005821D3F85811636E04910499C3F84C218D
:106B3000D3F84C31626E0393039BD2F800322249A2
:106B400043F02003C2F80032636EC3F80403606EA2
:106B5000224600F07DFD606E00F046FD00281BDB44
:106B600043099B0000F1604103F1604303F5614379
:106B700001F5614100F01F00012202FA00F020251A
:106B800081F80053C3F880011860636E0822204624
:106B9000C3F800250BB0F0BD0C4B00F00F00034410
:106BA00020221A76F1E7102000F0CCFC6066002865
:106BB0007FF476AF5A20EAF749FB606E70E700BFBA
:106BC0002458040014034A00196C0300FCEC00E094
:106BD00030B5436ED3F83C55026CAA4283B00446EC
:106BE00006DA0022C3F80821D3F808310193019B8B
:106BF000236C9D420BDD236C5A1C2344226493F8C2
:106C000044102046F8F7FEF9236CAB42F3DB002377
:106C1000236403B030BD00BF70B5456ED5F80831B0
:106C200088B00446D3B1036C1F2B17DC002602E0AA
:106C3000236C1F2B12DCC5F80861D5F808310193CD
:106C4000019B236C5A1C2344226493F84410204671
:106C5000F8F7D8F9D5F80831002BE9D1D5F810317B
:106C6000002B3AD1D5F84C3173B10023C5F84C3123
:106C7000D5F84C31626E0393202104F1440303984C
:106C8000C2F83435C2F83815D5F8243153B1002391
:106C9000C5F82431D5F824310493049BD5F8803409
:106CA000C5F88034D5F8443133B10023C5F84431F8
:106CB000D5F844310593059BD5F82031C3B9D5F8F3
:106CC000583143B10023C5F85831D5F858210792FF
:106CD000079A84F83C3008B070BD0023C5F8103125
:106CE000D5F8103102932046029BFFF771FFB9E7F8
:106CF0000023C5F82031D5F820210692069A84F8A1
:106D00003C302046F8F73CFE002802DC0123EB6013
:106D1000D5E72046F8F7CCF9D1E700BF10B5034B13
:106D200003600446FBF700FA204610BD84580400B7
:106D300010B5054B03600446FBF7F6F920460BF04F
:106D4000C7FE204610BD00BF8458040010B504469D
:106D5000D4E90E2352694FF47A50002BD2F844152F
:106D6000C2F8440522DA1B4A616B0020C2F8100504
:106D7000013393FBF1F201FB1233E36300F00AFBF2
:106D8000D4E90E2352690121002BD1600ADB0233C2
:106D9000104A54F82330DB691B7D1B0243F00113BA
:106DA000C2F81035BDE8104000F0E6BA023354F8DE
:106DB0002300FBF743F8E36B064A616B0020C2F83F
:106DC0001005002BD4D10129D2D14FF0FF33E3635A
:106DD000D4E700BF00600040416B82B08DE80C003A
:106DE00011B102B0FFF7B2BF02B0704770B5104CDE
:106DF000236886B073B102AD2846FCF76BFC2468AB
:106E00000C4B2268566A9E4206D1636B13B1204632
:106E1000FFF79CFF06B070BD06AB13E903008DE8D9
:106E20000300204695E80C00B04706B070BD00BFD7
:106E3000383D0020D96D030070B50E46114604465A
:106E4000FBF72EF933681C4A1C49146000259B6B24
:106E5000A6632160E563294630469847A06B184E2B
:106E600003684FF47A51DB6C9847A06B036829469E
:106E7000DB6B144D4FF47A529847A06B124B0168AC
:106E80004269C3F82055CD694432C3F82425B54280
:106E90004FF00402C3F8042509D10C4BC3604B6AC0
:106EA0009847A06B03689B6A9847204670BD0749C6
:106EB000A847A06B0168F2E7383D00208458040021
:106EC000ED5E02000061004000F00140ED6D030046
:106ED00038B50D460446FBF74BF828460021FAF773
:106EE0008DFF636B012B01D0002038BDA06B0368C0
:106EF0005B6B9847002038BD38B50D460446FAF75D
:106F0000EFFF28460021FAF779FF636B13B9024AB5
:106F1000C2F81035002038BD00600040007A70478C
:106F200090F910304901002BC9B207DB03F160432F
:106F300003F56143002083F800137047034A03F010
:106F40000F031A4400201176704700BFFCEC00E0EC
:106F500090F91030002B11DB5A0910B460320A4C42
:106F600003F01F03012101FA03F344F822304369BF
:106F70005DF8044B012200201A607047436901222A
:106F80001A600020704700BF00E100E090F9103067
:106F9000002B07DB03F01F0001225B09024982403E
:106FA00041F823200020704700E100E010B503689D
:106FB00004461B6B9847636901225A6000201A61DE
:106FC00010BD00BF90F91030002B0DDB5A092032A4
:106FD0000121064803F01F0301FA03F340F82230B1
:106FE000BFF34F8FBFF36F8F0020704700E100E0C9
:106FF000012902D006D3022902D14369C3F804153E
:107000000020704743690022C3F804250020704720
:10701000437A013B99420FDC10B44FF4803344694A
:1070200001F5A87003FA01F144F820200020C4F80B
:1070300004135DF8044B70476FF47A70704700BF1B
:10704000437A013B994211DC30B4446904EB810579
:107050004FF48033D5F8400503FA01F10244C5F836
:1070600040250020C4F8041330BC70476FF47A70D8
:10707000704700BF437A013B994208DC42694FF4F4
:10708000803303FA01F1C2F80813002070476FF44F
:107090007A707047032907D8DFE801F0171009025A
:1070A00043690322C3F80825017200207047436931
:1070B0000222C3F8082501720020704743690022AC
:1070C000C3F8082501720020704743690122C3F804
:1070D000082501720020704710B5044B036000239F
:1070E0000446C380F6F77EF9204610BD344A0400FA
:1070F00010B5064B036000230446C380F6F772F90F
:1071000020460BF0E5FC204610BD00BF344A0400C9
:1071100010B5034629B190F91020002A0CDA00209E
:1071200010BDC288D107FAD5196822F00102DA80B1
:107130008B6A9847002010BD5409084951F8241063
:1071400002F01F0221FA02F2D407E8D5C2880168D2
:1071500042F00102C2800B6B9847E0E700E100E0DB
:1071600038B590F91030002B044611DA0025236859
:1071700020461B6B984762690123D360D368002BBC
:10718000FCD11DB1236820469B6A9847002038BD7A
:107190005909044A52F8215003F01F03DD4005F05D
:1071A0000105E4E700E100E0B1F57A5F14D830B4FE
:1071B000002201254FF47A5405FA02F3B4FBF3F3ED
:1071C000994205D3436930BC0020C3F810257047AD
:1071D0000132092AF0D1F5E76FF47A70704700BFE9
:1071E00070B590F910500368002D04461B6B07DA48
:1071F000984763690122DA64D3F84C65304670BD64
:1072000069090A4A52F821609847636905F01F0529
:10721000012226FA05F5DA64D3F84C65EB07EDD5C3
:10722000236820469B6A9847304670BD00E100E025
:107230000E4BF0B453F82070B7B100237E691846A6
:107240009C46012506EB830205FA03F4D2F84011AF
:10725000013319B12043C0B2C2F840C1042BF1D1AF
:10726000FB680BB1F0BC1847F0BC70473C3D0020F8
:107270000020FFF7DDBF00BF0120FFF7D9BF00BF2F
:107280000220FFF7D5BF00BF0320FFF7D1BF00BF2B
:107290000420FFF7CDBF00BFF8B52D4B03600026DB
:1072A000466004460D461746F6F72CF829492A4849
:1072B000277403238D42E6606561206063723CD0D1
:1072C000264A954230D002F58032954237D1244A81
:1072D000204642F82340FFF775FE94F910306269AA
:1072E0000121002B5160116120DB03F1604303F5A4
:1072F0006143402283F8002301231A464FF47A5158
:10730000092B02FA03F003F1010504D0B1FBF0F000
:10731000B0F57A7F1AD861690322C1F8103520468A
:10732000C1F808252272F8BD0223D0E70D4A03F008
:107330000F031A4440231376DEE70123C7E70A4B05
:107340009D4208BF0423C2D03346C0E72B46D7E78F
:10735000344A040000900040B458040000A00040EB
:107360003C3D0020FCEC00E000B00140014B93F9F3
:10737000000070476A440020054A1378013B5BB265
:10738000002B01DD137070470023137062B6704745
:107390006A44002072B6024A1378013313707047B2
:1073A0006A44002020BF70474FF0805130B44C6ECB
:1073B000086E0022234642EA00042046194630BCEB
:1073C000704700BFBFF34F8F0549064BCA6802F4F0
:1073D000E0621343CB60BFF34F8F00BFFDE700BFF8
:1073E00000ED00E00400FA05704700BF08B50B4B44
:1073F0000122C3F8402502210022930003F1A0439B
:107400000132202AC3F80017C3F8001AF5D1FFF79C
:10741000EBFFBDE80840E9F769BA00BF00E00140B2
:1074200000487047000002204020F6F7B3BD00BFBF
:107430008163704741637047C1637047C06B704799
:10744000EFF30880704700BF406B7047C0E900123F
:107450008360704710B5054B054C1846A1684FF482
:1074600080720BF073FBA06010BD00BF00240020F1
:1074700000ED00E02DE9F0471D4D2C6882B08146FB
:107480000F4690466CB11B4E494620460022FEF73F
:1074900015F930684246394602B0BDE8F04700F0C1
:1074A000ADBA30200BF01BFB124E824600F074FA8E
:1074B0003820C6F800A00BF012FB4FF0130C0E4B57
:1074C000CDF800C0824632680C49FDF715FF224610
:1074D00050460121C5F800A0FDF7FCFF21462868B1
:1074E000FDF7F2FF04492868FDF7C2FE2C68CBE7E0
:1074F000583D0020543D00200050434900200240E8
:10750000F0B40E4F0E4E3C680523012505FA03F238
:10751000224203EB430103F1FF3303D156F821105C
:10752000814205D05A1CF1D100210846F0BC7047B9
:1075300022433A600846F0BC704700BF5C3D002023
:107540000C590400F0B40F4FDFF83CC03C686246B1
:107550000523012505FA03F1214202D1566C304280
:1075600007D1013B591CA2F10C02F3D10020F0BC61
:10757000704703EB430321435CF823003960F0BC00
:10758000704700BF5C3D00200C590400144B98422A
:107590001ED003F5E04398421CD0A3F53433984243
:1075A0001AD003F50433984218D0B0F1402F06D01A
:1075B000A3F50033984208BF002001D07047012096
:1075C000084901220B68824023EA02030B607047DE
:1075D0000520F5E70420F3E70320F1E70220EFE7B9
:1075E000008002405C3D002008B5174B984218D03F
:1075F000B0F1402F1ED003F5003398421CD0A3F504
:10760000043398421AD003F53433984218D0A3F5C6
:10761000E043984216D05A20E9F718FE4FF0FF30A9
:1076200008BD0023094A03EB430302EB830393F9EC
:10763000040008BD0123F5E70223F3E70323F1E784
:107640000423EFE70523EDE7003000400C59040068
:1076500038B5184B98420D46144620D0B0F1402F53
:107660001FD003F5003398421DD0A3F50433984290
:107670001BD003F53433984219D0A3F5E043984268
:1076800008BF052304D05A20E9F7E0FD4FF0FF338F
:10769000094A0A4842F8235040F8234038BD0023E5
:1076A000F6E70123F4E70223F2E70323F0E70423DC
:1076B000EEE700BF00300040603D0020783D002034
:1076C000024A034B10681B68184700BF783D002032
:1076D000603D0020024A034B50685B68184700BFBA
:1076E000783D0020603D0020024A034B90689B6873
:1076F000184700BF783D0020603D0020024A034B40
:10770000D068DB68184700BF783D0020603D00204E
:10771000024A034B10691B69184700BF783D0020DF
:10772000603D0020024A034B50695B69184700BF67
:10773000783D0020603D0020002815D000604160A9
:107740008260C360046145618661C761444604622A
:107750004C464462544684625C46C4626446046398
:107760006E46466374468463002906D0C46B043CAD
:10777000043925680D60B442F9D1946BA646566B66
:10778000B546002B06D0D46B043C043B1D68256035
:10779000B442F9D1146BA446D46AA346946AA246B3
:1077A000546AA146146AA046D76996695569146956
:1077B000D3685168106892687047006041608260C9
:1077C000C360046145618661C761444604624C46FA
:1077D0004462544684625C46C462644604636E46F6
:1077E000466374468463C46B043C043925680D60A9
:1077F000B442F9D1C7698669456904697047006078
:1078000041608260C360046145618661C76144462E
:1078100004624C464462544684625C46C4626446D8
:1078200004636C4644637446846304697047846BE4
:10783000A646446BA546046BA446C46AA346846A64
:10784000A246446AA146046AA046C769866945699A
:107850000469C36882680068416870470649074A3E
:10786000074B9B1A03DD043BC858D050FBDC00F0EB
:10787000DBF8FFF7BBFD000004620400402000209D
:1078800000240020FEE7FEE7FEE7FEE7FEE7FEE756
:10789000FEE7FEE7FEE7FEE78161704701207047E3
:1078A0002DE9F84F0B698C6803F164060746A64280
:1078B0004FF0010288462146B8BF2646FCF71EFA63
:1078C000D7F80090B9F8024004344C4409F104029E
:1078D00094425ED9D8F814C04FF4004E634648F283
:1078E000050A2AE0D8F8101001F132009842A3F1FD
:1078F000320101F007058B4621DB0029B8BFA3F157
:107900002B0BD8F80C0049424FEAEB0B01F00701B2
:1079100058BF4D4210F80B10C5F1070541FA05F5A7
:1079200015F0010F48F20C0108BF514611800232D8
:1079300001339442C8F8143009D9312BD2DCA2F8B3
:1079400000E0023201339442C8F81430F5D8A4EBB9
:107950000904053C0CF1010C0CEB5404B44205DBAA
:1079600098F81C3073B93846BDE8F88FD8F818007D
:1079700003681B689847D8F81430B342F0DA3846E9
:10798000BDE8F88F08F12000F6F75CFA3846BDE84C
:10799000F88FD8F81440E1E738B50546094B45F8AB
:1079A000203B0446012100222846F6F709FA00226E
:1079B0004FF480732846A261A360F6F70BFA2046C5
:1079C00038BD00BF5C59040038B5856975B1002A1F
:1079D0000CDD04462868E160D20000212377226193
:1079E0000368616128469847237F03B938BD04F1D5
:1079F0002000BDE83840F6F7EDB900BF0123FFF7DE
:107A0000E3BF00BFBFF34F8F0549064BCA6802F4BE
:107A1000E0621343CB60BFF34F8F00BFFDE700BFB1
:107A200000ED00E00400FA0508B57F4B1A68511C10
:107A300028D07E4B0D2A1B6800F09A807A4A126883
:107A40000D2A40D07A4AD2F8883043F47003C2F845
:107A50008830BFF34F8FBFF36F8F4FF01023D3F8F1
:107A60000C22D20700F1BF80D3F80022002AC0F216
:107A70009480D3F80432002BC0F28F806D4B6E4A95
:107A80001A6008BD6D4A6E4B12781B680D2AC3F34D
:107A9000031310D1012B6DD9684A694B12781B680A
:107AA0000D2AC3F3031306D1012B19D95E4B1A68B3
:107AB000501C40F0B680614A614B12781B680D2A59
:107AC000C3F30313BED1012BBCD84FF08043D3F8CE
:107AD0000024D10744BF6FF00102C3F80024B1E7CE
:107AE0004FF08052574BD2F80414C3F82015D2F847
:107AF0000814C3F82415D2F80C14C3F82815D2F8CA
:107B00001014C3F82C15D2F81414C3F83015D2F899
:107B10001814C3F83415D2F81C14C3F84015D2F861
:107B20002014C3F84415D2F82414C3F84815D2F829
:107B30002814C3F84C15D2F82C14C3F85015D2F8F9
:107B40003014C3F85415D2F83414C3F86015D2F8C1
:107B50003814C3F86415D2F83C14C3F86815D2F889
:107B60004014C3F86C15D2F84424C3F870259DE77F
:107B7000012B0CD82C4A4FF0804312680021C3F827
:107B80000C11C3F81011C3F83815531C84D0274BBF
:107B90000D2A1B687FF452AF86E72B4A0123C2F8F7
:107BA0000435D2F80034002BFBD04FF01023122103
:107BB000254AC3F80012D2F80034002BFBD04FF056
:107BC00010231221204AC3F80412D2F80034002BEB
:107BD000FBD000231C49C2F80435D1F80034002B37
:107BE000FBD0FFF70FFF184B0122C3F80425D3F891
:107BF0000024002AFBD04FF01021134BD1F80C22A7
:107C000022F00102C1F80C22D3F80024002AFBD094
:107C100000210D4AC3F80415D2F80034002BFBD024
:107C2000DFE704331B680BE730010010340100105C
:107C300000ED00E0D42000200090D003E00F00F021
:107C4000E80F00F000C0004000E00140D0E902234E
:107C5000D1E90201994208BF90422CBF01200020C7
:107C6000704700BF2DE930480C4800F0CFFA0C4BAC
:107C70000C49D3E90023D1E9004512EB000B43F195
:107C8000000CAC4508BFA3455846614603D21BF122
:107C900080704CF10001BDE8308800BFD820002082
:107CA000583900206039002030B583B005460C46B5
:107CB0000B4801A900F07CFB70B10570446001A97C
:107CC000074800F07FFB08B903B030BD054800F05D
:107CD000A1FA002003B030BD042003B030BD00BFC6
:107CE000EC3D0020D82000201B4B1B782DE93048AC
:107CF00023B118B1037F03F0FF041BB90024204611
:107D0000BDE830880546FFF7ADFFD5E9022399426B
:107D100008BF90421BD32B69BBB1D5E9053098470A
:107D200029690029EAD02B7F03F0FF04002BE5D05E
:107D3000D5E9022312EB010B43F1000CC5E902BCAB
:107D40002946064800F0EEFBD9E72B77E5E7294600
:107D5000024800F0E7FBD2E76B440020845904009E
:107D60002DE9F04F83B0834600F024FA40B15B491F
:107D7000D1E9002312F1807443F10005C1E9004507
:107D80000021584600F030FA554C30B1236823B139
:107D90002068FFF7A9FF002323600121584600F067
:107DA00023FA20B1FFF75EFF4E4BC3E9000101A9A2
:107DB0004D4800F017FB08B34C4E4D4F4A4D037829
:107DC000012B6CD073D3022B0ED130464FF000083C
:107DD00000F0BCFB30B180F81C80304600F0B6FBF0
:107DE0000028F8D101233B7001A9284600F004FBCC
:107DF00001A9284600F0F6FA0028E0D1DFF8EC806F
:107E0000DFF8F090DFF8F0A003E00D2838D0002371
:107E10002360404600F0A0FB2368002858D05BB1E7
:107E20002368D0E90201D3E90223994208BF9042B6
:107E30001FD223681B7F3BBB404600F087FBD0E985
:107E400002670546FFF70EFF361A67EB0107012EA2
:107E500077F1000310DB56451BD8AA684FF4960350
:107E60000021484600F026F90028CED1236843B30C
:107E7000256003B0BDE8F08F0021484600F0AAF964
:107E80002846FFF731FFC2E72168404600F04AFB71
:107E9000D2E7484600F0BAF900EB0A02DEE7416893
:107EA0002368994211D0304600F05AFB9CE74168A4
:107EB0000B7F002B98D101230B77304600F032FB6B
:107EC00092E7584600F0CCF8D2E7002323608BE716
:107ED000002BCED1584600F0C7F8CAE75839002029
:107EE000FC3D002060390020EC3D00208459040056
:107EF0006B440020D8200020FFFFB40010B5134BC6
:107F000013491B68134882B058220193082300F0DC
:107F100015FA044610B1204602B010BD0E4A0F48B3
:107F200001A900F05BF804460028F4D101210B48B8
:107F300000F038F901231946094A084800F098F87A
:107F4000084B012220461A7002B010BD805904006F
:107F5000943D0020EC3D0020617D0300D8200020EE
:107F6000FFFF7F006B4400204AB1A1F101010368CB
:107F7000B1FA81F14909C3E90412002070470720D2
:107F8000704700BF037F0BB1002070472DE93048D8
:107F9000826104460D46FFF765FE236910EB050B71
:107FA00041F1000CC4E902BC03B125612146002067
:107FB000BDE83048FFF778BE002301460377012073
:107FC000FFF772BE014800F04FB800BFD820002074
:107FD000014800F045B800BFD8200020F0B4447933
:107FE0001C4D1D4FE600AB1947F824201B7973BBCD
:107FF00003680A88C3F808258A7890F9043052018A
:10800000002BD1B2DFB21CDB5A09920002F16042B0
:1080100003F1604302F5614207F01F074FF0010CC6
:1080200003F561430CFA07F783F80013C2F8807177
:108030001760AB19012245F834001A710020F0BC1A
:108040007047064B07F00F073B441976F1E708200D
:10805000F0BC7047003E0020083E0020FCEC00E031
:10806000036801221A607047036801225A60704752
:1080700070B48C0004F5A0740068A4B24FF480358D
:108080008D400026C0F80853C0F84853065183B00D
:108090000459019401F5A87122F07F42019C40F837
:1080A0002120C0F844530BB1C0F8045303B070BC96
:1080B000704700BF2DE9F04F04684FEA81084FF484
:1080C00080358D4004EB080C08F5A076C4F84853C1
:1080D000B6B2C4F8085381460F464FF0000AD4F8F0
:1080E0000415DCF84005CCF8401544F806A085B02E
:1080F000401A20F07F40A159029101289B4622F0AE
:108100007F42029B0ED1264B019243F001034FF4B4
:1081100080609847D9F80040019A44F806A0A35916
:108120000393039BD4F80465C4F84453931B23F0D2
:108130007F43012B18D107F5A877194B013244F87A
:10814000272043F001034FF480609847D9F800409E
:10815000D4F804359E421FD10020C4F84453C4F81B
:10816000045305B0BDE8F08FA044531EC8F8402565
:10817000D4F80415CBF1FF1B5B1A0BF57F4B23F0F2
:108180007F439B4508D3002BE6D10132C8F8402538
:10819000D4F804359942DFD00D2005B0BDE8F08F4A
:1081A0009033040003680222C3F8442309B1C3F8E2
:1081B000042370470368D3F8040150B1002282B051
:1081C000C3F80421D3F804310193019B012002B0CC
:1081D0007047704702684FF4803303FA01F1C2F828
:1081E0004813C2F808137047890001F5A07189B2DD
:1081F0000368585840B100225A5082B05B5801932E
:10820000019B012002B07047704700BF0368D3F89C
:108210000405704790F90430002B09DB5A094032FD
:1082200003F01F030121034801FA03F340F8223051
:10823000704700BF00E100E0024A034B10681B6872
:10824000184700BF003E0020083E0020BAB1126867
:10825000D243C1B130B401440C4C4D1E013810F86A
:10826000013F082153405A08DB0748BF62400139EB
:108270001346F8D18542F2D1D04330BC70474FF05D
:10828000FF320029E6D1D043704700BF2083B8ED0C
:1082900010B483B050E8013F9CB2B0F80EC0644403
:1082A000B0F80CC0644528BFA4EB0C04B0F808C0BB
:1082B000644502BFBFF32F8F002208E0C4EA030425
:1082C00040E8014CBCF1000FE4D14FF001028DF801
:1082D00003200193019B9DF803000B6003B05DF840
:1082E000044B704710B483B050E8023F1FFAA3F468
:1082F000B0F806C0644502BFBFF32F8F002211E023
:10830000B0F80EC06444B0F80CC0644528BFA4EBBC
:108310000C04C3EA044440E8024CBCF1000FE3D172
:108320004FF001028DF803200193019B9DF803009B
:108330000B6003B05DF8044B704700BF99B110B4F7
:10834000B2FBF3F403FB1424A4B244B9C0E9001453
:1083500084608281C38120465DF8044B7047092008
:108360005DF8044B70470E20704700BF82B050E8A4
:10837000022FC188B2EB324F4FF0000317BF92B209
:1083800041EA014142EA014104E04268B2EB324F66
:1083900008BF012340E80212002AE8D18DF8073017
:1083A0009DF80730002B0CBF1120002002B0704751
:1083B00038B50446FFF76CFF10B10B8820681844ED
:1083C00038BD00BF0A884B889A4201D00020704710
:1083D00050E8012FC2EA024240E80123002BF7D106
:1083E0000120704738B50446FFF77CFF10B14B8879
:1083F0002068184438BD00BF0A884B889A4201D0D3
:108400000020704750E8022FC2EA224240E80223CF
:10841000002BF7D10120704733DF7047064A074B26
:1084200010B5002414701C60BFF35F8F0449054829
:1084300000F062F8204610BD6D440020143E00207C
:10844000905904000C3E00202DE9F041244E0546D1
:108450000121304604F0FCFFBFF35F8FD8B9042D33
:108460002BD0204B1A789AB91F4C012225701A7014
:108470001E4F7B688BB1B84605E0404600F046F8D9
:108480007B6853B125781B68284698470028F4D1AB
:10849000BFF35F8F3060BDE8F0812378023B012B92
:1084A0000ED903F0FBF9C0B94FF080430122C3F8A5
:1084B0000025BFF34F8F20BFFDE70B4C2578D7E792
:1084C000BFF34F8F0A490B4BCA6802F4E0621343B3
:1084D000CB60BFF34F8F00BFFDE7FFF79DFFE3E7E2
:1084E000143E00206D4400206C4400200C3E00200F
:1084F00000ED00E00400FA05D1E900329342C0E942
:10850000001304BF00234360704700BF436843B1BA
:108510000268D2E901210B449342436004BF002367
:108520004360704770B54468064620680D4618B928
:1085300008E02468206828B1B368294698470028D5
:10854000F7D120682860256070BD00BF43681868B7
:1085500008B102681A60704743681868704700BF26
:108560004068036873B18B4203D107E0814204D0B5
:10857000034618680028F9D1704718460B68036055
:1085800001207047184670476DDF704779DF7047EC
:108590007DDF704764DF70472DE9F04F83B00488BA
:1085A0000C9EBDF83490B6F800A0002C39D0984647
:1085B000002317468B4605461C4603E02A880134F3
:1085C000A24224DD6A6852F82400019000220DF1D5
:1085D000030101A8FFF7DEFF20BB9DF80320BA428C
:1085E000ECD13288D11903B349452BDC42440DF15B
:1085F000030101A80123FFF7CDFF98B931889DF849
:1086000003200A4432802A880134A242DADC43B1D2
:108610003388013BA3EB0A039BB2FF2B12D808F867
:108620000A30002003B0BDE8F08F023101328945E5
:1086300092B207DB328008F802B03288013292B27F
:108640003280D3E70C2003B0BDE8F08F2DE9F04174
:1086500082B01746089CBDF8245000940195022270
:1086600006469846FFF798FF10B102B0BDE8F081CA
:108670004346394630461022CDE9084502B0BDE8F0
:10868000F041FFF789BF00BF2DE9F04790F82D308A
:1086900017881446002286B005460E462280002B1D
:1086A00040F0FC80AB78002B40F0FE80EA78A2B16D
:1086B0002388D91CB94200F2F3800221F1542388A7
:1086C00001339BB201212380F15423880B449BB2D8
:1086D0002380F25423880B4423806B68B3B1228833
:1086E000D11CB94200F2DC80022093F90010B05492
:1086F000238801339BB20A222380F254238801335A
:108700009BB22380F1542388013323802B89002BD3
:1087100040F01B812B8A002B40F024812B8B002BF7
:1087200040F02D812B6A002B44D02288911DB94244
:1087300000F2B6801988052940F203816FF4486879
:1087400001EB080080B24FF27D3C604540F2F980B9
:108750005888052840F2F5806FF4486E86441FFA69
:108760008EFEE64540F2ED804FF6FF7C614504D079
:10877000604502D0814200F2E4800521B154228894
:10878000013292B212212280B1542288013292B277
:1087900022801988B1543244090A51702288023269
:1087A00092B222805B88B35432441B0A53702388F0
:1087B000023323806B6A002B2FD09988B4F800C055
:1087C000881C0CF102020244BA4269D8FE2867D81C
:1087D000033106F80C102288013292B2FF21228068
:1087E000B1542288013292B222801988B1543244A5
:1087F000090A51702088023080B220809A8862B1C4
:1088000099680393002900F09C8030440AF09EF997
:10881000039B9A8823881344238095F82C30002BDF
:1088200040F08A80287800283BD02B88012B00F06C
:108830008880228802F1020CBC4531D8012804D17D
:108840006B78023313449F422AD3BB1E9B1A06A99E
:108850009BB221F8083D06EB0C00FFF799FE00BB28
:108860002978BDF81020022900F0E1806878904254
:10887000C0F0D8809342C0F0D5800921FE2A0FD8DD
:108880002388501CF054238801339BB22380F15479
:10889000238801331A442280002002E0082F23D8C5
:1088A0000C2006B0BDE8F08723880433BB42F7D81C
:1088B00004A8FFF76BFE0028F3D12388BDF8102031
:1088C0000321F154238801339BB219212380F154F1
:1088D000238801339BB2F1182380F254120A4A70A4
:1088E000238802332380E1E604A8FFF74DFE002829
:1088F000D7D123889DF810200821F1542388013313
:108900009BB21B212380F154238806A901339BB21B
:1089100051F8070D2380F0503344898899802388CB
:1089200006339BB212F0FE0218BF01222380F254DC
:10893000238801332380B5E6D5F82880B8F1000FED
:108940002AD1072006B0BDE8F087CDE900473346BD
:108950000622022105F10800FFF778FE00283FF407
:10896000D9AE9EE7CDE9004733460722032105F142
:108970001000FFF76BFE00283FF4D0AE91E7CDE981
:10898000004733461522142105F11800FFF75EFE5B
:1089900000283FF4C7AE84E7B8F804300233FE2B5A
:1089A0003FF67EAF4FF000094FF0160A22880133E0
:1089B000B354238801339BB2238006F803A0238895
:1089C00001339BB22380B8F80020F2543344120ADA
:1089D0005A702088023080B22080B8F804303044C9
:1089E0001A465BB1D8F808301946002BA9D00AF016
:1089F000ADF8B8F8042023881344238009F1010955
:108A000095F82C305FFA89F94B4509EB49087FF658
:108A100009AFAB6A03EB8808B8F804300233FE2BC9
:108A2000C4D93DE7012906D01A46082126E793421A
:108A3000BFF423AFF8E78342F6D3024608211DE7CF
:108A400075DF704776DF70477ADF70477BDF7047EE
:108A500030B51D4B1A8884B2A24283B001D003B056
:108A600030BD1A4D187A297B88420FD32A7C002109
:108A70001972E2B96B69002BF1D00022ADF8064003
:108A80008DF8042001A8984703B030BD104603F1CB
:108A90000A01FFF7D5FF28B11128E0D0AB69002B00
:108AA000F1D1DCE71A7A01321A7203B030BD3B21F2
:108AB0002046FFF7C7FF30F00803DBD0AB69002B7F
:108AC000D8D09847D6E700BF343E0020183E00209B
:108AD00070B54B7A82B002467BB90F4C0E7A48686B
:108AE000D4E90153002E0CBF29461946FFF74AFA74
:108AF00008B1A3696BB902B070BD074B5B69002078
:108B00000872002BF7D00121ADF806208DF8041073
:108B100001A8984702B070BD183E00208388B3F5C5
:108B2000FA7F28BF6FF4F97230B428BF9D1804880B
:108B30004A8838BF002594420DD8408890420AD315
:108B40008888A84207D303F2F313834234BF00207E
:108B5000012030BC7047002030BC70470288112AC9
:108B600070B503462FD01BD9122A07D0502A04D142
:108B70003A4CC188E289914236D070BD384C828827
:108B800025889542F9D100F1080104F10A00FFF7A8
:108B9000C5FF607221462846BDE87040FFF798BFC8
:108BA000102AEAD1C27B012AE7D12D4C21884FF649
:108BB000FF7291422FD0294B9B69002BDDD00420FE
:108BC000BDE870401847264C828823889A42D4D149
:108BD0006068FFF7F1F918B1204B9B6903B1984722
:108BE0004FF6FF73238070BD028A022AC5D11C4D47
:108BF00082882E889642C0D1123000F061FA30BBD4
:108C00006868FFF7D9F90028B7D0A369002BB4D062
:108C1000BDE870401847134A8588258003CA04F1CF
:108C20000A02C4F80E1003F110010023C4F80A0070
:108C300023721046FFF772FF084B6072DB89002B2E
:108C40009BD121462846BDE87040FFF741BF294629
:108C50003046BDE87040FFF73BBF00BF183E002024
:108C6000343E0020483E002000282FD0F8B50546AD
:108C700006460FCD164F3C460FC4844695E80700C4
:108C8000144B3B6084E80700BCF1000F18D060462D
:108C9000FFF7DAFE98B932681068516803C30E4BCB
:108CA0000E490F4A18464FF6FF7440F8041F1C8007
:108CB0000021FFF759F9002814BF03200020F8BD58
:108CC0001846FFF7C3FE0028E9D0F8BD0E20704714
:108CD000183E0020483E0020343E00206839002025
:108CE000518A0300F0B583B00190A1B1019D7DB11F
:108CF00000240E4617462546214601A804F064FBD1
:108D0000394610B1A0B2B04701350134142CF3D16B
:108D1000284603B0F0BD0D46284603B0F0BD00BFA5
:108D20000146014804F050BB543E002070B582B0AB
:108D300006460191019D6DB100242546214601A8FA
:108D400004F042FB18B106EB450301359C80013469
:108D5000142CF3D13046356002B070BD2DE9F047D8
:108D60000388B0F80480103B8CB007460A2B1BD850
:108D7000DFE803F02F281A1A1A1A1A1A1A1D060009
:108D8000047A38482409032C41464BD804F012FBDE
:108D9000032C49D04146344804F00CFB022C47D048
:108DA0004146324804F006FB0CB0BDE8F087037A78
:108DB000002BF9D1437A2B481B0741464FD404F0CE
:108DC000F9FAF1E741462A4804F0F4FA0CB0BDE89C
:108DD000F087284EB3680CA8DB4340F8303D71683B
:108DE00004F058FB009901A8FFF7A0FF019B83B195
:108DF0000DF106097C3609EB430A39F8025F1E4C77
:108E000020462946043404F0D5FAA642F8D1D145CB
:108E1000F3D1B8F1130F12D9042003F0A5F90CB067
:108E2000BDE8F08704F0ACFA41460F4804F0A8FA18
:108E300041460E4804F0A4FA0CB0BDE8F087414664
:108E40000B4804F09DFA41460B4804F099FAFB7B6D
:108E5000012BA9D04146094804F092FAA4E704F096
:108E60008FFAA1E7683E0020643E0020603E0020AB
:108E7000583E0020503E0020543E00205C3E002022
:108E8000132801D900207047FFF74ABF132801D9E2
:108E900000207047FFF744BF132801D90020704716
:108EA00010B50446FFF73CFF08B9002010BD21466D
:108EB000034804F089FA002814BF0220012010BDE5
:108EC000583E0020132801D90020704710B50446F1
:108ED000FFF726FF08B9002010BD21460248BDE873
:108EE000104004F071BA00BF603E0020132801D981
:108EF0000020704710B50446FFF712FF08B90020A4
:108F000010BD21460248BDE8104004F05DBA00BF24
:108F1000643E0020132801D90020704710B5044694
:108F2000FFF7FEFE08B9002010BD21460248BDE84B
:108F3000104004F049BA00BF683E002070B50A4BEB
:108F400082B002AE9B6846F8043D00252C462146BF
:108F5000304604F039FA013400B10135142CF6D151
:108F6000284602B070BD00BF503E002070B50E4ACA
:108F700082B0D36802A8DB4340F8083D02AE916896
:108F800004F088FA009B46F8043D00252C46214653
:108F9000304604F019FA013400B10135142CF6D131
:108FA000284602B070BD00BF503E002010B5034BF4
:108FB00004465968FFF7BAFE204610BD503E002017
:108FC00010B5094982B0CA6802ABD24343F8042DF8
:108FD00004468968184604F05DFA20460199FFF7B7
:108FE000A5FE204602B010BD503E002008B5182155
:108FF000024804F0F3F9C0B208BD00BF503E0020A3
:1090000070B50C4C054620460E4604F0DDF908B15B
:10901000132D01D9002070BD2846FFF781FE0028DE
:10902000F8D0F01D04EB80002946BDE8704004F044
:10903000CBB900BF503E0020F8B50E4C0546204687
:1090400017460E4604F0C0F908B1132D00D9F8BD3B
:109050002846FFF765FE0028F9D0F01D04EB8000DC
:1090600029461FB9BDE8F84004F0A4B9BDE8F840AE
:1090700004F086B9503E0020034B9B680A46014627
:109080001846FFF72FBE00BF503E0020F8B50A4C2F
:1090900005460E4620462946174604F095F900B9C4
:1090A000F8BD063504EB85043A4660683146BDE8F4
:1090B000F840FFF717BE00BF503E0020AADF704700
:1090C000007800F0010070470078C0F3400070475E
:1090D00070B58C7890B01346002C40F0AF80012220
:1090E0008DF80E204A7C0C88ADF80C40013A002423
:1090F0008DF80240ADF80040042A09D8DFE812F0EC
:109100000500C600CA00CE00C20011228DF8002062
:109110008C7C013C042C09D8DFE814F00500C80061
:10912000CC00B000C40011228DF80120CD7B9DF849
:1091300002400A7C0E7B65F3C3040D7D62F30414C8
:10914000002D4A7B14BF0225012566F3000465F358
:10915000420412F0300F4FF000058DF80240CDE9C7
:109160000955CDE90B55CDE90D550F9569D1002273
:10917000CDE906224D7B08928C688A7B8DF82450BD
:109180008DF8252003AD8A88CDF814D00495ADF86C
:109190001C201CB1CA880894ADF818208C69002CDA
:1091A0002FD000268DF80660ADF804602688227B5B
:1091B000ADF82C606688ADF82E6001AD66680A9641
:1091C000013A0D95042A28D8DFE802F02494848817
:1091D000900011228DF80520A67A9DF80650E27ABB
:1091E00066F3C30562F30415A27B267A002A2C4697
:1091F00066F3000414BF0222012262F342048DF8D8
:109200000640CA6902B10C9209A904AAFFF756FFE9
:1092100010B070BD11228DF80420627B013A042A3F
:10922000DAD801A555F822F0D3910300C5920300C6
:10923000CD920300BD920300E59203008DF80E402D
:1092400050E7CA7CADF80850013A8DF80A50042A5C
:1092500007D8DFE802F0035F5B57530011228DF857
:1092600009209DF80A2002AC0E94012464F3420206
:1092700011248DF80A208DF8084078E712228DF825
:10928000012053E722228DF8002041E721228DF8AA
:1092900000203DE731228DF8002039E712228DF8B9
:1092A000002035E722228DF801203FE721228DF8AA
:1092B00001203BE731228DF8012037E712228DF89B
:1092C000052089E721228DF8052085E731228DF8D8
:1092D000052081E731228DF804209EE712228DF8C7
:1092E00004209AE722228DF8052075E722228DF8C6
:1092F000042092E721228DF804208EE722228DF8A7
:109300000920AEE712228DF80920AAE731228DF854
:109310000920A6E721228DF80920A2E790DF7047F7
:10932000A5DF7047B5DF704710B5002384B0044651
:109330006A46184602A9ADF80840ADF80A40039302
:109340000093ADF80430FFF7E9FF04B010BD00BF93
:1093500008B90E20704730B403464FF017151B2490
:109360000020172219611D6041F61B311C71DA8043
:109370001A819872D872998130BC70478388C3B9BA
:1093800030B50288232A83B00C4613D036D93A2A46
:1093900018D0552A3FD0242A5ED0A37A3BB1E18869
:1093A0000020FFF7BDFF10B90123A072E37203B0E4
:1093B00030BD7047007A0B7B984228BF1846FFF7F4
:1093C000B3FFEAE74289C98825698A4228BF0A466D
:1093D000172A38BF1722228165B1E17A51B140F6D0
:1093E0007721ADF80010ADF80230ADF804206946E1
:1093F0002046A8470023E372A372D8E7102A3FD083
:10940000112ACAD1172241F61B31A372E372E280FE
:109410002281A181CBE7C288C988A372172A38BFED
:1094200017228A4228BF0A4618462281FFF77AFF90
:10943000E37A002BB1D12269002AAED02189ADF8A0
:10944000023040F67720ADF80000ADF80410204659
:1094500069469047A37AA1E70A69017A6173002AF5
:109460009BD04DF67A20ADF80430ADF802308DF87F
:109470000410ADF80000694620469047A37A8DE7B6
:10948000C37B08790873012B0CBF2188C988238905
:1094900008BFE1808B4204D3637B8342BFF47DAF7E
:1094A0008DE70020FFF73CFF18B90123E372207B12
:1094B000F2E7112809BF0123207B207BA372EBE791
:1094C0002DE9F041DFF8988000238AB04FF6FF7055
:1094D00088F80030CDE9003300F0E8FC4FF6FF7665
:1094E000B0421FD0044648F2096707E000F070FC64
:1094F000204600F0DBFCB042044613D0A4F58045C2
:10950000ADB228466A4602A903F088FEB84220465A
:10951000ECD0284603F0F2FD48F207629042034681
:1095200003D043B90AB0BDE8F081012388F80030C8
:109530000AB0BDE8F08100220721079305A84FF685
:10954000FF73CDE90522CDE90822ADF818408DF86A
:109550001410ADF8163000F065FA0AB0BDE8F081DD
:109560006E44002010B58389047886B003F58043EB
:1095700000229BB2611ECDE90122CDE90322ADF8A4
:1095800008300592042913D8DFE801F0323232198D
:1095900003004368002B55D113238DF804304FF698
:1095A000FF7301A8ADF80830ADF8063000F03AFAC4
:1095B0002D4C23780BB1FFF783FF06B010BD43F6A7
:1095C000FE729342F4D8C289002AF1D14268002A7F
:1095D00042D00B2303928DF80430234C01224FF626
:1095E000FF7301A82270ADF8063000F01BFAE0E727
:1095F00043F6FE729342C1891ED8D0E90132A4F12C
:109600000304B4FA84F464098DF80C108DF80D404D
:109610000492E3B99DF81430082243F001038DF859
:1096200014308DF804204FF6FF7301A8ADF8063012
:109630000D4C00F0F7F9BCE701F580439BB2934273
:10964000DBD9B5E7142203938DF80420A7E709229C
:1096500005938DF80420E6E718460A238DF80430B8
:1096600000F0B6FBB9E700BF6E44002010B5A1F5CD
:10967000804182B0A0F58040002489B26B4680B260
:10968000CDE9004403F08EFDA04214BF0520204622
:1096900002B010BD30B5184889B003F063FB30BB91
:1096A00003F078FB0546F0B900F072FBCDE90355F5
:1096B0000DE005A803F0C2FC019B9C8804F58044E2
:1096C000A4B205A803F0E4FC204600F069FB05A95C
:1096D00003AA4CF2070003F081FD01A90028E8D09D
:1096E000284609B030BD8625284609B030BD03257F
:1096F000284609B030BD00BF65950300F0B5FF28CE
:1097000087B004D8012906D00C1F052C03D90725E2
:10971000284607B0F0BD164603AA1F460C46FFF7C1
:10972000A5FFE0B901A903A803F088FC0546B0B97C
:10973000019BB4705B8833800299A7B13A68706866
:109740009C00A24228BF2246164609F0FFF9B44207
:109750000BD803A803F09CFC284607B0F0BD0525F4
:10976000284607B0F0BD7160F3E70C25F8E700BFAD
:10977000024B0022C3E90022704700BFCC3E00200C
:10978000012804D0031F052B01D90120704770B5B3
:10979000044686B0A0F5804016460D4680B203A967
:1097A0000D4A03F01BFD10B1002006B070BD01A9E9
:1097B00003A803F043FC0028F6D1DDE901219388DA
:1097C0005288328003F58043B470716003A82B8007
:1097D00003F05EFC0120E8E7CC3E0020F0B5FF2856
:1097E00087B005D88C78012C06D0231F052B03D910
:1097F0000724204607B0F0BD0B46A4F5804621465D
:109800005C681B88ADF80260A0F58047154603AA86
:10981000ADF80070CDE90143FFF728FF052813D00C
:10982000694603A803F062FC044648F206639C42C2
:109830001AD00FD948F207639C4203D048F20D6357
:109840009C420FD11124D4E7694603A803F04AFCD7
:109850000446EAE734B9002DCBD0294603A803F02B
:10986000FDFCC6E70324C4E78624C2E74FF6FF7079
:1098700000F096BAFF2806D808B500F097FAFFF76F
:109880001FFE002008BD0720704700BF00F0B4BADB
:1098900000F0BCBA00F0E2BA00F008BB00F00CBB6C
:1098A00070B41D4E0546002202EB4203980036F8C4
:1098B0002330AB4205D00132042AF5D1002070BC20
:1098C0007047304483788B421ED0531C042BF5D054
:1098D0005800C41836F82440AC420ED002EB4202C5
:1098E00006EB820202E09489AC4205D00133042BDE
:1098F00002F10C02F7D1E1E75800184406EB8000B2
:109900001A4683788B42E0D1837A9B07DDD1436886
:10991000002BDAD170BC70472440002070B5037A68
:1099200005465BB10D4E0024697A2144C9B2304628
:1099300001F060F82B7A0134A342F5D8AB7A00220B
:1099400003F0FD03FF204FF6FF716FF30003687211
:109950002A72AB722980A9706A6070BD1440002021
:1099600010B582B08278417A044600232B48CDE9B5
:1099700000338DF8022001F023F8002839D0237A33
:10998000A178019003EB83039B004A1EADF80030E1
:109990008DF80210072A08D8DFE802F01E07070733
:1099A000071E042E1423ADF800306946221D2088BE
:1099B000FFF714FF07280DD012D9112822D08628CE
:1099C00017D1A37A164A03F0FD0343F001030121E6
:1099D000A372117002B010BD0123ADF80030E4E7AE
:1099E00038B9A37A60F3410360F30003A37202B0B5
:1099F00010BD032002B010BD838809339B08ADF869
:109A00000030D2E7A37A064A43F002036FF3000363
:109A100001210020A372117002B010BD144000207B
:109A20006F4400202DE9F047444EC168044686B0DB
:109A30003746334600205A68914203F10C0375D033
:109A400001300428F7D100202378092B19D0132BDB
:109A500069D0082B5FD04FF00008204600F0EEFAE6
:109A6000204601F08DFDDFF8D890204604F050FB31
:109A7000204604F01DF999F800307BB906B0BDE826
:109A8000F087637A002BE6D1002854D0827ADFF881
:109A9000B090436042F0020298468272002489F836
:109AA00000404FF0010A63001A1907EB8202927A14
:109AB00091072DD4D20727D589F800A0B8F1000F5F
:109AC00022D023449D007019FFF74AFFE0B17B5B71
:109AD000ADF8083086284FF6FF73ADF8063016BF94
:109AE00003900623072301A88DF8043000F0A6FA9E
:109AF00001A801F045FD01A804F00AFB01A804F04B
:109B0000D7F806B0BDE8F0870134042CCBD1B5E717
:109B100089F800A0D5E7657A002D9CD158B1FFF7F0
:109B2000FDFEA84699E74FF0010896E700EB4000DC
:109B300007EB800088E780468FE700BF24400020C5
:109B40006F440020F0B5174E002183B033460D4618
:109B50004FF6FF74FF2701EB410206EB82021C80E7
:109B60009C705F72907A013100F0FD006FF300008D
:109B70000429907203F10C0303F8045C43F8085CB9
:109B8000E9D15023CDE900134FF4A072064B0749E9
:109B9000074800F0C7FE002814BF0320002003B0D0
:109BA000F0BD00BF2440002054400020D43E0020DF
:109BB00014400020F8B51E4F0646002505EB45036E
:109BC0009A0037F82330B34205F101040AD0042C7F
:109BD0002546F3D13046FFF74DFE10B1072818BFD8
:109BE0000320F8BD3A4491783046FFF759FE08B19A
:109BF000FFF794FE042C2346ECD06200111937F8CD
:109C00002110B1420ED005EB450507EB850202E0BD
:109C10009189B14205D00133042B02F10C02F7D136
:109C2000D8E75A001A441D4607EB82025C1CDAE7AB
:109C3000244000200023FFF761BD00BF83B32DE95E
:109C4000F041CD1F012D0C4625D8551E032D22D8DD
:109C500007461E461546FFF723FE804688B3037A63
:109C6000AB421BD198F80910FF291FD0002788F8B4
:109C70000850254800F0A4FE68B305EB85031B01DE
:109C80009BB29B083380B47070600FB1082C09D070
:109C90000020BDE8F0810720BDE8F0810F20FBE740
:109CA0000E2070479B00063B8380F1E7294616484B
:109CB00000F04EFEFF28014688F809000FD001276A
:109CC000D5E7FF214FF6FF70FFF7EAFD804620B190
:109CD00007808470C6E70320DEE71120DCE798F8F0
:109CE0000A3088F8020003F0FD0300226FF300033E
:109CF0004FF6FF7188F80A30A8F8001088F808209D
:109D0000C8F804201120C7E71440002008B5FFF769
:109D1000C7FD18B1FFF702FE002008BD052008BDF1
:109D2000CB1F012B01D90720704770B5064610469E
:109D300015460C46FFF7AAFD50B130462146FFF705
:109D4000AFFD38B105808470BDE87040FFF708BEF4
:109D5000072070BD052070BD4FF6FF73984210B507
:109D600009D0FF2804460FD80846214603F012FB0D
:109D700050B9204610BD08464FF4807103F02EFB09
:109D800080B2B0F5807FF5D14FF6FF7010BD00BFF7
:109D900040220021014808F0FDBE00BF58400020CD
:109DA0000149FFF7D9BF00BF584000204FF6FF72AE
:109DB000904209D010B505490446FFF7CDFF201A9F
:109DC000B0FA80F0400910BD0020704778400020B4
:109DD000FF2800D9704710B501460446044803F037
:109DE000E9FA21460348BDE8104003F0E3BA00BF9A
:109DF0005840002078400020FF2801D900207047FB
:109E00000146014803F0E0BA58400020FF2801D97C
:109E1000002070470146014803F0D6BA7840002080
:109E200038B54FF6FF7398420D4615D0013084B215
:109E3000FF2C04D90CE09CB2B4F5807F08D02146F9
:109E4000284603F0C1FA631C0028F4D0204638BD30
:109E50004FF6FF74204638BD0024F0E7F8B51149ED
:109E6000FFF7DEFF4FF6FF75A84217D0FF28044624
:109E700012D80D4EA6F1200707E02046FFF7D0FFCD
:109E8000A84204460AD0FF2C06D82146304603F0EB
:109E90009BFA39460028F0D12046F8BD4FF6FF74F2
:109EA0002046F8BD58400020784000200149FFF7C7
:109EB000B7BF00BF7840002070B50024064E25468D
:109EC0002146304603F080FA0134B4F5807F054422
:109ED000F6D1284670BD00BF58400020074B1A78C5
:109EE00002B9704710B5044604F0D8FC204601F0D2
:109EF000A3FB2046BDE8104003F0BCBF7144002026
:109F000010B504462046FFF7C5FC0446FFF7C0FC29
:109F10000028F7D1204610BD10B582B00024019270
:109F20006A460094FFF7EAFB02B010BD2DE9F04F3E
:109F300087B083464FF6FF708A4601929946FFF735
:109F4000A9FC00250421CDE9031503AB04AA0621D1
:109F500002AE044602950596FFF7D0FB07283FD0D6
:109F60004FF6FF77B8464FF0FF3660B1052814D1A1
:109F70002046FFF78FFC03AB04AA06210446FFF737
:109F8000BDFB0028F2D1029BAB4224BFA0461D4678
:109F9000B3423CBF1E462746EAE74FF6FF739C429A
:109FA0001AD1A04520D0A7420CBF05200020BBF14C
:109FB000000F01D0ABF80080BAF1000F01D0CAF851
:109FC0000050019B03B11F80B9F1000F05D0C9F803
:109FD000006007B0BDE8F08F032007B0BDE8F08F48
:109FE000052007B0BDE8F08F0520E0E70F4B70B506
:109FF0001C7814B90E4B1C7070BD0E4D0E4E002314
:10A00000294630461A46FFF791FF052805D0B0FAD9
:10A0100080F4074B64091C7070BD00232B60044B57
:10A020004FF6FF7232801C7070BD00BF714400207B
:10A0300073440020984000204E4400202DE9F04158
:10A04000054686B0808804F0EBFA2B786880083BE0
:10A05000032B3BD8DFE803F0283D1702654A664E24
:10A0600011783378002940F08A804BB1634F002487
:10A0700057F8243028469847337801349C42F7DB60
:10A0800006B0BDE8F0815B4C2378002B37D15C4BE8
:10A090001B78DBB15B4BAA881B889A4216D1564EBF
:10A0A000FFF7A4FF3378E0E76B7A2BBB56490A68C9
:10A0B0001AB1E868824200F09480514B1B782BB1B2
:10A0C000504BAA881B889A4200F086804A4E33780B
:10A0D000CBE7494E6A7A3378002AC6D14A480168EC
:10A0E0000029C2D0EC68A142BFD1484C026021686F
:10A0F000EA6001392160B8E7012BE7D1DDE74FF6CF
:10A10000FF70FFF7C7FB4FF6FF7398420646BED1BC
:10A11000FFF7C2FBB042BAD1374E327800230DF1BF
:10A1200004080C2101932370C8E90133C8E9033303
:10A13000ADF80800ADF806008DF804109AB12F4F65
:10A140001C4657F8243028469847337801349C42FF
:10A15000F7DB43B1002457F8243040469847337862
:10A1600001349C42F7DB264B1B78002B88D0254A14
:10A17000AB8812889A4283D1FFF738FF80E70DF150
:10A18000040800240D2101941470C8F80440C8E9A3
:10A1900003444FF6FF728DF80410A968ADF808204B
:10A1A000ADF806200391002B3FF46AAF134F57F828
:10A1B000243028469847337801349C42F7DB002B43
:10A1C0003FF45EAF002457F8243040469847337878
:10A1D00001349C42F7DB53E72B7A062B7FF476AFF2
:10A1E0005DE7084A044EA8880B60EB601080337866
:10A1F0003BE700BF70440020724400209C400020D8
:10A20000734400204E440020A840002098400020C5
:10A2100078B1F8B5074E337853B1074F054600249F
:10A2200057F8243028469847337801349C42F7DBAE
:10A23000F8BD7047724400209C400020F8B5074EDE
:10A24000337853B1064F0546002457F8243028468A
:10A250009847337801349C42F7DBF8BD7244002004
:10A260009C400020FFF7EABFFFF7E8BF38B5FFF7D3
:10A2700011FAD0B9FFF766FCB8B901F0A5F9A0B999
:10A2800000F078FC88B903F079FD70B903F04CFF59
:10A2900058B9074A074C0849084B10604FF6FF753C
:10A2A0000122258008701A7038BD032038BD00BF18
:10A2B000A84000204E440020734400207144002038
:10A2C0000A4B1B787BB10A4A1378022B09D810B4C9
:10A2D000591C084C117044F8230000205DF8044B11
:10A2E0007047042070470820704700BF7144002069
:10A2F000724400209C400020034B1B780BB101F0FE
:10A30000B5B90820704700BF7144002008B5054B5F
:10A310001B782BB101F0CCF9082808BF112008BD2B
:10A32000082008BD7144002009B101F0BFB9704791
:10A33000024B1B7803B9704703F060BE71440020E4
:10A34000034B1B780BB104F003BA0820704700BF21
:10A3500071440020034B1B780BB104F08FB9082027
:10A36000704700BF71440020034B1B780BB101F014
:10A370005BB80820704700BF71440020084B1B7871
:10A3800043B151B110B50C4604F0D8F80023208039
:10A39000184610BD0823184670470E23184670470C
:10A3A00071440020024B187800B97047FFF776BA65
:10A3B000714400202DE9F04F614C94F8008089B081
:10A3C000B8F1000F00F09F80894600294CD08246EA
:10A3D000002849D014460A680192002A00F09A80A9
:10A3E000072B00F297804FF6FF750027AC420F60F5
:10A3F00000F09B80002203F0020117460492CDE991
:10A4000005220792009103F0010203F00401CDF848
:10A410000C80CDF808A003F00305884692467DB174
:10A42000002306AA072120460793FFF767F90528AE
:10A4300027D0D0B9BAF1000F41D1009B002B6DD1CC
:10A44000B8F1000F5CD1029A22F81740019A7B1CE8
:10A450009A421F4602D93A4B1B784BB9C9F8007093
:10A46000002009B0BDE8F08F0E2009B0BDE8F08FE4
:10A470002046FFF745FD4FF6FF7398420446CED1C4
:10A48000ECE7BAF1000F42D1009B002B49D1B8F1A3
:10A49000000FE0D0DDF80CB0002304AA092120460B
:10A4A0000593FFF72BF90528D5D00028DDD1059BB2
:10A4B0001B68002BCFD0BBF1000FCCD1C3E7834684
:10A4C000079B5A7C12F0FC0F009A13D0002ADED0B2
:10A4D000DDF80CB003F1100101E09942D7D013F878
:10A4E000012F002AF9D0B8F1000FD5D1BBF1000F30
:10A4F000B1D1A8E7002AEDD1B8F1000FF6D0CBE733
:10A500004FF0000BC8E7082009B0BDE8F08FDDF878
:10A510000CB0D5E7072009B0BDE8F08F079BD34604
:10A52000D8E7079BDDF80CB0D4E720460093FFF78F
:10A53000E7FCA8420446009B7FF45CAF90E700BFB5
:10A540007144002000B50B4B83B01B785022019260
:10A5500043B159B10A4601AB0721FFF7DDFC03B057
:10A560005DF804FB082003B05DF804FB0E2003B087
:10A570005DF804FB71440020034B1B780BB104F021
:10A5800061B80820704700BF7144002010B4054C2A
:10A5900024781CB15DF8044BFFF7C8BC08205DF8B7
:10A5A000044B704771440020354B1B78002B38D08A
:10A5B0002DE9F041334B344D064693E8030088B053
:10A5C0002B7801AC84E8030013B3DFF8C880D8F817
:10A5D000005015BB2D4B2E4F1A883B68B24224D039
:10A5E0005A1C20D00133214630462A4A3B60FFF7EF
:10A5F000F5F898B13B680022013B11283B60C8F890
:10A6000000200AD0862809D0072818BF032005E0BB
:10A61000FFF7ECFC2B78002BD7D1112008B0BDE858
:10A62000F081082070471320F8E7002BDAD00823C8
:10A630003046194C0795CDE90355CDE905558DF800
:10A640000C3003F0EDFF9DF81C302278ADF80E00C1
:10A6500065F300030621ADF810608DF815500695DE
:10A660008DF81C308DF8141042B10C4E56F8253080
:10A6700003A89847237801359D42F7DB0020CDE7FA
:10A68000714400209C590400734400204E44002073
:10A6900098400020A8400020724400209C400020E8
:10A6A00076DF704710B5044682B059B901A9FFF7AB
:10A6B0005BFE43F20202904200D0B0B99DF8043034
:10A6C0009B0710D400212046FFF720FE58B1112827
:10A6D00009D00D2810D00B2805D043F20202904279
:10A6E00001D001F041FD02B010BD01F03DFD9DF82B
:10A6F00004309B07F7D4E5E720461321FFF7D0FF8E
:10A70000F1E700BF017839B1072900D070478068B0
:10A710000028FBD001F028BD4088FFF7C3BF00BF71
:10A720002DE9F041037886B00446142B1BD8DFE8EE
:10A7300003F00B1A4C1A1A1A6A1A1D1A1D1A1A1A41
:10A740001A1A1A1A1A235C008088FFF72DFF862830
:10A7500068D0112866D0132803D8584BC340DB07B4
:10A7600001D401F001FD06B0BDE8F081544B012297
:10A770001A7006B0BDE8F081524B534A1C68504B2A
:10A78000524F002504F1080815701D704FF6FF7632
:10A79000624202F0070204F0070358BF534201343B
:10A7A00037F81320B24201A80AD0029527F81360A7
:10A7B0000195CDE903550595ADF80820FFF7B0FFE9
:10A7C000A045E5D106B0BDE8F081037A012BCAD8D7
:10A7D00000238288059301A8CDE90133CDE9033335
:10A7E000ADF80820FFF79CFFBDE78368364948F2C3
:10A7F0000D6200209342087002D0B3F5064FB2D12B
:10A8000000F066F8AFE7304C2378002BABD12C4D2D
:10A810002B78E3B102F09CFCB0B148F207629042A1
:10A82000A1D09EE72749294A0B68A08822F8130087
:10A8300001335A4202F0070203F0070358BF5342A4
:10A840000B6000F045F88EE7012323708BE701A829
:10A8500002F00EFD30BBBDF80A30002B14BF0123FF
:10A8600000232B70D6D1002301AA19461846FFF702
:10A870008DFE064628B1431F012B7FF674AF30468C
:10A880006FE7BDF80400FFF777FE064608B101F058
:10A890006BFC0122731F93422A707FF664AF002E77
:10A8A000B8D0ECE701F060FCBDF80A30002B14BF13
:10A8B000012300232B707FF456AFD4E7C1000800BA
:10A8C00029230020AC40002074440020E020002018
:10A8D00000B587B00023062201A8CDE90133CDE9F8
:10A8E000033305938DF80420FFF71AFF07B05DF8D6
:10A8F00004FB00BF42685AB1FF2938B50D4606D0A7
:10A900000446BFF35F8F104602F05EFD08B938BD04
:10A9100070476068BFF35F8F2946BDE8384002F09A
:10A9200049BD00BF70B4DDE9034570B169B163B1E1
:10A9300005FB04F6964208D83CB135B1C0E90245A2
:10A94000C0E9001370BC00207047072070BC70473E
:10A95000F8B5002830D0036806466BB3406858B39A
:10A96000B3684BB300250F46FF2429460EE0FF2CA9
:10A9700019BF2B1B013301232C469F421DD00135EB
:10A98000B368EDB29D42294616D2706802F002FD0E
:10A99000BFF35F8F0028EAD0FF2C0BD0AC4209D266
:10A9A0003368214630460BB1FFF7A4FF0134E4B20F
:10A9B000AC42F5D1FF24E2E7FF242046F8BD00BFFA
:10A9C000A8B102689AB142688AB1FF2938B50D462C
:10A9D0000BD00446BFF35F8F104602F0F5FC20B1A8
:10A9E000E368206803FB050038BD002038BD002067
:10A9F000704700BF18B103680BB1FFF77BBF70470A
:10AA00007EDF70477FDF704786DF704710B50446F2
:10AA1000408803F093FDA0802046BDE8104000F080
:10AA20006FBD00BF00B587B0002304220193ADF8CD
:10AA300006000DEB0200CDE90233CDE904338DF8B9
:10AA40000420FFF7E3FF07B05DF804FB30B50E4DBF
:10AA500087B0002403948DF80C10ADF80E202978EF
:10AA60000194224603250494ADF806008DF81030B9
:10AA7000029405948DF80450FEF7DEFA01A8FFF762
:10AA8000C5FF07B030BD00BF2B23002030B5134BEE
:10AA90000A1C87B018BF01220C4619780546FEF73C
:10AAA000CBFA0F4BA4F10102B2FA82F219782846D0
:10AAB0005209FEF7C1FA0023012201A80193039372
:10AAC000ADF806508DF80C400293CDE904338DF8B3
:10AAD0000420FFF79BFF07B030BD00BF2D230020EF
:10AAE0002C230020F0B51D4B87B00D461978164673
:10AAF0000446FEF785FA38B9014633462A46204611
:10AB0000FFF7A4FF07B0F0BD154B20461978FEF7FC
:10AB100077FA04F5807300284FF0070198B214BF4C
:10AB200001270227FFF7F2F878B105280DD000239E
:10AB3000CDE901330390CDE9043301A80723ADF833
:10AB400006408DF80430FFF761FF33462A46394648
:10AB50002046FFF77BFF07B0F0BD00BF2D2300208C
:10AB60002C230020024B0A781978FEF765BA00BF43
:10AB70002A230020F8B5184C2378182B28D0174D1D
:10AB80002B78182B20D0164E3378182B18D0154F51
:10AB90003B78182B10D02378182B0BD02B78182B40
:10ABA00008D03378182B05D03B78182B0CBF032026
:10ABB0000020F8BD0320F8BDFEF718FA3870EAE768
:10ABC000FEF714FA3070E2E7FEF710FA2870DAE7C1
:10ABD000FEF70CFA2070D2E72B2300202D23002053
:10ABE0002C2300202A2300202DE9F0418AB00E46B4
:10ABF00017460546FEF74AF920220446002102A81E
:10AC000007F0C8FF012C10D054B1002E6AD1852165
:10AC100002AB28460022FFF7F5FE0AB0BDE8F0813E
:10AC200043F202000AB0BDE8F081DFF8D0800022D4
:10AC300098F800102846FEF7FFF9002E5AD0284653
:10AC400003F07CFC4FF6FF73984229D13378DA0782
:10AC500058BF002139D505F5807080B26B460122BE
:10AC60000721FEF7EBFF1128D7D000283ED101467F
:10AC70005022019807F08EFF01991F4A0B4601F1FF
:10AC8000180C03F8344B284605974F1C11310293DA
:10AC9000CDE906C7099203F067FC48BB014617E0FF
:10ACA00098F800102846FEF7ABF90028CED12846C8
:10ACB000FFF7B8FE98F800102846FEF7A1F9002823
:10ACC000C4D13378DB0715D485210B4B0597099345
:10ACD000012C9DD102AB32462846FFF793FE0AB005
:10ACE000BDE8F081284603F029FCAFE7032094E794
:10ACF000082092E78521EDE7B04000202A230020BC
:10AD000038B50C460546FEF7C1F801280AD13CB11A
:10AD100021462846FFF774FE042808BF112038BDDD
:10AD2000204638BD43F2020038BD00BF2DE9F04790
:10AD30000388113B88B00446092B2ED8DFE803F0C6
:10AD4000522D05682D2D2D2DA1308088FEF79EF8FF
:10AD5000012811D1227AA588BA4B12F0010F08BF41
:10AD60000226024618BF012628461978FEF764F924
:10AD700031462846FFF78AFE34F8041F04340023C6
:10AD800003A805220594CDE90333CDE90633ADF8D8
:10AD90000E108DF80C20FFF739FE08B0BDE8F087E3
:10ADA000A94B80881978FEF72BF905460028F4D1C5
:10ADB000A088FEF787F8002800F0DA80A14BA08871
:10ADC00019782A46FEF738F9A388ADF80E3003A8A3
:10ADD00002238DF814508DF815508DF80C30FFF7C4
:10ADE00015FEDAE7037A8588964A3D2B284641F21C
:10ADF0003D03117814BF4FF488541C46FEF700F948
:10AE00000028CAD0214628460022FFF76BFEC4E77F
:10AE100000F11006304603F0DFFB4FF6FF73984257
:10AE20000546074678D00146A08803F001FCA788B4
:10AE3000844B384619780122FEF7FEF83846002187
:10AE4000FFF724FE284601AA0721FEF7F3FE00289B
:10AE500075D0002500231A462946A088FFF7D4FDA7
:10AE600008289AD0002840F08B80A37EDB0794D579
:10AE7000002D92D1A0882B4641F20602FFF7E6FD95
:10AE80008BE7704B057A1978868875B1427A30461F
:10AE900002F00304FEF7B4F800283FF47EAF224628
:10AEA00029463046FFF71EFE77E72A463046FEF772
:10AEB000C3F8637A13F004034CD006F58077BFB271
:10AEC000384601AB01220721FEF7B8FE8046002874
:10AED0005CD003AF072338460395CDF814808DF876
:10AEE0000C30ADF80E600495CDE90655FFF78EFDE8
:10AEF000637AA1888DF8155013F0040F0CBF02225D
:10AF0000012202233846ADF80E108DF814208DF87A
:10AF10000C30FFF77BFD40E7A08803F00FFBB4F88F
:10AF20000480484B0546197840460122FEF784F814
:10AF300040460021FFF7AAFDBD428AD082E7A37EEA
:10AF4000D90786D5029D95F84430DA0740F1B980DB
:10AF500034357FE7A288ADF80E2003A802228DF8D1
:10AF600015308DF80C208DF81420FFF74FFD14E7F5
:10AF700001460123A08841F20602FFF767FD0CE7B6
:10AF80000590A188002303A80722FCE6304603F0C1
:10AF9000D5FA4FF6FF739842054681461DD0C1464B
:10AFA00038462A460721FEF7BBFE034600284FD14C
:10AFB000637AA288ADF80E2013F0040F0CBF0221B3
:10AFC00001210222012303A88DF814108DF80C2012
:10AFD0008DF81530FFF71AFDDFE60146029803F001
:10AFE0008DFA4845054682465FD0DFF860A00146ED
:10AFF000304603F01DFB9AF800103046FEF700F8CB
:10B0000081460028CBD13046FFF70CFD9AF800109E
:10B010003046FDF7F5FF0028C2D1637AA1888DF88C
:10B02000150013F0040F0CBF02220122022303A813
:10B03000ADF80E108DF814208DF80C30FFF7E6FCFB
:10B04000ABE600BF2B2300202D2300202A23002065
:10B05000862803AF3ED04FF00008384605930723FB
:10B06000CDE90388CDE906888DF80C30ADF80E6087
:10B07000FFF7CCFC637AA1888DF8158013F0040FDC
:10B080000CBF0222012202233846ADF80E108DF8C3
:10B0900014208DF80C30FFF7B9FCB9F1000F3FF424
:10B0A0007CAE284603F0CEFA77E6FEF7DFFB50458C
:10B0B000054632D02946304603F0BAFA4FF001096E
:10B0C0006EE7314605F1460003F06CFA00287FF484
:10B0D0003FAFBEE6002338460622CDE90333CDE973
:10B0E000053307938DF80C20ADF80E60FFF78EFC4A
:10B0F000637AA288ADF80E2013F0040F0CBF022172
:10B1000001210222012338468DF814108DF80C20FD
:10B110008DF81530FFF77AFC3FE603AF04230722D2
:10B120003846CDE903880593ADF80E60CDE9068871
:10B130008DF80C20FFF76AFC637AA1888DF81580E2
:10B14000DAE600BF28B3027802F08203802B1ED01B
:10B15000C2F30213042B1AD802F0F203322B16D0DA
:10B16000437881788B4212D8062B10D910290ED83B
:10B17000C17810B411F0040405D10379580702D442
:10B180000B43190706D500205DF8044B70470020DB
:10B190007047704703F00300D30703D5003018BF92
:10B1A0000120F1E7B0FA80F04009EDE731F0080343
:10B1B00023D0112921D070B58AB000230D2906466D
:10B1C00015460C46CDE90533CDE90733099315D073
:10B1D00003F0B4F90723ADF81660ADF8180005AD1B
:10B1E0008DF814300FCD6E460FC62B68336068465D
:10B1F0000294FFF70DF80AB070BD704703F09EF996
:10B200000323ADF81660ADF8180005AC8DF81430C6
:10B210000FCC6E460FC6236833607DB12B7813F0D8
:10B22000010F0CBF0222012241F2011368468DF882
:10B230000820ADF80A30FEF7EBFFDCE70222F3E767
:10B240002DE9F043244B8FB00025CDE90A551B684A
:10B25000099309AC0746894694E807000DF10408F4
:10B2600088E807003846C4E90355C4E90155099543
:10B2700003F064F90523ADF82800ADF826708DF8C9
:10B2800024300FCC04AE0FC62368336004A8CDF879
:10B290001890CDF81C80FEF7BBFF104B01991A687F
:10B2A0003846FFF7A1FC0E4BA0F11102B2FA82F270
:10B2B0000446197838465209FDF7BEFE094B2A4666
:10B2C00019783846FDF7B8FE21463846019AFFF74F
:10B2D0006DFF0FB0BDE8F083FC400020F04000207F
:10B2E00031230020302300200021FFF7A9BF00BF39
:10B2F0002DE9F04706468EB0904699460D46002946
:10B300004DD1384B0A911B6809930B9109AC94E815
:10B3100007000DF1040A8AE807003046C4E9035526
:10B32000C4E90155099503F009F90527ADF828008E
:10B33000ADF826608DF824700FCC0DF1100CACE840
:10B340000F002368CDF81CA004A8CCF80030FEF74D
:10B350005FFF254BDDF804A01B785BB342465146E6
:10B360003046FFF7CDFC11280446204B27D00022A1
:10B3700019783046FDF760FE0B2C19D012D8BCB1FD
:10B38000082C15D00327B9F1000F04D052462146EE
:10B390003046FFF70BFF38460EB0BDE8F0874FF0A0
:10B3A000000ADBE70D2C03D043F202039C42E9D1F3
:10B3B0002746E8E79DF80D30002BCFD1EBE7197851
:10B3C00001223046FDF738FE094B2A4619783046EF
:10B3D000FDF732FE074B424619783046FDF72CFE4A
:10B3E0000027D0E7FC4000207544002030230020D7
:10B3F0002F2300202E230020094B70B51978044616
:10B40000FDF7FEFD074B054619782046FDF7F8FDD0
:10B410002A46014601232046BDE87040FFF768BF79
:10B420002E2300202F23002000293AD0F0B583B02E
:10B4300005460C46FDF730FD064670B3284603F07E
:10B440007DF8A6F102062378B6FA86F64FF6FF726B
:10B45000821A4FEA561618BF012266F3000362F300
:10B46000C303237007462846FDF72CFD237860F3BD
:10B47000410323702846FDF739FD237860F38203EA
:10B4800023702846FDF746FD68B10120237860F35C
:10B4900004130020237003B0F0BD43F2020003B098
:10B4A000F0BD0E2070472846FDF70CFD0028EDD0BA
:10B4B00038466A460721FEF7BDFB20B9019B93F889
:10B4C0004430DB07E1D40020E0E700BF10B582B0D4
:10B4D00002ABE02203F8042D0C461946FFF7A4FF47
:10B4E00022789DF8041030B932EA01030CBF012024
:10B4F000002002B010BD0023184602B010BD00BFEE
:10B5000030B50378052B83B0044614D0122B04D039
:10B510002046FEF77DFE03B030BD184B40881A6808
:10B520007AB1FDF7CFFC014668B960880A4601236D
:10B53000FFF7DEFEECE781684088FFF781FE03B08D
:10B5400030BD0121F3E7227A60880025C2F3400173
:10B550002B4661F38203C2F3000161F3C303C2F31C
:10B56000800202A962F3041301F8043DFFF7AEFF65
:10B5700080F00102D2B229466088D8E7FC40002062
:10B5800008B50378083BDBB20B2B06D8012202FA80
:10B5900003F340F60F02134200D108BD064B0749E2
:10B5A00018780022FDF772FD054B06491878002235
:10B5B000BDE80840FDF76ABD31230020E9B2030071
:10B5C00030230020F9B3030010B5174C2378182B53
:10B5D0000DD0164C2378182B10D0154C2378182B2F
:10B5E00013D0144C2378182B16D0002010BDFDF773
:10B5F000FDFC20700D4C2378182BEED1FDF7F6FCE6
:10B6000020700B4C2378182BEBD1FDF7EFFC20704A
:10B61000084C2378182BE8D1FDF7E8FC1828207097
:10B6200008BF0320E1D110BD302300202E230020CD
:10B630002F2300203123002008B5FFF777FB074BAD
:10B64000074918780022FDF721FD064B06491878B6
:10B650000022BDE80840FDF719BD00BF31230020DE
:10B66000E9B2030030230020F9B3030010B504460B
:10B6700070B1FFF767FD88B1094B20681860217928
:10B680000848094A1971012103601170002010BD9A
:10B690000449054A08600121117010BD072010BD42
:10B6A000F4400020FC40002075440020FFF75ABA07
:10B6B00000230A461946FFF71BBE00BF10DF704784
:10B6C00011DF704710B582B004460C496846FCF79C
:10B6D00013FF019B2BB90DE06846FCF717FF019B98
:10B6E00043B1D3E90021204690470028F4D111202E
:10B6F00002B010BD002002B010BD00BFA859040068
:10B7000010B582B0044609496846FCF7F5FE019B76
:10B710004BB1D3E90021204690476846FCF7F6FE7E
:10B72000019B002BF5D102B010BD00BFC059040031
:10B730000B4991F81623EC2352091341DB070BD573
:10B74000084B9A6822B11A6842F480021A60704766
:10B750004FF480030B60704742F2020000F004BD1A
:10B7600000E100E088440020F0B51B4D2C7883B048
:10B770001CBB1A4F012620463E70FFF7A3FF11287D
:10B7800018D02046FFF7BCFF02A8154B00F8054D66
:10B790001B68019300F0F8FC124901A8FFF78EFF27
:10B7A000B0FA80F304465B099DF803002B7000F0AB
:10B7B00011FD34B1204603B0F0BD0824204603B08B
:10B7C000F0BD094B3C701C70FFF7B2FF3046FFF72D
:10B7D00097FF204603B0F0BD774400207644002058
:10B7E000A4590400A9A5020078440020F0B51F4D1B
:10B7F0002B7883B083B301231D4E18463370FFF7B7
:10B8000061FF112824D00220FFF77AFF02A8002749
:10B8100000F8017D00F0B8FCFFF752FF04469DF8E8
:10B8200007002F7000F0D6FC9CB9124B34709A6858
:10B83000B2B9114B4FF48002C3F88020BFF34F8F91
:10B84000BFF36F8F0320FFF75BFF204603B0F0BD0F
:10B850000024204603B0F0BD0824204603B0F0BD0C
:10B860001A6822F480021A60ECE700BF77440020D7
:10B87000764400208844002000E100E0054B1B785E
:10B8800033B1054B1B780BB9FFF76EBFFFF7AEBFA7
:10B89000082070477644002077440020014B187838
:10B8A000704700BF774400200B4B1B7873B10B4BE4
:10B8B0009A6862B90A4B4FF48002C3F88020BFF344
:10B8C0004F8FBFF36F8F074B01221A7070471A68B2
:10B8D00022F480021A60F6E77744002088440020B2
:10B8E00000E100E07844002010B5084C237813B143
:10B8F000074B1B7803B910BD064B4FF48002C3F809
:10B900000021FFF715FF0023237010BD78440020AD
:10B910007744002000E100E0034B1B7813B1034B98
:10B920001878704701207047774400207844002041
:10B9300000B583B068460849FCF7DEFD019B43B1C2
:10B94000D3E9002090476846FCF7E0FD019B002BFF
:10B95000F6D103B05DF804FBB4590400FFF7E8BF6B
:10B9600060DF704769DF704761DF7047134B1B78FA
:10B970001BB330B5124D91B034240DF1020103A870
:10B98000ADF80240FFF7F0FF88B9294601A8FCF79F
:10B99000B3FD029B002BF0D0D3E9002103A8904710
:10B9A00001A8FCF7B3FD029B002BF5D1E5E70528C4
:10B9B00001D000F0D9FB11B030BD704779440020B0
:10B9C000CC590400002942D070B584B00023214A2C
:10B9D0000A60CDE901330C46012501A98DF8040068
:10B9E0000626202003938DF80650ADF80860FFF777
:10B9F000B9FF01A9226801934020CDE902338DF8F7
:10BA00000550FFF7AFFF01A92268039328460425DC
:10BA1000CDE901338DF80450FFF7A4FF0DEB0501CC
:10BA2000226802934FF4E465A12003930195FFF788
:10BA300099FF2268019301A90124A020CDE90233D6
:10BA40008DF80440FFF78EFF184604B070BD0E203D
:10BA5000704700BF4020002008B5FFF781FF10B9F4
:10BA6000014B01221A7008BD794400204BDF70475A
:10BA700010B5114C84B001A8FFF7F8FFA8B9214612
:10BA800002A8FCF739FD039B002BF4D0D3E9002179
:10BA90000198904702A8FCF739FD039B002BF5D1D4
:10BAA00001A8FFF7E3FF0028E9D0052801D000F046
:10BAB0005BFB04B010BD00BFD859040000207047E4
:10BAC000A8DF7047ADDF7047AEDF7047B0DF70476B
:10BAD00062DF70473CDF70473DDF7047704700BF53
:10BAE000F8B10388112B17D010D9F0B5512B89B0BC
:10BAF000044618D0532B07D1314DC288EB889A42A7
:10BB000002D12B7E002B44D109B0F0BD102B09D1FE
:10BB10002B4B82889A807047294B81889A88914262
:10BB200033D070477047264D8388A8889842EBD160
:10BB3000A379022BE8D12189EA889142E4D1A27B42
:10BB4000043A022AE0D9002601AF02AA69890293C9
:10BB5000CDE90466CDE906668DF810300397FFF74E
:10BB6000B1FFF0B140F2FD13ADF8143004A9A8887C
:10BB7000FFF7ACFF1128F9D0BDF81430002BC3D16A
:10BB800004F1080000F046F9BEE74FF6FF729A8014
:10BB9000704700F0C9F90028B6D06B6902209847B9
:10BBA000B2E73846FDF790FA0028DBD09DF8163052
:10BBB000ADF8146043F001038DF81630D6E700BFEE
:10BBC0000041002030B5144B87B0DA888DF80500AD
:10BBD00002248DF806109888ADF808200023032170
:10BBE000CDF80A302025ADF80E300DEB040201AB84
:10BBF000ADF8021002A98DF804508DF80A40CDE985
:10BC00000423FFF761FF20B9BDF80230032B18BFF2
:10BC10000C2007B030BD00BF0041002010B54FF030
:10BC2000FF310020FFF758FF044608B1204610BD41
:10BC3000B121FFF74FFF04460028F7D1044B012044
:10BC40005B6998470220FCF7FFFB204610BD00BF50
:10BC50000041002030B51A4B05460FCB87B002AC2F
:10BC600084E80F004DB32A68164B4FF6FF70002191
:10BC70005A6198801976EAB1124800F083F808B149
:10BC800007B030BD06A94FF6596321F8143D0123D2
:10BC900018460D4A8DF80630FFF712FF0028EFD145
:10BCA00020460849FFF714FF0028E9D1054800F0B5
:10BCB00087F8E5E7054A5A61DEE70E2007B030BD98
:10BCC000E45904000041002002410020DDBA0300D5
:10BCD000B2DF70474FF0020C00DF704710B50E4C1A
:10BCE0002368BBB11A7EAAB10278082A0AD0092AB1
:10BCF00010D1FFF793FF68B1236802205B69BDE8AC
:10BD000010401847027A012A04D11A69013A1A61CF
:10BD1000002AEED010BD00BF8444002017490B68F4
:10BD200053B34B6843B370B50831984708280446AD
:10BD300021D0134D2B6888B100221A765A7606213D
:10BD40000120FFF73FFF18B12B6803205B6998477C
:10BD50002B6802205B69BDE87040184701215876C6
:10BD600019760846FFF72EFF28B12B6803205B6980
:10BD700098472B681C7670BD704700BF5C4100205F
:10BD800084440020034620B1034A04481360FEF7B0
:10BD900097BA0E20704700BF84440020DDBC03002A
:10BDA00008B501F0B1FD00B108BD0448FFF792FFEE
:10BDB0000028F9D1BDE8084001F0B6BD5C41002083
:10BDC00030B589B004461E2200210DF1020006F0B4
:10BDD000E1FE2246608812F8063B8DF80230042509
:10BDE00028240123ADF800508DF80D406946022447
:10BDF00017258DF810308DF80C308DF81130ADF816
:10BE000004508DF813408DF81240FDF761F909B028
:10BE100030BD00BF2DE9F042047B012C96B01FD14C
:10BE20003E4D2F68797E064659BB02A8502206F087
:10BE3000B1FEB88801A9FEF7A1FA48B9BDF804001F
:10BE40004FF6FF73984265D002A9FEF77BFB18B34B
:10BE50001128347B1ED00F2814BF0421072101E0D4
:10BE60002E4D02212046FFF7ADFE18B12B680320AE
:10BE70005B6998472B6802205B69984716B0BDE85C
:10BE8000F08220460621FFF79DFE0028F6D01128FB
:10BE9000347BE0D10621E5E70DF1580C204F5CF82A
:10BEA0004F0DDCF80410DCF80820DCF80C30BCF88E
:10BEB00014900FC70DF13C0EDCF810003860BEE89E
:10BEC0000F009CF816C087F806C007F1080CA7F809
:10BED0000490ACE80F009EE8070016AB8CE8070062
:10BEE000082223F8522D2A6807F1240190881A4667
:10BEF0002346FFF7EDFE0028AAD10A49A7F1140056
:10BF000051F8083B98470028A2D12B685C7616B000
:10BF1000BDE8F082347B0721A4E700BF8444002001
:10BF2000204100205C41002010B5064C2368002011
:10BF30005B6998472468FDF7BFFF206102F08CF928
:10BF4000002010BD84440020A8DF7047F0B50746EC
:10BF500089B014461E460D46E9B114B9204600F0DA
:10BF600003F91E2200210DF1020006F013FE0C4B16
:10BF70000E9A1888ADF8007002236946ADF80440A7
:10BF8000ADF8064002958DF811608DF80D30FDF783
:10BF90009FF809B0F0BD084600F0E6F8DDE700BF05
:10BFA0005044002070B586B006A941F60A0321F876
:10BFB0000C3D01230446624A8DF80E301846FFF707
:10BFC000C3FF0546002869D12288002A69D1228949
:10BFD000002A40F08D80228A002A40F09680228B31
:10BFE000002A40F09F80228C002A69D1228D002AED
:10BFF00072D1236B1BB3D3E90021160A100C8DF804
:10C000001410110E8DF811608DF810208DF81200AB
:10C010008DF8131099684B4A94F83C308DF8151040
:10C02000080A0E0C00928DF81600082204A942F6A8
:10C0300023208DF81760FFF789FF00283CD1616B42
:10C0400051B141480A7994F83C300968009042F6B1
:10C050002A20FFF77BFF78BBA26BFAB113788DF82B
:10C06000103053888DF811301B0A8DF812309388E8
:10C070008DF813301B0A8DF8143094F83C30D488B6
:10C08000324A0092250A072204A942F650208DF870
:10C0900016508DF81540FFF759FF0546284606B0A3
:10C0A00070BD2B4894F83C306168009042F629201E
:10C0B000FFF74CFF00288AD00546284606B070BD21
:10C0C000244894F83C30616A009042F62620FFF73D
:10C0D0003DFF00288AD0EFE71F4894F83C30E16A22
:10C0E000009042F62820FFF731FF002881D0E3E7D7
:10C0F0001A4894F83C30E168009042F62420FFF79B
:10C1000025FF00283FF467AFD6E7154894F83C3088
:10C110006169009042F62520FFF718FF00283FF4E0
:10C120005EAFC9E70F4894F83C30E169009042F6F1
:10C130002720FFF70BFF00283FF455AF0546BCE76B
:10C1400050440020A8410020904100208841002058
:10C150007841002068410020A0410020804100205B
:10C16000984100207041002000B585B00023039065
:10C17000194601AA44F20100CDE90133EEF714FAA1
:10C1800005B05DF804FB00BF70B4EFF3108472B625
:10C190000D4B9A68AAB90D490D4E01259D60D1F845
:10C1A000805035401D60C1F88060D1F884505D60DA
:10C1B0004FF0FF33C1F88430027004B962B670BC2E
:10C1C000704701230370F8E78844002000E100E095
:10C1D000FC06FFBD094B9A687AB170B910B4EFF351
:10C1E000108172B6064A1C6814605C6854609860DE
:10C1F00001B962B65DF8044B70477047884400206F
:10C2000000E100E070B50A4C0A48626886885388ED
:10C21000016882B0033300209BB2009003259B008D
:10C2200001EB86010448257001F078F902B070BD79
:10C23000D4410020A04200205C230020014608B524
:10C240000548FCF7B5F80022026042608260C260D7
:10C2500002614261826108BD8C4200201D4B0A6868
:10C2600000EB800003EB80035B6803F5805072B342
:10C270005388033302EB8302824217D213680133DF
:10C2800014D05388033302EB830398420ED330B4A7
:10C290004FF6FF759488AC420AD0148844B1946874
:10C2A000013405D001200A6030BC7047002070477F
:10C2B000984209D91A6801321A4605D05C880334BD
:10C2C00003EB84039842E5D2002030BC704703F1B1
:10C2D0000802D1E7EC410020F0B5426883B01AB102
:10C2E0001F4BDC68A2421FD200270E4605460F8076
:10C2F0000197002005E0019B2A689C6894420DD0BC
:10C30000308801A9FFF7AAFF0028F4D13388013350
:10C310009BB23380002BEBD003B0F0BD114A6B60B1
:10C3200013892B8103B0F0BD1B699A42DCD812F04F
:10C330000303D9D10B4C05892489A542D4D10568C2
:10C340009468A542D0D108484068824206D900F5D9
:10C350008050824202D20B800120DDE71846DBE7E5
:10C360005C230020D4410020EC4100202DE9F04165
:10C370009C8854B9DFF8648017460E4605461C4673
:10C3800098F8000058B10123A38048F20960BDE885
:10C39000F08186B11988328891420CD0A08821465C
:10C3A000FFF75CFF80B12368002DF2D099882A88BE
:10C3B0009142EED0F2E708499A6809893981C7E9C4
:10C3C00000230020BDE8F081A388206001339BB2E8
:10C3D000A380002BD4D0D8E7D4410020EC4100202A
:10C3E00030B40E4C0E4A638803EB830302EB8302E6
:10C3F000D3685BB10B4B0C481968022205259A8063
:10C4000025700023012230BC01F0BCB8042551681E
:10C4100025700548012230BC01F0B4B8D441002099
:10C42000EC410020A04200205C23002008B5074B0F
:10C43000191D5888FFF712FF18B9BDE80840FFF72B
:10C44000CFBFBDE80840FFF7DDBE00BFD4410020EC
:10C450002DE9F04FDFF88083DFF880A3DFF880B3A9
:10C46000DFF880938BB00546D8F80040002C00F030
:10C47000898023785A1E052A60D8DFE802F05237F7
:10C48000371C1C03002D40F0B88099F80B2099F858
:10C490000030002A00F03781013B89F80B50062B51
:10C4A00000F2A482DFE813F034038C02AF01C40170
:10C4B000A2028F027202002D40F01C812779012F09
:10C4C00000F05581C0F02C8105AE022F0595C6E91C
:10C4D0000255356140F09E802846023B0690042BB1
:10C4E00035D8DFE803F07E6A5E579300A68AA07D08
:10C4F000002D40F0E080B700AD4DB91905EB81018A
:10C50000B1F808C04A6802EB8C02062800F2D28219
:10C51000DFE810F01702C201D301E801FC0191012C
:10C52000B701002D40F0BB802279032A00F29580EC
:10C53000DFE812F0A9005A019E007300002305AE47
:10C54000C6E9033348F20E62B36005930692994C34
:10C5500004F1100554F8043B304603B19847A54256
:10C56000F8D1514600255846C8F80050FBF744FF63
:10C570000121914800F0B2FF00287FF475AF0BB0A5
:10C58000BDE8F08F51465846FBF72CFF0446C8F82B
:10C5900000006EE7E388ADF8203004238DF81430F6
:10C5A000D5E70323E18822898DF81430E3680793E7
:10C5B000ADF82010ADF82220C9E7A37D2289A0881C
:10C5C000E168ADF82020A3F10603B3FA83F35B0919
:10C5D00002228DF82430ADF8220007918DF8142046
:10C5E000B5E701232189A2888DF81430E368079309
:10C5F000ADF82010ADF82220A9E705AE0023B36006
:10C600000593C6E903334FF40643069305238DF8DB
:10C6100014309CE748F20E605FE7684E684A316864
:10C620006848634D002727710823009700F076FFC4
:10C63000B9F802303468B18803EB830305EB830259
:10C6400005F8237053683360022354601181B3806E
:10C65000002894D0D8F8004023785B4905AE00222A
:10C660004A600592C6E90222326148F20D6034E761
:10C67000524A5448116800232371022494800122F5
:10C6800000F080FFE4E74D4B504A19684D48012304
:10C69000237100230093082300F040FFD8E705AE84
:10C6A000494A002353600593C6E9023333614FF4CE
:10C6B000064306934BE70228E28876D9B7003C4D43
:10C6C000B81905EB8000D11CB0F808C061440181A5
:10C6D0003E4405EB8605C2F57F42698905AEFD3211
:10C6E0000A4400216A81B1600591C6E903114FF443
:10C6F0000640F2E605AE0022B2600592C6E90322CA
:10C700004FF40640E9E6072B00F2C081DFE813F0A2
:10C710007701BE01BE014D01AD013E013E01A70101
:10C72000022305AE23713046E36805930DF1120133
:10C7300006950795FFF7D0FD002800F01D810699AA
:10C74000234A8B88E3800B8823811E4800950423AD
:10C75000BDF8124000F0E2FE002840F0D481144BF6
:10C7600004EB840403EB84040123237407E7164BD2
:10C770001B78002B00F0F38005AE164B324629469D
:10C78000A01DFFF7F3FD002800F0C58148F2096302
:10C79000104A9842C2E900553DD1C6E90055C6E9A4
:10C7A000025535612846237897E6014DB7008FE79B
:10C7B000EC410020BC4100209C420020A04200200F
:10C7C000F85904005C230020CC410020005A0400EA
:10C7D000F4590400AC420020E8410020E041002070
:10C7E0008C420020D4410020B44D2B78022B40F025
:10C7F000778100236968B24A0093B2482B700823FE
:10C8000000F08CFE24E7FFF7FDFC00283FF4B7AEF4
:10C81000D8F8004005AE002241F61D512378326160
:10C82000C6E90022C6E90222884208BF104654E643
:10C83000FFF7D6FDE9E7A44BA44A1B8803934FF00A
:10C84000060C0023516884F816C0A14A00939D4845
:10C85000042300F063FE002800F04D81A27DE388F0
:10C86000022A48F20D600FD83E4405EB8605C3F559
:10C870007F436A89D8F80040FD3313446B8105AECD
:10C88000C9E7E38841F61D50B91905EB8101DA1CAF
:10C890000C8922440A81E7E7032B0CBF05230623FA
:10C8A0000020A375111D0090042304F1080285489F
:10C8B00000F034FE0028D1D161E623698148002BC5
:10C8C00014BF032301234FF0000CA37502F10801EC
:10C8D0000423CDF800C004F10C0200F01FFE002874
:10C8E000BCD14CE6E38877484FF0010C84F816C0C1
:10C8F0004FF0000C02F10C019B002269CDF800C042
:10C9000000F00CFE00283FF43AAEA7E76F4BA06999
:10C910000392186000226C495A601846FFF7DCFC4D
:10C92000039A002800F009810223A375114604230D
:10C93000002200926348E21800F0F0FD00288DD13B
:10C940001DE602230020A375042311460090E2187F
:10C950005C4800F0E3FD00283FF411AE7EE75D4B3C
:10C960000595C3E9005505AE237848F20160C6E994
:10C970000155C6E90355B0E548F209600023C6E950
:10C980000033C6E9023333612378A6E5524B534A9C
:10C9900019684C48002300930724C9F80430082381
:10C9A00089F8004000F0BAFD2FE74B4AD9F804108F
:10C9B0009388498803330B440221938089F800103F
:10C9C000FFF734FD21E7B9F802203C4D93001344F2
:10C9D00005EB830500236968394A00930624082380
:10C9E000384889F8004000F099FD0EE705AE0023B5
:10C9F000B3600593C6E9033348F20E6305E62F4D95
:10CA0000B9F808202B780132B3FA83F300215B09CF
:10CA1000A9F80820012289F80A30A9F8021089F83B
:10CA20000B1089F800204BB1244DEB68002289F8E7
:10CA30000A201BB92A7C002A40F0898005AED8F86C
:10CA400000400020706089F80000A9F80200C9F8D1
:10CA500004000590C6E90200306123783DE501231A
:10CA600089F8003099F80A30DDE7B9F80220134D53
:10CA700019489300991805EB810104684F6886886E
:10CA80004C60022407600E818480A0E7013B062BE6
:10CA9000ACD801A252F823F011CB0300C1C90300A6
:10CAA00007C8030031C80300EDC90300C7C903006C
:10CAB0008DC90300E38848F20E60E5E6EC410020F2
:10CAC000F85904005C23002052440020B0410020AB
:10CAD000F4590400AC420020A0420020005A040097
:10CAE0001D4A05AE01231370002353600593C6E968
:10CAF00002333361DDE5039B03EB830B05EB8B0511
:10CB000001232B743BE5D8F8004048F20D6035E76F
:10CB100099F80A3087E7114C00950699104A114898
:10CB2000A488042300F0FAFC0028ECD10E4B04EB9F
:10CB3000840403EB8404277421E505AE0590C6E95F
:10CB40000100C6E90300237848F20960C5E4A9F8AA
:10CB50000230FFF76BFC58E6CC410020AC420020CD
:10CB6000F45904005C230020EC4100204068FFF7EA
:10CB70006FBC00BF08B50121044800F097FC00B16C
:10CB800008BDBDE80840FFF763BC00BF9C42002021
:10CB90002DE9F0474E4C247882B0002C4FD000296C
:10CBA00069D00D884FF6FF74A54243D04C88002C05
:10CBB00040D04C68A40763D1002A45D0B2F8009059
:10CBC0005788804601A81E460C46FFF737FB0546EE
:10CBD00000285DD0636803614FF0000A0670A0F87A
:10CBE000149080F816A001213A4800F06BFC2288CE
:10CBF0006388AB80032EE8602A81EF8058D0A5F8C7
:10CC00000AA001A93448FBF7DDFBB8F1000F0BD0F7
:10CC1000324AEB681289C8F800300023A8F80820CF
:10CC2000C8F8043088F80A30FFF7A4FF002002B0EB
:10CC3000BDE8F08748F2036002B0BDE8F08748F233
:10CC4000016002B0BDE8F0870F89FA1C92B240F291
:10CC5000FE34A24219D8224D2E78B6BBB5F80AC0D0
:10CC60002C8964441444A4B2B4F5806F2DD8624476
:10CC70006A81B146A5E748F2046002B0BDE8F087DA
:10CC800048F2026002B0BDE8F08748F20860D3E7DE
:10CC9000134B09EB890903EB8909C7F57F47B9F8FD
:10CCA0000A30FD371F44A9F80A7048F20760C3E74D
:10CCB000D8F80030AB610422AA750DEB0201A5F88B
:10CCC0000AA00548FBF77EFBA2E748F20660B3E73F
:10CCD000CC410020E44100208C420020D4410020BF
:10CCE000EC4100208368F0B501334FF002040C8062
:10CCF00015D01B4F00F580554FF6FF7608304FF0EA
:10CD0000010CB0F802E00EF1030400EB8404A5422C
:10CD100006D20AB1012313704FF480630B80F0BD7B
:10CD20008388B34216D00388A3B183685C1C11D0FA
:10CD30003C689C4200D23B600B88033373440B80F9
:10CD40004388033300EB83008542E8D9036801334D
:10CD5000D7D1F0BD002AEFD082F800C0ECE700BFC9
:10CD6000E441002038B5094B1A68042A0AD01D682E
:10CD7000074C02460121184644F8252000F0A2FB8A
:10CD8000002038BD48F20B6038BD00BFA84200202B
:10CD9000BC4100202DE9F04F9B4C89B02278002344
:10CDA000CDE90333CDE90533079372B1974C04F114
:10CDB000100554F8043B03A803B19847A542F8D1E5
:10CDC0000025284609B0BDE8F08F201D02F0FF06BF
:10CDD00000F090FB07460028F2D140F6F8731B687C
:10CDE0005D1C00F09D804FF0805211695269DFF8A0
:10CDF00048828749C8F810304046A3F50053002206
:10CE0000C8F80C3000F082FB05460028D9D11C235D
:10CE10008C2280498048FBF791FAA9464FF0020B1B
:10CE2000AA46D8F80C3019EB030C59F803204CD063
:10CE30007A4B9A4200F0828001324BD078480AEB5C
:10CE40008A0300EB830203210BF1FF3B0AF1010A85
:10CE500000F823101FFA8BFB1FFA8AFAC2F804C0ED
:10CE600009F58059B9F5005FDBD1BBF1010F62D93B
:10CE7000FFB2022F5FD0062F00F09180002F5AD012
:10CE800002A8FFF7DBF9002800F0BA800123013F78
:10CE900003700A2F09D8DFE807F0120812080F08FC
:10CEA0000F08150615000223037102A95A48FBF763
:10CEB00089FAFFF75FFE84E701230371F5E700239A
:10CEC0000371F2E703230371EFE7531C02D0534BC6
:10CED0009A42B3D10CF104030CF580511A68013267
:10CEE00003F10403AAD19942F8D14E4B1A68002AE3
:10CEF0007ED04B4ADFF838E10AEB8A0302EB83016C
:10CF000010460222C1F804C00A8100F823200AF169
:10CF10000101AEF802A01FFA81FA47F001079FE76E
:10CF2000414B4FF080521B6811695269581C08BF71
:10CF300002FB01F35BE748F20A6542E7DCF80430E4
:10CF40003A498B423AD001318B42BED1002E55D0A6
:10CF5000374A344BA2F802A0314A196801910AEB12
:10CF60008A0E02EB8E010846022102F82E100246BC
:10CF70000AF1010A0198506011811FFA8AFA60468D
:10CF800000222C49C3F800C00193FFF7ABFE019BC0
:10CF90009B88022B14BF082304231F4360E71B4D0B
:10CFA00001220023227005F11006636055F8043B4E
:10CFB00003A803B19847B542F8D101E70AEB8A020A
:10CFC00017489300002100F822100146184403F18D
:10CFD000100208330A44C0F804C0194460460AF13C
:10CFE000010AFFF77FFE47F002071FFA8AFA37E7C8
:10CFF0000222C3F800C09A8001268EE7094BBEE7E3
:10D0000048F20765DDE600BFCC410020BC410020AE
:10D01000145A0400004200208C420020DEC0ADDE25
:10D02000EC410020A042002014100010FE011EF16F
:10D03000D4410020A44200205C23002010B309B397
:10D0400070B582B00C460DF106010546FFF744F9B4
:10D05000A0B1BDF806000D4B6E6800EB800003EB3D
:10D06000800001210C3000F02DFA6B6826600C3333
:10D07000012200206360AA7202B070BD48F209600C
:10D0800002B070BD48F20460704700BFEC41002060
:10D09000F0B110B582B00DF106010446FFF71CF99E
:10D0A00090B1BDF806300E4A03EB830302EB830315
:10D0B000DA6882B1A27A72B1DA680021013A0846D0
:10D0C000DA60A17202B010BD48F2096002B010BD72
:10D0D00048F20460704748F2056002B010BD00BF1E
:10D0E000EC41002002230022FFF752BD18B10323B8
:10D0F0000022FFF74DBD48F204607047124B1B78C9
:10D10000DBB14FF6FF73984214D010B582B00446DD
:10D1100001A8FFF793F898B105220123027003716B
:10D12000C48001A90948FBF74DF9FFF723FD002052
:10D1300002B010BD48F20360704748F201607047CA
:10D1400048F2076002B010BDCC4100208C420020A4
:10D15000114B1B78A3B100B583B001A8FFF76EF89F
:10D16000A0B10623037001A90C48FBF72BF90C4B67
:10D170001A7842B9FFF7FEFC002003B05DF804FB0B
:10D1800048F2016070470122DA72F3E748F2076063
:10D1900003B05DF804FB00BFCC4100208C420020AE
:10D1A000D441002010B50C4C82B0ADF806002078B8
:10D1B000ADF8041060B13AB133B101A90DF1060028
:10D1C000FFF7D4F802B010BD48F2046002B010BD01
:10D1D00048F2016002B010BDCC41002000B50E4BFA
:10D1E00083B01B78ADF8060083B151B14AB1134644
:10D1F00000200A460DF10601FFF7B8F803B05DF80C
:10D2000004FB48F2046003B05DF804FB48F20160DF
:10D2100003B05DF804FB00BFCC41002000B50E4B0D
:10D2200083B01B78ADF8060083B151B14AB1134603
:10D230000DF106000A460021FFF798F803B05DF8EB
:10D2400004FB48F2046003B05DF804FB48F201609F
:10D2500003B05DF804FB00BFCC41002020B119B140
:10D2600003680B600020704748F20460704700BFFD
:10D270003F4B1B78002B6ED000286FD0F0B43D4997
:10D280000025C0F80250C0F80650C0F80A504E8978
:10D290000B894C68C0F80E50334402229BB20280C6
:10D2A0001CB1354A256895425BD001220280CD68C9
:10D2B00002894188478932440D4486890281C3F539
:10D2C000806189B2A26845808E423B4438BF81812B
:10D2D0000132438104F5805104F108032BD06289A7
:10D2E000033203EB820291421BD34FF6FF759A88FB
:10D2F000AA4223D01A880AB39A6801321ED08288C3
:10D30000013282805A88033203EB8203994212D998
:10D310001A6801320FD05A88033203EB820291421D
:10D32000E5D2C489C288CB1A04EBA30301320121E0
:10D33000C381C28001740020F0BC7047C488C289D8
:10D340000134C4805C8803322244C2815A8803328B
:10D3500003EB8203DAE748F20160704748F20460A9
:10D3600070476568054A2A44012AA0D99DE700BF95
:10D37000CC410020EC410020DEC0ADDE02FEE10E1B
:10D3800001F01F024B09012100EB8300914000F0E6
:10D3900075B800BF10B5012301F01F04490900EB67
:10D3A000810003FA04F100F05DF8E04000F00100B4
:10D3B00010BD00BF01F01F0201234909934000EB9B
:10D3C0008100D94300F066B84B0901F01F0150F805
:10D3D0002300C84000F00100704700BF2DE9F8436A
:10D3E00001F1FF384FEA581300F104080F460646D2
:10D3F00008EB83080446002523686FEA030999FABD
:10D40000A9F9B9FA89F9B9F1200F18D0A9444F4503
:10D410000CD814E02368DB4393FAA3F3B3FA83F345
:10D42000202B05EB03090AD04F4508D94946304661
:10D43000FFF7B0FF0028EDD14846BDE8F88304347B
:10D44000444505F12005D7D1B9464846BDE8F883E3
:10D4500050E8002F0B4640E8003C9CF0000FF7D14D
:10D460001046704750E8002F42EA010340E8003CB4
:10D470009CF0000FF6D11046704700BF50E8003F07
:10D4800043EA010240E8002C9CF0000FF6D1104660
:10D49000704700BF50E8003F03EA010240E8002C5B
:10D4A0009CF0000FF6D11046704700BF50E8002FE7
:10D4B00002EB010340E8003C9CF0000FF6D110465F
:10D4C000704700BF50E8003F03EB010240E8002C2A
:10D4D0009CF0000FF6D11046704700BF50E8003FA7
:10D4E000A3EB010240E8002C9CF0000FF6D110469F
:10D4F000704700BF012350E800CF4CEA030240E828
:10D50000002191F0000FF6D16046704720B119B1AB
:10D5100001600B68114618470E20704750B32DE983
:10D52000F0414AB3D0F800E0BEF1000F27D01D460D
:10D5300073B14768D7F80480B3FBF8F708FB1737D7
:10D5400037B942EA0104A40705D01020BDE8F081F4
:10D550000920BDE8F081C468A142F6D301F1FF3C87
:10D5600004696544A542F0D8DEF80C40A446BDE845
:10D57000F04160470E2070470E20BDE8F081082082
:10D58000BDE8F08100B3D0F800C0F0B5BCF1000FE9
:10D590001CD0AAB14768D7F800E00EF1FF370F4260
:10D5A00010D1C768B9420DD34D1E04690EFB025558
:10D5B000A54207D8DCF81040A446BDE8F04060471B
:10D5C0000920F0BD1020F0BD0E2070470820F0BDEE
:10D5D00029DF704728DF704703689A6832B330B597
:10D5E0000479856887B00023019102930093CDE907
:10D5F000033305956CB1012C07D1C36841690491CF
:10D600001B03022102938DF800106846904707B073
:10D6100030BDD0E903144369049301258DF800500F
:10D62000CDE902416846904707B030BD704700BF62
:10D630000846704700207047024B187A003018BF28
:10D640000120704750430020034B187A0122B0FAA2
:10D6500080F05A74400970475043002008B51046C6
:10D660001A4605F073FA002008BD00BF10B5064B3E
:10D6700006480024C3E90044C3E902441C61FAF7E8
:10D6800075FE204610BD00BF5043002040430020DF
:10D6900010B5094C094B43602046FFF72BFF40B9FA
:10D6A000FEF7FCF81C2320748C2205490548FAF784
:10D6B00045FE002010BD00BF50430020085A040062
:10D6C000B44200204043002038B5254C237AFBB1FA
:10D6D000244B1B681A790221217222B3012A0AD134
:10D6E000D3E903021044FFF775FF80B3112802D17C
:10D6F0000123237238BD18460321FFF76DFF002375
:10D700002372636018491948BDE83840FAF774BEBF
:10D7100015491648FAF766FE124A034610600028BB
:10D72000D8D1606038BDD3E90525521BB2F5805FC2
:10D7300028BF4FF48052D3E903109208012A38BF62
:10D74000012229442844FFF743FF0028CED1237C3F
:10D75000002BCFD10220BDE8384000F009B800BF4F
:10D7600050430020684300206443002040430020D1
:10D7700010B5234C237AA3B1022B08D1022811D073
:10D78000032804D1E3680133082B1CD8E360637CD1
:10D790001BB1BDE81040FEF771B8BDE81040FFF7BF
:10D7A00093BF10BD174B186803790022E260D3B114
:10D7B000012BECD1D0E90432013393420361E6D16D
:10D7C0000021217205E00F4A00231068E3602372F4
:10D7D0000D21FFF701FF0C490C48FAF70DFE637CA1
:10D7E000002BD6D1D9E7D0E90523D11AB1F5805F56
:10D7F00094BF5B1803F580539A428361C7D1DFE77A
:10D800005043002068430020644300204043002030
:10D81000831E012B00D97047FFF7AABF00F0FD035C
:10D82000012B00D07047A0F10100044BB0FA80F04A
:10D830004009002218745A74FFF746BF5043002075
:10D8400010B5064C201DFFF755FE08B9637C03B1E7
:10D8500010BDBDE81040FFF737BF00BF50430020A8
:10D860002DE9F04383B081460D46114801A91746C2
:10D870009846FAF79DFDB0B1002401232D0B4460BA
:10D8800001A9037104618461C560C0F80090C0F80B
:10D89000088047610648FAF795FDFFF7D1FF20465B
:10D8A00003B0BDE8F083042003B0BDE8F08300BFFF
:10D8B000404300202DE9F04182B080460F461048D9
:10D8C00001A916461D46FAF773FDA0B10024089B76
:10D8D00083604460C0F80080C0E90367456101A926
:10D8E000846104710648FAF76DFDFFF7A9FF204631
:10D8F00002B0BDE8F081042002B0BDE8F08100BFB5
:10D900004043002013DF704740F6F8731868421C4C
:10D9100001D0FFF7F7BF034B1868431CF9D104206F
:10D92000704700BF141000100148FFF7EBBF00BFA5
:10D9300000C00100A0DF7047A1DF7047ADDF704776
:10D94000B3DF7047B4DF704710B50446408800F07D
:10D95000F5FDA0802046BDE81040FCF76FBC00BF7D
:10D9600070B54FF6FF728AB000249042CDE90044B2
:10D97000CDE902440494ADF8020001D10AB070BDB3
:10D98000054600F027FC0B28064629D00FD91128A0
:10D990000BD043F20203984212D12246144B284680
:10D9A0001978FBF749FB0AB070BD0122F6E738B9D8
:10D9B0000E2368468DF80030FFF7C6FF3246EDE7CC
:10D9C0000024072305A8CDE905440796ADF81650B5
:10D9D000CDE908448DF81430FFF7B6FF2246DDE7A5
:10D9E0000F2368468DF80030FFF7AEFF2246D5E7DB
:10D9F0007D440020FFF7B4BF2DE9F0474A4E88B0C0
:10DA000031780546FBF7FCFA10B108B0BDE8F087A5
:10DA10000446284600F044FC082839D017D80028CE
:10DA200063D006281DD1284600F088FD00F054FC84
:10DA300000273E4B3A4619782846FBF7FDFA224666
:10DA400031782846FBF7F8FA08B0BDE8F08743F2D2
:10DA50000203984215D043F20143984213D0112893
:10DA60000FD00023CDE903330590CDE9063303A899
:10DA70000723ADF80E508DF80C300127FFF764FF37
:10DA8000D7E70127D5E72846FFF76AFF0127D0E748
:10DA90000DF10600FFF754FFBDF80630012BC2D987
:10DAA000274601230DF108084FF0020942F6021A39
:10DAB00007E0524529D00133BDF806209BB29A42B7
:10DAC000B1D9414600221846CDE90398FFF73AFF45
:10DAD00042F605210028A6D1BDF80820002FE8D184
:10DAE000571AB7FA87F77F09E5E7CDE90344CDE98F
:10DAF000054407941023012403A8ADF80E508DF8B7
:10DB00000C302746FFF720FF93E7194603AA01AB25
:10DB100028460493FFF712FF002884D1BDF8043093
:10DB2000002B80D085E700BF804400207F44002088
:10DB300010B582B0044600F001FD00236A460921B9
:10DB4000FBF7DCFD052801D002B010BD034B2046D9
:10DB500019780122FBF770FA02B010BD7B44002057
:10DB600030B50E4B83B002AA1B6842F8043D42F662
:10DB7000A624002501236946ADF80250ADF8004007
:10DB80008DF802300446FFF7D5FE28B904491A463D
:10DB900020460978FBF750FA03B030BD345A040030
:10DBA0007A44002030B5012187B005462648FFF7AA
:10DBB0004FFCBFF35F8F08B107B030BD0446284665
:10DBC00000F0BAFA112803461BD012D986282ED0AD
:10DBD00043F2020290421BD11C4B22462846197880
:10DBE000FBF72AFABFF35F8F174B00221A6007B0CA
:10DBF00030BD68B91549024609782846FBF71CFA7A
:10DC0000DAE7124B284619780122FBF715FAE9E703
:10DC10000024CDE904440722CDE9014401A803937F
:10DC2000ADF806508DF80420FFF78EFED4E70623EA
:10DC3000CDE9014401A8ADF80650CDE903440594AF
:10DC40008DF80430F0E700BF6C4300207E440020D4
:10DC500038B5037803B138BD04464088FFF780FE2D
:10DC60006588284600F006FB28B10C4B2846197839
:10DC70000122FBF7E1F96088FFF75AFF084B0949D9
:10DC800018780022FBF702FA02460028E3D1064B7F
:10DC900006491878BDE83840FBF7F8B97F44002002
:10DCA0007E440020A5DB03007B44002061DB0300F1
:10DCB000F0B50378082B83B00ED0294C2078294981
:10DCC0000022FBF7E3F9024620B9274B27491878D1
:10DCD000FBF7DCF903B0F0BD437A0446002BECD12E
:10DCE000057A072D22D0082D31D0012DE5D16A46C5
:10DCF00029468088FBF79EFF06460028DDD1019B60
:10DD00001B78002BD9D0A08800F08AFC4FF6FF7357
:10DD10009842D2D0164F124C39782A46FBF78CF92C
:10DD2000324638781349FBF7B1F9C7E780880C4CC5
:10DD300000F076FC4FF6FF7398420546BED00122F4
:10DD40002178FBF779F92846FFF7F2FEB6E70A4A91
:10DD500011680129B1D1BFF35F8F014C1360ADE7AA
:10DD60007E440020A5DB03007B44002061DB030030
:10DD70007F440020F9D903006C4300202DE9F843CB
:10DD8000FBF734F91E4C1F4D2070FBF72FF928705C
:10DD9000FBF72CF91C4E1D4F3070FBF727F938703C
:10DDA000FBF724F9DFF87080DFF8709088F8000046
:10DDB000FBF71CF989F80000FBF718F92378144ADF
:10DDC000182B107019D02B78182B16D03378182BED
:10DDD00013D03B78182B10D098F80030182B0CD0AB
:10DDE00099F80030182B08D0182806D0094B0020CD
:10DDF0001860BFF35F8FBDE8F8830320BDE8F883A8
:10DE00007E4400207D4400207F4400208044002088
:10DE10007C4400206C4300207B4400207A44002096
:10DE200070B5114B82B0002422460D4601261978A8
:10DE3000CDF802400923ADF800608DF802300646A7
:10DE4000ADF80640FBF7F8F8084B09493046A54203
:10DE500008BF1946019100F071FB22466946FBF7A5
:10DE6000BDFC02B070BD00BF7B440020385A0400E6
:10DE70003C5A040070B503888588353B86B004465B
:10DE80001F2B23D8DFE803F0521022222222222265
:10DE90002222222222222222222222222222222262
:10DEA0002222226722862230494E28463178FBF70B
:10DEB000A7F858B1317800222846FBF7BDF8E18871
:10DEC00000296CD000212846FFF7AAFF414C424BA5
:10DED000424918780022FBF7D9F8207840490022FF
:10DEE000FBF7D4F806B070BD002611232846CDE913
:10DEF0000166CDE903668DF80430ADF8065005964D
:10DF000000F01CFBADF8080000F0E6F9354B314C91
:10DF1000197832462846FBF78FF828463246217892
:10DF2000FBF78AF801A8FFF70FFDD0E72E4E284631
:10DF30003178FBF765F80028C8D0002231782846F0
:10DF4000FBF77AF8E288002A31D028460021FFF753
:10DF500067FF204CBBE7037B012BB7D1827A012AF4
:10DF6000B4D1018942F602139942AFD11F4C284621
:10DF70002178FBF761F8002220781D49FBF786F82D
:10DF800002460028A2D11B4B1B491878114CFBF705
:10DF90007DF89CE72846FFF7E3FC0E4C97E7E38902
:10DFA000012B90D1217C003118BF01218BE7A3897F
:10DFB000012BCAD1E1892846FFF7BEFC0028C4D155
:10DFC000034A044C117828461A46FBF735F87EE7D9
:10DFD0007C4400207F4400207D440020F5D90300CC
:10DFE000F9D90300804400207A4400207E440020B8
:10DFF000A5DB03007B44002061DB03002DE9F04139
:10E000008CB000F029F901A8FAF7D0FF019EDFF8E3
:10E010005480DEB100244FF6FF7703E00134A4B250
:10E02000B44213D20CAB03EB440333F8285C28460C
:10E0300000F084FAB842F1D101342846012298F860
:10E040000010A4B2FAF7F8FFB442EBD398F800003E
:10E05000034900220CB0BDE8F041FBF717B800BF40
:10E06000F9D903007F440020AFDF7047B1DF70476C
:10E07000B2DF7047B3DF704710B50446808800F008
:10E08000CFFA60802046BDE81040FCF7EBB800BF37
:10E0900070B51D4B1D4C93E80300238888B04FF6E4
:10E0A000FF7501AEAB4286E8030007D122E020886D
:10E0B000FBF7F0FBA842034620801BD01846002245
:10E0C0003146FBF78BFB03460028F0D00022218865
:10E0D00007921128CDE90322CDE90522ADF81010F1
:10E0E00008D0862B03A807D0072205938DF80C20B3
:10E0F000FFF7C2FF08B070BD06238DF80C30FFF7A4
:10E10000BBFF08B070BD00BF405A0400544400205B
:10E11000044B1A884FF6FF739A4201D0FFF7B8BF3D
:10E12000704700BF54440020024B4FF6FF721A8024
:10E1300000207047544400202DE9F04182B007468A
:10E1400000F0FCF94FF6FF7398423CD006460124DC
:10E150004FF003086B46224608213046FBF76EFD60
:10E1600003230546F0B9019A3846911D42F8048B05
:10E17000FFF77EFF013403460821D8B10C28304652
:10E1800003D1A4B2FBF7C2FDE4E70821052B18BFB9
:10E190001D46FBF7BBFD002818BF0325284602B02B
:10E1A000BDE8F081072814BF05460C25284602B0BB
:10E1B000BDE8F08132463046FBF7B2FD0546284601
:10E1C00002B0BDE8F08143F20205284602B0BDE886
:10E1D000F08100BF2DE9F04182B0074600F0AEF9B2
:10E1E0004FF6FF73984227D10026354603244FF09F
:10E1F00001082346324629463846FFF737FF0428F0
:10E200000AD008280AD00B280AD0B8F1000F08BF9E
:10E210000B2002B0BDE8F0811120F6E70020F4E702
:10E2200014F0020406D195B12646254603244FF08A
:10E230000008DEE70124FAE76A460821FBF7FAFC4A
:10E240000028D1D1019DAE882C680635CFE7002E7D
:10E25000DFD02E460324EAE708B54FF6FF70FBF740
:10E2600019FB034B1880BDE80840FFF711BF00BF42
:10E270005444002000B585B00DF10703039300F06E
:10E280005DF902AA0121FBF7D5FC20B9039B1878A0
:10E2900005B05DF804FB002005B05DF804FB00BF8D
:10E2A00038B50C4B04461846FFF7E4FE78B91988D8
:10E2B00043F203054FF6FF722046FFF7D5FEA84252
:10E2C00000D038BD1988013189B21980F2E70320E6
:10E2D00038BD00BF5644002010B5074B044693E8F4
:10E2E000030082B06B4683E80300002219462046F3
:10E2F000FBF774FA02B010BD485A04006EDF704795
:10E300006FDF704746DF70472DE9F04F9BB0502418
:10E310000394DDE92459002A5FD0002B58D0002453
:10E320001C6001240194002D55D0B9F1000F5FD07D
:10E330000024C9F800404FF0010B00240DF118082B
:10E34000CDE9044800294AD0C1EBC1015F4614461B
:10E3500002EB010A861E9B4625E09DF82910032941
:10E3600041D8019959B152F83F1D216091889279A5
:10E37000A180A271DBF800200132CBF80020073425
:10E380006FB153F84F2D2A6059689A68DB6869604D
:10E39000AA60EB60D9F800300133C9F80030544569
:10E3A00005F110051BD050220021404604F0F2FB7D
:10E3B00003AB04AA072136F8020FFBF79FF920F000
:10E3C00002001AAB05281A46C7D11BB0BDE8F08F72
:10E3D0000193002DA9D1AB46AFE70192A3E700203E
:10E3E0001BB0BDE8F08F43F202201BB0BDE8F08FF8
:10E3F000CB46A2E7F8B50C4D0746002401E0142CEB
:10E400000ED02B88BB42A6B205F10A0504F1010427
:10E41000F5D13046FAF734FD0028F0D03046F8BD8B
:10E420004FF6FF763046F8BD7043002090B191B1B1
:10E4300008B50A780378534013F0FE0F08D1013174
:10E440000622013004F073FBB0FA80F0400908BDE9
:10E45000002008BD70470846704700BF2DE9F04115
:10E460004C1C0E46054621460130102205F11107CD
:10E4700006F1110804F05BFB08BB2B4605F1100107
:10E4800001E08B421BD013F8012F002AF9D07378DA
:10E490004BB9214606F1100201E091420FD011F86C
:10E4A000013F002BF9D041463846FFF7BFFF6B7C98
:10E4B00003F0FE03042B1ED10120BDE8F08141468C
:10E4C0003846FFF7B3FF6B7C03F0FE03042B0FD03D
:10E4D0000022062B09D0737C03F0FE03042B04D02A
:10E4E000062B08BF1046BDE8F0811046BDE8F0815C
:10E4F0000020BDE8F0810122EBE700BF70B584B0D9
:10E5000006460D46FBF734F902AA0DF10601072075
:10E51000FBF736F960B1BDF80640AC423046F3D0A7
:10E520000399FFF79BFF0028EED0204604B070BD92
:10E530004FF6FF74204604B070BD00BF13280DD8FD
:10E5400010B50446FAF79CFC28B104EB8403054A95
:10E5500032F8130010BD4FF6FF7010BD4FF6FF707C
:10E56000704700BF70430020132816D838B5044602
:10E570000D46FAF785FC68B1094A04EB840302EB07
:10E580004303002053F8022F2A609A889B79AB71CD
:10E59000AA8038BD43F2020038BD43F20200704742
:10E5A0007043002038B505884DB9821C00F10A047B
:10E5B00012F8013B1BB99442FAD1002038BD0B88F8
:10E5C000AB42FAD102310822023004F0B0FAB0FABC
:10E5D00080F0400938BD00BF30B585B00546FBF777
:10E5E000C7F80CE0039C284604F14601FFF7DAFF68
:10E5F00004F12A0178B92846FFF7D4FF58B902AAD6
:10E600000DF106010720FBF7BBF80028EAD14FF611
:10E61000FF7005B030BDBDF8060005B030BD00BFCD
:10E620004FF6FF73984201D0FFF7E4BE704700BF7A
:10E63000132804D800EB8000014B23F8101070471A
:10E640007043002070B54FF6FF75A84203D1BDE8B6
:10E650007040FBF7AFBA0446FFF7CCFE06462046F3
:10E66000FBF7A8FA30B9132E04D806EB8606024B46
:10E6700023F8165070BD00BF70430020082961D8F0
:10E680002DE9F0410546CEB00E4600B139B9002261
:10E6900011461046FFF734FE4EB0BDE8F08120ACC5
:10E6A0005023B82200210CAF20460193039704F0B9
:10E6B00071FA0DF1AE010DF1C5020DF1970306914E
:10E6C00007920DF1F3010DF58572CDE90443CDE913
:10E6D000091237AB08930DF221130B9305EB460893
:10E6E00050220021384604F055FA01AB02AA072156
:10E6F00035F8020BFBF702F820F002000528CBD01A
:10E700007B7C032B20D8DDF83130DDF83520236009
:10E710006260DDF83930DDF83D20A360E260DDF8AD
:10E720004130BDF845109DF8472023614545A18241
:10E73000A27504F11704D3D1F2B204A80021FFF7A7
:10E74000DFFDA9E70720704743F20220A4E700BFDE
:10E75000F0B5254B00249BB0C3E90044C3E9024453
:10E7600008B10D4641B90023204A194618461370D6
:10E77000FFF7C4FD1BB0F0BD0646DFF870C01846B9
:10E780004A00CFB231468CF8007004F0DFF938222D
:10E7900021460CA8039404F0FDF9CDE90044294674
:10E7A00030460CAA03ABFFF7AFFD0028E2D10DF114
:10E7B00037020DF13E030DF145000CAC04940592B7
:10E7C00006930DF15A020DF161030790394613AD1E
:10E7D0000DF1530404A8CDE90854CDE90A23FFF74D
:10E7E0008DFD1BB0F0BD00BF3844002081440020E7
:10E7F00030B58DB010300DF1FF330DF10F0510F86D
:10E80000014D03F8014FAB42F9D100230D784C784C
:10E81000897806936846CDE904338DF81C308DF86D
:10E820001D108DF81F508DF81E40FFF76BFD9DF8F1
:10E830002F009DF82E109DF82D30107051709370A0
:10E840000DB030BD30B5034685B030F8015F33F808
:10E85000042F84789B78ADF80C20084602AA03A9FF
:10E860008DF80E30ADF804508DF80640FFF7C0FF6C
:10E87000BDF80420BDF808309A4204D0012080F091
:10E88000010005B030BD9DF806209DF80A309A427F
:10E89000F4D1002080F0010005B030BD0388102BBA
:10E8A00000D07047F0B5041D0FCC91B006AD0FC578
:10E8B0000FCC0FC59DF81C3094E8030003F0FE0355
:10E8C000062B85E8030014D1BDF818304849079895
:10E8D00003EB83035B004FF6FF74CC52CA18BDF8FC
:10E8E00020409DF822101172C2F80200D48011B0AD
:10E8F000F0BDFAF73DFF9DF81C305B08012B25D9D0
:10E90000022BE1D107AE01AC0DF1020505E09DF847
:10E910001C3003F0FE03042B5DD02246294607205D
:10E92000FAF72EFF0028F2D1BDF81830304A0798C8
:10E93000B488B17903EB83035B004FF6FF75D552C2
:10E940001344C3F80200DC801972D0E701AC0DF16A
:10E950000205224629460720FAF712FF002844D074
:10E96000029911F1110FF4D04E7C9DF81C307340C8
:10E9700013F0FE0F4FF0060201F112010DF11D0020
:10E98000E7D104F0D4F80028E3D1BDF8021007AEB7
:10E99000BDF81820164F079802EB82035B00FD18A4
:10E9A000F952AB1CC5F80200B08898804FF6FF7092
:10E9B000B5799D7181429AD000232046ADF806209A
:10E9C000ADF808108DF80430FBF74EFC2046FFF739
:10E9D0003FF911B0F0BD029930460131FFF732FF27
:10E9E00000289AD0BDF80210D2E707AE9CE700BF1E
:10E9F000704300202DE9F84FDDF828904A459046F5
:10EA000038BFC846B8F1000F1BD09B468A46054662
:10EA10001746002406E0A14588BF0BF80400013426
:10EA200044450ED02B68A74288BF1AF804101E690F
:10EA300098BF00212846B0470028ECDA0248BDE81C
:10EA4000F88F0020BDE8F88F0AFCFFFF30B583B0D7
:10EA50000468069D00956469A047044A0446DDE900
:10EA60000701EEF761FF204603B030BDA1DC0200D4
:10EA700082B070B50C4684B005464968206802AC87
:10EA800003C4039908AC481084E80C00CB0745BFC9
:10EA90002A58029B029CD4580AAB2E1893E8030014
:10EAA0008DE8030008AB0CCB3046A04704B0BDE8AE
:10EAB000704002B0704700BF82B0D0B50699C16007
:10EAC00000F1100400260027C0E9086704A92046C9
:10EAD00081E80C00EFF7CAF92046BDE8D04002B04B
:10EAE000EFF778B982B038B5D0E9084504A981E8D4
:10EAF0000C0054EA050303D1BDE8384002B070476A
:10EB00000446F1F7F1F9D4E908238B4208BF8242A9
:10EB1000F2D2002304F1100500200021C4E908010D
:10EB2000E3602846EFF7A2F92846BDE8384002B076
:10EB3000EFF750B970B5044600250A4B036000F1A9
:10EB4000100681602A460121304625716571EFF774
:10EB500037F93046E560E56284F82850EFF73AF976
:10EB6000204670BD605A04002DE9F041044682B091
:10EB70000E46154610309846BDF82870F4F7AAFDE9
:10EB800026806580182003F0AAFF08AB054693E8AD
:10EB900003006A4682E803002E4603CA46F80C8B3F
:10EBA0000023084AEB6047F0020773606860204664
:10EBB000A780A560E360C4E90833A9606A6102B078
:10EBC000BDE8F08171EA03002DE9F04385B0BDF89E
:10EBD00038806BB30C9C44B30F2902D1B8F1C00F3D
:10EBE00026D1064628201C460D46174603F077FF1F
:10EBF0000CAB814693E803003A468DE803002346B8
:10EC0000CDF8088029464846FFF7AEFF33680E4A24
:10EC10005B6893420FD14846EFF746FA484603F047
:10EC200057FF0A4805B0BDE8F0830D9CE407D3D434
:10EC30006FF47A70F6E73046494698470028EAD1E3
:10EC400005B0BDE8F08300BFF5D1020016FCFFFF60
:10EC50002DE9F04390F8283089B004460D469BB169
:10EC6000002D4FD100220023C4E908230023E360D4
:10EC700004F11000EFF7AEF8E0682F4B002808BF52
:10EC8000184609B0BDE8F08380682C4A03685B6DC4
:10EC900093424CD12A4B04934FF0000804AACDF8BC
:10ECA0001480284FC688B0F808C03B68DFF89C90F5
:10ECB00092E8030016F4807F4FF0C0068DE8030051
:10ECC0000CBF052204226146184602962346FFF730
:10ECD0007BFF1D4B3A68CDE9063808AB13E903000A
:10ECE00023468DE8030002961046232142F210725B
:10ECF000FFF76AFF99F8003063B1012384F82830E8
:10ED0000002DAFD0F1F7F0F8421941EBE573C4E9FB
:10ED10000823ABE70093232242F2107342F21070F3
:10ED20000021F1F7F1F8012389F80030E5E703212C
:10ED30009847A068AEE700BF11FCFFFF4D8F0200AF
:10ED4000B9EA0300343C0020E5EA030082440020D5
:10ED5000F0B52B4B81682B4ECD88B1F808C03768D1
:10ED600093B00022CDE9063206AB80F82820044695
:10ED700093E8030015F4807F4FF010058DE8030041
:10ED800014BF0422052223460295614608A8FFF716
:10ED9000EBFE3B681C4D9B68AB4228D108A8EFF7FF
:10EDA00083F91A4B04930023059304AB93E8030003
:10EDB000366810238DE80300029342F21072234656
:10EDC000232108A8FFF7D0FE33689B68AB4212D11D
:10EDD00008A8EFF769F9002100230020C4E9080121
:10EDE000E36004F11000EFF741F813B0F0BD3846CE
:10EDF00008A99847D2E7304608A99847E8E700BF36
:10EE0000B9EA0300343C002075D40200E5EA0300AF
:10EE100090F8283010B504463BB923791BB123681C
:10EE200020469B689847002010BDFFF791FFF4E74C
:10EE300090F82830044A10B5044602600BB1FFF781
:10EE400087FF204610BD00BF605A040090F82830AC
:10EE5000054A10B5044602600BB1FFF779FF204662
:10EE600003F036FE204610BD605A0400024B1868BD
:10EE7000BFF35B8F704700BF48440020024B186807
:10EE8000BFF35B8F704700BFF020002030B5214AF0
:10EE900021F00043934287B01BDD1F4A934205DDFA
:10EEA00002460B4602F024FF07B030BD02AADFF78E
:10EEB00087FF00F00303012B11D0022B23D0DBB11D
:10EEC0000124DDE90423DDE902010094E0F788FF75
:10EED000EAE700220023E0F75BFA07B030BDDDE986
:10EEE00004450093DDE9020122462B46E0F778FF56
:10EEF00001F1004107B030BDDDE90423DDE9020185
:10EF0000E0F746FAD0E7DDE90423DDE90201E0F7A6
:10EF10003FFAEDE7FB21E93FFFFFEF7F21F00043E0
:10EF20001946704730B51F4A21F00043934287B01D
:10EF30001CDD1D4A934205DD02460B4602F0D8FE59
:10EF400007B030BD02AADFF73BFF00F00300012845
:10EF5000DDE9042312D002281CD0A0B1DDE90201B2
:10EF6000E0F716FA01F1004107B030BD002300932D
:10EF700000220023E0F734FF07B030BDDDE90201D5
:10EF8000E0F706FADCE70124DDE902010094E0F78E
:10EF900027FFD5E70124DDE902010094E0F720FF17
:10EFA000E0E700BFFB21E93FFFFFEF7F30B5144AE8
:10EFB00021F00043934287B019DD124A934205DDE8
:10EFC00002460B4602F094FE07B030BD02AADFF7FE
:10EFD000F7FE440004F00204C4F10104DDE9042357
:10EFE000DDE902010094E0F7B3FF07B030BD012373
:10EFF000009300220023E0F7ABFF07B030BD00BF55
:10F00000FB21E93FFFFFEF7F334A21F000439342AA
:10F01000D0B506460F460C460DDD02460B460020D5
:10F020002E4903F047F9002F4FF000022B4B2EDB47
:10F0300002F060FED0BD2A4A934207DD2749002036
:10F04000002CF7DA01F100431946D0BDB3F1725F2D
:10F0500020DB244A934226DDFFF760FF02460B4681
:10F0600002F048FEE1F758F900224FF0804302F029
:10F0700041FE02460B4600204FF0804103F01AF992
:10F0800002460B460020154902F032FED8E702F096
:10F090002FFED0BD0022114B02F02CFE32463B4623
:10F0A00002F0DEFFD0BDFFF739FF00224FF04043F2
:10F0B00002F0D6FFE1F730F900224FF08043064618
:10F0C00001F1004702F016FE02460B463046394673
:10F0D00003F0F0F8B4E700BFFFFFEF7F0000F03F60
:10F0E000FFFF3540FFFFEF3F70B5C1F30A56A6F2B0
:10F0F000FF33132B0A4608DC002B1BDB0F4C44FAB2
:10F1000003F3002022EA030170BD332B044607DD20
:10F11000B3F5806FF8D102460B4602F0EBFD70BDEF
:10F120004FF0FF33A6F2134623FA06F6114624EAFF
:10F13000060070BD002002F0004170BDFFFF0F000F
:10F1400000B585B0234A0190019B23F00043934210
:10F150001DDDB3F1FF4F08DBDDED017A77EEE77AD5
:10F1600017EE900A05B05DF804FB02A901F06EFCF1
:10F1700000F00302012A14D0022A22D0D2B10122C7
:10F180000399029802F084F907EE900AE8E700215B
:10F1900001F0B4FD07EE900A17EE900A05B05DF895
:10F1A00004FB0399029802F073F907EE900AF1EE5E
:10F1B000677AD5E70399029801F0A0FD07EE900A5F
:10F1C000CEE70399029801F099FD07EE900AF1EE5F
:10F1D000677AC5E7D80F493F00B585B0244A01904A
:10F1E000019B23F0004393421EDDB3F1FF4F08DB88
:10F1F000DDED017A77EEE77A17EE900A05B05DF85B
:10F2000004FB02A901F022FC00F00300012816D043
:10F21000022823D0D0B10399029801F06FFD07EEC8
:10F22000900AF1EE677AE7E70022002102F030F958
:10F2300007EE900A17EE900A05B05DF804FB0399FB
:10F24000029801F05BFD07EE900AD5E701220399D1
:10F25000029802F01DF907EE900ACDE7012203990A
:10F26000029802F015F907EE900AF1EE677AC3E70B
:10F27000D80F493F2DE9F043DFF898808BB0044662
:10F280000D46DEF795FA98F90030013306460F4631
:10F290002BD022462B462046294603F07BF9814697
:10F2A00018BB20462946FFF739FE0022164B03F013
:10F2B00067F9D0B1154B164801930122CDF8209083
:10F2C0000092CDE90445CDE9024502F037F998F9FD
:10F2D0000030022BCDE906010CD0684602F02CF973
:10F2E00040B1089B5BB9DDE90667304639460BB093
:10F2F000BDE8F08302F074FC21230360F1E702F023
:10F300006FFC089B0360EEE70000F03F6C5A0400BE
:10F3100040460400322300202DE9F0438BB0044620
:10F320000D46DEF799FC244B93F90080B8F1FF3FBE
:10F3300006460F460ED022462B462046294603F0AD
:10F3400029F9814630B900221C4B2046294603F09A
:10F35000F9F820B9304639460BB0BDE8F0830022F9
:10F36000002301210091164ECDF820901046194639
:10F37000CDE90445CDE90245019602F09BFFB8F1C5
:10F38000020FCDE906010CD0684602F0D5F840B175
:10F39000089B5BB9DDE90667304639460BB0BDE82E
:10F3A000F08302F01DFC21230360F1E702F018FC5A
:10F3B000089B0360EEE700BF322300200000F03F0F
:10F3C000745A04002DE9F043DFF898808BB00446AE
:10F3D0000D46DEF7CDFC98F90030013306460F46A6
:10F3E0002BD022462B462046294603F0D3F88146EF
:10F3F00018BB20462946FFF791FD0022164B03F06B
:10F40000BFF8D0B1154B164801930122CDF82090DA
:10F410000092CDE90445CDE9024502F08FF898F954
:10F420000030022BCDE906010CD0684602F084F8CA
:10F4300040B1089B5BB9DDE90667304639460BB041
:10F44000BDE8F08302F0CCFB21230360F1E702F07A
:10F45000C7FB089B0360EEE70000F03F7C5A040006
:10F460004046040032230020DEF7B2BE2DE9F04F03
:10F47000DFF8CCA08BB004460D46DEF799FF9AF971
:10F480000030013306460F4637D022462B46204631
:10F49000294603F07FF8834678BB20462946FFF7CC
:10F4A0003DFD0022244B8046894603F05FF820B3DF
:10F4B000404649460022204B03F062F89AF900606A
:10F4C00060B3CDE90445CDE90245012100220023C6
:10F4D0001A4F0091CDF820B010461946019702F05E
:10F4E000E9FE022ECDE906010CD0684602F024F8B0
:10F4F00040B1089B6BB9DDE90667304639460BB071
:10F50000BDE8F08F02F06CFB21230360089B002B09
:10F51000F1D002F065FB089B0360ECE70223089042
:10F520000093064FCDE90445CDE902452046294622
:10F5300000220023D2E700BF0000F03F845A0400FD
:10F54000322300202DE9F04F8BB01D4606460F46B2
:10F55000144600F07FFC294B93F900A0BAF1FF3F5D
:10F560008046894635D022462B462046294603F060
:10F5700011F870BB32463B463046394603F00AF874
:10F58000834630BB002200232046294602F0D0FFEC
:10F59000F8B11B4BCDF820B00122CDE90267CDE9CF
:10F5A0000445CDE90023BAF1000F17D00022002353
:10F5B0001046194602F07EFEBAF1020FCDE90601AF
:10F5C0000ED102F00DFB21230360089B83B9DDE916
:10F5D0000689404649460BB0BDE8F08FCDE9066785
:10F5E000684601F0A9FF0028EBD0089B002BEED065
:10F5F00002F0F6FA089B0360E9E700BF322300201F
:10F60000985A04002DE9F0438BB004460D46DFF70D
:10F610007FF9364B93F90060731C804689460DD004
:10F6200022462B462046294602F0B4FF30B900227C
:10F6300000232046294602F0A3FF20B14046494658
:10F640000BB0BDE8F0832A4B0890CDE90245CDE927
:10F6500004450193DEB9274F4FF060462046294606
:10F6600000220023CDE9066702F062FF002835D0B2
:10F6700002230093684601F05FFFB8B1089BD3B93D
:10F68000DDE90689404649460BB0BDE8F0831A4BD8
:10F690000022CDE90623204629460022002302F05D
:10F6A00047FF68B102239E420093E3D102F098FA2B
:10F6B00022230360E2E702F093FA089B0360DFE78E
:10F6C0000123022E00930BD102F08AFA212303605A
:10F6D0000A4801F033FFCDE90601CFE7012300938B
:10F6E000684601F029FF0028F2D1EDE7322300201F
:10F6F000A05A0400FFFFEFC70000F0FF40460400DF
:10F700002DE9F0438BB004460D46DFF7CDFA374BB9
:10F7100093F90060731C804689460ED022462B4622
:10F720002046294602F036FF074630B90022002362
:10F730002046294602F010FF20B9404649460BB04A
:10F74000BDE8F0832A4B0897CDE90245CDE9044591
:10F750000193DEB9274F4FF060462046294600222C
:10F760000023CDE9066702F0E3FE002835D002232E
:10F770000093684601F0E0FEB8B1089BD3B9DDE91B
:10F780000689404649460BB0BDE8F0831A4B00227B
:10F79000CDE90623204629460022002302F0C8FEB8
:10F7A00068B102239E420093E3D102F019FA2223AA
:10F7B0000360E2E702F014FA089B0360DFE701232D
:10F7C000022E00930BD102F00BFA212303600B48A9
:10F7D00001F0B4FECDE90601CFE7012300936846AE
:10F7E00001F0AAFE0028F2D1EDE700BF322300208D
:10F7F000A45A0400FFFFEFC70000F0FF40460400DA
:10F800002DE9F0432B4E8BB080468946DFF7FCFC98
:10F8100096F90030013304460D4603D001F086FE10
:10F82000074620B1204629460BB0BDE8F08340468C
:10F83000494601F07BFE0028F4D01F4B96F90040AA
:10F8400008970322CDE90023CDE90489CDE9028997
:10F85000404649460022002364B902F091FE4FF071
:10F860006042E8B1154BCDE90623684601F064FE1D
:10F8700068B908E002F084FE002298B1104B022C17
:10F88000CDE90623F1D102F0ABF922230360089BF6
:10F8900053B9DDE90645204629460BB0BDE8F083A3
:10F8A000084BE0E7084BEAE702F09AF9089B03608F
:10F8B000EFE700BF32230020AC5A0400FFFFEF4700
:10F8C0000000F07FFFFFEFC70000F0FF2DE9F04FD1
:10F8D0008BB004460D4600F0CFFB294B93F900A0F6
:10F8E000BAF1FF3F06460F4612D022462B4620466D
:10F8F000294602F04FFE834650B94FF000084FF002
:10F9000000092046294642464B4602F01BFE20B91C
:10F91000304639460BB0BDE8F08F0122194BCDF8C7
:10F9200020B00092CDE90445CDE902450193BAF13A
:10F93000000F17D042464B464046494602F0BAFCFB
:10F94000BAF1020FCDE906010ED102F049F92123E7
:10F950000360089B73B9DDE90667304639460BB092
:10F96000BDE8F08FCDE90689684601F0E5FD002885
:10F97000EFD1EAE702F034F9089B0360EBE700BF40
:10F9800032230020B45A040000F036BC10B52DED2F
:10F99000028B8AB008EE100A00F0E8FC334B93F9B2
:10F9A0000040631C09D0B4EE488AF1EE10FA04D688
:10F9B000B5EEC08AF1EE10FA03D90AB0BDEC028BA5
:10F9C00010BD2B4B019318EE100A0023089302F090
:10F9D000EFFACDE90401CDE90201CCB9254BB5EE32
:10F9E000408A4FF06042F1EE10FACDE9062334D19F
:10F9F00002230093684601F09FFDB0B1089BCBB98C
:10FA0000DDE9060102F024FE0AB0BDEC028B10BD58
:10FA1000194BB5EE408A0022F1EE10FACDE906232B
:10FA20000DD102239C420093E4D102F0D9F82223A5
:10FA30000360E3E702F0D4F8089B0360E0E70123EA
:10FA4000022C00930BD102F0CBF8212303600B486A
:10FA500001F074FDCDE90601D0E70123009368466B
:10FA600001F06AFD0028F2D1EDE700BF322300204B
:10FA7000BC5A0400FFFFEFC70000F0FF404604003F
:10FA80002DE9F0432DED048BB34E8BB008EE900AB8
:10FA900008EE101A00F0E0FC96F900506B1C0446CA
:10FAA00030D0B4EE488AF1EE10FA2BD6F4EE688A24
:10FAB000F1EE10FA68D69FEDA99AF4EE498AF1EEBC
:10FAC00010FA25D1B4EE498AF1EE10FA40F0908098
:10FAD0000123A34A009318EE900A00230192089391
:10FAE00002F066FACDE9020118EE100A02F060FA9F
:10FAF00000220023CDE90401CDE90623002D60D0CA
:10FB00004FF07E5420460BB0BDEC048BBDE8F08373
:10FB100001F0FCFD0546002800F09A8007EE904AAF
:10FB2000F5EE407AF1EE10FAECD118EE900A01F001
:10FB3000EDFD0028E6D018EE100A01F0E7FD0028E0
:10FB4000E0D00423864A009318EE900A002308931D
:10FB5000019202F02DFACDE9020118EE100A02F02E
:10FB600027FA96F9003000240025022BCDE9040184
:10FB7000CDE9064503D0684601F0DEFC38BB02F053
:10FB80002FF82223036022E0B5EE408AF1EE10FA4E
:10FB9000B8D10123724A009318EE900A0023019213
:10FBA000089302F005FACDE9020118EE100A02F0FE
:10FBB000FFF96C4B0022022DCDE90401CDE90623AB
:10FBC0009ED0684601F0B8FC002800F08480089BB5
:10FBD0001BB102F005F8089B0360DDE9060102F0A5
:10FBE00037FD044620460BB0BDEC048BBDE8F08326
:10FBF00018EE100A01F08AFD002883D0B5EEC08A05
:10FC0000F1EE10FA7FF57EAF0123554A009318EE0E
:10FC1000900A00230893019202F0CAF9CDE902018B
:10FC200018EE100A02F0C4F996F90030CDE904018B
:10FC3000002B55D04C490020022BCDE9060153D1B1
:10FC400001F0CEFF21230360089B002BC5D0C0E745
:10FC500018EE900A01F05AFD00283FF45FAF18EE4D
:10FC6000100A01F053FD00283FF458AF18EE900A37
:10FC700002F09EF9804618EE100A894602F098F9C3
:10FC800007EE904AF4EE677AF1EE10FA96F90070FA
:10FC900072D6F6EE007A0322314B08950092CDE938
:10FCA0000289CDE90401019328EE278A17BB2F4B67
:10FCB000F5EEC08A4FF06042F1EE10FACDE906236E
:10FCC00024D4684601F038FC0028BDD101F088FF3B
:10FCD00022230360B8E701F083FF2123036076E766
:10FCE00000220023CDE90623684601F025FC002808
:10FCF000AAD1A5E71E4BF5EEC08A0022F1EE10FA5C
:10FD0000CDE9062315D4022FE0D0DAE718EE100A69
:10FD100001F062FD07EE900AF4EE487AF1EE10FA77
:10FD200016D0144B96F900704FF06042CDE90623CF
:10FD3000E9E718EE100A01F04FFD07EE900AF4EE25
:10FD4000487AF1EE10FA03D0074B0022CDE90623E2
:10FD500096F90070D7E700BF3223002000000000B2
:10FD6000C45A04000000F03F0000F0FFFFFFEF471F
:10FD70000000F07FFFFFEFC701220B4B08950092B8
:10FD8000CDE90289CDE904010193002FA8D0C9EE85
:10FD9000097A17EE900A02F00BF9022FCDE906015D
:10FDA0003FF44EAFA0E700BFC45A040010B52DEDDC
:10FDB000028B8AB008EE100A00F098FF234B93F9EB
:10FDC0000040631C09D0B4EE488AF1EE10FA04D664
:10FDD000B5EEC08AF1EE10FA03D40AB0BDEC028B86
:10FDE00010BD01231A4A009318EE100A0023019255
:10FDF000089302F0DDF80022CDE90401CDE902010B
:10FE00000023ACB11046194602F054FA022CCDE999
:10FE100006010FD101F0E4FE21230360089B7BB9AA
:10FE2000DDE9060102F014FC0AB0BDEC028B10BD46
:10FE3000CDE90623684601F07FFB0028EED1E9E713
:10FE400001F0CEFE089B0360EAE700BF32230020EA
:10FE5000CC5A04002DE9F04723F0004E5EEA02067A
:10FE600020D07E4E21F00048B04589461ADC56422B
:10FE700016437B4F4EEAD676BE42144612D8F04562
:10FE80001D4694468246074601F0004612DC0FDB11
:10FE900090420DD30ED1734BF60F03EBC603D3E99B
:10FEA000000105E002F0DCF802460B4602F002FA1F
:10FEB000BDE8F087B8F5801F3BDB4FEA2852A2F27D
:10FEC000FF32BEF5801F80F28F80BEF1000F40F040
:10FED0009F80002C2346644904DD5B00002B01F168
:10FEE000FF31FADC614B9A4270DBC9F3130343F430
:10FEF00080135E4881425BDBC5F3130444F4801435
:10FF0000501A07E052EA050321D0EB0F03EB42033E
:10FF10006F0001381A1BA7EB0C05F8B1674538BF15
:10FF200002F1FF32002AEDDAFA0F02EB43037F0001
:10FF3000EFE7B8F1000F5CD1BAF1000F53464A4A1F
:10FF4000BFDD5B00002B02F1FF32FADCB9E7454B65
:10FF5000F60F03EBC606D6E90001A9E7674538BFEF
:10FF600002F1FF32002ABCBF3D461A4652EA0503A1
:10FF7000EDD03F48824208DCEB0F03EB42028242A5
:10FF800001F1FF314FEA4505F6DD384B99424EDA73
:10FF90005B1A142B54DC01F21E41DD4002FA01F120
:10FFA00042FA03F31E4341EA0502314610467FE759
:10FFB000401A1F2826DC01F21E450EFA00FE24FA24
:10FFC00005F504FA00FC45EA0E0499E79F1A1F2F75
:10FFD00027DC02F21E4308FA07F82AFA03F30AFAAA
:10FFE00007F743EA080384E74FEA2E51A1F2FF31F5
:10FFF00078E71E4A4FEAC8235B00002B02F1FF326C
:020000040004F6
:10000000FADC5EE71B4D6D1AAC404FF0000C77E751
:1000100016494FEACE235B00002B01F1FF31FADCD9
:1000200060E7144B9B1A0AFA03F3002761E7A2F575
:100030008012164301F2FF3346EA0351284637E7A0
:100040001F2B07DC01F21E4102FA01F125FA03F22F
:100050000A43AAE7074B591A0A41A6E7FFFFEF7FB9
:100060000000F07F80340400EDFBFFFF02FCFFFF87
:10007000FFFF0F00E2FBFFFF5E4A8A432DE9F041DC
:1000800004460D4600F0958000290B46064684463E
:1000900056DD0F1500F0A580C3F31303A7F2FF3759
:1000A00043F480134FEADC72F80702EB43034FEA94
:1000B0004C0504D5ED0F05EB43034FEA8C050026F4
:1000C0007F10B44616224FF400110CEB0100984249
:1000D0004FEAD5744FEA450503DC1B1A00EB010C0F
:1000E0000E44013A04EB43034FEA5101EDD11046AF
:1000F000964620244FF0004209E051D05B00013CBD
:1001000003EBD5734FEA52024FEA450537D06345FA
:1001100002EB0E01F1DD002901EB020E0ADBE046E5
:10012000A3EB0C03A94288BF03F1FF336D1A1044FF
:10013000C446E3E7BEF1000FF1DB0CF10108EFE785
:1001400021F00042024329D0002942D10146CA0AC7
:10015000153B4905002AFAD012F4801001D044E082
:1001600060465200D40200F1010CF9D5CCF1200414
:1001700001FA0CFCE1401F1A41EA02038CE72B4311
:1001800021D14408731003F17F53F20703F50013E4
:1001900048BF44F0004403EB07512046BDE8F0811E
:1001A000A942ABD8002901EB020EC3DB984600231D
:1001B000BCE702460B4601F053FF22462B4601F0F6
:1001C00099FDBDE8F081411C16BF421C0136540860
:1001D000D8E7024601F08CFD02460B4602F06AF8B1
:1001E000DCE71A4631463B46B6E78C4620244FF002
:1001F000FF30BFE70000F07F30B583B007EE900A14
:100200000191019B23F00042B2F1FF4F17DC20F077
:100210000041B1F1FF4F054611DCB3F17E5F3FD0E5
:100220009C1704F0020444EAD07481B9022C4CD02B
:100230009FED437A032C08BFF0EE477A03E09DED73
:10024000017A77EE277A17EE900A03B030BDF2B14B
:10025000B2F1FF4F29D0B1F1FF4F18D08A1AD21551
:100260003C2A35DC002B36DA3C3234DADFED357AE5
:10027000012C47D0022C3CD0002CE4D0DFED326AB8
:100280009FED327A77EEA67A77EEC77ADBE7DFED7D
:10029000307A9FED307A002DB8BFF0EE477AD2E782
:1002A00003B0BDE8304001F04FB9B1F1FF4F30D09D
:1002B000022C0AD0032C39D0DFED277A9FED217A6A
:1002C000012C18BFF0EE477ABDE7DFED207ABAE7E0
:1002D000DFED1F7ACCE7019807EE100AC7EE877AA8
:1002E00017EE900A01F00EFA01F02EF907EE900ACF
:1002F000BEE7DFED156A9FED157A77EEA67A77EE09
:10030000677AA0E717EE903A03F1004307EE903AC0
:1003100099E7022C10D0032C0BD0DFED107A9FED63
:10032000107A012C18BFF0EE477A8CE7DFED047AE3
:1003300089E7DFED0C7A86E7DFED0B7A83E700BF14
:10034000DB0F49C0000000002EBDBB33DB0F49406E
:10035000DB0FC93FDB0FC9BF00000080DB0F49BFC7
:10036000DB0F493FE4CB16C0E4CB164000B52DEDC2
:10037000028B83B00190019830F0004337D0002801
:1003800042DBB0F1FF4F4EDAB0F5000F56DADFED89
:100390002C7A9DED017A67EE277A6FF0180217EE3E
:1003A000900AC3157F3B1344DA0F134407EE903ACB
:1003B000C2F17F01C0F3160040EAC150B8EEE78AEF
:1003C00001F0E6FADFED1F7ADFED1F6A9FED1F7A7D
:1003D00006EE100A66EE277AE8EE267AE8EE077A4D
:1003E00017EE900A03B0BDEC028B5DF804FBDFED65
:1003F000186A9FED187AC6EE877A17EE900A03B056
:10040000BDEC028B5DF804FBDDED017A9FED117A06
:1004100077EEE76AC6EE877A17EE900A03B0BDEC76
:10042000028B5DF804FBDDED017A77EEA77A17EE1B
:10043000900A03B0BDEC028B5DF804FB0022B0E72C
:100440000000004CD95BDE3EDB27543580209A3E0D
:10045000000000CC000000002DE9F04731F000461C
:100460002DED028B12D020F00047B7F1FF4F8046F0
:1004700006DDBDEC028B5A48BDE8F04701F0A8B993
:10048000B6F1FF4F08DDB7F17E5FF2D14FF07E503D
:10049000BDEC028BBDE8F08700280C462BDB4FF04B
:1004A0000009B6F1FF4F38D0B6F17E5F3DD0B4F110
:1004B000804F19D0B4F17C5F05468A4643D1B8F12C
:1004C000000F6FDA01F01EF9B7F1FF4F01D0002FD6
:1004D0003FD1A7F17E5757EA090369D0B9F1010F5F
:1004E000D6D180F00040D3E707EE900A67EEA77AF6
:1004F00017EE900ACCE7B6F1974F21DAB6F17E5F9E
:1005000008DBF315C3F1960346FA03F202FA03F38C
:10051000B34256D04FF00009C6E7B7F17E5FB5D0C1
:100520003BDD002C28DB0846B2E7002CB0DA07EEF2
:10053000100AF7EE007AC7EE877A17EE900AA7E75F
:100540004FF00209ADE701F0DDF8B7F1FF4F15D02C
:10055000A7B1B7F17E5F11D04FEAD873013B59EADA
:10056000030233D0B6F19A4F40DD1E4A974200F3A2
:100570009481002CC0F29781002089E7002C07DAD3
:1005800007EE100AF7EE007AC7EE877A17EE900AA8
:10059000B8F1000FBFF67CAF9BE7002CECDA81F0DE
:1005A000004075E7BDEC028BBDE8F04700F09EBB54
:1005B00007EE900A77EEE77AC7EEA77A17EE900A71
:1005C00066E702F00102C2F102096DE707EE905AF8
:1005D00077EEE77AC7EEA77A17EE900A58E700BFE2
:1005E00040460400F7FF7F3F0000804BB7F5000F47
:1005F00080F249815FED047A07EE100A67EE277AF0
:100600006FF0170217EE907AF048F915C7F3160746
:100610007F398742114447F07E5240F33681EC48DF
:10062000874240F3B9819FEDEB5A0131A2F50002F8
:10063000F0EE453A0020F7EE006A04EE902A74EEE0
:10064000A67AB7EE007A87EE278A521042F000525F
:1006500002F58022024434EEE67ADFEDDF8A9FED78
:10066000DF2A9FEDDF0ADFEDDF0A9FEDDF1ADFED06
:10067000DF1ADFEDDF2A9FEDDF3A27EE084A07EEAB
:10068000902A24EE046ADC4AA6EE282A14EE100A08
:10069000104005EE900AA2EE060AB1EE652A77EE4A
:1006A000E66AA2EE277AF0EE607AE0EE067A74EE61
:1006B000E64AF0EE476AB0EE417AA7EE867AE2EEBD
:1006C000246AE7EE061A66EE886A75EE847A26EEEC
:1006D000066A67EEA67AF0EE084AE6EE217AB0EEF8
:1006E000646AA5EEA56A07EE101A36EE276ADFEDFA
:1006F000C31A16EE101A114006EE101A76EE644A6E
:10070000B8EEC77AE2EE254A77EEE47A67EE847AAD
:10071000E6EE267AF0EE676AE5EE866A16EE901A45
:10072000114006EE901AE2EE066A05EE901A77EE98
:10073000E67A67EEA27AE5EE837A77EEA37AF0EEB8
:10074000676AE5EEA16A76EE856A76EE876A16EE4E
:10075000901A114006EE901A36EEC77A37EE457AB7
:10076000A5EEE17A77EEC77A24F47F6424F00F04D3
:1007700007EE10AA06EE104A67EE877A37EE466A51
:1007800007EE104AE6EE267A09F1FF3959EA03032B
:1007900026EE877ABFEE008A77EE876AB7EE006AA8
:1007A00016EE900A18BFB0EE468A002820F00043EB
:1007B00040F39480B3F1864F00F387807AD0B3F191
:1007C0007C5F00F39780002116EE903A23F47F635C
:1007D00023F00F0306EE903A9FED896ADFED895A08
:1007E0009FED893ADFED893A9FED892A9FED894A8D
:1007F000DFED894A9FED895A36EEC77AF0EE002A7E
:1008000077EEC77A26EE867AA7EEA57AF7EE005A3B
:10081000F0EE477AA6EE837A27EE076AF0EE471AE3
:10082000E6EEC31AF0EE636AE6EE026A77EEE17A6C
:10083000A6EE864AE7EE277AE4EE064AA4EE865A4A
:10084000F0EE456AB0EE475AA6EEC65AF0EE456A9B
:1008500036EEE26A27EE055AC5EE066A76EEE77ACC
:1008600037EEC77A35EEC77A17EE103A03EBC1536D
:10087000B3F5000FC0F2A28007EE903A67EE887AD7
:1008800017EE900A04E60022BEE69FED525A0020C1
:10089000F0EE453AF7EE006ACFE6614A974248DD4E
:1008A000002C7FF769AEDFED5F7A67EEA77A17EE6F
:1008B000900AEDE59FED5C6A76EEC76A37EE866AD0
:1008C000B4EEE66AF1EE10FA14DD9FED567A68EEAA
:1008D000077A67EE877A17EE900AD9E5534A934272
:1008E00063DC7FF46CAF76EEC76AF4EEE76AF1EE94
:1008F00010FA5ADADB154FF400027E3B42FA03F39A
:100900000344C3F3C7524A4C7F3A1441C3F3160160
:1009100023EA040306EE903AC2F1170241F4000103
:1009200037EE667A11410028B8BF494277EE876AF0
:100930004AE707EE100AF7EE007A77EE677A9FED46
:10094000296A9FED3C7ADFED3C4ADFED3C5AB1EE7F
:10095000675AF5EE006AA5EE266AF6EE006AE6EE44
:10096000676A27EEA76A66EE866A27EE667AA7EEC2
:10097000A47AF0EE476AE7EEA56A16EE902A22F412
:100980007F6222F00F0207EE902AE5EE257A06EE4E
:10099000902A77EE677AE7E69FED295ADFED293A4C
:1009A0004FF40010F7EE086A47E69FED277A68EEED
:1009B000077A67EE877A17EE900A69E517EE100A54
:1009C00000F072FF07EE900A58E700BF71C41C00E8
:1009D000D6B35D000000000042F1533E55326C3E3C
:1009E00005A38B3EABAAAA3EB76DDB3E9A99193F91
:1009F0004F38763FA0C39D3600F0FFFF0038763FAA
:100A00008CBEBF351872313F0072313F0EEADDB542
:100A10004CBB313355B38A38610B36BBABAA2A3E87
:100A20000700803FCAF249713CAA383300001643E0
:100A3000FFFF7F003BAAB83F70A5EC3600AAB83F85
:100A400000C0153FDCCFD1356042A20D70B5994A88
:100A500020F00044944286B06BDD974A94420646EB
:100A60001CDC002824F00F04DFED947A944A07EE92
:100A7000100A64DD944277EE677A00F0D5809FED2E
:100A8000917A77EEC76A012077EEE67AC1ED006AC7
:100A900077EEC77AC1ED017A06B070BD8A4A9442FA
:100AA0000D4660DDB4F1FF4F80F2B480E215863A66
:100AB000A4EBC25307EE903ABDEEE77ADFED836A0E
:100AC000B8EEC77A77EEC77A8DED037A67EEA67A2D
:100AD000BDEEE77AB8EEC77A77EEC77A8DED047A85
:100AE00067EEA67AF5EE407AF1EE10FACDED057AD2
:100AF00040F0CC80B5EE407AF1EE10FA0CBF012345
:100B00000223734901910221009103A8294600F0B4
:100B10007FF9002E11DA95ED007AD5ED017AB1EE6C
:100B2000477AF1EE677A404285ED007AC5ED017AA9
:100B300003E0002208604A60002006B070BD9442C5
:100B400077EE277A00F08F809FED5E7A77EE876AE6
:100B50004FF0FF3077EEE67AC1ED006A77EE877AE4
:100B6000C1ED017AE9E700F0CDFD9FED5A6A9FEDF6
:100B7000535ADFED546A07EE100AF6EE007AE7EEFC
:100B8000067AFDEEE77AB8EEE76A17EE900AF1EE24
:100B9000465AF0EE477A1F28E5EE857A26EE267A49
:100BA00054DD77EEC76A16EE903AE415C3F3C753E7
:100BB000E31A082B54DD9FED487ADFED486AB0EE6A
:100BC000675AA5EE875A77EEC57AE5EE877AD6EEB4
:100BD000267A75EE676AB0EE677A16EE903AC3F33E
:100BE000C753E41A192C53DCC5ED006AF0EE457AC0
:100BF00077EEE67A002E77EEC77AC5ED017A9CDAB9
:100C0000F1EE666AF1EE677AC5ED006AC5ED017A2C
:100C1000404292E707EE900A77EEE77A0020C1EDB6
:100C2000017AC1ED007A88E7DFED2B6A9FED2B7A20
:100C300077EEE67A012077EEC76A77EEE67AC1EDC5
:100C4000006A77EEC77AC1ED017A76E7421E244B3F
:100C500053F8223024F0FF029A4277EEC76AA2D0FE
:100C6000C5ED006AC4E7DFED1C6A9FED1C7A77EEE4
:100C7000A67A4FF0FF3077EE876A77EEE67AC1ED1D
:100C8000006A77EE877AC1ED017A56E7032338E7E9
:100C9000DFED146ADFED144AF0EE457AE5EEA67A50
:100CA00035EE677AA5EEA67A96EE247A77EEC76AD5
:100CB000D6E700BFD80F493FE3CB1640800FC93FAE
:100CC000D00FC93F43443537800F4943000080436C
:100CD000DC5C040084F9223F0044353708A3852EEC
:100CE0005C5C040000A3852E32318D2407EE900A4F
:100CF000F1EEE77A17EE900A704700BF20F000434C
:100D0000B3F1485F06EE100A06EE901A2EDAFDEEF9
:100D1000C67A17EE903A002B5FD026EE067ADFED0A
:100D2000343A9FED344ADFED344A9FED345ADFED1B
:100D3000347ADFED345AA7EE234AE7EE044AA7EEF1
:100D4000245AE7EE057AE7EE275A65EE875A66EEF3
:100D5000C66AB6EE006AE7EE256AF7EE007AD7EECD
:100D6000066A77EEE67A17EE900A704726EE067A64
:100D7000DFED1F3A9FED1F4ADFED1F4A9FED1F5A1F
:100D8000DFED1F7ADFED1F5A1F4AA7EE234A934279
:100D9000E4EE074AA4EE875AE5EE077AE7EE875AB3
:100DA00065EE875AD3DD194A93421BDC03F17F437A
:100DB00007EE903AB7EE005A35EE675A66EEC66A0D
:100DC000B6EE006AE7EE256AD7EE067A77EEE67AA7
:100DD00075EE677A17EE900A7047F7EE007A17EE15
:100DE000900A7047B6EE075AF5EE027AE6E700BFC2
:100DF0004ED747ADF6740F317CF293B4010DD03766
:100E0000610BB6BAABAA2A3D9999993E0000483FBA
:100E10002DE9F04F2DED048BD7B003F1FF3902938C
:100E2000D31E48BF131DBA4C649D0591DB1023EA05
:100E3000E37354F82560039303F10108A2EBC8089B
:100E400016EB09028646A3EB090316D41A449FED5C
:100E5000B17A6598511C1AAA002BA4BF50F8234000
:100E600007EE904A03F10103ACBFF8EEE77AF0EE2B
:100E7000477A8B42E2EC017AEED1029B002E4FEAD8
:100E800083044FEA860A1DDB1AAB181943AA73467E
:100E9000191902EB0A0742ADF446B9F1000FDFED74
:100EA0009D7A09DB02466346F3EC016A32ED017A72
:100EB0008B42E6EE877AF7D1E5EC017ABD4200F18C
:100EC0000400EAD1AAF1080306ADEB1804939FEDE4
:100ED000939ADFED918A009605ABB34674449A4429
:100EE00042AF76464FEA8B0356AA1A44BBF1000F75
:100EF00052ED146A16DD07EB8B02294666EE897AFD
:100F0000B0EE667AFDEEE77A32ED016AF8EEE77A46
:100F1000BA42A7EEE87A77EE866ABDEEC77AA1EC10
:100F2000017AEBD1414616EE900A019300F0BCFC29
:100F300008EE100AF4EE007A68EE277A17EE900AAF
:100F400000F0ECFB07EE100AF2EE007AA7EE678ADB
:100F5000B8F1000F019BFDEEC89AF0EE487AB8EEAA
:100F6000E98A37EEC88A40F3C6800BF1FF3CC8F12E
:100F7000080255F82C1041FA02F000FA02F2891A20
:100F800045F82C1019EE90CA8444C8F1070209EE06
:100F900090CA41FA02F2002A48DD19EE901ABBF11C
:100FA000000F01F1010109EE901A40F33682D5F8E5
:100FB00000C0BCF1000F40F09B80BBF1010F20D0BE
:100FC000AE4601205EF8041F00F1010C002900F07C
:100FD0009980E6468C467146CCF5807C8B4545F879
:100FE00020C00CDD55F821002B4405EB810100E009
:100FF0000868C0F1FF0041F8040B9942F8D14FF0A6
:10100000010CB8F1000F0EDDB8F1010F00F02E81D8
:10101000B8F1020F07D10BF1FF3155F8213003F081
:101020003F0345F82130022A00F00981B5EE408ADD
:10103000F1EE10FA40F08680009B0BF1FF3C634517
:101040000EDC0BF18041013905EB8101002051F8E4
:101050000439514540EA0300F9D1002840F00F81DE
:10106000009B013B55F82330002B40F0FC80049B93
:101070004FF0010C53F804290CF1010C002AF9D0AF
:10108000DC440BF1010EE64530DC039B029A0EEBCB
:1010900003015A4403EB0C0B1AAB01F1804103EB43
:1010A0008202659B013903EB810107EB8E0E03EB96
:1010B0008B0B51F8043F9FED177A07EE903AF8EE4C
:1010C000E77A1046B9F1000FE0EC017A09DB33460C
:1010D00001E072ED017AF3EC016AA342A6EEA77A71
:1010E000F7D15945AEEC017A0246E2D1E346F9E682
:1010F0000121002070E715D10BF1FF3255F82220B5
:10110000121248E7E34560467FF45CAF8C4678E70F
:101110003060040000000000000080430000803BBD
:101120000000C93FF6EE007AB4EEE78AF1EE10FA5D
:1011300080F25D81B5EE408AF1EE10FA4FF00002C8
:101140003FF47AAFC8F1000118EE100A0192009E38
:1011500000F0AAFB5FED106A019A07EE100AB4EEE8
:10116000E67AF1EE10FAC0F25B815FED147A67EE79
:10117000277A0BF10103FDEEE77A08F10808F8EE93
:10118000E77AA7EEE67AFDEEE77ABDEEC77A17EECC
:10119000101A45F82B1017EE901A45F82310414607
:1011A0004FF07E50CDE9002300F07EFB019B009ABA
:1011B000002B07EE100AC0F24A819F0042A907F1F6
:1011C000040E5FED2A6A0F44381D05EB0E0171ED28
:1011D000017AF8EEE77AA94267EE877A27EE267A57
:1011E00060ED017AF3D10DF1B8081FED336AC44602
:1011F00003F101090025002EC0F20481A24CDFEDAD
:10120000A37A3846B0EE467A002103E0A94208DC12
:10121000B4EC017AF0EC016A01318E42E6EE877A95
:10122000F4DA01354D45ECEC017AA7F10407E2D17F
:101230006499032955D8DFE801F0CAB7B75DF7EE26
:10124000007A37EEC88ABCF1000F3FF4EFAE17EE1C
:10125000900A4146019200F027FB07EE900A019A9E
:1012600038EE678AE2E64FF0010C09E70BF1FF3137
:1012700055F8213003F07F0345F82130D3E655F8C7
:101280002C10009E6346A8F10808002987D10CF1B4
:101290008041013905EB810151F80409013BA8F1B6
:1012A00008080028F8D07AE7DFED787A002A40F0C5
:1012B000BF809DED2E7A0599002BC1ED007A77EE67
:1012C000677A0BDD2FA80121B0EC017A01318B4246
:1012D00077EE877AF8DA002A40F0B680059BC3EDF6
:1012E000017A19EE903A03F0070057B0BDEC048B79
:1012F000BDE8F08F002B40F3C4809C0056A9214428
:101300000DF1B80803F1804051ED286A013808EB6F
:10131000830171ED017A37EEA67A884577EEC77AB8
:1013200081ED007A77EEA67AF0EE476AC1ED017A98
:10133000EFD1012B40F3A58056AB1C448000031D68
:1013400054ED286A43442FA973ED017A37EEA67A4B
:10135000994277EEC77A83ED007A77EEA67AF0EEBF
:10136000476AC3ED017AEFD10830DFED487A08EB28
:10137000000308F1080833ED017A984577EE877A83
:10138000F9D1DDED2E6A9DED2F7A2AB1F1EE666A74
:10139000B1EE477AF1EE677A059BC3ED006A83ED03
:1013A000017AC3ED027A9CE7002BFFF67DAF2EA8F1
:1013B00000EB8301DFED357A043131ED017A8842AB
:1013C00077EE877AF9D1002A3FF473AF30E0DFED92
:1013D0002F7AC6443EED017AF04577EE877AF9D14F
:1013E0000AB1F1EE677A059BC3ED007A79E719EE51
:1013F000902ABBF1000F02F1010209EE902A3ADDBA
:101400000222D4E5DFED217A01354D45ECEC017A7D
:10141000A7F104077FF4EFAE0AE74FF0000CF0E508
:10142000BDEEC77A5B4617EE101A45F82B10B6E6EC
:10143000DDED2E6A0599B1EE677A002B76EEE77A3C
:1014400081ED007A3FF73EAFF1EE677A46E76499A7
:1014500003293FF646AF01A050F821F06D140400B7
:10146000A9130400A9130400F5120400DFED077AA4
:10147000002AB6D1B7E7F7EE007A37EEC88A022223
:10148000D4E5DFED027A7CE708600400000000008C
:1014900020F00043B3F1485F07EE900A06EE101A01
:1014A00004DABDEEE77A17EE103A23B327EEA77AF7
:1014B0009FED174ADFED174A9FED175ADFED175AD8
:1014C000DFED176AE7EE044A27EE874AA4EE875A53
:1014D000E5EE075AE5EE876A82B166EEC46AF6EE7B
:1014E000005AE6EE256ADFED0F5A96EE876AA4EE03
:1014F000256A77EEC67A17EE900A70479FED0A6A62
:10150000A7EE266AE6EE047A17EE900A704700BF4F
:10151000D3C92E2F342FD7B21BEF3836010D50B957
:101520008988083CABAA2A3EABAA2ABE41F00041FA
:1015300001F58010C00F704700207047002001495E
:10154000704700BF0000F87F38B520F00044B4F1C8
:10155000A14F07EE900A05460DDBB4F1FF4F5CDCAE
:101560009FED557ADFED557A0028C8BFF0EE477A37
:1015700017EE900A38BD524B9C4261DCB4F1445FD7
:1015800050DB4FF0FF3327EEA76A9FED4E1A9FED19
:101590004E2ADFED4E1ADFED4E2A9FED4E3ADFED7B
:1015A0004E3A9FED4E4ADFED4E4A9FED4E5A9FED6B
:1015B0004E7ADFED4E5A66EE066A5A1CA6EE812A76
:1015C000E6EEA12AA2EE263AE2EEA63AA3EE264ADB
:1015D000E3EEA64AA4EE265AA4EEA67AE5EE265A33
:1015E00027EE267AA5EE867A27EE277A3FD0404965
:1015F000404A9B001944D1ED006A37EE667A1344E5
:1016000037EE677AD3ED007A77EEC77A002DB8BF50
:10161000F1EE677A17EE900A38BD77EEA77A17EEEB
:10162000900A38BD9FED347A37EE877AF7EE006A7C
:10163000B4EEE67AF1EE10FAA3DD17EE900A38BDAB
:1016400000F060F82D4B9C4207EE100A14DCA3F565
:10165000D0039C4225DCF0EE007AFFEE006AE7EE54
:10166000276A002337EE277AC6EE877A8BE777EE74
:10167000C77A17EE900A38BD214B9C420BDCF7EE7F
:10168000087AF7EE006AE7EE276A022337EE677AF8
:10169000C7EE267A77E7FFEE006AC6EE877A032365
:1016A00071E7F7EE007A77EE676A37EE277A012363
:1016B000C6EE877A67E700BFDB0FC93FDB0FC9BF04
:1016C000FFFFDF3ED769853C59DA4B3D21A215BDAE
:1016D0006BF16EBD356B883D95879DBD6E2EBA3D15
:1016E000388EE3BD2549123ECDCC4CBEABAAAA3EF6
:1016F0004C6004003C600400CAF24971FFFF973F50
:10170000FFFF1B4020F00040704700BF20F000406A
:10171000B0F1FF4FACBF00200120704782B00190B4
:10172000019A22F00041CB0D7F3B162B20DC002BD1
:1017300010462EDB234919410A4224D0DFED227ADC
:101740009DED017A77EE277AF5EEC07AF1EE10FA88
:1017500019DD002A04DA4FF4000242FA03F31844B8
:1017600020EA010307EE903A17EE900A02B07047A4
:10177000B1F1FF4FDDED017AF6D377EEA77A17EEE0
:10178000900A02B07047DDED017A17EE900A02B0C0
:101790007047DFED0D7A9DED017A77EE277AF5EE51
:1017A000C07AF1EE10FAEEDD002A02DBDFED077AF7
:1017B000DAE7FFEE007A002918BFB0EE677AF0EEA4
:1017C000477AD1E7FFFF7F00CAF2497100000000AD
:1017D000004870470000C07F10B485B00190019AA6
:1017E00022F00041CB0D7F3B162B2ADC21B3002BCE
:1017F00011464FEAD27032DB294A1A4111421BD0FE
:101800005208114207D04FF4001421EA020244FAB0
:1018100003F342EA0301234B03EB800090ED007ACF
:1018200007EE901A77EE277ACDED037ADDED037A95
:1018300077EEC77ACDED017A019805B05DF8044BDB
:101840007047B1F1FF4FF7D3DDED017A77EEA77A5C
:10185000CDED017A019805B05DF8044B7047C2F3F5
:1018600016035B420F495B0A120D03F48003120555
:101870001A4301EB800191ED007A07EE902A77EE92
:10188000277ACDED037ADDED037A77EEC77A17EE8E
:10189000903A23F0004343EAC0730193CCE700BFC2
:1018A000FFFF7F005C60040000B52DED028B83B06C
:1018B0000190019B33F000421DD0B2F1FF4F0FD2D7
:1018C000B2F5000F20D3D20D0A44FE2A2CDC002AE8
:1018D0003DDD23F0FF4343EAC25307EE903A03E0B5
:1018E00007EE900A77EEA77A17EE900A03B0BDECE8
:1018F000028B5DF804FBDDED017A17EE900A03B070
:10190000BDEC028B5DF804FB9DED017ADFED1B7AE7
:101910001B4B67EE277A9942CDED017A10DB019BD4
:10192000C3F3C752193ACFE79FED168A019918EE13
:10193000100A00F041F907EE900A67EE887AD3E7C3
:10194000DFED117A9DED017A67EE277ACCE712F18F
:10195000160F06DA4CF250339942E5DC9FED0A8A05
:10196000E4E7193223F0FF4343EAC2539FED077ABD
:1019700007EE903A67EE877AB6E700BF0000004CAA
:10198000B03CFFFFCAF249716042A20D0000003373
:1019900030B482B00190019B33F0004241D0002B63
:1019A0004ADBB3F1FF4F54DAB3F5000F80F29D80AC
:1019B000DFED6E7A9DED017A67EE277A6FF01805FC
:1019C00017EE903A6A4AC3F31604224402F4000266
:1019D00082F07E50DB1504F10F0120437F3B07EEC0
:1019E000900AC1F316012B44B7EE007A0F2903EBDE
:1019F000D25337EEC77A35DCB5EE407AF1EE10FA05
:101A000075D1002B00F0AE8007EE903AB8EEE77A81
:101A1000DFED587ADFED586A67EE277AE7EE267A2F
:101A200005E0DFED566A9FED567AC6EE877A17EE2F
:101A3000900A02B030BC7047DDED017A9FED507A1C
:101A400077EEE76AC6EE877A17EE900A02B030BCEE
:101A50007047DDED017A77EEA77A17EE900A02B0B3
:101A600030BC7047B0EE006A37EE066A9FED452A3B
:101A7000DFED453ADFED454ADFED452A9FED454A6A
:101A8000DFED456ADFED457A4549C7EE065AC4F5F4
:101A90005712214402F522720A43002A06EE103A38
:101AA00025EEA55AB8EEC63A25EE056AE6EE023AEC
:101AB000A6EE224AE3EE864AE4EE067AE4EE866A71
:101AC00066EE856AE7EE866A3BDDB6EE006A27EED3
:101AD000066A26EE076A76EE866A66EEA56A03BB9C
:101AE00076EE666A77EE667AA1E700256AE7DFEDB3
:101AF0002D6AF6EE007AE7EE667A67EE076A67EE21
:101B0000A67ADBB106EE903ADFED1A5A9FED1A6A1B
:101B1000F8EEE66AE6EEE57A77EEC77AD6EE867AF2
:101B200085E7DFED147ADFED145AE3EE276A76EEEF
:101B3000667A77EEC77AD3EE257A78E777EE677A1A
:101B400075E777EE667A67EEA57A002BF6D09FED03
:101B5000096ADFED096AE3EE467A77EEC77AD3EEDB
:101B6000267A64E7DFED067A61E700BF0000004CEB
:101B700020FB4A00D1F717378071313F000000CCBD
:101B8000000000009788173E25333A3E2549923ED3
:101B90004FD01C3E298E633EABAA2A3FCDCCCC3E13
:101BA000305CCFFFABAAAA3E03F0004321F0004215
:101BB00042EA0301704700BF01F0004120F00040FD
:101BC0000843704710B5054C13462CB10A46014630
:101BD0000220AFF3008010BD2046FCE700000000AB
:101BE000014B1868704700BFF420002008B5074B70
:101BF000044613B10021AFF30080054B1868836AD7
:101C000003B19847204600F061FF00BF00000000CC
:101C10006460040070B50D4E0D4CA41BA41000258B
:101C2000A54209D10B4E0C4C01F010F9A41BA410D5
:101C30000025A54205D170BD56F8253098470135DD
:101C4000EEE756F8253098470135F2E734230020B7
:101C5000342300203423002058230020024B014667
:101C6000186800F09FBF00BFF420002038B5074C73
:101C70000023054608461146236000F01FFF431C61
:101C800002D1236803B12B6038BD00BF944400200B
:101C9000084B37B51C68084D236A002B08BF2B463C
:101CA000009313460A460146204600F0B7FF03B0F2
:101CB00030BD00BFF420002058210020084B37B56C
:101CC0001C68084D236A002B08BF2B46009313465F
:101CD0000A460146204601F01CF803B030BD00BFA3
:101CE000F42000205821002081F0004102E000BFD4
:101CF00083F0004330B54FEA41044FEA430594EACC
:101D0000050F08BF90EA020F1FBF54EA000C55EA06
:101D1000020C7FEA645C7FEA655C00F0E2804FEAD7
:101D20005454D4EB5555B8BF6D420CDD2C4480EAB9
:101D3000020281EA030382EA000083EA010180EAE9
:101D4000020281EA0303362D88BF30BD11F0004F37
:101D50004FEA01314FF4801C4CEA113102D040426D
:101D600061EB410113F0004F4FEA03334CEA1333A8
:101D700002D0524263EB430394EA050F00F0A780C0
:101D8000A4F10104D5F1200E0DDB02FA0EFC22FABB
:101D900005F2801841F1000103FA0EF2801843FAAF
:101DA00005F359410EE0A5F120050EF1200E012AA0
:101DB00003FA0EFC28BF4CF0020C43FA05F3C018DE
:101DC00051EBE37101F0004507D54FF0000EDCF157
:101DD000000C7EEB00006EEB0101B1F5801F1BD300
:101DE000B1F5001F0CD349085FEA30004FEA3C0C04
:101DF00004F101044FEA445212F5800F80F09A80FA
:101E0000BCF1004F08BF5FEA500C50F1000041EBFD
:101E1000045141EA050130BD5FEA4C0C404141EB01
:101E2000010111F4801FA4F10104E9D191F0000F28
:101E300004BF01460020B1FA81F308BF2033A3F1AB
:101E40000B03B3F120020CDA0C3208DD02F1140CA2
:101E5000C2F10C0201FA0CF021FA02F10CE002F1DD
:101E60001402D8BFC2F1200C01FA02F120FA0CFCD6
:101E7000DCBF41EA0C019040E41AA2BF01EB04511F
:101E8000294330BD6FEA04041F3C1CDA0C340EDC1D
:101E900004F11404C4F1200220FA04F001FA02F360
:101EA00040EA030021FA04F345EA030130BDC4F11E
:101EB0000C04C4F1200220FA02F001FA04F340EA13
:101EC0000300294630BD21FA04F0294630BD94F0C4
:101ED000000F83F4801306BF81F480110134013DAB
:101EE0004EE77FEA645C18BF7FEA655C29D094EA1C
:101EF000050F08BF90EA020F05D054EA000C04BF9A
:101F00001946104630BD91EA030F1EBF0021002084
:101F100030BD5FEA545C05D14000494128BF41F023
:101F2000004130BD14F580043CBF01F5801130BD87
:101F300001F0004545F0FE4141F470014FF0000012
:101F400030BD7FEA645C1ABF194610467FEA655CC3
:101F50001CBF0B46024650EA013406BF52EA033565
:101F600091EA030F41F4002130BD00BF90F0000F53
:101F700004BF0021704730B54FF4806404F132048F
:101F80004FF000054FF0000150E700BF90F0000F48
:101F900004BF0021704730B54FF4806404F132046F
:101FA00010F0004548BF40424FF000013EE700BF3F
:101FB00042004FEAE2014FEA31014FEA02701FBFCF
:101FC00012F07F4393F07F4F81F06051704732F001
:101FD0007F4208BF704793F07F4F04BF41F4002158
:101FE000704730B54FF4607401F0004521F00041B6
:101FF0001CE700BF50EA010208BF704730B54FF040
:1020000000050AE050EA010208BF704730B511F040
:10201000004502D5404261EB41014FF4806404F178
:1020200032045FEA915C3FF4D8AE4FF003025FEAFE
:10203000DC0C18BF03325FEADC0C18BF033202EB82
:10204000DC02C2F1200300FA03FC20FA02F001FADC
:1020500003FE40EA0E0021FA02F11444BDE600BF7F
:1020600070B54FF0FF0C4CF4E06C1CEA11541DBF2E
:102070001CEA135594EA0C0F95EA0C0F00F0DEF8F9
:102080002C4481EA030621EA4C5123EA4C5350EADE
:10209000013518BF52EA033541F4801143F480132F
:1020A00038D0A0FB02CE4FF00005E1FB02E506F0C0
:1020B0000042E0FB03E54FF00006E1FB03569CF015
:1020C000000F18BF4EF0010EA4F1FF04B6F5007F1B
:1020D00064F5407404D25FEA4E0E6D4146EB06068D
:1020E00042EAC62141EA55514FEAC52040EA5E5016
:1020F0004FEACE2EB4F1FD0C88BFBCF5E06F1ED8C0
:10210000BEF1004F08BF5FEA500E50F1000041EBF6
:10211000045170BD06F0004646EA010140EA0200A3
:1021200081EA0301B4EB5C04C2BFD4EB0C0541EAC5
:10213000045170BD41F480114FF0000E013C00F3DA
:10214000AB8014F1360FDEBF002001F0004170BDFE
:10215000C4F10004203C35DA0C341BDC04F1140417
:10216000C4F1200500FA05F320FA04F001FA05F2A3
:1021700040EA020001F0004221F0004110EBD37070
:1021800021FA04F642EB06015EEA430E08BF20EA9C
:10219000D37070BDC4F10C04C4F1200500FA04F33F
:1021A00020FA05F001FA04F240EA020001F00041D1
:1021B00010EBD37041F100015EEA430E08BF20EA44
:1021C000D37070BDC4F1200500FA05F24EEA020E8C
:1021D00020FA04F301FA05F243EA020321FA04F0BB
:1021E00001F0004121FA04F220EA020000EBD37072
:1021F0005EEA430E08BF20EAD37070BD94F0000F72
:102200000FD101F00046400041EB010111F4801FA5
:1022100008BF013CF7D041EA060195F0000F18BF56
:10222000704703F00046520043EB030313F4801F92
:1022300008BF013DF7D043EA0603704794EA0C0F4C
:102240000CEA135518BF95EA0C0F0CD050EA410662
:1022500018BF52EA4306D1D181EA030101F00041DF
:102260004FF0000070BD50EA410606BF1046194607
:1022700052EA430619D094EA0C0F02D150EA013613
:1022800013D195EA0C0F05D152EA03361CBF104654
:1022900019460AD181EA030101F0004141F0FE41F3
:1022A00041F470014FF0000070BD41F0FE4141F477
:1022B000780170BD70B54FF0FF0C4CF4E06C1CEA77
:1022C00011541DBF1CEA135594EA0C0F95EA0C0F2C
:1022D00000F0A7F8A4EB050481EA030E52EA0335E7
:1022E0004FEA013100F088804FEA03334FF0805508
:1022F00045EA131343EA12634FEA022245EA111535
:1023000045EA10654FEA00260EF000419D4208BFE5
:10231000964244F1FD0404F5407402D25B084FEA92
:102320003202B61A65EB03055B084FEA32024FF43E
:1023300080104FF4002CB6EB020E75EB030E22BF9B
:10234000B61A754640EA0C005B084FEA3202B6EB5B
:10235000020E75EB030E22BFB61A754640EA5C000A
:102360005B084FEA3202B6EB020E75EB030E22BF9A
:10237000B61A754640EA9C005B084FEA3202B6EB9B
:10238000020E75EB030E22BFB61A754640EADC005A
:1023900055EA060E18D04FEA051545EA16754FEABC
:1023A00006164FEAC30343EA52734FEAC2025FEADA
:1023B0001C1CC0D111F4801F0BD141EA00014FF069
:1023C00000004FF0004CB6E711F4801F04BF01433A
:1023D0000020B4F1FD0C88BFBCF5E06F3FF6AFAE56
:1023E000B5EB030C04BFB6EB020C5FEA500C50F1E6
:1023F000000041EB045170BD0EF0004E4EEA113169
:1024000014EB5C04C2BFD4EB0C0541EA045170BD6F
:1024100041F480114FF0000E013C90E645EA060EB3
:102420008DE60CEA135594EA0C0F08BF95EA0C0FE1
:102430003FF43BAF94EA0C0F0AD150EA01347FF429
:1024400034AF95EA0C0F7FF425AF104619462CE700
:1024500095EA0C0F06D152EA03353FF4FDAE104663
:10246000194622E750EA410618BF52EA43067FF4B4
:10247000C5AE50EA41047FF40DAF52EA43057FF444
:10248000EBAE12E74FF0FF3C06E000BF4FF0010C4F
:1024900002E000BF4FF0010C4DF804CD4FEA410CB3
:1024A0007FEA6C5C4FEA430C18BF7FEA6C5C1BD080
:1024B00001B050EA410C0CBF52EA430C91EA030F01
:1024C00002BF90EA020F0020704710F1000F91EA5E
:1024D000030F58BF994208BF90422CBFD8176FEA2C
:1024E000E37040F0010070474FEA410C7FEA6C5CFA
:1024F00002D150EA013C07D14FEA430C7FEA6C5C01
:10250000D6D152EA033CD3D05DF8040B704700BF2C
:102510008446104662468C461946634600E000BF7A
:1025200001B5FFF7B7FF002848BF10F1000F01BD4C
:102530004DF808EDFFF7F4FF0CBF012000205DF817
:1025400008FB00BF4DF808EDFFF7EAFF34BF01209C
:1025500000205DF808FB00BF4DF808EDFFF7E0FF35
:1025600094BF012000205DF808FB00BF4DF808ED86
:10257000FFF7CEFF94BF012000205DF808FB00BFED
:102580004DF808EDFFF7C4FF34BF012000205DF8CF
:1025900008FB00BF4FEA410C7FEA6C5C02D150EAB5
:1025A000013C0AD14FEA430C7FEA6C5C02D152EA4B
:1025B000033C02D14FF0000070474FF0010070471C
:1025C0004FEA410212F5001215D211D56FF478735B
:1025D000B3EB625212D94FEAC12343F0004343EAFE
:1025E000505311F0004F23FA02F018BF40427047D9
:1025F0004FF00000704750EA013005D111F0004063
:1026000008BF6FF0004070474FF00000704700BFF8
:102610004A0011D212F5001211D20DD56FF4787361
:10262000B3EB62520ED44FEAC12343F0004343EAB6
:10263000505323FA02F070474FF00000704750EA01
:10264000013002D14FF0FF3070474FF0000070476B
:102650004FEA4102B2F1E04324BFB3F5001CDCF1C4
:10266000FE5C0DD901F0004C4FEAC0024CEA5070FC
:10267000B2F1004F40EB830008BF20F0010070472B
:1026800011F0804F21D113F13872BCBF01F000402E
:10269000704741F480114FEA5252C2F11802C2F160
:1026A000200C10FA0CF320FA02F018BF40F00100E1
:1026B0004FEAC1234FEAD32303FA0CFC40EA0C0093
:1026C00023FA02F34FEA4303CCE77FEA625307D1D0
:1026D00050EA01331EBF4FF0FE4040F44000704707
:1026E00001F0004040F0FE4040F40000704700BFA1
:1026F00053B94AB9002908BF00281CBF4FF0FF3169
:102700004FF0FF3000F0D0B9ADF1080C6DE904CE08
:1027100000F064F8DDF804E0DDE9022304B070475E
:102720002DE9F84382EAE274A4EBE2741546E2076D
:1027300058BFDFF8609006460F4652BF4FF00008C2
:1027400080468946640832463B463046394613D0B7
:10275000FFF786FCE30706460F46F3D54046494699
:1027600032463B46FFF77CFC640880468946324689
:102770003B4630463946EBD1002D07DA42464B4600
:1027800000200449FFF796FD8046894640464946A9
:10279000BDE8F8830000F03FD0B500220D4B06469F
:1027A0000F46FFF75DFCFFF733FF0446FFF7DEFB44
:1027B0000022094BFFF754FC02460B4630463946CF
:1027C000FFF796FAFFF724FF00222346104319462D
:1027D000D0BD00BF0000F03D0000F0412DE9F04702
:1027E000089E04468846002B4BD18A42154667D97D
:1027F000B2FA82F24AB1C2F1200701FA02F320FADA
:1028000007F7954047EA030894404FEA154E230C1A
:10281000B8FBFEF71FFA85FC0EFB178843EA084356
:1028200007FB0CF1994209D9EB1807F1FF3080F052
:102830001B81994240F21881023F2B445B1AA4B2DB
:10284000B3FBFEF00EFB103344EA034400FB0CFC28
:10285000A44509D92C1900F1FF3380F00781A44564
:1028600040F2048102382C4440EA0740A4EB0C04F7
:1028700000271EB1D4400023C6E900433946BDE815
:10288000F0878B4209D9002E00F0EB800027C6E9C3
:10289000000138463946BDE8F087B3FA83F7002FC8
:1028A00047D18B4202D3824200F2FA80841A61EB54
:1028B000030301209846002EE0D0C6E90048DDE77A
:1028C00002B9FFDEB2FA82F2002A40F08F80491B83
:1028D0004FEA154E1FFA85F80127B1FBFEFC230CC9
:1028E0000EFB1C1143EA014308FB0CF1994207D986
:1028F000EB180CF1FF3002D2994200F2CD808446F1
:10290000591AA3B2B1FBFEF00EFB101443EA0444C3
:1029100008FB00F8A04507D92C1900F1FF3302D2BB
:10292000A04500F2B6801846A4EB080440EA0C402B
:102930009FE7C7F1200CBB4022FA0CFE4EEA030EC3
:1029400001FA07F420FA0CF521FA0CF34FEA1E48BD
:102950002543B3FBF8F92C0C08FB19331FFA8EFA48
:1029600044EA034309FB0AF49C4202FA07F200FA24
:1029700007F10BD91EEB030309F1FF3080F08780CC
:102980009C4240F28480A9F1020973441B1BADB242
:10299000B3FBF8F008FB103345EA034400FB0AFAE6
:1029A000A24508D91EEB040400F1FF336BD2A24507
:1029B00069D90238744440EA0940A0FB0289A4EBBB
:1029C0000A044C45C2464B4654D351D0002E69D020
:1029D000B1EB0A0564EB030404FA0CFCFD40FC4077
:1029E0004CEA0505C6E90054002747E7C2F1200379
:1029F00020FA03F7954001FA02F021FA03F34FEAB7
:102A0000154E3843010CB3FBFEF71FFA85F80EFB99
:102A1000173341EA034107FB08F38B4204FA02F43F
:102A200007D9691807F1FF3C2FD28B422DD9023FFD
:102A30002944CB1A81B2B3FBFEF00EFB103341EAFE
:102A4000034100FB08F38B4207D9691800F1FF3CF2
:102A500017D28B4215D902382944C91A40EA0747D0
:102A60003BE73746304609E70746E7E61846FBE608
:102A70004145ABD2B8EB020A69EB0E0201381346AE
:102A8000A4E76046E9E7184695E76746D1E781463F
:102A90007CE702382C4447E7ACF1020C2B442FE7CB
:102AA000384608E73746E9E6704700BF024B582230
:102AB0001A604FF0FF30704794440020024B5822B8
:102AC0001A604FF0FF30704794440020FEE700BFCB
:102AD000EBF786BA0B4601461846FFF773B810B5F8
:102AE000002814BF044601242046EBF753FA30B9FE
:102AF000FCF7BCF908B900F00FF88047F4E710BD07
:102B000008B500F004F808B5804700F005F808B5EE
:102B1000FCF7B4F9FFF7F7FF08B50620FFF79EF8BA
:102B20000120FFF7D3FF0A220021FFF7B1B830B52B
:102B30000024A24201D1002007E0035D01340D19F9
:102B400015F8015CAB42F4D0581B30BD10B5431EE4
:102B50000A44914200D110BD11F8014B03F8014F16
:102B6000F7E7884210B501EB020307D8421E9942ED
:102B70000AD011F8014B02F8014FF8E78342F5D96A
:102B80008118D21AD34200D110BD13F8014D01F8BB
:102B9000014DF7E702440346934200D1704703F822
:102BA000011BF9E71F2938B504460D4604D9162341
:102BB00003604FF0FF3038BD426C12B152F8213043
:102BC0004BB9204600F016F82A4601462046BDE8DB
:102BD0003840FFF74BB8012B0AD0591C03D11623FC
:102BE00003600120E7E7002442F825402846984783
:102BF0000020E0E7FFF75ABF10F8012B11F8013B66
:102C0000012A28BF9A42F7D0D01A7047034613F81A
:102C1000012B002AFBD1181A013870472DE9F04723
:102C20008046894692461E460F463D46089815F84E
:102C3000014B00F0E8F82044437813F0080332D148
:102C40002D2C32D17C78BD1C0122002E5DD0102E9F
:102C500009D1302C07D12B7803F0DF03582B4FD14B
:102C60006C7810260235002A14BF4FF000416FF037
:102C700000410027B1FBF6FC384606FB1C1EA4F100
:102C80003003092B17D81C46A64223DD7B1C07D036
:102C900084451CD301D1A64519DB00FB0640012762
:102CA00015F8014BEBE72F46BFE72B2C04BFBD1CEB
:102CB0007C781A46C9E7A4F14103192B01D8373CA7
:102CC000E2E7A4F16103192B04D8573CDCE74FF08D
:102CD000FF37E5E77B1C08D12223C8F800300846FF
:102CE000BAF1000F07D1BDE8F08702B14042BAF156
:102CF000000FF8D00FB105F1FF39CAF80090F2E7E4
:102D00003024002EAFD10826ADE7302CA3D00A2600
:102D1000A9E72DE9F0478046894692461E460F46B0
:102D20003D46089815F8014B00F06DF820444378B3
:102D300013F0080330D12D2C30D17C78BD1C01213B
:102D4000002E5CD0102E09D1302C07D12B7803F047
:102D5000DF03582B4ED16C78102602354FF0FF322E
:102D60000023B2FBF6F206FB02FC6FEA0C0C1846DD
:102D7000A4F13007092F17D83C46A64223DD002BCB
:102D80001EDB82421CD301D1A44519DB00FB0640A7
:102D9000012315F8014BEBE72F46C1E72B2C04BFAD
:102DA000BD1C7C781946CBE7A4F14107192F01D847
:102DB000373CE2E7A4F16107192F04D8573CDCE760
:102DC0004FF0FF33E5E7002B09DA2223C8F8003083
:102DD0004FF0FF30BAF1000F07D1BDE8F08701B125
:102DE0004042BAF1000FF8D00BB105F1FF39CAF833
:102DF0000090F2E73024002EB0D10826AEE7302C48
:102E0000A4D00A26AAE7D0F8EC00704782B001B936
:102E100001A942B14BB113780B601278101C18BF96
:102E2000012002B070471046FBE76FF00100F8E7A1
:102E300049B1FF2A85BF8A2303600A704FF0FF3033
:102E400098BF01207047084670470000F8B500BFE2
:102E5000F8BC08BC9E467047F8B500BFF8BC08BC7B
:102E60009E467047000000000000000000000000C7
:102E70000000000000000000000000000000000052
:102E80001042000000700400605A18536D15423D56
:102E900000300700111302003951020049490200B5
:102EA0006D4C0200794C0200914C0200D5220200C8
:102EB000854C02009D490200654C0200A1300200D1
:102EC000ED220200A5260200D12502008125020084
:102ED000D5270200312002000D2202001D2202002F
:102EE000312202004D220200FD2B02004D2B020078
:102EF0002931020049310200695302006D5302007A
:102F0000383504006835040098350400F0360400B4
:102F100039490200E9490200713B02006D330200A9
:102F2000895302008153020085530200A12F020041
:102F3000B52D0200252E0200D5230200E923020050
:102F400009240200C9240200DD2402001525020024
:102F5000291F0200792202008D2202009122020024
:102F600099220200A5220200AD220200BD22020029
:102F7000C5220200CD220200692D0200992D020017
:102F8000DD490200314D02005D4D0200C94D0200D5
:102F9000191E0200251E02007D1E0200851E020071
:102FA000F9210200A9210200A51E0200691F0200EA
:102FB000DD2002006D1F0200B11F02001920020077
:102FC00029200200452D0200212802004928020084
:102FD00071280200C9280200F5280200A926020073
:102FE000A1270200D926020009270200312702008A
:102FF0005927020079270200F52E0200192F02003E
:103000003D2F0200612F0200812F0200492D020096
:10301000592D0200DD2B0200ED2B02005529020084
:1030200059220200112A0200C92A0200DD2A0200E8
:10303000F12A0200052B0200192B02002D2B0200A1
:10304000692202007122020071530200D52202009F
:10305000E5220200ED220200692302006D23020036
:103060007123020085230200B9230200BD23020060
:10307000CD23020029250200352502003925020052
:10308000D930020051310200693102008D31020055
:10309000D5310200F53102006133020079330200BC
:1030A000753A0200F51C0400452504008125040042
:1030B000F11C0400B5220400612004001113020079
:1030C000193C02003D3C0200413C0200713C020000
:1030D0009D3C0200CD3C0200D93C02001D3D020097
:1030E000413D0200713D02009D3D0200A53D0200F0
:1030F000AD3D0200B93D0200C93D0200C10A020017
:10310000ED0A02004D0B0200590B0200890B020070
:10311000C50B0200C90B0200D53D0200DD3D0200D7
:10312000413E0200653E0200A54002008D3E0200C5
:10313000993E0200A13E0200A93E02004D3F02005E
:10314000853F0200913F0200A13F0200AD3F020017
:10315000D13F020065400200754002008940020034
:103160001D1C0200251C0200311C0200351C02003F
:10317000391C02003D1C0200411C0200491C0200D7
:10318000611C02006D1C0200791C0200851C0200FB
:10319000991C0200E11C0200E51C0200F11C020067
:1031A000F51C0200051D02000D1D0200111D02008C
:1031B000151D0200211D0200291D02003D1D0200F7
:1031C000491D02004D1D0200ED400200FD400200BD
:1031D000514102006141020099410200A5410200F3
:1031E000714102007D41020089410200B1410200AB
:1031F000C5410200A9420200B94202002144020076
:1032000025440200394402004D440200614402009A
:103210007544020089440200A9440200AD44020042
:10322000C14402001D4502007545020081450200AF
:10323000C9450200F14502000146020009460200AC
:103240001548020045480200494602005D4602005A
:10325000C1460200D5460200ED4602004547020085
:103260006D47020079470200A9470200D1470200DA
:10327000FD47020049510200154F0200614F020054
:10328000A54F0200D54F0200ED4F02004950020049
:1032900091500200D5500200E1500200115102008D
:1032A0001D51020029510200310C0200350C0200B0
:1032B0004D0C0200610C0200790C02008D0C020022
:1032C000F10F02002D110200F10C0200F50C0200BA
:1032D000250D0200510D0200D10D0200DD0D02008E
:1032E000210E0200950E0200AD0E0200D50E020066
:1032F000DD0E0200210A0200350A0200490A02001E
:103300005D0A0200710A0200850A0200990A0200A1
:10331000AD0A0200E1510200095202001D520200F2
:103320003152020045520200595202006D52020011
:10333000815202005D42020081420200A542020069
:10334000AD420200B1420200B5420200194E020035
:103350001D4E0200FD4E0200094F0200895102007D
:10336000D551020091090200A1090200AD09020035
:10337000B9090200DD090200610902007D090200AD
:10338000F5090200BD5202001953020000000000BE
:103390000338FDD870470000010000000000000065
:1033A0000A000000000000006400000000000000AF
:1033B000E8030000000000001027000000000000EB
:1033C000A08601000000000040420F000000000045
:1033D000809698000000000000E1F5050000000064
:1033E00000CA9A3B0000000000E40B5402000000F9
:1033F00000E87648170000000010A5D4E80000009F
:1034000000A0724E1809000000407A10F35A000024
:103410004FBB610567ACDD3F182D4454FB21E93FEC
:103420009BF681D20B73EF3F182D4454FB21F93FDB
:10343000E2652F227F2B7A3C075C143326A6813C61
:10344000BDCBF07A8807703C075C143326A6913C0C
:10345000000000000000E03F000000000000E0BFAE
:103460000000E0FE422EE63F0000E0FE422EE6BFF6
:10347000763C7935EF39EA3D763C7935EF39EABD6E
:1034800000000000000000000000000000000080BC
:1034900000000040FB21F93F000000002D44743E75
:1034A000000000809846F83C0000006051CC783B5A
:1034B00000000080831BF0390000004020257A388E
:1034C000000000802282E336000000001DF3693511
:1034D000303132333435363738396162636465668A
:1034E000000000000000000000000000414D03004B
:1034F000994C0300EDEB0200EDEB0200F5EB02004E
:10350000F5EB0200DDEB0200FDEB020009500300C9
:1035100019EC0200D1500300094D030039EC020000
:10352000ED110200011202000D4E0300322E300098
:10353000322E3200322E5800080003F9000000003D
:103540000100000000000000851D0200A130020003
:10355000811D0200511D0200591D02005D1D020067
:103560007D1D0200611D0200080004F9000000003A
:103570000300000000000000851D0200A1300200D1
:1035800000000000751D02000000000000000000A7
:1035900000000000000000000C0002F90000000024
:1035A0000200000000000000851D0200A1300200A2
:1035B00000000000711D020000000000000000007B
:1035C0000000000000000000383504000700626FB2
:1035D0006F6C65616E000000383504000900756E7F
:1035E000646566696E65640068350400000000006B
:1035F00000000000383504000000000038350400E9
:10360000080066756E6374696F6E000038350400DB
:103610000900756E646566696E656400383504007E
:103620000800496E66696E697479000038350400D7
:1036300003004E614E0000003835040009002D499A
:103640006E66696E697479003835040004006E7521
:103650006C6C00003835040004007472756500005D
:1036600038350400050066616C7365003835040068
:1036700008005B4F626A6563745D000038350400C2
:103680000A005B46756E6374696F6E5D0000000032
:103690003835040006006E756D626572000000002A
:1036A0003835040006006F626A656374000000002C
:1036B000383504000600737472696E6700000000FC
:1036C000080004F9000000000900000000000000EC
:1036D000BD3B0200B53B0200C53B0200B93B020006
:1036E00000000000000000000000000000000000DA
:1036F0000C0005F9000000000400000000000000BC
:103700004549020035490200453B0200893B020061
:1037100000000000000000000000000000000000A9
:10372000140004F900000000080000000000000080
:10373000714802007D480200593B0200993B02009B
:103740000000000000000000000000000000000079
:10375000080004F90000000007000000000000005D
:10376000414902003D490200513B0200953B0200E5
:103770000000000000000000000000000000000049
:103780000C0004F90000000006000000000000002A
:10379000654802006D4802003D3B0200853B020087
:1037A0000000000000000000000000000000000019
:1037B00000000000000000008D53020001540200D0
:1037C000955302004955020035D2020055560200B9
:1037D000D95602007A76677074756F6965617A767A
:1037E000677074756F6965617A7667707400000040
:1037F000756E6B6E6F776E001B1B000E1100000064
:1038000015160F18130000001C0B1F251E000000CA
:103810000000000000000000F95802006DD4020012
:10382000F1580200B1580200ED580200C15C0200DC
:10383000E5580200E158020000000000000000000E
:103840008D530200F55C020095530200B97A020024
:1038500035D20200015D02002D5D020009EB02007D
:103860000DEB02004D7F020021EB0200557C0200AF
:10387000257A020029EB0200C4FFFFFF00000000D0
:103880008D5302006904030095530200F95C0200A5
:1038900035D20200255D0200595D020055424954AF
:1038A0005F4C4F475F46535F565F3030320A00002F
:1038B000B838040008000000010000000200000009
:1038C00002000000020000000300000002000000EF
:1038D00004000000010000000500000008000000D6
:1038E00006000000010000000700000001000000C9
:1038F00008000000010000000000000000000000BF
:103900008D530200F55C020041640200F95C020084
:1039100035D20200015F0200195F020000000000C2
:10392000000000008D530200F55C02008D6902006A
:10393000F95C020035D2020091680200A968020019
:103940004839040008000000010000000C000000DD
:10395000020000000500000003000000020000005B
:10396000040000000100000005000000010000004C
:103970000600000002000000070000000300000035
:10398000080000000100000000000000000000002E
:103990008D530200F55C020095530200F95C0200B1
:1039A00035D20200A5690200D5690200D96C020077
:1039B000196D020045710200916902006D710200EB
:1039C0008D71020095690200F8FFFFFF0000000002
:1039D0000D6A0200857102009D7102009D6902005E
:1039E000116D0200F16D020065710200000000001F
:1039F00000000000A57102000172020019720200AD
:103A0000000000000000000079730200B1710200A4
:103A1000BD710200B5210300C9710200D17102001D
:103A2000F9710200C9210300CD210300000000004C
:103A30000000000069780200317902006D78020010
:103A4000717802007D780200917802004D790200C1
:103A500000000000000000008D530200F55C020031
:103A600095530200B97A020035D20200E5790200CE
:103A7000017A020009EB02000DEB02004D7F02000B
:103A800021EB0200557C0200257A020029EB02009E
:103A90000000000000000000612C0300452C030022
:103AA000492C0300B5210300552C0300592C0300B9
:103AB000C5210300C9210300CD210300000000003F
:103AC0000000000065850200B97F0200BD7F020092
:103AD000B5210300C97F0200BD210300CD7F020094
:103AE000C9210300CD210300DD7F020031800200E7
:103AF000F8FFFFFF000000008D530200F55C02009C
:103B000095530200F95C020035D2020029800200C0
:103B100045800200676967676C65000030313032AC
:103B2000333039383830313930303834343030345B
:103B3000343030383838313032333030313630315B
:103B40003030333330303234303030303030303069
:103B50003030303030303030303030303030303065
:103B6000303030302C31313032333235373030383C
:103B70003734313134343030343430303838383010
:103B80003335323030353930313030333330303016
:103B90003130303030303030303030303030303024
:103BA000303031303030303030303030302C333114
:103BB00030323332373239303231313035343430DB
:103BC00032383839303838383030393130303633AF
:103BD00030303030303030303234303730303032D6
:103BE00030303030303030303030303033303030D2
:103BF0003030303030302C333130323332373239AC
:103C00003031303230353434303238383930383879
:103C10003830303931303036333030303030303089
:103C20003032343037303030323030303030303085
:103C30003030303030333030303030303030302C85
:103C40003331303233323732393031313430353448
:103C50003430323838393038383830303931303023
:103C6000363330303030303030303234303730303E
:103C7000303230303030303030303030303033303F
:103C8000303030303030303000000000686170700B
:103C90007900000030313032333139393230363644
:103CA00039313134343030343430303838383032DF
:103CB00036323030323830303030313830303032E7
:103CC00030353030303030303030303030303030EF
:103CD0003031303030303030303030302C303032E5
:103CE000333232313239303239353038343430329F
:103CF00034303430383838303030303030303430A0
:103D000030303232343030313130303030303030A9
:103D10003030303030303030303030373530303097
:103D200030303030302C3030303030323132393089
:103D30003239353039343430323430343038383840
:103D4000303134353030303430303032323430305D
:103D50003131303030303030303030303030303061
:103D600030303030373530303030303030300000A7
:103D700068656C6C6F000000333130323330363799
:103D800033303139373032343430313138373038FC
:103D90003838313032333031323830303030303002
:103DA000303032343030303030303030303030300D
:103DB0003030303030303030303030303030303003
:103DC0002C333030303031303634303031363032E0
:103DD00034343030393831303838383030303030B1
:103DE00031323830303030303130303034303030C3
:103DF00030303030303030303030303030303030C3
:103E00003030303030303030302C333130323331AC
:103E1000303634303239333032343430303938316E
:103E20003038383831303233303132383030303069
:103E3000303130303034303030303030303030307D
:103E40003030303030303030303030303030303072
:103E5000303000006D7973746572696F757300009E
:103E60003430303030323339303033333130303435
:103E7000343032343034303838383034373730300A
:103E80003034303030323234303031313034303020
:103E9000303030303030303030303030303038301A
:103EA00030303030303030302C34303535313238FD
:103EB00034353338353030303434303034343030D9
:103EC00038383830303030303132383033303130CB
:103ED00035303031363030303030303030303030D6
:103EE00030303030303038353030303530303031BF
:103EF00035000000736164003331303233323232C6
:103F0000363037303830313434303136323430387E
:103F1000383831303233303132383030303030317F
:103F2000303032343030303030303030303030308B
:103F30003030303030303030303030303030303081
:103F40002C3331303233313632333039333630324C
:103F5000343430303933393038383830303030302C
:103F6000313238303030303031303032343030303F
:103F70003030303030303030303030303030303041
:103F8000303030303030303030000000736C6964D5
:103F90006500000031303532303233323530323264
:103FA00033303234343032343034303838383130E1
:103FB00032333031323830313032303030303131EC
:103FC00030343030303030303030303030303030ED
:103FD0003031303030303030303030302C303130E3
:103FE00032333235323030393130303234343030AF
:103FF0003434303038383831303233303132383090
:1040000031303232343030313130343030303030A1
:10401000303030303030303030303130303030309F
:104020003030303030000000736F6172696E6700AD
:104030003231303233343030393533303930353451
:10404000343035393939303838383130323330302E
:10405000323230323030303430303032303235304D
:10406000303030303030303030303030303230304E
:1040700030303030303030302C343032323333372F
:104080003237323733303134343430303434303006
:1040900038383830303030303033313031303234FD
:1040A0003430303033303030303030303030303009
:1040B0003030303030303030303030303030303000
:1040C00030000000737072696E670000333036355F
:1040D00039303033373131363331323434303035B2
:1040E0003837303838383038303730303334303093
:1040F00030303030303032343030303030303030BA
:1041000030303030303030303035303030303030AA
:10411000303030302C303130323330303337313191
:10412000363331333434303035383730383838314D
:104130003032333030333130303030303030303274
:10414000343030303030303030303030303030306B
:1041500030303530303030303030303030000000EA
:104160007477696E6B6C65003031303138303030C7
:1041700037363732323039343430303735363038FC
:104180003838303835353031323830303030303002
:104190003030323430303030303030303030303019
:1041A000303030303030303030303030303030300F
:1041B000000000007961776E00000000323030307E
:1041C00030323238313133333230323434303135C9
:1041D00030303038383831303233303132383031B5
:1041E00030323431303032343034303030333030BB
:1041F00030303030303030303031303030303030BE
:10420000303030302C303035333132353230303997
:104210003130303234343030343430303838383073
:10422000363336303132383031303232343030316A
:10423000313033303030303030303030303030307A
:10424000303031303030303030303030302C303071
:104250003832323037383430313930303834343025
:104260003034343030383838303638313030313618
:10427000303030303535303032343030303030302E
:104280003030303030303030303030303530303029
:104290003030303030302C303034373930373834FB
:1042A00030313930303834343030343430303838DC
:1042B00038303239383030313630303030303030DC
:1042C00030323430303030303030303030303030E8
:1042D0003030303030353030303030303030302CDD
:1042E000303033323130373834303139303038349F
:1042F0003430303434303038383830313038303091
:104300003136303030303333303030383030303098
:104310003030303030303030303030303030353098
:10432000303030303030303000000000000000000D
:1043300000000000618E0200698E0200718E020092
:10434000898E0200918E0200998E0200A18E0200D9
:10435000B18E0200C18E0200CD8E0200DD8E020001
:10436000E58E0200ED8E0200F58E0200058F020040
:104370000D8F0200158F02002D8F0200358F020075
:104380003D8F0200458F02004D8F0200558F0200C5
:104390008D8F0200918F0200958F0200C98F02005D
:1043A0000000000000000000618E0200698E020023
:1043B000718E0200E1920200918E0200998F02003C
:1043C000A18E0200B18E0200C18E0200CD8E0200CD
:1043D000DD8E0200E58E0200ED8E02009D8F020050
:1043E00009930200AD8F0200A19002002D8F020000
:1043F000358F02003D8F0200458F02004D8F020075
:10440000558F02008D8F0200918F02002D900200C7
:1044100015910200D58F020061930200B18F020056
:10442000B58F0200E8FFFFFF000000008D5302007F
:10443000F55C020025900200F95C020035D2020012
:1044400065900200D1900200E0FFFFFF0000000035
:10445000BD930200B1210300C18F0200B52103000A
:10446000CD900200BD210300C5210300C921030036
:10447000CD2103009C4404000C000000CC44040047
:1044800006000000E444040004000000F4440400BA
:104490000700000010450400070000000000803FF6
:1044A0006D56853F0000903F9A99993F0000A03FCC
:1044B00093A9AA3FA301B43F0000C03FCDCCCC3F9D
:1044C0006D56D53F6666E63F0000F03F0000803F36
:1044D0000000903F0000A03FA301B43FCDCCCC3FF3
:1044E0006666E63F0000803F9A99993FA301B43F7A
:1044F0006D56D53F0000803F0000903F0000A03F78
:1045000093A9AA3F0000C03F6D56D53F0000F03F81
:104510000000803F0000903F9A99993F93A9AA3FDD
:104520000000C03FCDCCCC3F6666E63FFFFF1400E5
:104530000500FFFFFFFFFFFFFFFFFFFFFFFF00FF83
:10454000FFFF000000FFFFFFFFFFFFFFFF00FFFF77
:10455000FF000000FF0000000000FFFF00FFFFFF62
:10456000000000FF00000000000000000000FFFF4E
:10457000FFFFFFFFFF00FFFFFF000000FF00000044
:104580000000FFFFFFFFFFFFFFFFFFFFFFFF00FF38
:10459000FFFF000000FF00000000FFFF00FF00FF22
:1045A00000FF00FFFFFF00FF00FF00FF0000FFFF14
:1045B00000000000D8ECF0F4F8FC0004302C302CA3
:1045C0003235352C302C300A302C3235352C302C0D
:1045D000302C300A3235352C3235352C3235352CED
:1045E0003235352C3235350A302C3235352C302CDD
:1045F000302C300A302C302C3235352C302C300A0F
:1046000000000000302C302C302C302C300A302CA4
:10461000302C302C302C3235350A302C302C302CCC
:104620003235352C300A3235352C302C3235352C9C
:10463000302C300A302C3235352C302C302C300ACE
:10464000000000003235352C302C302C302C323527
:10465000350A302C3235352C302C3235352C300A99
:10466000302C302C3235352C302C300A302C323571
:10467000352C302C3235352C300A3235352C302C57
:10468000302C302C3235350A000000005265626F44
:104690006F744D6F64650000205B00005D000000DA
:1046A0002056320000000000000000008D53020080
:1046B000F55C0200F5960200C997020035D20200AF
:1046C000C59602007199020043616C6C696F706558
:1046D000206D696E6900000001AA0000666C6173BC
:1046E00068496E636F6D706C65746500E97D0000EC
:1046F000251D470AA062FA1922DFA9A800000000C0
:104700000000000001A8020049CC020049CC0200D0
:10471000E5A50200E9A5020079CC020049CC02001F
:1047200049CC020001CF02004DCC020055CF02005F
:1047300029D0020065CC020000000000000000004B
:10474000095A0300A95A0300395703003D610300C9
:1047500051570300A5580300BD570300CD57030070
:10476000015803000D580300DD8E0200295D03008F
:104770002D6203001D580300F9580300455B030038
:104780002D58030045580300358F02003D8F02006D
:10479000E55F0300955F03008D5903001D5703007B
:1047A000715B0300C5AB02000DAC0200E8FFFFFF28
:1047B000000000008D5302003108030095530200F1
:1047C0001D09030035D20200E9AB020035AC02003E
:1047D000750903000D080300D5090300DCFFFFFF86
:1047E0000000000029080300FFFFFFFF0000000198
:1047F00000020003000401000101010201030104A1
:104800000200020102020203020403000301030288
:10481000030303040400040104020403040400006D
:104820000000000000000000F9580200B9AC0200CE
:10483000F1580200B1580200ED580200C15C0200BC
:10484000E5580200DDAD0200D1C50100B5AC0200A3
:1048500021AE020079140200D1190200FCFFFFFF13
:10486000000000007DB2020045AE02004DAE020025
:10487000F95C020035D202003D1602000518020064
:1048800000000000000000008D530200F55C0200F3
:1048900095530200F95C0200C9B7020085B202001C
:1048A0009DB2020000000000000000008D530200D5
:1048B000F55C020095530200F95C020035D202005B
:1048C000F1B8020005B90200CDE2020095E2020053
:1048D0009DE2020099E20200B9B80200D5B80200D8
:1048E000F5E5020000000000000000008D5302000A
:1048F000F55C020095530200F95C020035D202001B
:1049000095BA0200A9BA02005DBA020085E702006A
:1049100019E7020079BA02001DE70200302C323597
:10492000352C302C3235352C300A302C3235352CA4
:10493000302C3235352C300A302C302C302C302CA9
:10494000300A3235352C302C302C302C3235350AAB
:10495000302C3235352C3235352C3235352C300A69
:1049600000000000636F6D7061737343616C000041
:10497000000001000200030004000401040204031B
:104980000404030402040104000400030002000103
:104990000000010002000300040000010101020107
:1049A00003010401000201020202030204020003E7
:1049B00001030203030304030004010402040304CB
:1049C00004040000D8ECF0F4F8FC0004000000003F
:1049D000000000008D530200F55C0200F5C60200E5
:1049E00001CA020035D20200BDC60200D5C60200CF
:1049F000000000000000000049CC020049CC020089
:104A000049CC0200012B0400012B040079CC0200E8
:104A100049CC020049CC020001CF02004DCC02007B
:104A200055CF020029D0020065CC02000000000032
:104A3000000000008D530200F55C02009553020057
:104A4000F95C020035D20200C1D10200FDD10200A2
:104A500000000000000000008D530200F55C020021
:104A600095530200F95C020035D2020000000000FC
:104A700000000000012B0400000000000000000006
:104A80008D530200F55C020095530200F95C0200B0
:104A900035D202000000000000000000CDE202005C
:104AA00095E202009DE2020099E20200012B04005F
:104AB000012B0400F5E502000000000000000000EA
:104AC0008D530200F55C020095530200F95C020070
:104AD00035D202000000000000000000012B04009D
:104AE00085E7020019E70200012B04001DE7020020
:104AF00000000000000000008D530200F55C020081
:104B000095530200F95C020035D2020049EB020025
:104B100071EB020009EB02000DEB020011EB020049
:104B200021EB020025EB020025EB020029EB02003D
:104B3000000000000000000015EE0200E5EB02009E
:104B4000EDEB0200EDEB0200F5EB0200F5EB0200ED
:104B5000DDEB0200FDEB02009DEC020019EC02000F
:104B600031ED020059EC020039EC020000000000B7
:104B70000000000015EE0200000000000000000030
:104B800015EE0200012B0400012B0400012B040090
:104B9000012B0400D5EF0200012B0400012B0400BF
:104BA0007DEE0200B5F402000000000000000000ED
:104BB000F8FFFFFF000000008D530200F55C0200CB
:104BC000FDEF0200F95C020035D202000000000097
:104BD000000000000000000000000000DDF90200FD
:104BE000CDF9020000000000000000008D5302001B
:104BF0006904030095530200F95C020035D20200FB
:104C00000501030045010300000000000000000052
:104C10008D53020031080300955302001D09030063
:104C200035D20200CD070300E90703007509030030
:104C30000D080300D5090300F4FFFFFF000000008A
:104C400029080300544C040004000000744C0400C4
:104C50000900000002000000000000000400000045
:104C600010000000080000002000000010000000FC
:104C7000300000006902000080000000E80200002F
:104C800090000000C40900007000000088130000BC
:104C9000600000001027000050000000204E0000BF
:104CA00040000000409C000030000000A086010091
:104CB0002000000040420F00100000000000000033
:104CC000000000008D530200F55C0200E10E0300BD
:104CD000C10F030035D20200910F0300A50F03009E
:104CE000CDE2020095E202009DE2020099E202009C
:104CF000E90E0300F90F0300F5E50200044D04007E
:104D000004000000102700000C000000204E0000EE
:104D10000800000050C3000004000000A08601004D
:104D20000000000000000000000000008D530200A1
:104D3000F55C020029110300D111030035D20200F5
:104D4000A1110300B51103003111030085E7020032
:104D500019E70200091203001DE70200000000002D
:104D600000000000FD120300F5D1020075D402001E
:104D70000D13030000000000000000009118030064
:104D8000711303006514030011130300A115030040
:104D90002D160300F4FFFFFF000000008D530200FA
:104DA000F55C020095530200F95C020035D2020066
:104DB000251603004116030000000000000000005B
:104DC0008D530200F55C020095530200F95C02006D
:104DD00035D202005D1903007119030001190300A7
:104DE00000000000000000008D53020031080300A5
:104DF000955302001D09030035D20200311D030046
:104E0000591D030075090300B91E0300FD1C0300B2
:104E1000F4FFFFFF00000000D91E030000000000A7
:104E2000000000008D530200F55C02009553020063
:104E3000F95C020035D20200292103009921030008
:104E4000711F0300E11E0300BD1F030000000000EE
:104E50000000000051220300B1210300AD21030036
:104E6000B5210300B9210300BD210300C5210300C2
:104E7000C9210300CD210300000000000000000054
:104E8000F52203004D220300E1210300ED21030080
:104E9000F5210300FD210300052203000D2203007C
:104EA000CD2103006922030089220300152303009A
:104EB000F8FFFFFF00000000652303000000000072
:104EC0000000000051220300DD210300E121030066
:104ED000ED210300F5210300FD210300052203005D
:104EE0000D220300CD210300D92103005D22030020
:104EF00019220300F8FFFFFF000000002D2203002D
:104F00000000000000000000D121030000000000AC
:104F1000000000008D530200E524030095530200B9
:104F2000F95C020035D202009D240300BD24030079
:104F30004D250300F8FFFFFF000000005529030086
:104F40000000000000000000612C0300452C03005D
:104F5000492C0300B5210300552C0300592C0300F4
:104F6000C5210300C9210300CD210300000000007A
:104F700000000000F52D0300DD210300E121030006
:104F8000ED210300E12D0300E52D030005220300C0
:104F90000D220300CD2103000D300300313003004A
:104FA000FD2F0300F8FFFFFF0000000005300300A5
:104FB000000000000000000095320300953103005E
:104FC000CD310300853003000D3203002933030087
:104FD00059320300C530030029310300FCFFFFFFF5
:104FE000000000008D530200F55C020095530200A2
:104FF000F95C020035D20200C5310300053203001E
:1050000000000000000000003D340300DD2103002B
:10501000E1210300ED2103005D300300693003004E
:10502000053103002D310300CD210300553103006C
:10503000713103001922030075300300F8FFFFFFF0
:10504000000000002D22030000000000000000000E
:10505000000000000000000000000000000001004F
:105060000100010001000200020002000300030031
:105070000300040004000500050006000600070008
:10508000070008000800090009000A000B000B00D7
:105090000C000D000D000E000F001000100011009C
:1050A0001200130014001500160016001700180057
:1050B00019001A001B001C001D001E00200021000A
:1050C00022002300240025002600280029002A00B1
:1050D0002B002D002E002F00310032003300350050
:1050E0003600380039003A003C003D003F004000E7
:1050F000420044004500470048004A004C004D0073
:105100004F005100520054005600570059005B00F8
:105110005D005F00600062006400660068006A0075
:105120006C006E00700072007400760078007A00E7
:105130007C007E00800082008400860088008A0057
:105140008D008F0091009300950098009A009C00BC
:105150009E00A100A300A500A700AA00AC00AF001C
:10516000B100B300B600B800BB00BD00BF00C20074
:10517000C400C700C900CC00CE00D100D300D600C7
:10518000D800DB00DE00E000E300E500E800EB0013
:10519000ED00F000F300F500F800FB00FD00000159
:1051A0000301060108010B010E0111011301160193
:1051B00019011C011F012101240127012A012D01D0
:1051C00030013301350138013B013E014101440109
:1051D00047014A014D0150015301560159015C013B
:1051E0005F016201650168016B016E01710174016B
:1051F00077017A017D0180018301860189018C019B
:105200008F019201950198019B019E01A101A401CA
:10521000A801AB01AE01B101B401B701BA01BD01F2
:10522000C001C401C701CA01CD01D001D301D6011B
:10523000D901DD01E001E301E601E901EC01EF0143
:10524000F201F601F901FC01FF0102020502080268
:105250000C020F021202150218021B021E0221028A
:10526000250228022B022E023102340237023A02B2
:105270003E024102440247024A024D0250025302DA
:1052800056025A025D0260026302660269026C0203
:105290006F027202750278027B027E028102840232
:1052A00087028A028D0290029302960299029C0262
:1052B0009F02A202A502A802AB02AE02B102B40292
:1052C000B702BA02BD02C002C302C602C902CB02C3
:1052D000CE02D102D402D702DA02DD02DF02E202FC
:1052E000E502E802EB02ED02F002F302F602F80238
:1052F000FB02FE0201030303060309030B030E0373
:1053000011031303160319031B031E0320032303B6
:10531000260328032B032D03300332033503370301
:105320003A033C033F0341034303460348034B0353
:105330004D034F0352035403570359035B035D03AB
:10534000600362036403660369036B036D036F0309
:1053500071037403760378037A037C037E0380036E
:1053600082038403860388038A038C038E039003DD
:1053700092039403960398039A039C039E039F034E
:10538000A103A303A503A703A803AA03AC03AD03CA
:10539000AF03B103B203B403B603B703B903BA034F
:1053A000BC03BE03BF03C103C203C403C503C603DA
:1053B000C803C903CB03CC03CD03CF03D003D10370
:1053C000D303D403D503D603D803D903DA03DB030D
:1053D000DC03DD03DE03E003E103E203E303E403B4
:1053E000E503E603E703E803E803E903EA03EB0365
:1053F000EC03ED03EE03EE03EF03F003F103F1031F
:10540000F203F303F303F403F503F503F603F603E2
:10541000F703F703F803F803F903F903FA03FA03B0
:10542000FB03FB03FB03FC03FC03FC03FD03FD0385
:10543000FD03FD03FE03FE03FE03FE03FE03FE0366
:10544000FE03FE03FE03FE03FF03FE030000000055
:105450000008080800080A4A4000000A5FEA5FEAFC
:105460000ED92ED36E19324489330C924C924D08CA
:105470000800000004880808040804848488000ADE
:10548000448A4000048EC480000000048800000E9E
:10549000C000000000080001224488100C92525203
:1054A0004C048C84848E1C824C901E1EC244924CF0
:1054B00006CA525FE21FF01EC13E02448ED12E1F6B
:1054C000E24488100ED12ED12E0ED12EC4880008B1
:1054D00000080000048004880244880482000EC092
:1054E0000EC008048244880ED126C0040ED135B304
:1054F0006C0C925ED2521C925C925C0ED010100E1C
:105500001C9252525C1ED01C901E1ED01C90100E7D
:10551000D013712E12525ED2521C8808081C1FE252
:1055200042524C1254981492101010101E113B75D8
:10553000B131113935B3710C9252524C1C925C90BE
:10554000100C92524C861C925C92510ED00C825CD4
:105550001FE4848484125252524C1131312A441176
:105560003135BB7112524C9252112A4484841EC4AC
:1055700088101E0EC808080E10080482410EC24290
:10558000424E048A400000000000001F0804800012
:1055900000000ED2524F10101C925C000ED0100E64
:1055A00002424ED24E0C925C900E06C81C88080E29
:1055B000D24EC24C10101C9252080008080802403B
:1055C00002424C10149814920808080806001B7533
:1055D000B131001C925252000C92524C001C925C51
:1055E00090000ED24EC2000ED010100006C80498D3
:1055F00008080EC807001252524F0011312A440009
:10560000113135BB00124C8C9200112A4498001EB7
:10561000C4881E06C48C8486080808080818080C6C
:10562000881800000C836000FFFF010000000000EC
:10563000FFFF0000FFFF00004056040008000000CC
:105640000200000001000000030000000200000052
:10565000040000000300000005000000040000003A
:105660001C000000050000001D00000006000000F6
:105670001E000000070000001F00000008000000DE
:1056800000000000000000009D410300894103006C
:1056900095410300B5210300594103005D4103001A
:1056A0006D41030021490300CD2103001947030088
:1056B00000000000000000008D530200F55C0200B5
:1056C000955302004146030035D20200B54B03005A
:1056D000254C030069490300F8FFFFFF00000000AC
:1056E000954903000000000000000000414D030048
:1056F000994C0300EDEB0200EDEB0200F5EB02002C
:10570000F5EB0200DDEB0200FDEB020009500300A7
:1057100019EC0200D1500300094D030039EC0200DE
:10572000F94C0300FD4C03000D4E03000000000087
:10573000000000008D530200F55C0200955302004A
:10574000F95C020035D20200A5510300215203008A
:10575000B9550300E9510300F8FFFFFF0000000006
:1057600039560300F4FFFFFF000000001952030048
:105770000000000000000000095A0300A95A0300BD
:10578000395703003D61030051570300A55803003A
:10579000BD570300CD570300015803000D58030007
:1057A000DD8E0200295D03002D6203001D580300F9
:1057B000F9580300455B03002D58030045580300CA
:1057C000358F02003D8F0200E55F0300955F030007
:1057D0008D5903001D570300715B0300B5B802002B
:1057E00051BA0200020000000400000006000000A0
:1057F000000000000000000015EE0200D16403006C
:1058000099620300396303008D6603000566030097
:10581000456603004D630300516303000000000070
:105820000000000015EE0200A9670300BD6603003A
:10583000CD66030071670300D5EF020045680300E1
:10584000A16703007DEE0200B5F402009D6903002C
:10585000456A0300D9680300F8FFFFFF000000005D
:105860008D530200F55C0200FDEF02009569030014
:1058700035D202003D6A0300596A030000000000AF
:10588000000000008D530200F55C020095530200F9
:10589000F95C020035D202001D6D0300316D03007A
:1058A000D16E0300F96E0300D96D03000000000003
:1058B000000000008D530200F55C020095530200C9
:1058C0001171030035D20200D9700300F17003009A
:1058D000ED5E0200216F0300516F03008D6F030026
:1058E000AD6F0300C56F030061710300F16F03002A
:1058F000117003004170030075700300E171030033
:10590000A9710300957003001D6F03000030004073
:10591000030000000F0000000040004004000000F1
:105920000F00000000300240230000000C000000C7
:1059300000200040020000001000000000F00240C3
:105940002F0000000400000000800240280000003A
:10595000100000000000000000000000A17803001B
:1059600099780300AD210300B52103009D78030061
:10597000BD210300C5210300C9210300CD2103007F
:105980000100060000000000903D00204D7C030057
:10599000D0610400D461040004000000010006008E
:1059A0009840002000100201EC610400FC6104003A
:1059B00008000000DC610400EC6104000800000045
:1059C000D4610400DC610400080000007861040078
:1059D000B061040008000000B0610400D061040060
:1059E0000800000050EADA308883B89F604F15F352
:1059F0000000C98E0000FFFFDEC0ADDEFE011EF11B
:105A0000DEC0ADDEFF011EF100100000040000004A
:105A10000100000091D603006DD603005DD603009F
:105A2000B5D8030061D8030031D6030035D6030092
:105A300039D603000100FFFF000000000100000054
:105A400001000100505A040001000100545A0400F2
:105A50000100000000000000000000000000000045
:105A600011EE030031EE03004DEE030061636F732E
:105A70000000000061636F73680000006173696E6D
:105A8000000000006174616E68000000636F73685D
:105A90000000000065787000666D6F640000000013
:105AA0006C6F67006C6F67313000000073696E685F
:105AB0000000000073717274000000006C6F6731A9
:105AC00030660000706F77660000000073717274BA
:105AD00066000000FB21F93FFB2109407CD9124000
:105AE000FB2119407A6A1F407CD92240BBFD25402A
:105AF000FB2129403A462C407A6A2F405C473140CE
:105B00007CD932409C6B3440BBFD3540DB8F374045
:105B1000FB2139401BB43A403A463C405AD83D40FC
:105B20007A6A3F404C7E40405C4741406C104240A6
:105B30007CD942408CA243409C6B4440AC344540ED
:105B4000BBFD4540CBC64640DB8F4740EB58484045
:105B5000FB21494083F9A200444E6E00FC29150048
:105B6000D1572700DD34F50062DBC0003C99950079
:105B7000419043006351FE00BBDEAB00B761C5003E
:105B80003A6E2400D24D42004906E00009EA2E0098
:105B90001C92D100EB1DFE0029B11C00E83EA700BD
:105BA000F535820044BB2E009CE98400B4267000C9
:105BB000417E5F00D6913900538339009CF439004F
:105BC0008B5F840028F9BD00F81F3B00DEFF9700C3
:105BD0000F980500112FEF000A5A8B006D1F6D0002
:105BE000CF7E360009CB2700464FB7009E663F00A8
:105BF0002DEA5F00BA277500E5EBC7003D7BF10099
:105C0000F739070092528A00FB6BEA001FB15F0070
:105C1000085D8D00300356007BFC4600F0AB6B0046
:105C200020BCCF0036F49A00E3A91D005E6191000C
:105C3000081BE60085996500A0145F008D40680090
:105C400080D8FF0027734D0006063100CA561500A4
:105C5000C9A873007BE260006B8CC000000FC93FD5
:105C6000000F494000CB9640000FC9400053FB4055
:105C700000CB164100ED2F41000F49410031624138
:105C800000537B41003A8A4100CB9641005CA3411E
:105C900000EDAF41007EBC41000FC94100A0D541DD
:105CA0000031E24100C2EE410053FB4100F20342E9
:105CB000003A0A420083104200CB164200141D42F3
:105CC000005C234200A5294200ED2F4200363642F7
:105CD000007E3C4200C74242000F4942A200000041
:105CE000F9000000830000006E0000004E0000007C
:105CF000440000001500000029000000FC00000026
:105D00002700000057000000D1000000F50000004F
:105D100034000000DD000000C0000000DB000000D7
:105D20006200000095000000990000003C000000A7
:105D3000430000009000000041000000FE00000051
:105D40005100000063000000AB000000DE00000016
:105D5000BB000000C500000061000000B7000000AB
:105D6000240000006E0000003A0000004200000025
:105D70004D000000D2000000E0000000060000001E
:105D8000490000002E000000EA00000009000000A9
:105D9000D1000000920000001C000000FE00000086
:105DA0001D000000EB0000001C000000B10000001E
:105DB00029000000A70000003E000000E8000000ED
:105DC0008200000035000000F50000002E000000F9
:105DD000BB0000004400000084000000E900000057
:105DE0009C0000007000000026000000B4000000CD
:105DF0005F0000007E00000041000000390000004C
:105E000091000000D600000039000000830000006F
:105E10005300000039000000F40000009C00000066
:105E2000840000005F0000008B000000BD00000047
:105E3000F9000000280000003B0000001F000000E7
:105E4000F800000097000000FF000000DE000000E6
:105E500005000000980000000F000000EF000000A7
:105E60002F000000110000008B0000005A0000000D
:105E70000A0000006D0000001F0000006D0000001F
:105E8000360000007E000000CF0000002700000068
:105E9000CB00000009000000B70000004F00000028
:105EA000460000003F000000660000009E00000069
:105EB0005F000000EA0000002D00000075000000F7
:105EC00027000000BA000000C7000000EB0000003F
:105ED000E5000000F10000007B0000003D00000034
:105EE0000700000039000000F70000008A000000F1
:105EF0005200000092000000EA0000006B00000069
:105F0000FB0000005F000000B10000001F00000067
:105F10008D0000005D000000080000005600000039
:105F2000030000003000000046000000FC000000FC
:105F30007B0000006B000000AB000000F0000000E0
:105F4000CF000000BC000000200000009A0000000C
:105F5000F4000000360000001D000000A900000051
:105F6000E300000091000000610000005E000000FE
:105F7000E60000001B0000000800000065000000B3
:105F800099000000850000005F0000001400000080
:105F9000A000000068000000400000008D0000002C
:105FA000FF000000D8000000800000004D0000004D
:105FB0007300000027000000310000000600000010
:105FC000060000001500000056000000CA00000096
:105FD00073000000A8000000C9000000600000007D
:105FE000E20000007B000000C00000008C00000008
:105FF0006B0000000200000003000000040000002D
:10600000060000000000C93F0000F0390000DA3748
:106010000000A2330000842E0000502B0000C22795
:106020000000D0220000C41F0000C61B000044175F
:106030000400000007000000090000003863ED3E86
:10604000DA0F493F5E987B3FDA0FC93F6937AC31C1
:1060500068212233B40F14336821A2330000004BAF
:10606000000000CBF82000204300504F5349580057
:106070002E00002020202020202020202828282832
:106080002820202020202020202020202020202008
:106090002020208810101010101010101010101058
:1060A0001010100404040404040404040410101068
:1060B0001010101041414141414101010101010114
:1060C00001010101010101010101010101011010A2
:1060D00010101010424242424242020202020202E8
:1060E0000202020202020202020202020202101074
:1060F0001010200000000000000000000000000060
:10610000000000000000000000000000000000008F
:10611000000000000000000000000000000000007F
:10612000000000000000000000000000000000006F
:10613000000000000000000000000000000000005F
:10614000000000000000000000000000000000004F
:10615000000000000000000000000000000000003F
:10616000000000000000000000000000000000002F
:08617000000000000000000027
:106178005D8D0300000000007D9303009C3A002021
:106188005D8B030000000000DD9E0300000000009E
:106198003DD0020000000000E1BA030000410020E9
:0861A800859B020000000000CD
:1061B00059780200000000004DC3020000000000FA
:1061C00011D80300000000001DBD03000000000006
:0461D00045A10200E3
:0861D4001DD8030000000000CB
:1061DC006DB903000000000071BA0300000000005C
:1061EC0075A102000000000049D603000000000069
:0861FC00F0A6FD7F0100000088
:10620400000000002C35040030350400343504004F
:10621400A10D0C00844404008C4404009444040044
:10622400744404007C440400F0370400C8460400AD
:10623400060000007D0000000138FDD1704700BF5A
:10624400912D0300912D0300952D03009D2D030036
:10625400A12D0300A92D0300B12D0300B92D0300C6
:10626400BD2D0300C12D0300C12D0300952F030094
:10627400C52D0300C92D0300CD2D0300CD2D030032
:10628400D92D0300DD2D03004C540400FFFFFFFF54
:10629400984400200090D003001001401100040035
:1062A400FFFFFFFFFFFFFFFFFFFFFFFFFFFFFFFFFA
:1062B400192B0400F820002000000000000000005A
:1062C40000000000000000000000000000000000CA
:1062D40000000000000000000000000000000000BA
:1062E40000000000000000000000000000000000AA
:1062F400000000000000000000000000000000009A
:106304000000000000000000000000000000000089
:106314000000000000000000430000000000000036
:106324000000000000000000000000000000000069
:106334000000000000000000430000000000000016
:106344000000000000000000000000000000000049
:1063540000000000000000004300000000000000F6
:106364000000000000000000000000000000000029
:1063740000000000000000004300000000000000D6
:106384000000000000000000000000000000000009
:1063940000000000000000004300000000000000B6
:1063A40000000000000000000000000000000000E9
:1063B4000000000000000000430000000000000096
:1063C40000000000000000000000000000000000C9
:1063D4000000000000000000430000000000000076
:1063E40000000000000000000000000000000000A9
:1063F4000000000000000000312E04000D2E0400F7
:106404000000000072600400706004007160040009
:106414007160040071600400716004007160040024
:106424007160040071600400716004007160040014
:10643400FFFFFFFFFFFFFFFFFFFFFFFFFFFF000066
:1064440001004153434949000000000000000000DE
:106454000000000000000000000000000000000038
:1064640000004153434949000000000000000000BF
:106474000000000000000000000000000000000018
:1064840000000000F0B50F0D11F0FF01012414FA13
:1064940001F114461D4603461BE09960082206429A
:1064A40008BF5FF00302013AFDD1D960042206421D
:1064B40008BF5FF00602760805D000BF00BF00BF2A
:1064C400013AFDD1E9E7023A013AFDD10134013D37
:1064D40005DD802620787843000AD960DDE7D9609D
:1064E400F0BD00FA0004FFFF03011818181818186B
:1064F40018180100D1080200491402009D3B020053
:106504001D8C020081CB020075350300853C03001D
:106514002140030055740300AD0802000000000090
:10652400000000006DCB030000000000000000002C
:0C6534000000000000000000000000005B
:10654000000000000000000000000000000000004B
:10655000000000000000000000000000000000003B
:10656000000000000000000000000000000000002B
:10657000000000000000000000000000000000001B
:10658000000000000000000000000000000000000B
:1065900000000000000000000000000000000000FB
:1065A00000000000000000000000000000000000EB
:1065B00000000000000000000000000000000000DB
:1065C00000000000000000000000000000000000CB
:1065D00000000000000000000000000000000000BB
:1065E00000000000000000000000000000000000AB
:1065F000000000000000000000000000000000009B
:10660000000000000000000000000000000000008A
:10661000000000000000000000000000000000007A
:10662000000000000000000000000000000000006A
:10663000000000000000000000000000000000005A
:10664000000000000000000000000000000000004A
:10665000000000000000000000000000000000003A
:10666000000000000000000000000000000000002A
:10667000000000000000000000000000000000001A
:10668000000000000000000000000000000000000A
:1066900000000000000000000000000000000000FA
:1066A00000000000000000000000000000000000EA
:1066B00000000000000000000000000000000000DA
:1066C00000000000000000000000000000000000CA
:1066D00000000000000000000000000000000000BA
:1066E00000000000000000000000000000000000AA
:1066F000000000000000000000000000000000009A
:106700000000000000000000000000000000000089
:106710000000000000000000000000000000000079
:106720000000000000000000000000000000000069
:106730000000000000000000000000000000000059
:106740000000000000000000000000000000000049
:106750000000000000000000000000000000000039
:106760000000000000000000000000000000000029
:106770000000000000000000000000000000000019
:106780000000000000000000000000000000000009
:1067900000000000000000000000000000000000F9
:1067A00000000000000000000000000000000000E9
:1067B00000000000000000000000000000000000D9
:1067C00000000000000000000000000000000000C9
:1067D00000000000000000000000000000000000B9
:1067E00000000000000000000000000000000000A9
:1067F0000000000000000000000000000000000099
:106800000000000000000000000000000000000088
:106810000000000000000000000000000000000078
:106820000000000000000000000000000000000068
:106830000000000000000000000000000000000058
:106840000000000000000000000000000000000048
:106850000000000000000000000000000000000038
:106860000000000000000000000000000000000028
:106870000000000000000000000000000000000018
:106880000000000000000000000000000000000008
:1068900000000000000000000000000000000000F8
:1068A00000000000000000000000000000000000E8
:1068B00000000000000000000000000000000000D8
:1068C00000000000000000000000000000000000C8
:1068D00000000000000000000000000000000000B8
:1068E00000000000000000000000000000000000A8
:1068F0000000000000000000000000000000000098
:106900000000000000000000000000000000000087
:106910000000000000000000000000000000000077
:106920000000000000000000000000000000000067
:106930000000000000000000000000000000000057
:106940000000000000000000000000000000000047
:106950000000000000000000000000000000000037
:106960000000000000000000000000000000000027
:106970000000000000000000000000000000000017
:106980000000000000000000000000000000000007
:1069900000000000000000000000000000000000F7
:1069A00000000000000000000000000000000000E7
:1069B00000000000000000000000000000000000D7
:1069C00000000000000000000000000000000000C7
:1069D00000000000000000000000000000000000B7
:1069E00000000000000000000000000000000000A7
:1069F0000000000000000000000000000000000097
:106A00000000000000000000000000000000000086
:106A10000000000000000000000000000000000076
:106A20000000000000000000000000000000000066
:106A30000000000000000000000000000000000056
:106A40000000000000000000000000000000000046
:106A50000000000000000000000000000000000036
:106A60000000000000000000000000000000000026
:106A70000000000000000000000000000000000016
:106A80000000000000000000000000000000000006
:106A900000000000000000000000000000000000F6
:106AA00000000000000000000000000000000000E6
:106AB00000000000000000000000000000000000D6
:106AC00000000000000000000000000000000000C6
:106AD00000000000000000000000000000000000B6
:106AE00000000000000000000000000000000000A6
:106AF0000000000000000000000000000000000096
:106B00000000000000000000000000000000000085
:106B10000000000000000000000000000000000075
:106B20000000000000000000000000000000000065
:106B30000000000000000000000000000000000055
:106B40000000000000000000000000000000000045
:106B50000000000000000000000000000000000035
:106B60000000000000000000000000000000000025
:106B70000000000000000000000000000000000015
:106B80000000000000000000000000000000000005
:106B900000000000000000000000000000000000F5
:106BA00000000000000000000000000000000000E5
:106BB00000000000000000000000000000000000D5
:106BC00000000000000000000000000000000000C5
:106BD00000000000000000000000000000000000B5
:106BE00000000000000000000000000000000000A5
:106BF0000000000000000000000000000000000095
:106C00000000000000000000000000000000000084
:106C10000000000000000000000000000000000074
:106C20000000000000000000000000000000000064
:106C30000000000000000000000000000000000054
:106C40000000000000000000000000000000000044
:106C50000000000000000000000000000000000034
:106C60000000000000000000000000000000000024
:106C70000000000000000000000000000000000014
:106C80000000000000000000000000000000000004
:106C900000000000000000000000000000000000F4
:106CA00000000000000000000000000000000000E4
:106CB00000000000000000000000000000000000D4
:106CC00000000000000000000000000000000000C4
:106CD00000000000000000000000000000000000B4
:106CE00000000000000000000000000000000000A4
:106CF0000000000000000000000000000000000094
:106D00000000000000000000000000000000000083
:106D10000000000000000000000000000000000073
:106D20000000000000000000000000000000000063
:106D30000000000000000000000000000000000053
:106D40000000000000000000000000000000000043
:106D50000000000000000000000000000000000033
:106D60000000000000000000000000000000000023
:106D70000000000000000000000000000000000013
:106D80000000000000000000000000000000000003
:106D900000000000000000000000000000000000F3
:106DA00000000000000000000000000000000000E3
:106DB00000000000000000000000000000000000D3
:106DC00000000000000000000000000000000000C3
:106DD00000000000000000000000000000000000B3
:106DE00000000000000000000000000000000000A3
:106DF0000000000000000000000000000000000093
:106E00000000000000000000000000000000000082
:106E10000000000000000000000000000000000072
:106E20000000000000000000000000000000000062
:106E30000000000000000000000000000000000052
:106E40000000000000000000000000000000000042
:106E50000000000000000000000000000000000032
:106E60000000000000000000000000000000000022
:106E70000000000000000000000000000000000012
:106E80000000000000000000000000000000000002
:106E900000000000000000000000000000000000F2
:106EA00000000000000000000000000000000000E2
:106EB00000000000000000000000000000000000D2
:106EC00000000000000000000000000000000000C2
:106ED00000000000000000000000000000000000B2
:106EE00000000000000000000000000000000000A2
:106EF0000000000000000000000000000000000092
:106F00000000000000000000000000000000000081
:106F10000000000000000000000000000000000071
:106F20000000000000000000000000000000000061
:106F30000000000000000000000000000000000051
:106F40000000000000000000000000000000000041
:106F50000000000000000000000000000000000031
:106F60000000000000000000000000000000000021
:106F70000000000000000000000000000000000011
:106F80000000000000000000000000000000000001
:106F900000000000000000000000000000000000F1
:106FA00000000000000000000000000000000000E1
:106FB00000000000000000000000000000000000D1
:106FC00000000000000000000000000000000000C1
:106FD00000000000000000000000000000000000B1
:106FE00000000000000000000000000000000000A1
:106FF0000000000000000000000000000000000091
:10700000708E3B92C615A841C49866C975EE51971B
:10701000605A18536D15423DAA007B00D10045000F
:107020000D0043029C7F040000000100907F0400DB
:10703000297704001482040085770400008204008C
:10704000F0360400000000004D70040000B5002080
:1070500037687860D0483768386341203768F8620D
:1070600000203768B8606F467760DBF705F901B438
:1070700001B4CA486F467760DCF7CEFD01B40198D1
:1070800000996F467760DBF707F902B0C4486F4696
:107090007760DCF7C1FD01B4009901986F46776015
:1070A000DBF7FAF801B0BF486F467760DCF7B4FD54
:1070B00001B4009901986F467760DBF7EDF801B0F5
:1070C000B9486F467760DCF7A7FD01B400990198D5
:1070D0006F467760DBF7E0F801B0B4486F46776041
:1070E000DCF79AFD01B4009901986F467760DBF7F1
:1070F000D3F801B0AE486F467760DCF78DFD01B480
:10710000009901986F467760DBF7C6F801B0A9488F
:107110006F467760DCF780FD01B4009901986F46F7
:107120007760DBF7B9F801B0A3486F467760DCF70A
:1071300073FD01B4009901986F467760DBF7ACF8F6
:1071400001B0009801B401B001BC3768F8606F4627
:107150007760DBF791F801B401B498486F46776027
:10716000DCF75AFD01B4019800996F467760DBF7B0
:1071700093F802B092486F467760DCF74DFD01B49A
:10718000009901986F467760DBF786F801B08D486B
:107190006F467760DCF740FD01B4009901986F46B7
:1071A0007760DBF779F801B087486F467760DCF7E6
:1071B00033FD01B4009901986F467760DBF76CF8F6
:1071C00001B082486F467760DCF726FD01B4009974
:1071D00001986F467760DBF75FF801B07C486F4637
:1071E0007760DCF719FD01B4009901986F4677606C
:1071F000DBF752F801B077486F467760DCF70CFD9B
:1072000001B4009901986F467760DBF745F801B04B
:1072100071486F467760DCF7FFFC01B40099019874
:107220006F467760DBF738F801B0009801B401B021
:1072300001BC376838613768386901B43768F86865
:1072400001B400F0E5F902B0376878613768F86892
:1072500001B43768386901B400F0DAF902B0376870
:10726000B8610A203768F8610A20376838620A2056
:10727000376878620A203768B862584801B400F06D
:10728000F2FC6F467760D9F79DFC01B0002000BD8D
:10729000F0360400000000009D72040000B50020DC
:1072A00001B401B400206F467760DCF74FFE00F0B8
:1072B0009EFD009001206F467760DCF747FE00F0EE
:1072C00096FD019001206F467760DCF7EBFE6F467C
:1072D0007760DAF7BBFF3768F86102206F467760A6
:1072E000DCF7E0FE6F467760DAF7B0FF37683862A8
:1072F0003768F86901B46F467760DBF75BFD0028FB
:1073000002D1009801B004E00098009801B03768FD
:10731000386A6F467760DBF785FD00280ED001984C
:1073200001B400F0A5FC2E486F467760DAF7BAFD8D
:1073300001B001B400F0E4F801B020E0009801B41D
:1073400000F096FC27486F467760DAF7ABFD01B096
:1073500001B400F094FC24496F467760DAF7A2FD8F
:1073600001B001B4029801B400F08FFC6F46776061
:10737000DAF798FD02B001B400F0C2F801B0376846
:10738000F86901B46F467760DBF714FD00282DD152
:10739000009801B03BE00000A8810400A07F040039
:1073A000C07F0400E07F040000800400208004000F
:1073B000408004006080040080800400A0800400FD
:1073C000C0800400E08004000081040020810400EB
:1073D00040810400608104008081040090720400F8
:1073E000BC810400CC810400D8810400009800987E
:1073F00001B03768786A6F467760DBF713FD6F4638
:107400007760DAF711FE6F467760DAF71FFF01B495
:107410006F467760DBF7CEFC002802D1009801B000
:1074200010E00098009801B03768386A6F467760BE
:10743000DBF7F8FC6F467760DAF7F6FD6F467760AA
:10744000DAF704FF6F467760DBF7ECFC002804D026
:10745000B24801B400F054F801B03768386A01B49A
:107460006F467760DBF7A6FC002802D1009801B0D8
:1074700010E00098009801B03768B86A6F467760EE
:10748000DBF7D0FC6F467760DAF7CEFD6F467760AA
:10749000DAF7DCFE01B46F467760DBF78BFC00287F
:1074A00002D1009801B010E00098009801B0376850
:1074B000F8696F467760DBF7B5FC6F467760DAF7FF
:1074C000B3FD6F467760DAF7C1FE6F467760DBF792
:1074D000A9FC002804D0924801B400F011F801B0D2
:1074E0003768F869376878623768386A3768B86229
:1074F0000A206F467760D9F767FB002002B000BD15
:1075000000B5002001B401B403986F467760DBF743
:1075100089FC6F467760DAF787FD6F467760DAF7A8
:1075200095FE6F467760DBF77DFC002804D06F4640
:107530007760DAF7A3FC0390039801B400F09FFB97
:107540006F467760DDF72EFD01B03768F86A0121DC
:1075500000F06DFC4FD03768F86A01B4049801B4AC
:1075600000F08DFB6F467760DAF7FEFC01B000F0AB
:107570003EFC01B43768386B01B400F080FB6F4605
:107580007760DAF7F1FC01B000F031FC01B401984A
:10759000009900F09AFB02B001B43768F86A01B4B0
:1075A000019800996F467760DBF7A4F902B001B447
:1075B0000198009900F099FB02B001B43768F86AAD
:1075C00001B4019800996F467760DBF793F902B038
:1075D0000090012001900198009900F014FC0AD05D
:1075E00050486F467760DDF7DDFC0198032100F01D
:1075F0006CFB0190EFE73768386B01B400F03FFB9C
:107600006F467760DDF7CEFC01B0002002B000BD10
:1076100000B5002001B401B401B401B401B401B457
:1076200001B46F467760DAF727FE009000200190E2
:107630000898029001200390039801B403986F46C4
:107640007760DAF723FE00F0D2FB01B401980099CD
:107650006F467760DBF74EFC02B000281ED0029820
:1076600001B4049800F0B9FB01B4019800996F4689
:107670007760DAF71BFE02B00190009801B402981F
:1076800001B400F01CFB6F467760DAF705FE02B02C
:107690000398032100F019FB0390CDE7002002902E
:1076A000002004900998059001200690069801B4E6
:1076B00006986F467760DAF7E9FD00F098FB01B4B1
:1076C000019800996F467760DBF714FC02B0002840
:1076D0001ED0059801B4079800F07FFB01B4019813
:1076E00000996F467760DAF7E1FD02B004900098E8
:1076F00001B4059801B400F0E2FA6F467760DAF75A
:10770000CBFD02B00698032100F0DFFA0690CDE72A
:1077100000200590009807B000BD0000E081040043
:10772000F0810400B4810400F0B544464D4656464D
:107730005746F0B40C4615461E46074600F085FA3B
:107740006846F0B46946DCF795F906463D4628469A
:10775000A96803248847074604B03046DBF70CFECF
:107760003846F0BCA046A946B246BA46F0BD01B5BF
:107770006F467760DBF7ECFC12BC416069468160C4
:10778000C56020470E4681688D46C5684168012066
:107790000143084782070ED100280CD003681A89DC
:1077A000012A00D170471F6A002F04D001B50124BF
:1077B000B847009000E001B56F467760DBF7F0FB5B
:1077C00002BD84071FD100281DD003681C89032C2B
:1077D00019D1491007D34468A14219D24418207A1C
:1077E000400001307047490005B508466F46776094
:1077F000DAF758FF014605BC6F467760DAF756FDA9
:107800004000013000BD71466F467760DBF78CFCAD
:107810000120704784071CD100281AD003681C89F6
:10782000062C16D1491006D30489A14216D289002C
:10783000446860587047490005B508466F46776050
:10784000DAF730FF014605BC6F467760DAF72EFDA8
:1078500000BD71466F467760DBF766FC002070471D
:1078600084071BD1002819D003681C89032C15D16B
:10787000491005D34468A14215D2441822727047BA
:10788000490005B508466F467760DAF70BFF0146F9
:1078900005BC6F467760DAF711FD00BD71466F4693
:1078A0007760DBF741FC00B5F3E784071CD10028C3
:1078B0001AD003681C89062C16D1491006D30489F6
:1078C000A14216D28900446862507047490005B54C
:1078D00008466F467760DAF7E5FE014605BC6F465D
:1078E0007760DAF7EBFC00BD71466F467760DBF737
:1078F0001BFC00B5F3E784073DD100283BD00368AB
:107900001C89082C05D100B56F467760DAF76CFD4D
:1079100000BD1C4601B50846DAF776FD0146009821
:10792000234600F002F801B000BDDA68170022D04B
:107930004F43D7407F005B68DB191A88D75A8F42C4
:107940000BD002331A88D75A8F4206D002331A88D6
:10795000D75A8F4201D0002070479B185A68D7072A
:1079600007D05F88012F01D101241047744600F031
:1079700051F88058704771466F467760DBF7D4FB4B
:107980006F467760DBF7E0FB84073AD1002838D0F8
:1079900003681C89082C05D100B56F467760DAF7BB
:1079A0009DFD00BD1C4605B50846DAF72DFD0146D4
:1079B0000098234600F002F802B000BDDA68170014
:1079C0001FD04F43D7407F005B68DB191A88D75A16
:1079D0008F4209D002331A88D75A8F4204D002331B
:1079E0001A88D75A8F4211D19B185A68D70705D0E9
:1079F0001F898F420AD1DA6802241047019B835005
:107A0000704771466F467760DBF78EFB6F46776095
:107A1000DBF79AFB05B40220D0496F467760DCF7AC
:107A200093FF06BCC16002612047F03604000000ED
:107A30000000377A04000C2C06DAA300C84AD1589B
:107A4000C3680269641C084771466F467760DBF7BC
:107A50006BFB837A0400937A0400A77A0400BF7A50
:107A60000400DB7A0400FB7A04001F7B0400477BE0
:107A70000400737B0400A37B0400D77B04000F7C0D
:107A8000040081B008B4714601919047019902B099
:107A9000084781B00199009108B47146029190475E
:107AA000029902B0084781B00199009102990191B1
:107AB00008B4714603919047039902B0084781B01A
:107AC00001990091029901910399029108B47146BC
:107AD00004919047049902B0084781B00199009140
:107AE00002990191039902910499039108B4714696
:107AF00005919047059902B0084781B0019900911E
:107B000002990191039902910499039105990491B5
:107B100008B4714606919047069902B0084781B0B3
:107B2000019900910299019103990291049903919D
:107B3000059904910699059108B4714607919047FB
:107B4000079902B0084781B001990091029901910B
:107B5000039902910499039105990491069905915D
:107B60000799069108B4714608919047089902B0A8
:107B7000084781B0019900910299019103990291FE
:107B80000499039105990491069905910799069125
:107B90000899079108B4714609919047099902B074
:107BA000084781B0019900910299019103990291CE
:107BB00004990391059904910699059107990691F5
:107BC000089907910999089108B471460A9190475C
:107BD0000A9902B0084781B0019900910299019178
:107BE00003990291049903910599049106990591CD
:107BF0000799069108990791099908910A9909919D
:107C000008B471460B9190470B9902B0084781B0B8
:107C100001990091029901910399029104990391AC
:107C2000059904910699059107990691089907917C
:107C3000099908910A9909910B990A9108B471461A
:107C40000C9190470C9902B00847820706D1002892
:107C500004D003681A89042A00D1704771466F4620
:107C60007760DBF761FA00B50198FFF7EEFF00BD22
:107C700000B50198FFF78EFD0190014600BD00B5EB
:107C80000198FFF787FD019000BD00B50298FFF74E
:107C900081FD029001B40298FFF77CFD029001463D
:107CA00001BD820706D1002804D003681A89062A7C
:107CB00000D1704771466F467760DBF735FA00B543
:107CC0000298FFF7EEFF019900BDC20706D0CA0770
:107CD00004D04A1E821801D61000F04703B56F4643
:107CE0007760DAF79DFD02B000BDC20706D0CA0773
:107CF00004D04A1E821A01D61000F04703B56F4621
:107D00007760DAF7A1FD02B000BDC20703D0CA0751
:107D100001D00840F04703B56F467760DAF72CFDD5
:107D200002B000BDC20703D0CA0701D00843F04724
:107D300003B56F467760DAF7FBFC02B000BDC207FF
:107D400004D0CA0702D04840401CF04703B56F4634
:107D50007760DAF7D9FC02B000BD00002A7A04008F
:107D6000527A0400C2070CD0CA070AD08B06DB0E79
:107D700042109A40930F01D0032B02D15000401CB7
:107D8000F04703B56F467760DAF78EFC02B000BDAE
:107D9000C2070AD0CA0708D08B06DB0E4210DA40B1
:107DA000930F02D15000401CF04703B56F46776037
:107DB000DAF7F6FC02B000BDC20707D0CA0705D04B
:107DC0008B06DB0E184101221043F04703B56F46C6
:107DD0007760DAF781FC02B000BD401000D3F047B5
:107DE000400000B56F467760DAF75CFC00BD4200EA
:107DF0005110884201D1501CF04700B56F467760A2
:107E0000DAF70CFA00BDC20707D0CA0705D0401A3E
:107E100001DB002070470120704703B56F46776093
:107E2000DBF78CF8DAF7FEFF002802B000BDC207CE
:107E300007D0CA0705D0401A01DC00207047012096
:107E4000704703B56F467760DBF79AF8DAF7EAFF19
:107E5000002802B000BDC20707D0CA0705D0401AEB
:107E600001DD002070470120704703B56F46776041
:107E7000DBF752F8DAF7D6FF002802B000BDC207E0
:107E800007D0CA0705D0401A01DA00207047012048
:107E9000704703B56F467760DBF762F8DAF7C2FF29
:107EA000002802B000BDC20707D0CA0705D0401A9B
:107EB00001D0002070470120704703B56F467760FE
:107EC000DAF742FFDAF7AEFF002802B000BDC207C2
:107ED00007D0CA0705D0401A01D000207047012002
:107EE000704703B56F467760DAF778FEDAF79AFFE6
:107EF000002802B000BDC20707D0CA0705D0401A4B
:107F000001D1002070470120704703B56F467760AC
:107F1000DAF722FFDAF786FF002802B000BDC207B9
:107F200007D0CA0705D0401A01D1002070470120B0
:107F3000704703B56F467760DAF758FEDAF772FFDD
:107F4000002802B000BDC20707D0CA0705D088428A
:107F500001D0002070470120704703B56F4677605D
:107F6000DAF7F0FE02B000BD810709D1002807D082
:107F700002681289062A03D100894000401C70471C
:107F800000B56F467760DAF781F9FFF730FF00BD83
:107F900001000000A08104000000000000000000BB
:107FA000FFFF050005000000FF00000000000000CA
:107FB0000000FF00000000000000000000000000C2
:107FC000FFFF0500050000FF0000000000000000AA
:107FD0000000FF00000000000000000000000000A2
:107FE000FFFF05000500FF0000000000000000008A
:107FF0000000FF0000000000000000000000000082
:10800000FFFF050005000000000000FF0000000069
:108010000000FF0000000000000000000000000061
:10802000FFFF050005000000000000000000000048
:10803000FF00FF0000000000000000000000000042
:10804000FFFF050005000000000000000000000028
:108050000000FF0000FF0000000000000000000022
:10806000FFFF050005000000000000000000000008
:108070000000FF00000000000000FF000000000002
:10808000FFFF0500050000000000000000000000E8
:108090000000FF0000000000000000FF00000000E2
:1080A000FFFF0500050000000000000000000000C8
:1080B0000000FF000000000000000000FF000000C2
:1080C000FFFF0500050000000000000000000000A8
:1080D0000000FF00000000000000000000FF0000A2
:1080E000FFFF050005000000000000000000000088
:1080F0000000FF0000000000000000000000FF0082
:10810000FFFF050005000000000000000000000067
:108110000000FF000000000000FF00000000000061
:10812000FFFF050005000000000000000000000047
:108130000000FF00FF000000000000000000000041
:10814000FFFF05000500000000000000000000FF28
:108150000000FF0000000000000000000000000020
:10816000FFFF0500050000000000FF000000000008
:108170000000FF0000000000000000000000000000
:10818000FFFF05000500000000FF000000000000E8
:108190000000FF00000000000000000000000000E0
:1081A00038350400000000003835040002000D0AD4
:1081B00000000000383504000100200038350400BC
:1081C00007005343524F4C4C2C000000383504003C
:1081D00005004D4F56452C003835040001002C0099
:1081E000383504000700434C49434B5F4C00000006
:1081F000383504000700434C49434B5F52000000F0
:10820000383504000B004D6F74696F6E204D6F752B
:1082100073000000000000000000000000000000EB
:020000040007F3
:1070000000000220F97207002173070023730700B4
:10701000257307002773070029730700000000008D
:107020000000000000000000000000001DB5070087
:107030002D730700000000002F7307003173070055
:10704000337307003373070033730700337307008C
:10705000337307003373070033730700337307007C
:10706000337307003373070033730700337307006C
:10707000337307003373070033730700337307005C
:10708000998E0700337307003373070033730700CB
:1070900033730700337307001DB70700337307000E
:1070A000337307003373070033730700337307002C
:1070B0003373070033730700000000000000000076
:1070C000337307003373070033730700337307000C
:1070D0001D8B0700337307003373070033730700FA
:1070E00033730700000000000000000000000000F3
:1070F0000000000033730700000000003373070036
:10710000000000000000000000000000000000007F
:10711000000000000000000000000000000000006F
:10712000000000000000000000000000000000005F
:10713000000000000000000000000000000000004F
:10714000000000000000000000000000000000003F
:10715000000000000000000000000000000000002F
:10716000000000000000000000000000000000001F
:10717000000000000000000000000000000000000F
:1071800000000000000000000000000000000000FF
:1071900000000000000000000000000000000000EF
:1071A00000000000000000000000000000000000DF
:1071B00000000000000000000000000000000000CF
:1071C00000000000000000000000000000000000BF
:1071D00000000000000000000000000000000000AF
:1071E000000000000000000000000000000000009F
:1071F000000000000000000000000000000000008F
:107200000348044B834202D0034B03B11847704735
:10721000A02B0020A02B00200000000005480649FC
:107220000B1AD90F01EBA301491002D0034B03B194
:1072300018477047A02B0020A02B00200000000062
:1072400010B5064C237843B9FFF7DAFF044B13B1AE
:107250000448AFF300800123237010BDB42B00203D
:1072600000000000B0D2070008B5044B1BB1044970
:107270000448AFF30080BDE80840CFE700000000FD
:10728000B82B0020B0D20700A3F5803A704700BFAA
:10729000154B002B08BF114B9D46FFF7F5FF002152
:1072A0008B460F461148124A121A05F00FFC0C4B80
:1072B000002B00D098470B4B002B00D098470020A4
:1072C000002104000D000B4805F0DEFA05F010FB6C
:1072D0002000290001F020F905F0DCFA0000080088
:1072E000000000000000000000000220B42B00207D
:1072F0004C520020BDC807000649074A074B9B1A9D
:1073000003DD043BC858D050FBDC00F023F8FFF746
:10731000BFFF000020D30700E82A0020B42B002084
:10732000FEE7FEE7FEE7FEE7FEE7FEE7FEE7FEE735
:10733000FEE7FEE7054B1B680D2B01BF044B1868E9
:10734000B0FA80F0400918BF0020704730010010EB
:107350003401001008B5FFF7EDFF40B14FF0804356
:107360000022C3F80C21C3F81021C3F83825FFF719
:10737000E1FF002846D04FF080524D4BD2F8041464
:10738000C3F82015D2F80814C3F82415D2F80C1449
:10739000C3F82815D2F81014C3F82C15D2F8141419
:1073A000C3F83015D2F81814C3F83415D2F81C14E9
:1073B000C3F84015D2F82014C3F84415D2F82414A9
:1073C000C3F84815D2F82814C3F84C15D2F82C1479
:1073D000C3F85015D2F83014C3F85415D2F8341449
:1073E000C3F86015D2F83814C3F86415D2F83C1409
:1073F000C3F86815D2F84014C3F86C15D2F84424C9
:10740000C3F87025FFF796FF48B14FF08043D3F8DB
:107410000024D20744BF6FF00102C3F80024254ABC
:10742000D2F8883043F47003C2F88830BFF34F8F2E
:10743000BFF36F8F4FF01023D3F80022002A03DB35
:10744000D3F80432002B2FDA1B4B0122C3F804259A
:10745000D3F80024002AFBD04FF010221221C2F8EA
:107460000012D3F80024002AFBD04FF01023122280
:10747000C3F80422104B1A46D3F800140029FBD09D
:107480000021C3F80415D2F80034002BFBD0BFF361
:107490004F8F0849094BCA6802F4E0621343CB607E
:1074A000BFF34F8F00BFFDE7054B064A1A6008BDCA
:1074B00000C0004000ED00E000E001400400FA05DB
:1074C000E82A00200090D0034B1C30B5DB000446B6
:1074D00012F003009BB20DD1074D2A601A44074BEE
:1074E0001A60074B1870074B1870074B1C80074B2E
:1074F000198030BD0720FCE7D82B0020D42B0020BA
:10750000D02B0020E02B0020DC2B0020DE2B0020E5
:107510002DE9F3472B4F3B888B4206460D4690469C
:107520004BD300240DF107008DF8074000F086F8DA
:10753000254B26481A78264B008893F800C08445CE
:107540005FFA8CF138BF4C1CD2B238BFE4B2A24211
:107550002DD01C781A78D1B2904286BF0131C9B2C1
:10756000002119709DF8070000F08CF84FF6FF73AA
:107570009C4224D0DFF86090D9F800204FEAC40A7A
:1075800042F8348002EBC403A6B19DB1114B388898
:107590001B682A4604FB0030314605F0FDF9D9F896
:1075A0000030534400209D8002B0BDE8F0874FF6C4
:1075B000FF74D7E700209880F6E70920F4E704205D
:1075C000F2E700BFDC2B0020E02B0020DE2B0020A8
:1075D000D02B0020D42B0020D82B0020F8B5114C44
:1075E000114D264622782B789A4200D1F8BD0F48DB
:1075F0000F4A2378126807880E4802EBC30100681F
:1076000052F83320898803FB070090470A49227803
:107610000988D3B2914286BF0133DBB200233370B5
:10762000E0E700BFE02B0020D02B0020DC2B002067
:10763000D82B0020D42B0020DE2B002070B5EFF3D8
:10764000108672B60C4A946801239CB993600B4B68
:107650000B4DD3F8801029401160C3F88050D3F847
:10766000841051604FF0FF32C3F88420047006B9D3
:1076700062B670BD0370FAE7C04E002000E100E082
:10768000FC06FFBD10B5084B9A685AB150B9EFF32C
:10769000108172B6054A1C6814605C68546098607A
:1076A00001B962B610BD00BFC04E002000E100E08D
:1076B00030B53AB11368DB430A4D0144814204D12D
:1076C000D84330BD4FF0FF33F6E710F8012B53409D
:1076D000082213F0010418BF2C46013A84EA530330
:1076E000F7D1EBE72083B8ED10B561B1B2FBF3F44D
:1076F00003FB1424A4B244B9C0E90014846082815D
:10770000C381204610BD0E20FCE70920FAE782B0B5
:1077100050E8022FC188B2EB324F4FF0000317BF81
:1077200092B241EA014142EA014104E04268B2EB0F
:10773000324F08BF012340E80212002AE8D18DF839
:1077400007309DF80730002B0CBF1120002002B03D
:10775000704737B550E8013F9DB2C48925448489FC
:10776000A54228BF2D1B0489A54202BFBFF32F8F5E
:10777000002207E0C5EA030540E80154002CE9D1E6
:107780004FF001028DF803200193019B9DF8032027
:107790000B6002F0FF0322B10B880068184403B0AD
:1077A00030BD1846FBE70A884B889A4209D150E859
:1077B000012FC2EA024240E80123002BF7D1012049
:1077C00070470020704737B550E8023F1FFAA3F515
:1077D000C488A54202BFBFF32F8F00220DE0C489E9
:1077E00025448489A54228BF2D1BC3EA054540E8EE
:1077F0000254002CE8D14FF001028DF803200193D0
:10780000019B9DF803200B6002F0FF0322B14B881F
:107810000068184403B030BD1846FBE70A884B885F
:107820009A4209D150E8022FC2EA224240E80223DC
:10783000002BF7D1012070470020704710B5034698
:1078400053E8000F40EA010243E8002494F0000FDF
:10785000F6D110BD10B5034653E8002F02EA01002F
:1078600043E8000494F0000FF6D110BD0121FFF7AA
:10787000E5BF0021FFF7EEBF10B590B1D0E90123BD
:1078800001689B1ADBB20A60013BDBB2FF2B026886
:1078900002D10020107110BD11684C1C14600B70D7
:1078A000F2E70E20F7E737B5044600250DF1070093
:1078B0008DF80750FFF7C2FE2268616813688B429B
:1078C00010D9591E116013F8015C228AE36802FB8B
:1078D00005352268A36811685B1A1179DBB29942F9
:1078E00038BF13719DF80700FFF7CCFE284603B0A0
:1078F00030BD37B5054600230DF107000C468DF865
:107900000730FFF79BFE2A681368591C1160E9686D
:10791000641A298AB4FBF1F41C709DF80700FFF784
:10792000B1FE03B030BD01600B681146184710B4BA
:107930000468E468A4465DF8044B604710B404682A
:107940002469A4465DF8044B6047000070B550B947
:107950000E4D0F4C0026641B1423B4FBF3F4B44209
:1079600008D1002010E00368002BF1D0BDE8704082
:10797000DB6918472B6813B901361435EFE7DB696B
:10798000284698470028F7D070BD00BFA02B0020E4
:10799000B42B0020014B436000207047B4CD07009A
:1079A0000846704700207047024B1868003818BF1F
:1079B00001207047E42B002008B50248FFF759FF6B
:1079C000002008BDE42B002008B510461A4604F03C
:1079D000E3FF002008BD00002DE9F043814687B099
:1079E00014480E4615469846FFF740FF0446F0B986
:1079F0000746BD4215D10F48FFF73BFFD9F80830C5
:107A00005BB102228DF800200022CDE90126CDE9EC
:107A10000325CDF8148068469847204607B0BDE896
:107A2000F08306EB073000F07DFB0137E1E711241E
:107A3000F3E700BFE42B00202DE9F041804686B03B
:107A400011480F4616461D46FFF710FF0446C8B9F9
:107A5000AA083146384600F093FB0B48FFF709FFB0
:107A6000D8F8083053B101228DF800200C9A059205
:107A7000CDE90147CDE9036568469847204606B041
:107A8000BDE8F0811124F9E7E42B002029DF7047DD
:107A900028DF704770B50668B36886B004460D46A7
:107AA00073B114220021684605F010F8A36805930D
:107AB0002379019533B1012B0ED0B36868469847FE
:107AC00006B070BD01238DF8003023690293E3688E
:107AD000039363690493F0E702238DF80030E368B1
:107AE0001B030293F5E7084670470020704700002B
:107AF000024B187A003818BF01207047D42D00209F
:107B0000034B187A0122B0FA80F05A74400970478A
:107B1000D42D002008B510461A4604F03DFF002081
:107B200008BD000008B514220021044804F0CEFF6F
:107B30000348FFF7ECFD002008BD00BFD42D002056
:107B4000C42D002010B5094C094B43602046FFF7B7
:107B50008DFE48B903F0C8FD064920741C23064871
:107B60004FF4EE72FFF7C0FD002010BDD42D0020B1
:107B7000E0CD0700E82B0020C42D002070B5234C79
:107B8000234E237A25463BB922492348FFF71BFEA3
:107B9000306008B9606070BD022334682B722379AD
:107BA00073B1012B22D020460321FFF773FF00237E
:107BB0002B726B60BDE8704016491748FFF72EBE68
:107BC000D4E90523D21A142AD4E9031028BF1422B9
:107BD0009208012A38BF012219441844FFF756FFC2
:107BE00050B11128DFD101232B72D4E7D4E903036C
:107BF0001844FFF74DFFF3E72B7C002BCBD1014658
:107C0000BDE87040022000F009B800BFD42D00206C
:107C1000EC2D0020E82D0020C42D002038B5831E57
:107C2000012B43D8224C237A002B3FD0022B09D1C1
:107C300003282ED01F4B00221B68E2601A793AB14C
:107C4000012A20D0637C6BBBBDE83840FFF796BFAC
:107C5000D3E905128D1A142D94BF521914329A616A
:107C60009142EFD102284FF0000308BF194623725A
:107C7000104B18BF0D211868FFF70CFF0E490F4875
:107C8000FFF7CCFDDEE71A6901321A615B699A429F
:107C9000E7E7E3680133082B01D8E360D2E700236C
:107CA000E360DFE7BDE8384003F00EBD38BD00BF3C
:107CB000D42D0020EC2D0020E82D0020C42D002024
:107CC00000F0FD03012B08D1044B00225A74421E20
:107CD000504250411874FFF751BF7047D42D002017
:107CE00010B5064C201DFFF7C1FD28B9637C1BB9F8
:107CF000BDE81040FFF742BF10BD00BFD42D0020EB
:107D00002DE9F34180460D460F4801A916461F464E
:107D1000FFF71FFD0446A8B11C22002104F0D6FE87
:107D20002D0B0123237101A90748C4F80080A76027
:107D3000E5606661FFF737FDFFF7D2FF002002B074
:107D4000BDE8F0810420FAE7C42D00202DE9F743B7
:107D500081468846104801A917461E46FFF7F9FCE0
:107D60000446B0B11C22002104F0B0FE00250A9B9D
:107D7000A36001A9C4E9037807482571C4F80090FD
:107D80006661FFF710FDFFF7ABFF284603B0BDE8C3
:107D9000F0830420FAE700BFC42D002001600B68C7
:107DA00043604A68934204BF0023436070474368BE
:107DB00043B1026891680B4443605268934204BF28
:107DC00000234360704700002DE9F04FC9B008AAB6
:107DD00001F1400514464B780E781B0443EA066314
:107DE000CE7833438E78043143EA06238D4244F83B
:107DF000043BF0D11024916B16464FEAF14383EA1D
:107E0000714383EA9123716A366852F8045F314402
:107E10000B444FEAB54181EAF51181EAD5010134FD
:107E20000B44402CD363E6D1D0E914E30093836D77
:107E30000193C36D0293036E0393436E0493836EA9
:107E40000593C36E0693DDE9057BDDE9031CDDE9DF
:107E500001592B4B009E079374464FF00008079B77
:107E600053F8042B07934FEAF12383EAB11383EA13
:107E7000716A08AB53F828301A440AEB020327EA68
:107E8000010A01EA0C028AEA02021A444FEA743A31
:107E900086EA05035A448AEAB40A06EA050B234037
:107EA00083EA0B038AEAB45A08F101089A44B8F14C
:107EB000400F02EB0903BB465244A94619D1724454
:107EC0000265009A22444265019A32448265029A10
:107ED0002A44C265039A1A44049B02660B44436613
:107EE000059B63448366069B3B44C36649B0BDE87B
:107EF000F08F674635468C46264619461446AEE74F
:107F00000CCE070030B5E0B10F4A1049002400251F
:107F1000C0E91245C0E914120D4C0E4A0E4DC0E9DD
:107F200016420E4AC0E918520D4A826602F1745296
:107F3000A2F523020023A2F692420364C266184609
:107F400030BD0E20FCE700BF85AE67BB67E6096A5F
:107F500072F36E3C3AF54FA57F520E518C68059B2B
:107F6000ABD9831F70B5F0B1DAB900201CE00C4624
:107F70008D180026AC42F8D0036C14F8012BC254C3
:107F80000133402B0364F5D10146FFF71DFFD0E913
:107F9000123213F5007342F10002C0E91232066496
:107FA000E8E70029E3D10E2070BD70B50D461646F6
:107FB0000446002875D0002973D0026C8021372A2E
:107FC000815402F101034FF0000240D8382B39D11F
:107FD000D4E91201226C0823E3FB020103BAE36334
:107FE0000B0A84F83A300B0C84F839300B0EC4E9D4
:107FF000120184F83B1084F8383021462046FFF700
:10800000E3FE691E76B30023E26EDA4001F8012F29
:10801000A26EDA400A71626EDA400A72226EDA40AB
:108020000A73E26DDA400A74A26DDA400A75626D75
:10803000DA400A76226DDA400833202B0A77E3D142
:10804000002070BDE2540133C0E7E25401333F2BFE
:10805000FBD921462046FFF7B7FE3822002104F065
:1080600035FDB5E71823226DDA4001F8012F626D66
:10807000DA400A71A26DDA400A72E26DDA400A73E0
:10808000226EDA400A74626EDA400A75A26EDA4035
:108090000A76E26EDA40083B13F1080F0A77E2D164
:1080A000CEE70E20CDE743689B68184708B54368C4
:1080B00008305A7900F083F9002008BD2DE9F0411D
:1080C0000C469CB008461F460392FFF7ECFFD4F81D
:1080D0000480039998F80550BD4228BF3D460646E6
:1080E0002A4604A800F060F998F8052022990CA807
:1080F00000F065F900960CAB2A4604A904F10800CB
:1081000004F044FA002848F2425018BF00201CB086
:10811000BDE8F081024AD2F80034002BFBD0704752
:1081200000E001400A4908B50223C1F80435BFF355
:108130006F8FBFF34F8FC1F80805FFF7EBFF0023E8
:10814000C1F80435BFF36F8FBFF34F8F08BD00BF79
:1081500000E0014010B5094C0123C4F80435BFF319
:108160006F8FBFF34F8F0160FFF7D4FF0023C4F878
:108170000435BFF36F8FBFF34F8F10BD00E0014098
:108180000E4B10B50124C3F80445BFF36F8FBFF346
:108190004F8F01EB8204401AA14208D1074B002205
:1081A000C3F80425BFF36F8FBFF34F8F10BD431883
:1081B00051F8042B1A60FFF7ADFFEDE700E0014036
:1081C00028B139B10023C1E900301846704748F2A0
:1081D0001050704748F21350704738B1006848F2A9
:1081E0004053884214BF18460020704748F2105090
:1081F000704730B148F21153914214BF1846002025
:10820000704748F21050704770B506460C461D4640
:10821000FFF7D6FF50B9B3794AB1AB420AD1114644
:108220002046FFF743FF08B9044B236070BD48F2B6
:108230001050FBE748F21150F8E700BF7052464D6E
:108240002DE9F0470C4606460F492046DDE908892E
:1082500015461F46FFF7C1FFA0B963685A79494622
:1082600052004046FFF7C5FF60B94DB1CDF8208000
:108270003B462A4621463046BDE8F047FFF71EBF81
:1082800048F21050BDE8F0877052464D10B50446D4
:1082900038B149B141600B68984708B9044B236075
:1082A00010BD48F20150FBE748F21050F8E700BF5C
:1082B0006E524648F0B4134648B10768094EB742BB
:1082C0000AD161B12AB14368F0BC5B68184748F233
:1082D00001531846F0BC704748F20253F9E748F2E0
:1082E0001053F6E76E524648F0B460B107680C4E82
:1082F000B7420CD171B143681568DC68A5420CD354
:10830000F0BC9B68184748F20150F0BC704748F237
:108310000250FAE748F21350F7E748F21450F4E736
:108320006E524648F7B50446DDE9086715460193E5
:10833000FFF7ACFF68B9019A29462046FFF7BAFF5C
:1083400038B93A463146204603B0BDE8F040FFF761
:10835000CBBF03B0F0BD0000F8B50A4F0A4C0B4D7F
:10836000E41B0121E40829700026A64203D1022360
:108370002B700020F8BD57F8363098470028F9D107
:108380000136F2E7B4D20700B4D20700F02D002086
:1083900001390144814200D2704703780A7800F81D
:1083A000012B01F80139F5E7013A02440139824213
:1083B00000D2704711F8013F02F80139F7E770B5B4
:1083C00016460D46FFF7F0FF3246A9193044BDE8C6
:1083D0007040FFF7E9BF38B50D460446FFF7D8FFF8
:1083E00029466019BDE83840FFF7D2BFBFF34F8F71
:1083F0000549064BCA6802F4E0621343CB60BFF341
:108400004F8F00BFFDE700BF00ED00E00400FA055C
:10841000044A136801331360034B1B780BB100F05F
:10842000FFB87047FC2D0020F82D002010B5094C36
:1084300000F018F923785BB9074A137000F0B8F818
:10844000012323700549BDE81040A32000F0D6BBEE
:1084500010BD00BFF82D0020F12D00201184070071
:1084600008B5084B00221A7000F030F90649A32025
:1084700000F0C4FB054B1A68054B1A60054B01223E
:108480001A7008BDF82D002011840700FC2D002073
:10849000F42D0020F12D0020013870B5082823D8D4
:1084A000DFE800F00A0C23220522050E0C0011481B
:1084B000BDE87040FFF7BABF0F48F9E70F48F7E78C
:1084C00002F07AF80E4B1B787BB10E4E0E4D3468DD
:1084D0002B68E41A3B2C94BF0021012100F040F9E5
:1084E0003B2C01D933682B6070BDBDE87040FFF7AD
:1084F000B7BF00BF5DCF070058CF070062CF0700AE
:10850000F12D0020FC2D0020F42D002008B5FFF7F0
:108510006DFF08B5FFF76AFF08B500F089FC024857
:1085200000F0A6F9FFF762FF99840700F0B51B4B36
:108530001B4819781B4B1C4D5F5C0422012447FA31
:1085400002F6F60710F8013B1BD51F2B86BF03F080
:108550001F032E464FF0A04604FA03F3C6F80C356D
:10856000013AECD2114B5B5C1F2B86BF0E4903F026
:108570001F034FF0A041012202FA03F3C1F80835AE
:10858000F0BD1F2B86BF03F01F032E464FF0A04601
:1085900004FA03F3C6F80835E2E700BF052E002011
:1085A00067CF0700002E0020000300506CCF0700AB
:1085B00030B41748174D0022032410F8013B1F2B3D
:1085C00086BF03F01F0329464FF0A04103F5E07377
:1085D0000132052A41F82340EFD10F480D4D00220A
:1085E000032410F8013B1F2B86BF03F01F0329460D
:1085F0004FF0A04103F5E0730132052A41F8234012
:10860000EFD1064B00221A7030BCFFF78FBF00BFBE
:1086100067CF0700000300506CCF0700052E002035
:1086200010B40D4A0D4913780120C95C03441F2979
:10863000DBB28ABF0A4C4FF0A04401F01F01042BAB
:1086400000FA01F188BF0023C4F80C1513705DF81F
:10865000044BFFF76BBF00BF052E00206CCF070057
:108660000003005001460522014804F095B900BFFF
:10867000002E00201F2886BF054A00F01F004FF083
:10868000A042012303FA00F0C2F80805704700BFBA
:10869000000300500B4B185C1F288ABF0A4B4FF099
:1086A000A04300F01F01D3F8042598BF0146CA403B
:1086B000D20704D501228A40C3F80C257047FFF782
:1086C000D9BF00BF71CF070000030050F8B5204AA2
:1086D000204D214E002313602846032410F8012B5F
:1086E0001F2A86BF02F01F0231464FF0A04102F55B
:1086F000E0720133052B41F82240EFD1174C164FA1
:1087000020460022032610F8013B1F2B86BF03F0F2
:108710001F0339464FF0A04103F5E0730132052AEB
:1087200041F82360EFD1002115F8010BFFF7A2FFFC
:1087300001310529F8D1002114F8010BFFF79AFF48
:1087400001310529F8D1BDE8F8400020FFF7A2BFAC
:10875000082E002071CF07000003005076CF0700DD
:10876000F0B5164A164F1668DFF858C03446002593
:108770004FF0010E00EB8000642390FBF3F0A04269
:108780000BDCB042B8BF304605B11060A1B104287F
:1087900012DCBDE8F040FFF77DBFE35D1F2B8ABF11
:1087A00065464FF0A04503F01F030EFA03F3C5F82A
:1087B0000C3501340125E2E7F0BD00BF082E002092
:1087C00071CF070000030050007800F001007047EF
:1087D00041DF7047014B01221A7070472C32002094
:1087E000BFF34F8F0549064BCA6802F4E06213439A
:1087F000CB60BFF34F8F00BFFDE700BF00ED00E08F
:108800000400FA05024B034800221A7001F0F2BF7F
:108810002C320020E1870700042810B5044609D84F
:10882000022811D816D00D4B1B68B3B12046BDE805
:1088300010401847831F012BF5D8094B0948002227
:108840001A7001F0D7FFEEE707494FF4701000F0FF
:10885000A7F9E8E701F014FFE5E710BD303200208A
:108860002C320020E18707000588070000207047B0
:1088700038B5504B1860002001F0D2FF04460028A4
:1088800040F0928000F07EFA012800F088800228F3
:1088900000F08C80002840F087804FF08043D3F8B0
:1088A000004414F4803435D04FF48032C3F80024EF
:1088B0000446414D2B6A012B3FD04FF4701400F059
:1088C000F7FA3E4A20211820FEF7FEFD08B1FFF717
:1088D00020FE3B4B1A6802F0F802B02A06D11A6853
:1088E000D20742BF1A6802F04E021A60FFF7BEFFBD
:1088F000002859D12046334900F052F9324800F09F
:10890000E9FF002850D100F0F9FAFEF767FEFFF703
:108910005FFFF8E7D3F8202502F0F802A82A0AD171
:10892000D3F82025D10706D5D3F8202502F056022A
:10893000C3F82025BDE70124BBE743F204031A680E
:10894000224B9A4209D002F023F8AA69014694B159
:108950001F4802F07AFB90B9AFE76A6B1CB995F833
:108960006032012BEFD01B484FF4805102F06DFBB9
:108970000028E8D1A1E795F8A132012BE8D1104BEE
:108980001B6813F0B10F98D101F0AEFF60B9124B24
:108990001870124801F02EFF00F024F804E00E4B8E
:1089A0000F481C7001F026FF032038BD4FF4A024AF
:1089B00085E700BF30320020CC4E00200C2E002076
:1089C0001C0500400588070019880700DBE5B15148
:1089D0006D5100202C5100202C320020D58707003B
:1089E000E187070008B5074B4FF0FF32C3F880203E
:1089F000C3F8802101F060FCBDE808404FF48050CE
:108A000000F002B800E100E000B5EFF305830023B9
:108A1000D0E9001283F3148883F3108883F311885C
:108A200083F3138881F308884FF0FF339E46104785
:108A30005DF804FB00F1402000F50030002382B017
:108A4000036003680193019B02B0704738B56FF073
:108A50007F42134C057BD4F804358A4228BF0A466E
:108A6000891A13444A1E942A23F07F4305F5A872FD
:108A70009BBF963B96314160416044F82230094BE0
:108A80004FF4F86043F00103984705F1500080006F
:108A9000FFF7D0FF4FF48033AB40C4F8043338BD48
:108AA0000040024080CF070008B517490A7852BB42
:108AB0004FF080434FF48070D3F81834DB035EBF6F
:108AC000124B01221A60FFF7B5FF4FF4A070FFF7B9
:108AD000B1FF4FF4A270FFF7ADFF4FF4A470FFF7A2
:108AE000A9FF0B4B0B48A02283F8242310225A60C5
:108AF000094A0023C2F808350123036002201360ED
:108B0000C2F804030B7008BD383200200800004092
:108B100000E100E008400240004002402DE9F04141
:108B2000194B1B683BB1194A13684FF4827001332B
:108B30001360FFF77FFF164C164DDFF86080164E6E
:108B40004FF480372B68A5F5804080B25BB1FFF70A
:108B500071FF237B07FA03F3C8F80833616849B152
:108B60002046FFF773FF0435B54204F11004E9D144
:108B7000BDE8F081A16811B12046FFF767FF2368C7
:108B8000002BF0D09847EEE7044102403432002039
:108B9000EC2A0020404102404C410240004002408B
:108BA00070B50B4B1D682A7B4FF480339340094A04
:108BB0000E46C2F80833044640B1FFF775FF2E6039
:108BC00021462846BDE87040FFF740BF70BD00BF9A
:108BD0001C2B00200040024070B5074B1D680E465C
:108BE000A8600446FFF760FF2E6021462846BDE8D6
:108BF0007040FFF72BBF00BF242B002070B50E4B39
:108C00001C68237B4FF480329A400C4B0E46D3F8FD
:108C100004130A42054602D0A16881420BD0C3F872
:108C20000823A560FFF740FF266029462046BDE8DF
:108C30007040FFF70BBF70BD202B002000400240AA
:108C4000014B01221A7070473932002038B50F4BA2
:108C5000DA6A5D6A9C6CAC2A10D15B6B1C44ED1A1D
:108C60000B482A46214603F067FE68B100F046F93A
:108C700029462046BDE8384001F000BB002CEFD16A
:108C800001F09CFE0446EBE738BD00BFCC4E00204F
:108C9000007007002DE9F74F06468846A8EB060549
:108CA0002D0B02F6FF77144600F002F9802D28BF45
:108CB00080252B03DFF868B001933F0B0CB92346E6
:108CC00029E0BD422CBFBA46AA464FF000025146E9
:108CD000304634BFDDF80490A14601F0B7FA0346F0
:108CE000C8B909F1030222F003024146304601F0FF
:108CF0009FFA034678B9DBF830304B44CBF830307C
:108D000001F07EFDA7EB0A07A4EB09044E44C8441A
:108D100003460028D2D0184603B0BDE8F08F00BF4C
:108D2000CC4E002010B501F059FE154A42F2040362
:108D3000916CCC5803F1A34303F5471303F2D753C7
:108D40009C4218D1D2E90C32934216D0884204D109
:108D5000BDE81040002001F053BDD21A02F6FF72A8
:108D600022F47F6222F00F0219441844FFF792FFA9
:108D70000028EDD010BD0320FCE70020FAE700BF7B
:108D8000CC4E002070B5264CE36AAA2B37D005D80C
:108D9000012B0BD0A52B2ED0002070BDAC2BFBD10E
:108DA000FFF7C0FF48BBFFF751FF26E0A66C656ADE
:108DB00001F0EEFD864229D101F0EAFD00222946AC
:108DC000FEF776FCA36A984202BF0123C4E90703B9
:108DD000A5610025134801F0CFFD134B1348002275
:108DE0001A7001F00DFD68B975B1236A012B14BF2B
:108DF00001200220D1E7FFF795FF0125EAE7FFF701
:108E000025FFE6E70320C8E70120C6E7236BEA1A3F
:108E1000F1181844FFF73EFF0028DAD1CCE700BF75
:108E2000CC4E0020F04E002039320020418C07004B
:108E300008B540F6F8700368013302D10749FFF71F
:108E400089F940F6FC700368013305D1BDE808409C
:108E50004FF4FC21FFF77EB908BD00BF007007008A
:108E60000A4AD2F800347BB109480023D2F8081529
:108E7000D940C90748BF03F5C07103F1010348BFDA
:108E800042F82100072BF1D1704700BF00000140DC
:108E90003546526EFFF7E4BF044B002282B01A60E1
:108EA0001B680193019B02B0704700BF00010140A5
:108EB00038B50E4C2278BAB90D4BD3F800248AB1DC
:108EC000D3F80455FFF7CCFF40F61650A842B8BFC0
:108ED00028460849A0F54860FFF77EFE064B4FF490
:108EE00080321A600123237038BD00BF3A3200205F
:108EF00000000140958E070000E100E0034BD3F82D
:108F000000340BB1FFF7ACBF704700BF0000014059
:108F10000023C0E90232C0E900118B881A440261C3
:108F2000B1F906301A4442610888003818BF0120A0
:108F3000704710B5426811880346002939D002F104
:108F400010014160148A2CB9C2680168FFF7E0FF84
:108F5000204610BD9078118900F03004302C1BD1D0
:108F6000947C04F03004302C1DD190881969091AC2
:108F700019610021907810F0300F02BF986801301D
:108F80009860908A0844196901441961B2F9162061
:108F9000114459610120DCE700F0F004202C02D1DB
:108FA00050894143E6E700F0C000802808BF042153
:108FB000E0E70846CDE770B5466804460D466368AD
:108FC0001A88AA4204D19B7803F00F03082B07D11B
:108FD0002046FFF7AEFF6368B342F0D1002070BDBA
:108FE0000120FCE743681A44426011B101399A42FA
:108FF00001D10120704713F8010B01F8010FF6E7CA
:109000002DE9F34183680446884623B9002630469B
:1090100002B0BDE8F081036801220DF10701984715
:1090200006460028F2D0A3689DF80750013BA360D4
:109030009DF90730002B1ADA05F07F050727A36892
:10904000002BE3D0236801220DF107012046984749
:109050000028DBD0A3689DF80720013BA36002F045
:109060007F03BB401D43130607F1070702D4C8F86E
:109070000050CCE7232FE2D1C8E770B54268927860
:1090800002F00F01082986B003461FD103691C684E
:1090900000260CB906B070BD236826739D6862680F
:1090A00029466846FFF734FF6368049304F10C0314
:1090B0000593AB7803F0C003802B08BF231D6846DF
:1090C00008BF0493FFF7D9FFA468E2E712F0C001DC
:1090D00020D102F0300010280ED15A6911705A6860
:1090E00018699378D46803F00F03072B09D1014660
:1090F000204600F017F8CDE79006F0D55B6919809F
:10910000C8E71289214614B103F046FCC2E703F018
:10911000DDFCBFE78029BDD1006900219206016016
:10912000B8D5EBE77FB50A4601466846FFF7F0FE83
:1091300030B16846FFF7A1FF6846FFF7FAFEF7E790
:1091400007B05DF804FB000030B5044685B0154655
:10915000A9B90268114B9A4211D0102D06D82A469F
:1091600069462046FFF7F0FF05B030BD1022694682
:109170002046FFF7E9FF0028F6D0103DEDE7A36891
:10918000AB4201D20020EFE723682A4620469847E9
:109190000028F7D0A268521BA260E5E7E58F070020
:1091A000F7B50E4601A907461546FFF729FFA8B1F6
:1091B000019A0123D3184FF0000404D2B17801F0D2
:1091C000C001802901D1204608E031899942FAD3B3
:1091D00029463846FFF7B8FF019BEC5403B0F0BDB9
:1091E00073B50D4601A906461446FFF709FF98B16D
:1091F000019AB2F5803F11D2AB7803F0C003802B07
:1092000002F102010AD02B898B4207D32146304656
:1092100021F8022BFFF798FF02B070BD0020FBE79A
:1092200010B5034C82600022C0E90041C26010BD4D
:10923000E58F07002DE9F341002604460F46B046AE
:109240003546A3682BB3236801220DF107012046A0
:109250009847F0B1A3689DF807C0013B0CF07F026E
:10926000C5F12001A360A5F1200302FA03F322FA5D
:1092700001F10B43AA401CF0800F46EA020643EAC4
:10928000080805F1070502D1C7E9006802E0462D8C
:10929000D7D1002002B0BDE8F08173B50C46694615
:1092A0001646FFF7C7FF68B12389082B0CD1DDE90B
:1092B0000045C6E90045DDE90023AB4206BFA242F6
:1092C0000120002002B070BD042B04D1009B33604C
:1092D0001C460025EFE7022B4FF0000004D1009B55
:1092E00033809CB20546E6E7012BEBD1009B33703F
:1092F00003F0FF04F6E737B50D4669461446FFF75D
:1093000099FF30B12A89082ADDE9003103D1C4E987
:10931000003103B030BD042A18464FEAE37108D18A
:1093200023601A460B468B4206BF82420120002072
:10933000EFE7022A04D11BB223801AB2D317F2E757
:10934000012A03D15BB223705AB2F7E70020E0E7AD
:10935000F7B51F4600233B700D460B70136001A943
:1093600004461646FFF74CFE30B9A36813B9012333
:109370003B70002003B0F0BD019C002CF7D0E30847
:1093800004F0070433602C70F4E713B50446052994
:109390001FD8DFE801F0030F151E1E1C012201A9D2
:1093A0002046FFF7D1FE18B19DF90430002BF5DB04
:1093B00002B010BD082200212046FFF7C5FEF7E7E6
:1093C00001A9FFF71DFE0028F2D0019AF3E704225D
:1093D000F1E70020ECE773B50D4601A90446FFF75D
:1093E0000FFE064618B90026304602B070BD94E85C
:1093F0000F0085E80F0001998A42F4D3A960A368A1
:109400005B1AA360F0E700002DE9F0435768BB78D2
:1094100013F0C00489B006468C46154603D0402C94
:109420006AD000240CE003F00F025F4903F0300320
:10943000202B51F8228026D006D8CBB1102B1CD07F
:10944000204609B0BDE8F083302BF9D16B6939882B
:109450001980072A0AD16B6828691A89214603F006
:1094600035FB6B682969D868FFF75CFE2A6940E024
:109470002A693946C0470446E2E76B6901221A703F
:109480002A696968F6E7BCF1020FD5F8149024D177
:10949000042A22D804A9FFF79EFF04460028C0D062
:1094A000069B2BB16968B9F800304A899A4205D801
:1094B000059B7360069B002BC2D0B2E708892A691E
:1094C00003FB002204A8C04728B1B9F800300133DB
:1094D000A9F80030E4E70446EAE7B9F800307A89F1
:1094E0009A429ED92A693989581CA9F8000003FBC1
:1094F000012269683046BDE7D2F81080474657F828
:10950000043B13B9FFF741FFB5E7022914D104A9C1
:10951000FFF761FF002884D0D8F8003069683A4628
:1095200004A89847044600283FF47BAF069B002B15
:10953000F2D1059B736083E7012925D005292BD043
:1095400000297FF46EAF0C460DF1040901340B2C99
:109550003FF467AF012249463046FFF7F5FD00288A
:109560003FF45FAF19F9013B002BEFDB0F4B049386
:1095700001ABCDE9053400230793D8F800306968C2
:109580003A4604A8984776E7082201A9FFF7DCFDD0
:1095900008240028EAD144E704220DEB0201FFF77A
:1095A000D3FD0424F5E700BF88CF0700E58F07004F
:1095B0002DE9F04F91B00446002604A8CDE90266DB
:1095C000FFF7A6FCA3683BBBDDE9053404A89D7842
:1095D000FFF7AFFC0028F7D115F0300F03D1059B42
:1095E0001B8803B10134002C00F0A980630900221C
:1095F00002A9934240F09C8010AA02EB830304F07E
:109600001F0453F8383CC4F120044FF0FF30E04011
:10961000C31A584258410DE00DF1030301AA0DF1A0
:1096200002012046FFF794FE38B99DF80330002B65
:10963000CAD1002011B0BDE8F08F019904A8FFF74E
:10964000BAFC002850D1019BB3427DD3059D059AF9
:10965000937803F00F03082B7FD004A8FFF769FC71
:10966000059B9D42F3D14FF0FF36019FB7426BD36C
:10967000089B9DF802A0D4F808801D684FF00109EE
:10968000A368002D5DD098459CD12B68D3F800B01D
:10969000BBF1000F08D053463A4629462046D8472A
:1096A0000028C6D0AD68EBE7D3F808B0BBF80030AF
:1096B0009F42F7D16A6859460AA8FFF729FC6B68F0
:1096C0000E9305F10C030F939BF8023003F0C003D7
:1096D000802B04BF2B1D0E930AAA85F80C905146CF
:1096E0002046FFF791FEDBE7059B9B7813F0300FD8
:1096F0000FD1069A3F2A0CD8510910AB03EB810118
:1097000002F01F020123934051F8382C134341F813
:10971000383CE5682DB19DF80220019904AB204644
:10972000A8479DF8021004AA2046FFF76DFE10E03E
:1097300051F8225001357FF47DAF013259E7012005
:1097400078E798457FF43EAF9DF802102046FFF77A
:109750001CFE00287FF436AF6BE7168885E737B527
:109760000C460546114620460192FFF7DBFC019AA4
:109770002146284603B0BDE83040FFF719BF70B559
:1097800086B0CE6801920C4602A90546FFF723FE7B
:1097900068B1E06858B1A378019A03F03003202B38
:1097A000314602A805D1FFF7DAFF039B6B6006B0D4
:1097B00070BDFFF7FDFEF8E7D3B50C466946FFF72D
:1097C00039FD80B1DDE9001300274A0801F00106E8
:1097D00042EAC37256EA07014FEA53031CBFD24361
:1097E000DB43C4E9002302B0D0BD37B50D4669465E
:1097F0001446FFF7E1FF68B12B89082B0CD1DDE996
:109800000001C4E90001DDE900238B4206BF82426A
:109810000120002003B030BD042B03D1009820604C
:10982000C117F0E7022B04D1BDF90000208000B27F
:10983000F6E7012B04D19DF90000207040B2EFE75C
:109840000020E7E713B504220C460DEB0201FFF7F9
:109850007BFC08B1019B236002B010BD1146FFF7ED
:10986000F1BF13B508220C466946FFF76DFC18B12D
:10987000DDE90023C4E9002302B010BD1146FFF763
:10988000F0BF10B513681F2B144607D9002208300B
:10989000FEF78BFB08B92023236010BD48F214505B
:1098A000FBE70830FEF75EBB0830FEF72BBB00007D
:1098B000831F012B10B5044602D8002001F044F8A4
:1098C000034B1B681BB12046BDE81040184710BD74
:1098D0003C32002008B5074B18600020FFF7E8FF76
:1098E000054801F019F820B9BDE80840024800F029
:1098F0007BBE08BD3C320020B19807006EDF704788
:109900006FDF704772DF704773DF704774DF704737
:1099100075DF704776DF70477ADF70477CDF70470E
:109920007DDF70477FDF704786DF70478FDF7047CE
:1099300090DF7047A8DF7047AADF7047ADDF704740
:10994000AEDF7047AFDF7047B0DF7047B1DF704701
:10995000B5DF704762DF704766DF704713DF70471F
:109960007FB50023CDF80B308DF80F300A4BADF8E2
:1099700006109B89ADF8083001238DF80A300DF1EF
:109980000603CDE90430054B02A91888FFF7D8FF7C
:1099900007B05DF804FB00BF8E4200202A2B002098
:1099A00001460148FDF7A5BFBCD2070070B51822DB
:1099B0008CB00DEB0200002103F088F801238DF834
:1099C00018308DF82D30324B1B7828220892002B4E
:1099D0005CD0304B02AA03F110061546186859688E
:1099E000144603C40833B3422246F7D12A4C10224E
:1099F0002946204602F0A0FF002847D002238DF818
:109A00002C30012104F110036846CDE90034FFF742
:109A100075FF0122002101A8FFF772FF04231F4CEC
:109A200002941622A37003230926ADF80420E370E4
:109A300000225923CDE903220592012502226371F8
:109A400001A9FE23A019ADF80C6022706570227187
:109A5000A371FFF765FFB8B9BDF8043026725A1933
:109A6000E271BDF80C200E4C134402A906AA204650
:109A7000ADF80C30FFF746FF30B92078FFF746FF0E
:109A800020782946FFF740FF0CB070BD0623C6E7DB
:109A90000C43002080D10700D0420020A2420020C9
:109AA000282B00202DE9F0410388232B8AB004469F
:109AB00036D80F2B05D8012B00F0EB800AB0BDE89B
:109AC000F081103B132BF9D801A252F823F000BF0C
:109AD000519B07006D9B0700BD9A07003D9C070046
:109AE0008F9D0700BD9A0700BD9A0700BD9A070029
:109AF000BD9A0700BD9A0700E99D0700BD9A0700BF
:109B0000BD9A0700BD9A0700BD9A0700BD9A0700DD
:109B1000BD9A07006F9C0700BD9A07002D9C0700A7
:109B2000503B9AB2062AC9D8062BC7D801A252F8D0
:109B300023F000BF959B07009F9C0700E99D07004D
:109B4000BD9A0700BD9A0700ED9B07007F9C0700A8
:109B5000984B82881A80984A12681C460AB10120E4
:109B6000904796492088FFF7D3FEA7E7914B4FF621
:109B7000FF721A80924B1B685A0704D4FFF716FF36
:109B800008B1FEF7C6FC8C4B1B68002B96D0022058
:109B9000984793E78B4EE288B3889A428ED18A48E1
:109BA000FDF781FE0546002888D0228A04F11201C3
:109BB00002F0F2FE1822002104A802F087FF082319
:109BC0008DF81030814B0693814B0596CDE9073512
:109BD00004A8238AADF8243000F0FCFC00283FF4F0
:109BE0006DAF79482946FDF784FE67E7E188F629DD
:109BF0001AD8CB1E9B070DD0CB1F9BB2013B5A42FC
:109C000002F0030203F0030301F1FF3158BF534296
:109C1000C91A89B2674B1888FFF79AFE00283FF4EB
:109C20004DAFFEF776FC49E7F721F3E7002204A9E0
:109C30008088CDE90422FFF77BFEEFE700235D4C2F
:109C4000ADF812300223ADF81030208802AB04AA20
:109C500042F605210593FFF771FE08B1FEF759FCA6
:109C6000002320881A468521FFF75CFED6E70023F3
:109C700004A98088ADF81030FFF758FECEE7A3792D
:109C8000002B7FF41BAF4B4B13211888FFF742FECC
:109C9000C4E7484B00211888FFF75EFEBEE7A379B2
:109CA000002B3FF40BAF022B7FF408AF454920890E
:109CB0008A8990420E467FF401AFA27B012A7FF48D
:109CC000FDAE00220120CDE904228DF81600208A85
:109CD000384DADF81800608AADF81A0004F1140090
:109CE0000790ADF80A20098A28888DF8103001AF56
:109CF00002AAADF808300397FFF720FEA84660B926
:109D00003846FEF761FD40B940F2FD132888ADF8F2
:109D1000143004A9FFF718FED0E6002304A9B8F810
:109D20000000ADF81430FFF70FFE014600287FF465
:109D3000C5AE182204A802F0C9FE237D234A8DF87F
:109D40001030022B0596069218D0062B10D0012B4E
:109D500010D1204B1A88204B1A80637DD4F816202E
:109D60000893012B099205D11C4800F0EDFD01E09C
:109D7000637D089304A800F02DFC9FE6A27D637D1F
:109D800043EA0223134A1380134A1380F2E7144B69
:109D90001A7862B11349028ACB8D9A4201F104020A
:109DA00005D11C31A0880023FFF7BEFD36E7002156
:109DB000F8E700BF2A2B0020C8420020A6D10700E8
:109DC000C44200208E420020BCD20700BD9E070086
:109DD000A19907000E43002010430020B4D20700D1
:109DE0000C430020CC420020174B1B7833B3174B99
:109DF00017491C88082201232046FFF7A7FD0028E9
:109E00007FF40FAF0246014602232046FFF79EFD76
:109E100000287FF406AF0F4B4FF6FF7219882046DB
:109E2000FFF790FD43F2020398423FF447AE082843
:109E30003FF444AE11287FF4F1AE3FE6A0881A4605
:109E40001946FFF783FDE9E60C4300202A2B00208A
:109E5000044300208E42002038B5134A1368D90706
:109E600001D4002038BD11498842FAD01049088831
:109E70004FF6FF71884211D043F0040313211360A1
:109E8000FFF748FD0028EDD10A4DC82445F0010533
:109E90004FF47A40A847013CFAD1E2E7064B187824
:109EA000BDE83840FFF732BDC4420020B4D20700FD
:109EB0002A2B0020A0D10700282B002010B5044633
:109EC00086B000210D2202A8019102F0FFFD237847
:109ED000082B0BD1364A374913880988013B9BB2BE
:109EE0001380D9B1D3B9032311802370627823780A
:109EF0008DF805306021012A8DF804108DF80620B8
:109F00000ED00B2A12D100F0AFF98DF80700002017
:109F100000F0A4F9042101A8FFF722FD06B010BD4E
:109F2000062B05D0082B29D0032B27D00321F2E7DD
:109F3000E1688DF80710D4E90123080A8DF80800BC
:109F4000080C090E8DF80A10110A8DF80B208DF8F7
:109F50000C10110C120E8DF80E201A0A8DF80F300D
:109F60008DF810201A0C1B0E8DF80D108DF80900BD
:109F70008DF811208DF812300F21CCE7D4E90123A0
:109F8000110A8DF807208DF80810110C120E8DF8AB
:109F90000A201A0A8DF80B308DF80C201A0C1B0EB3
:109FA0008DF809108DF80D208DF80E300B21B2E7D9
:109FB000104300200E4300202DE9F0414D4B94B09A
:109FC00005464FF6FF721A8001204FF659632A4664
:109FD00002A98DF80A00ADF80830FFF7ABFC044683
:109FE000002840F08380444B04AA03F11007164672
:109FF00018685968144603C40833BB422246F7D197
:10A00000A91C3046FFF7A6FC044600286ED11C228E
:10A0100001460DA802F05AFD04F0F8029DF8343014
:10A02000ADF8044042F003028DF80620F42243F01C
:10A030000403CDE90A44ADF82C20304A8DF83430C1
:10A040000223ADF80C3092F80080AB788DF80E301A
:10A0500001AE212303AFCDE908768DF805300C94CD
:10A06000B8F1000F04D1012262F307138DF8053017
:10A070002B4608AA33F8040B0DA9FFF75DFC044634
:10A08000A0BB01461C220DA802F020FD9DF8343033
:10A09000ADF8044023F0180343F0180304F0E8027D
:10A0A00042F013028DF83430AB788DF80E30012178
:10A0B00021238DF806201722CDE90A44CDE9087640
:10A0C000ADF80C108DF805300C94ADF82C20B8F1DB
:10A0D000000F03D161F307138DF805302B4608AA52
:10A0E00033F80C0B0DA9FFF727FC0446204614B0EB
:10A0F000BDE8F0812A2B002090D107000C430020FE
:10A1000073B5354D2B6813F0010403D000242046AD
:10A1100002B070BD314E30603148FDF7ADFB0194A7
:10A1200000F0BDF804460028F1D12E48FFF716FCD8
:10A1300004460028EBD101F059FA04460028E6D184
:10A1400001A801F021FB04460028E0D101A901206B
:10A1500001F024FB04460028D9D101A801F082FBBC
:10A1600004460028D3D100F093FB1F4B002830D0C9
:10A170001E4A126A012A2CD11D481A7000F07CFB7D
:10A1800011231C488DF8043002F0FAFC194982B200
:10A1900001A8FFF7C3FB04460028B8D11648FFF713
:10A1A000BBFB04460028B2D11448FFF705FF044664
:10A1B0000028ACD1FFF7FAFB04460028A7D12B6892
:10A1C00043F001032B603368002B9FD00920984790
:10A1D0009DE700221A70D3E7C4420020C842002045
:10A1E000BCD20700007007000C430020CC4E0020BA
:10A1F000CC42002078D10700A6D107008E42002073
:10A2000043690BB1C06818477047000010B4054996
:10A21000054C0022904218BF214604485DF8044BCB
:10A22000FDF781BBC0CD0700ECCD0700A02B0020BF
:10A2300007B5009313460A4601460348FDF777FB2E
:10A2400003B05DF804FB00BFA02B002013460A46B4
:10A2500001460148FDF772BBA02B0020014B18708E
:10A260000B20704712430020024B002218781A700E
:10A27000704700BF1243002018DF704730B585B02B
:10A28000054610220C466846002102F01FFCA40877
:10A29000684601950294FFF7EFFF05B030BD1FB58A
:10A2A0000023CDE901330393684602230093FFF7AF
:10A2B000E3FF05B05DF804FB4FF000534FF480520C
:10A2C0001A60002070470000014B06201B681847E9
:10A2D0001C4300200A2803D90B38C0B2FFF7BEBFC9
:10A2E0007047000010B5044686B00020FDF72EFB35
:10A2F000014630B1164A18212046FDF709F906B08B
:10A3000010BD1822684602F0E1FB0423114A8DF8C3
:10A310000030114B116D1B68994211D10F4B186819
:10A3200000F0F4FF8DF80100FFF7D4FFD4E901132A
:10A330008DF8010068469847094800F061FADEE7A9
:10A3400001238DF801306846D4E901139847D6E718
:10A35000E5A20700CC4E0020144300201843002043
:10A36000C9A20700F0B5044687B01822002168464C
:10A3700002F0ACFB22788DF8002001238DF801302B
:10A38000531E0B2B00F20C81DFE813F01100330099
:10A39000110011000A0111000A0111000A010A014D
:10A3A0000A010C007F4B1B680720984721E0062A12
:10A3B0007D4901D0012A01D122690A700A78012A57
:10A3C00004D0022A51D000230B7094E0072B10D840
:10A3D000DFE803F0040F452F0F420F1C714B0320E1
:10A3E0001B689847606900F06BFDFFF773FF8DF8FD
:10A3F0000100D4E90113684698479DF80130012B0C
:10A4000000F0C380674B05201B68BDE0A18A20696E
:10A4100000F06EFDFFF75EFF644B8DF80100DA6B14
:10A420001B6C0293E3680192002BE2D020699847ED
:10A43000DFE75F495F4800F0A7FDFFF74BFF01280A
:10A440008DF80100D5D1002000F0DAF90028D0D035
:10A450000A238DF80130CCE74FF400730393534B7C
:10A46000DA6B1B6C01920293C3E7072BC1D801A2E0
:10A4700052F823F095A40700F3A3070059A507009D
:10A4800065A50700F3A307008FA50700F3A3070046
:10A49000FBA4070000F04CFD08B90823D9E7626966
:10A4A0000AB90323D5E7C2F30B0333B13F4B40494D
:10A4B0005B6D096813448B42F3D1B2F5805F01D91B
:10A4C0000423C6E7394B3A49586D096815188D427F
:10A4D000E3D85A64DA6C9A6418651863354B61697D
:10A4E0001B6801F6FF710022090B1844FFF7AEFE4E
:10A4F00000283FF47EAF0523ABE700F019FD0028EC
:10A50000CBD02A4DA18AD5E914329B1A6A6C0B4430
:10A510009342C6D8274B2F6B1B68206905F1480270
:10A520001F44FDF7C5F8E368A28A2169064638464C
:10A53000FFF77EFE08B1E36878E7A28A2B6B13442D
:10A540002B63A38A2A6DAE641344CDE901362B65D3
:10A55000144B08201B6828E7144B9A6C1B6D029261
:10A56000019346E7114BD3E91402596C821A8A42CF
:10A5700093D19A6C5865002120465964DA64FFF73C
:10A58000B1FE084B1B680420984707B0F0BD074B8D
:10A590009A6C1B6D01934FF480530292039328E74A
:10A5A000022356E71C4300202C2B0020CC4E002019
:10A5B0001443002018430020044B054A186D6423FF
:10A5C00043431068B3FBF0F0704700BFCC4E00204F
:10A5D0001443002083681BB1024A1821FCF798BF7E
:10A5E0000720704765A3070038B50546C0B10120B4
:10A5F000FFF70CFE044648B900F054FC00F098FC4C
:10A6000030B9084B00201D60FFF728FE204638BDFA
:10A610000549064800F0B8FC0128F2D00324F5E70C
:10A620000724F3E71C4300201443002018430020B4
:10A630002DE9F04115464FF46072064688461F46E4
:10A6400002F07AF928B915B90020BDE8F081A847D1
:10A65000FAE7002201213046FFF7F8FD70B94FF408
:10A6600060724146384602F097F92B464FF460720B
:10A6700039463046FFF7DCFD0028E5D00320E4E74B
:10A680002DE9F0413D4C236801335CD00022582174
:10A69000201DFDF70DF8D4F80080A8EB0002D2F1E0
:10A6A000000848EB0208364D364E2F683B680133F0
:10A6B0005ED000225821381DFCF7FAFF3B68834228
:10A6C00044D17C68012C0AD00022C32107F5187000
:10A6D000FCF7EEFFD7F85C42231A5C425C41B8F10C
:10A6E000000F35D0254927484FF4607202F054F925
:10A6F00064B1296824485422043102F04DF92968D4
:10A7000022484FF432725C3102F046F97468012C31
:10A710002CD11F49402201F5E47002F03DF91D499A
:10A720001C2201F5E47002F037F91B4986F8A142BA
:10A730000023042201F2862086F8603286F8E23295
:10A7400002F02AF910E04FF00008ACE70024C6E759
:10A7500024B129680B484FF46072D5E709484FF4DB
:10A760006072002102F0B2F902237360BDE8F0814B
:10A77000B8F1000FF2D00024B4E700BF00F00700EA
:10A78000302B0020CC4E0020D04E0020284F00203F
:10A790002850002068500020E84E002070B50D4C75
:10A7A0000546002258212046FCF782FF002244F88B
:10A7B000040CC32104F51770FCF77AFF261FC4F8B8
:10A7C00058022A463146044B0448BDE87040FFF762
:10A7D0002FBF00BFD04E00202043002000F0070014
:10A7E00002460248024B0068FFF722BF302B0020D0
:10A7F000A04600200149FFF7F3BF00BF00F00700AB
:10A8000038B505460020FFF7C9FF044618B90349CB
:10A810002846FFF7E5FF204638BD00BFCC4E00209C
:10A8200010B5FFF7F3FC044628B9FFF729FF2046CF
:10A83000FFF7E6FF00B1032010BD29DF70470000DD
:10A8400038B50C4D0446D5F8243378B101330FD117
:10A8500000223C210430FCF72BFF2060214605F547
:10A8600049701022BDE83840FFF7E7BF0E2038BD21
:10A870000820FCE700F0070008B528B10349402292
:10A8800002F08AF8002008BD0E20FCE724F3070040
:10A8900010B5064C00223C212046FCF709FF54F875
:10A8A000043C1B1A5842584110BD00BF28F3070052
:10A8B00038B50C4D0446D5F8643378B101330FD167
:10A8C000002218210430FCF7F3FE2060214605F534
:10A8D00059700722BDE83840FFF7AFBF0E2038BDE2
:10A8E0000820FCE700F0070010B50A4CD4F8243328
:10A8F000D4F864231340013309D04FF4FE20FDF750
:10A9000011FCC92221464FF4FE20FDF739FC00203E
:10A9100010BD00BFCC4E0020F8B5094E094CA41B59
:10A920000746E4080025A54201D10020F8BD56F8ED
:10A930003530384698470028F8D10135F3E700BF95
:10A94000B4D20700BCD20700F8B5094E094CA41BCD
:10A950000746E40800250436A54201D10020F8BDD1
:10A9600056F83530384698470028F8D10135F3E7D6
:10A97000B4D20700BCD2070008B50C22002102F0B7
:10A98000A5F8024B00221A6308BD00BFCC4E002080
:10A9900043F204031A68084B9A4201BF43F20803CA
:10A9A000186800F6FF7020F47F600CBF20F00F00E5
:10A9B0004FF48050704700BFDBE5B15108B5FFF799
:10A9C000E7FF054B9B69184400F6FF7020F47F6099
:10A9D00020F00F0008BD00BFCC4E00204FF4805087
:10A9E000704700002DE9F74F0193244BDFF894B036
:10A9F0001B6ADFF894900093054616464FF0000856
:10AA000043F2040AB8F1010F5FFA88F714D0022F5D
:10AA10001FD0FFF7D3FF6EB1009B013B5C425C414E
:10AA2000A9EB0000A84200D3F9B1B4B1A8421CD2EE
:10AA300004201FE03446F3E7FFF7AAFF019B33B978
:10AA4000DAF80040B4EB0B0418BF0124E8E74446F1
:10AA5000E6E701244FF48050E2E708F10108B8F17D
:10AA6000030FCFD1A842E3D300E017B10448FFF7AA
:10AA700083FF002003B0BDE8F08F00BFCC4E002064
:10AA8000E44E0020DBE5B1510040070090F855206E
:10AA900012F0FB0F07D190F8643023B1836ECBB175
:10AAA0000B600120704712F0010303D090F856307C
:10AAB00003B1836D9207F2D590F85C20002AEED0A6
:10AAC000054A006EC2F5FC22904201D80344E6E735
:10AAD000042070470F2070470070070010B5084C25
:10AAE0004FF40072FF21204601F0F0FF20220021E8
:10AAF000A4F1240001F0EAFF002344F82C3C10BD2F
:10AB0000284F00202DE9F0475A495B48DFF888813B
:10AB1000DFF88891DFF888A1584C92B00C2201F040
:10AB20000BFF064600284CD15349382204A801F0F7
:10AB300033FF4FF447723146204688F80060C9F869
:10AB40000060CAF8006001F0C1FF079D012D58D1D7
:10AB50004FF48073A3803423636143F20C0384F8C1
:10AB60006C612570A5712572E560257425831B88AD
:10AB7000E361089B2367032384F87630099BA4F8DC
:10AB80005C5084F85E50266684F86450A66684F8AB
:10AB90006C5084F87450A4F8783020220AA904F18B
:10ABA0007A0001F0F9FEA4F89A50A4F89C5084F8B9
:10ABB0009E60A4F8A06088F800500834304B1C60F8
:10ABC00020E03049304E8A6B6F465C313846FEF7E4
:10ABD00027FB97E80F0086E80F0000212B4B88F831
:10ABE00000104FF447722046C9F80010CAF8001050
:10ABF000F36001F06BFF264922463046FEF7AFFDB9
:10AC000020B90025284612B0BDE8F08798F800501A
:10AC1000002DF6D094F86C3194F800801BB3B8F195
:10AC2000000FEED194F87231002BEAD0DAF8002050
:10AC3000D9F800103846FEF7F3FA97E80F0086E8D7
:10AC40000F004FF4B272414604F5BA7001F03EFFB6
:10AC5000104904F5BA723046FEF781FD0028D0D0C5
:10AC600004F5BA74AAE7B8F1000FCAD0A379002B93
:10AC7000A3D1C6E7AED10700284F0020504A0020DC
:10AC8000284E0020CC4E00206C4D0020A5AC0700C3
:10AC900008D1070054D007004C4A0020484A002041
:10ACA000444A002030B55B68DA680D4B9A4208D1FF
:10ACB0000C490A6812B90C4A14681CB10B4B0022EB
:10ACC0001A7030BDD0E90134181913F9015B002D59
:10ACD000A0EB0304F9DB0B601460044B0122EFE7E7
:10ACE00054D00700484A0020444A00204C4A002023
:10ACF00010B543F2040319491C688C4202462BD05C
:10AD000042F20403C358581A434243418C42184646
:10AD100021D142F20403D358A3421CD14FF4405333
:10AD200002F500511B780978142B81BF43F21403FC
:10AD30000B481B68B3FBF0F398BF0023142989BFAD
:10AD400042F2140100205058054A88BFB0FBF2F0CF
:10AD5000181A18BF012010BD0023D7E7DBE5B15159
:10AD600040420F0000B591B0FDF7F6FA6846084979
:10AD70002022FDF724FB6A46064907484023FDF7D9
:10AD800043FA064B01221A7011B05DF804FB00BFB4
:10AD900018CF07007C4D00200CCF0700204A002070
:10ADA000F0B5A3B007460D4614461E467822202370
:10ADB000002104A8029301F089FE00230393194B9C
:10ADC0001B780BB9FFF7CEFF2DB337BB02AB164F85
:10ADD00001931649289B0097324604A8FDF7A2FA72
:10ADE000E8B9402C1BD1124E22462946304601F0CC
:10ADF000D3FD20213046FDF7EEFACDE90064029B39
:10AE00000C493A4603A8FDF71BFA00280CBF0120A5
:10AE1000052023B0F0BD1320FBE71620F9E70A2038
:10AE2000F7E700BF204A0020C44D0020ACCF070048
:10AE3000E44D00207C4D0020F0B5ABB004460D463B
:10AE400016461F467822202300210CA8039301F008
:10AE50003DFE114B1B780BB9FFF784FF2FB1214644
:10AE6000202204A8FDF7A0FA04AC03AB0B4F01931A
:10AE70000B49009733462A460CA8FDF753FA48B908
:10AE800020222146384601F057FDB0FA80F04009F3
:10AE90002BB0F0BD0020FBE7204A0020214A002013
:10AEA000ACCF070008B5044B986B08B1FFF72AFE3A
:10AEB000024B187008BD00BFCC4E0020244E00206D
:10AEC00010B5044658B1B0F5007F0AD8064B0022F1
:10AED0001A70FFF703FE054B01209C6310BD032091
:10AEE000FCE70420FAE700BF244E0020CC4E0020EF
:10AEF00070B50E4C0646E06BA36B42189A420D46A5
:10AF000011D85C300A462044314601F045FDE36B20
:10AF100004F140022B4429463046E363FCF7C8FBAA
:10AF20002064012070BD0320FCE700BFCC4E002050
:10AF3000014B1878704700BF244E002013B50F4C0A
:10AF400094F86C31B3B10E4B1B6800930D4BB4F801
:10AF5000DA221B6894F8D80204F53771FFF720FF56
:10AF6000012809D104F5B874201D02B0BDE81040D5
:10AF700000F0D0B90434F7E702B010BD504A002009
:10AF8000444A0020484A00202DE9F843DFF8888031
:10AF9000D8E90E329A4206460D4637D1DFF87C904A
:10AFA00099F800704FB1FFF709FD1A4B3060294640
:10AFB0001868BDE8F843FFF769BDFFF7A3FD38B394
:10AFC000FFF7BCFF0128376004462F601BD1114BEF
:10AFD00029461868FFF75AFD0128044613D198F84E
:10AFE000A112B1FA81F103463A4628684909FFF7F0
:10AFF000F9FC38B9FFF7E2FC89F8004030602046E0
:10B00000BDE8F8830424FFF769FDF8E70824F6E7B4
:10B010000524F4E7284E0020CC4E0020244E0020CA
:10B0200010B490F86C305BB190F86E404CB1B0F851
:10B03000704034B15DF8044B01237230FFF7FCBE61
:10B04000012318465DF8044B704713B504460846C3
:10B0500023781146032B03D8DFE803F021050F18EE
:10B06000002002B010BD0022D4F80140FCF720FB04
:10B07000844214BF00200120F3E70A460023014662
:10B08000601C02B0BDE81040FFF7D6BE0091034639
:10B090004022611C0020FFF783FE0128E9E7012020
:10B0A000DFE700002DE9F041A2B004460D46164648
:10B0B000002178221F4604A8202303939DF8A08036
:10B0C00001F004FD41220021204601F0FFFCB5F80B
:10B0D00094300BB195F8968084F80080B8F1030F96
:10B0E0001ED8DFE808F00902111F00223946304659
:10B0F000FCF7DEFAC4F801003A4631462046FFF775
:10B10000A4FF22B0BDE8F08103AB0193631C009360
:10B1100008493B46324604A8FDF704F90028EBD065
:10B120000020EEE7B5F8982005F19A01601C01F0C7
:10B1300033FCE1E7ACCF07002DE9F0476D4B1D680C
:10B14000A4B004460F4690460A4601462846FFF73B
:10B1500067FF002800F0CC8095F855601EBB4FF0CB
:10B160000109CDF800903B462246294613A8FFF777
:10B1700099FF00287FD0B8F1000F6DD041225E48C2
:10B1800013A901F009FC5D4BC3F82C901E626A689C
:10B190009A60002239462046FCF78AFA574B01256F
:10B1A000C3E909709FE04122002102A801F08EFC52
:10B1B00006F001094122002113A806F0020601F061
:10B1C00085FCB9F1000F4BD042F20403E15803F1C2
:10B1D000A34303F5471303F2D75399424BD1D5F854
:10B1E00058A00AF5FF520AF6FF73C3F30B031F3290
:10B1F000D21A42F20803E35893423CD343F20403C9
:10B200001B688B4213D14FF440531B78102B8ABF1D
:10B2100043F2100300221A6804F500531B78102B28
:10B220008ABF42F210030023E3589A4223D12046FA
:10B23000FFF75EFD00B1F6B10123009322465346AD
:10B24000294602A8FFF72EFFA8B1AB6DE218FB1A42
:10B250004EB9B8F1000F18D1284B01255D6110E0FF
:10B260003B462246F4E70021009113A82946FFF748
:10B2700019FF0028EDD10525B8F1000F30D1FFF7F7
:10B280002DFC284624B0BDE8F087DFF87080B9F1C6
:10B29000000F21D02046FFF72BFD18B108F1180050
:10B2A000FFF76AFB1648412202A901F075FB002E48
:10B2B00014BFAC23A523C8F82C30AB6DC8F83430CC
:10B2C000002E3FF466AF0F48412213A901F064FB42
:10B2D0006B68C8F80C305CE7AA23C8F82C30EFE79D
:10B2E0000948FFF749FBFFF7F9FB044B9C64C8E7EB
:10B2F0001725C1E7284E00206D510020CC4E0020BC
:10B300002C510020AE510020F04E00200122FFF70A
:10B3100013BF0000F0B590F854200346002A51D026
:10B3200090F8550003284DD893F86E20032A47D192
:10B330001A7A002A46D0DA68342A45D143F2040149
:10B340001A8A0C6821498C422AD152B15969E9B153
:10B35000D2B2002103F1140543F20C06CCB2A24292
:10B3600001D8122011E055F821703488A74201F16C
:10B370000101F3D11A78FAB101285B68144A15D893
:10B380009068834234BF10200120F0BD10B9012A1B
:10B39000E7D8EFE7421E18BF0122002AEAD1E0E712
:10B3A00012B15A69002ADCD11A78F6E7D0688342D4
:10B3B0008CBF01201020E8E7012818BF0F20E4E728
:10B3C0001420E2E70F20E0E71120DEE7DBE5B151D2
:10B3D000CC4E002038B1054B0360054B4360012380
:10B3E0000372002070470E20704700BF61B4070051
:10B3F00015B4070038B1054B0360054B43600123CA
:10B400000372002070470E20704700BF91B4070000
:10B410003BB4070069B10B78022B0CD1022804D091
:10B42000032814BF08201120704703230B7000204D
:10B4300070470E2070470820704769B10B78022BC7
:10B440000CD1022804D0032814BF08201120704713
:10B4500003230B70002070470E20704708207047B0
:10B4600010B50C4681B10B78012B06D00ED9033BE9
:10B47000012B94BF0820112010BDFFF7E1F900282F
:10B48000FAD102232370F7E70E20F5E70820F3E74F
:10B4900010B50C4681B10B78012B06D00ED9033BB9
:10B4A000012B94BF0820112010BDFFF701FA0028DE
:10B4B000FAD102232370F7E70E20F5E70820F3E71F
:10B4C00070B5144B144A0C21D21AB2FBF1F2816907
:10B4D00011F8025C044635B900690021914205D19A
:10B4E000012323600EE04FF0FF30F6E71E68AE4206
:10B4F0000CD1461C07D19D68D4E90001D4E9022390
:10B50000A847206070BD5E688642F4D001310C33DC
:10B51000E4E700BFD0D20700E8D207001EF0040F16
:10B520000CBFEFF30880EFF30980FFF7C9BF00BF3E
:10B5300010DF704711DF704713B5044609496846AC
:10B54000FCF72CFC019808B902B010BDD0E900212D
:10B550002046904718B16846FCF729FCF2E7112015
:10B56000F2E700BFC0D1070013B50446074968469B
:10B57000FCF714FC019B0BB902B010BD2046D3E9C7
:10B58000002190476846FCF712FCF3E7D8D107008A
:10B59000064B9A6822B11A6822F480021A6070473A
:10B5A000034B4FF48002C3F880207047C04E002048
:10B5B00000E100E00B4991F816335A09EC231341DE
:10B5C000DB0706D5084B9A683AB94FF480030B6045
:10B5D000704742F20200FCF79CBF1A6842F48002F6
:10B5E0001A60704700E100E0C04E0020F7B5194F27
:10B5F0003C7864BB184E012520463570FFF79CFF50
:10B60000112821D02046FFF7AFFF144B8DF80340DF
:10B61000186801900DF10300FCF710F8104901A81B
:10B62000FFF786FF0446B0FA80F0400938709DF8B5
:10B630000300FCF727F83CB90A4B34701C70FFF785
:10B64000B9FF2846FFF790FF204603B0F0BD08245D
:10B65000FAE700BF2D4E00202C4E0020BBD1070082
:10B660000D8507002E4E0020F7B5154F3B781BB314
:10B67000144E01203070FFF75FFF11284FF00005D6
:10B680001CD00220FFF770FF0DF107008DF8075066
:10B69000FBF7D4FFFFF74EFF04469DF807003D700F
:10B6A000FBF7F0FF2CB93470FFF772FF0320FFF7B0
:10B6B0005BFF204603B0F0BD0824FAE72C46F8E70C
:10B6C0002D4E00202C4E0020054B1B7833B1054B2E
:10B6D0001B780BB1FFF7C8BFFFF788BF0820704782
:10B6E0002C4E00202D4E0020014B1878704700BFD3
:10B6F0002D4E002007B508496846FCF74FFB019B1B
:10B7000013B903B05DF804FBD3E900209047684605
:10B71000FCF74DFBF3E700BFCCD10700FFF7EABF12
:10B7200060DF704769DF704761DF704730B5114DEA
:10B73000ADF5017D4FF4FA740DF1020103A8ADF8E7
:10B740000240FFF7F1FF70B9294601A8FCF726FB7C
:10B75000029B002BF0D003A8D3E90021904701A859
:10B76000FCF725FBF4E7052801D0FCF7D2FE0DF528
:10B77000017D30BDE4D10700024B1B780BB1FFF710
:10B78000D5BF70472F4E002018B1034B0360002037
:10B7900070470E20704700BFE82A00207FB506469C
:10B7A0000C46002959D02E4B0B600C22002101A819
:10B7B00001F08CF9012506232268ADF8083001A9B3
:10B7C00020208DF804608DF80650FFF7ABFF0C22A7
:10B7D000002101A801F07AF922688DF8055001A92D
:10B7E0004020FFF79FFF0C22002101A801F06EF915
:10B7F000F7232268ADF8063001A923208DF80460F4
:10B80000FFF790FF0C22002101A801F05FF92268E8
:10B810008DF8045001A92846FFF784FF0C2200216F
:10B8200001A801F053F94FF4B0632268019301A914
:10B83000A120FFF777FF0C22002101A801F046F9B3
:10B840009DF8043022682B4301A9A0208DF8043014
:10B85000FFF768FF002004B070BD0E20FBE700BFBB
:10B86000E82A002008B5FFF75BFF10B9014B012261
:10B870001A7008BD2F4E00204BDF70471FB50D4CCE
:10B8800001A8FFF7F9FF70B9214602A8FCF786FA74
:10B89000039B002BF4D00198D3E90021904702A824
:10B8A000FCF785FAF4E7052801D0FCF732FE04B076
:10B8B00010BD00BFF0D107008B1802448B4200D1AD
:10B8C000704713F8010D02F8010DF7E700000000C2
:10B8D000C3F10803DB0070B501330446002003A563
:10B8E0005B1920C940CAAD1920C4184720C940CAF5
:10B8F000754120C420C940CA754120C420C940CA2E
:10B90000754120C420C940CA754120C420C940CA1D
:10B91000754120C420C940CA754120C420C940CA0D
:10B92000754120C4404170BD0000000000000000CF
:10B93000C3F10803DB0070B50133002403A500BF89
:10B940005B1920C940CAAD1B20C0184720C940CA96
:10B95000B54120C020C940CAB54120C020C940CA55
:10B96000B54120C020C940CAB54120C020C940CA45
:10B97000B54120C020C940CAB54120C020C940CA35
:10B98000B54120C06441B4FA84F0400970BD00BFE5
:10B990002DE9F04F08B4F8CA04B451F8042BA3FB06
:10B9A000028940F8048B4FF0000AE4FB629A4FF0E2
:10B9B000000BE5FB62AB4FF0000CE6FB62BC4FF006
:10B9C000000EE7FB62CE51F8042B4FF00008E3FBBA
:10B9D000628940F8048BE4FB629AE5FB62ABE6FB0C
:10B9E00062BCE7FB62CE51F8042B4FF00008E3FB8A
:10B9F000628940F8048BE4FB629AE5FB62ABE6FBEC
:10BA000062BCE7FB62CE51F8042B4FF00008E3FB69
:10BA1000628940F8048BE4FB629AE5FB62ABE6FBCB
:10BA200062BCE7FB62CE51F8042B4FF00008E3FB49
:10BA3000628940F8048BE4FB629AE5FB62ABE6FBAB
:10BA400062BCE7FB62CE40F8049B40F804AB40F8D0
:10BA500004BB40F804CB40F804EB0CBC052B00F011
:10BA60001E810C68A0F11400A1F11401A2F11402CE
:10BA700052F804EB4FF0000550F8046BE4FB6E56EF
:10BA800052F804EB50F8047BE4FB6E6752F804EBC9
:10BA900050F8048BE4FB6E7852F804EB50F8049BEA
:10BAA000E4FB6E8952F804EB50F804ABE4FB6E9AA9
:10BAB000A0F1140052F8044B51F804EB4FF0000CC5
:10BAC000E4FB6EC540F804CB51F804EBE4FB6E5682
:10BAD00040F8045B51F804EBE4FB6E6740F8046B3C
:10BAE00051F804EBE4FB6E7840F8047B51F804EB6A
:10BAF000E4FB6E8940F8048B51F804EBE4FB6E9A8A
:10BB0000A0E80006062B00F0CA800C68A0F118001F
:10BB1000A1F11801A2F1180252F804EB4FF0000550
:10BB200050F8046BE4FB6E5652F804EB50F8047BBB
:10BB3000E4FB6E6752F804EB50F8048BE4FB6E787C
:10BB400052F804EB50F8049BE4FB6E8952F804EBC6
:10BB500050F804ABE4FB6E9A52F804EB50F804BBC7
:10BB6000E4FB6EABA0F1180052F8044B51F804EB63
:10BB70004FF0000CE4FB6EC540F804CB51F804EB29
:10BB8000E4FB6E5640F8045B51F804EBE4FB6E678F
:10BB900040F8046B51F804EBE4FB6E7840F8047B4A
:10BBA00051F804EBE4FB6E8940F8048B51F804EB88
:10BBB000E4FB6E9A40F8049B51F804EBE4FB6EAB97
:10BBC000A0E8000C072B6AD008B40C68A0F11C0098
:10BBD000A1F11C01A2F11C0252F804EB4FF0000588
:10BBE00050F8046BE4FB6E5652F804EB50F8047BFB
:10BBF000E4FB6E6752F804EB50F8048BE4FB6E78BC
:10BC000052F804EB50F8049BE4FB6E8952F804EB05
:10BC100050F804ABE4FB6E9A52F804EB50F804BB06
:10BC2000E4FB6EAB52F804EB50F804CBE4FB6EBCC3
:10BC3000A0F11C0052F8044B51F804EB4FF0000344
:10BC4000E4FB6E3540F8043B51F804EBE4FB6E5620
:10BC500040F8045B51F804EBE4FB6E6740F8046BBA
:10BC600051F804EBE4FB6E7840F8047B51F804EBE8
:10BC7000E4FB6E8940F8048B51F804EBE4FB6E9A08
:10BC800040F8049B51F804EBE4FB6EAB40F804ABC6
:10BC900051F804EBE4FB6EBCA0E8001808BCBDE85A
:10BCA000F08F002310B51C465AB2914200DC10BD43
:10BCB00040F823400133F7E710B500231A465CB281
:10BCC000A14203DCB2FA82F0400910BD50F82340D3
:10BCD00001332243F3E74A11012350F8220001F017
:10BCE0001F0103FA01F108407047013910B549B24C
:10BCF000041D0A06CBB204D4013954F82120002ACD
:10BD0000F7D001335BB273B103F18042013A50F8CE
:10BD10002220002022B9013B00EB431318B210BDD2
:10BD200052080130F6E71846F9E710B500235CB277
:10BD3000A24200DC10BD51F8234040F823400133FB
:10BD4000F5E710B5013A52B2130601D5002010BD37
:10BD500050F8224051F822309C4205D802F1FF32BF
:10BD6000F2D24FF0FF30F2E70120F0E700EB810163
:10BD70000023884200D3704751F8042D43EA520350
:10BD80000B60D307F5E737B51D469DF918300193D1
:10BD90000446FFF79DFD019B38B91A462146284607
:10BDA000FFF7CFFF0128019B07D02A4621462046F6
:10BDB00003B0BDE83040FFF7BBBD03B030BD37B5C1
:10BDC0001D469DF9183001930446FFF7B1FD019B14
:10BDD00038B12A462146204603B0BDE83040FFF77F
:10BDE00077BD03B030BD2DE9F04FB5B004AC9DF97F
:10BDF000F8501E4680462B462046FFF7C9FD24AB6F
:10BE000029463046CDE90234FFF76FFFC0EB8510BD
:10BE100004B2002C2146B8BF04F11F01634241F374
:10BE2000471103F01F0314A804F01F0758BF5F4217
:10BE3000FFF737FF002F08B22BDD14AB002203EB16
:10BE40008001C7F1200E1346AB4217D36B0001935C
:10BE500014AB03EB85096F1E34AB012603EB870798
:10BE6000002C54DA34AB03EB86062A4656F8C81C7D
:10BE70004046FFF75AFF35B0BDE8F08F56F823C0B3
:10BE80000CFA07F0024341F8042B01332CFA0EF2AE
:10BE9000DAE714AB2A46314603EB8000FFF745FF93
:10BEA000D4E70FFA82FE5AF8C83C53F82EB034ABF0
:10BEB00003EB8202013052F8803C0B44BBEB0303DE
:10BEC00034BF012200229B4518BF11465CF8C82CE4
:10BED00042F82E30019B42B29A42E2DB731A5E4274
:10BEE000294614A85E41FFF741FF34AB03EB8503FD
:10BEF000294653F8802C57F8803C484643EAC273E1
:10BF0000013C47F8803C24B2FFF730FFA8E734AB90
:10BF10000020C6F1010C014603EB860A03EB8C0CF2
:10BF2000D8E730B51C4691B0054693F90030684615
:10BF3000FFF72EFDD4F8AC3069462846984711B07B
:10BF400030BD13460A46FFF7ECBF2DE9F04793F9E1
:10BF5000006092B0044689461046314615461F4699
:10BF6000FFF7AAFE002840F091803A46494602A811
:10BF7000FFF7E7FF3B4602AA21460AA8FFF7D1FFD9
:10BF800002A908463A46FFF7DCFF3B462A464946E7
:10BF90004846FFF7C6FF07F104083A4629462846F7
:10BFA000FFF7CFFF43462A46214620460096FFF77B
:10BFB000EAFE43462A46294628460096FFF7E3FE56
:10BFC00043462A46214628460096FFF7F8FE3B46A0
:10BFD0002A4621462046FFF7A4FF43462246214633
:10BFE00028460096FFF7CFFE434600962A46214694
:10BFF0002046FFF7C8FE2368DB074AD53346424692
:10C0000021462046FFF764FC314682462046FFF772
:10C01000ADFE06F18043013B54F8232042EACA7288
:10C0200044F823203A4621462846FFF78AFF434634
:10C030000AAA294628460096FFF7C1FE43460AAAE7
:10C04000294628460096FFF7BAFE0AA90846434645
:10C050002A460096FFF7B3FE3B460AAA2146204631
:10C06000FFF75FFF02AA4346104621460096FFF7FE
:10C07000A6FE324629462046FFF757FE4946284687
:10C08000FFF753FE02A94846FFF74FFE12B0BDE886
:10C09000F08731462046FFF769FEC3E72DE9F041FE
:10C0A00015468AB004460E461C22002103A800F063
:10C0B0000DFD2F1D95F9008003232A4631462046A9
:10C0C0000293FFF73EFF3B4602AA21462046CDF8E9
:10C0D0000080FFF774FE2B46324621462046FFF7CC
:10C0E00020FFCDF800803B4605F184022146204622
:10C0F000FFF749FE0AB0BDE8F08100002DE9F042EB
:10C10000082288B00C468146FFF70FFECB6A0393E6
:10C110000B6B04934B6B05938B6B0693CB6B079365
:10C12000002708236A4669466846CDE901770097EB
:10C13000FFF7CEFB082305466A4649464846FFF707
:10C14000C7FB236B0393636B0493A36B0593E36BB0
:10C150000544CDE906376A46082369466846FFF775
:10C16000B7FB082305446A4649464846FFF7B0FB3B
:10C17000236A0093636A0193A36A0293A36B0693F5
:10C18000E36B0793054408236A4649464846CDE9D0
:10C1900004770397FFF79CFB636A0093A36AA26B83
:10C1A0000193E36A02930492636BE26B0393CDE91C
:10C1B0000523236A07932E1808236A4649464846F2
:10C1C000FFF786FBE36A0093236B0193636B029393
:10C1D000236A0693A36A0793351808236A464946DB
:10C1E0004846CDE904770397FFF7A2FB236B009342
:10C1F000636B0193A36B0293E36B0393636A0693F0
:10C20000E36A07932E1A08236A4649464846CDE951
:10C210000477FFF78DFB636B0093A36B0193E36BD4
:10C220000293236A0393636A0493A36ACDE90537F3
:10C23000236B0793361A08236A4649464846FFF798
:10C2400077FBA36B0093E36BCDE90137636A03933C
:10C25000A36A0493E36ACDE90537636B0793361A43
:10C2600008236A4649464846FFF762FB361A0E4CD9
:10C270000FD436B9082249462046FFF762FD01284F
:10C280000FD00823224649464846FFF751FB361A8D
:10C29000EFE70823224649464846FFF719FB3618C0
:10C2A000F7D408B0BDE8F08200D2070070B514469C
:10C2B0008AB006460D461A46214602A80193FFF7AA
:10C2C00040FE019B02AA31463046FFF72AFE02A932
:10C2D000019B22460846FFF724FE019B02AA29463D
:10C2E0002846FFF71EFE0AB070BD2DE9F0478AB060
:10C2F0001446DDF848A055461F4615F9046B009614
:10C30000804689462B460246214602A8FFF757FD84
:10C3100002A952460846FFF714FE534602AA4146B8
:10C320004046FFF7FEFD534602AA21462046FFF78E
:10C33000F8FD2B464A46394638460096FFF73FFD42
:10C340005246394602A8FFF7FCFD02A92B46424699
:10C3500008460096FFF733FD02A92B462246084601
:10C360000096FFF72CFD2B464246214620460096BC
:10C37000FFF725FD5346224649464846FFF7D1FDC3
:10C380002B4602AA414620460096FFF718FD534669
:10C39000224639463846FFF7C4FD2B464A46394601
:10C3A00038460096FFF70BFD324602A92046FFF7FC
:10C3B000BCFC0AB0BDE8F0872DE9F0479846B3F918
:10C3C0000230894613F11F0148BF03F13E01DD1D14
:10C3D00048BF03F10E05EC104E11944275B228BF10
:10C3E000144629460746FFF75CFC22464946FFF7FC
:10C3F00063FAB8F90230B3EBC40F4FEAC40220D29B
:10C40000D21A07EB86010020C2F120068F420FD31B
:10C4100008F124082A4639464046FFF792FC0128D5
:10C420000FD02B4642463846BDE8F047FFF780BAAA
:10C4300051F8044D24FA02F303430B6004FA06F0AA
:10C44000E4E7BDE8F08770B5036813F00106054620
:10C45000144605D013460A460146FFF739FA064648
:10C4600021462846FFF782FC46B104F18042013A9A
:10C4700055F8223043F0004345F8223070BDF0B546
:10C480000F46A1B006461946384615461C46FFF72A
:10C4900013FC20B13046FFF704FC21B0F0BD22466A
:10C4A00039466846FFF741FC294608A8FFF73DFCDE
:10C4B00010A82146FFF7F5FB012318A81093FFF7FA
:10C4C000F0FB224608A96846FFF73BFC28B9224644
:10C4D00010A93046FFF729FCDFE7009BDA0709D4F3
:10C4E00021466846FFF742FC2246294610A8FFF77E
:10C4F000AAFFE6E7089BDB0707D4214608A8FFF759
:10C5000035FC2246294618A8F1E7002823461CDD01
:10C5100008AA69466846FFF70BFA21466846FFF706
:10C5200025FC224618A910A8FFF70BFC002805DA05
:10C5300010A923462A460846FFF7CAF910A9234640
:10C5400018AA0846FFF7F4F9CEE708A96A46084694
:10C55000FFF7EEF9214608A8FFF708FC224610A9CC
:10C5600018A8FFF7EEFB002805DA18A923462A468B
:10C570000846FFF7ADF918A9234610AA0846FFF7A9
:10C58000D7F9BEE700487047FCD107002DE9F04F0E
:10C590002DED028BEDB08946789E05901946B6F9CF
:10C5A000023096F9004013F11F0748BF03F13E0720
:10C5B00047F3471707F1FF3B24AB002543F82B5007
:10C5C0006CAB03EB8B0307EE902A4CA896F9012085
:10C5D00043F8805C43F8605CFFF76EF996F9012040
:10C5E00054A81144FFF768F921464CA8FFF764FBF3
:10C5F0008046002840F0428154A8FFF75DFB03907D
:10C60000002840F03D8106F1240A3A464CA95046E4
:10C61000FFF797FB012840F035813A4654A9504670
:10C62000FFF78FFB0128069040F02C811CAD3B46A4
:10C63000524654A92846FFF722FF0DF13008039B0C
:10C6400048F82B3017EE902A494640463346FFF70C
:10C65000B3FE4146404653462A460097FFF7C3FBC8
:10C660000DF5B87B53462A464CA914A80097FFF74E
:10C67000BAFB224658460599FFF757FBA3000793DC
:10C68000059B0BEB840903EB84014846FFF74DFB48
:10C6900006F14403194634A80493FFF746FB049BB4
:10C6A000A10059183CA8FFF740FB331D08EE903A53
:10C6B000594634AA28460094FFF781FB4B465A4658
:10C6C0003CA934A80096FFF710FE18EE902A2346E6
:10C6D00029462846FFF7D3FE2A46494658463346A0
:10C6E000FFF7E4FD039B0893049B0993059B3946E0
:10C6F0004046CDE90A3BFFF7F8FA3946834614A8CD
:10C70000FFF7F3FA5845B8BF58461FFA80FB0BF104
:10C71000FF3109B240460491FFF7DDFA0499B0F108
:10C72000000814A818BF4FF00108FFF7D4FA00283A
:10C7300014BF0220002048EA00080DF1200922461B
:10C7400059F8281024A8FFF7F0FA0DF1B009A3005A
:10C7500019444846FFF7E9FA21462846FFF7A1FAAF
:10C76000069B2B60ABF1020824AB08EE105A0FFABF
:10C7700088F80493B8F1000F2ADA18EE902A18EE20
:10C78000101A18EE100A2346FFF779FE18EE102A49
:10C79000049833464946FFF789FD04993A465046C6
:10C7A000FFF7CFFA012805D004993B4652460846C8
:10C7B000FFF7BEF8013C64B24CAA230653D5039B95
:10C7C000B3FA83F040096DB0BDEC028BBDE8F08F89
:10C7D000334618EE102A0498D6F8A4504946A847C4
:10C7E00041460CA8FFF777FA4146B0F1000B14A8B8
:10C7F00018BF4FF0010BFFF76EFA002814BF02209C
:10C8000000204BEA000B08AB53F82B1031B3224643
:10C8100034A8FFF78AFA079B3CA81944FFF785FA6A
:10C8200018EE102A33463CA934A8FFF73FFD18EE56
:10C83000903A0499009434AA44A8FFF7C0FA049AE5
:10C8400000964B463CA934A8FFF74FFD18EE101A8E
:10C8500018EE100A334644AAFFF763FB08F1FF38CD
:10C860000FFA88F886E7049B52F8241053F8243016
:10C870004B40039919430391013C9EE72846A2E7E8
:10C880004046A0E703989EE7002301461A46184653
:10C8900000F0E4B908B5074B044613B1002100F0DD
:10C8A0002DFA054B1868836A03B19847204600F0BB
:10C8B00073FA00BFFDCC0700ACD2070038B50A4CB4
:10C8C0000A4D641BA4100AD004F18043013B05EB20
:10C8D0008305013C55F804399847002CF9D1BDE88F
:10C8E000384000F061BA00BFA02B00209C2B002034
:10C8F00070B50D4E0D4D761BB61006D000240134D8
:10C9000055F8043B9847A642F9D1094E094D761BCC
:10C9100000F044FAB61006D00024013455F8043B68
:10C920009847A642F9D170BD982B0020982B002083
:10C930009C2B0020982B0020032A70B412D940EAC7
:10C940000105AD0704460B4620D11946204653F891
:10C95000045B54F8046BAE4218D1043A032A204613
:10C960001946F2D8541E72B103780A789A4208BF69
:10C97000241806D00CE010F8013F11F8012F934263
:10C9800006D1A042F7D1002070BC7047541EEBE7DF
:10C99000981A70BC704700BF844641EA000313F048
:10C9A00003036DD1403A41D351F8043B40F8043BB6
:10C9B00051F8043B40F8043B51F8043B40F8043B79
:10C9C00051F8043B40F8043B51F8043B40F8043B69
:10C9D00051F8043B40F8043B51F8043B40F8043B59
:10C9E00051F8043B40F8043B51F8043B40F8043B49
:10C9F00051F8043B40F8043B51F8043B40F8043B39
:10CA000051F8043B40F8043B51F8043B40F8043B28
:10CA100051F8043B40F8043B51F8043B40F8043B18
:10CA200051F8043B40F8043B403ABDD2303211D3B8
:10CA300051F8043B40F8043B51F8043B40F8043BF8
:10CA400051F8043B40F8043B51F8043B40F8043BE8
:10CA5000103AEDD20C3205D351F8043B40F8043BB8
:10CA6000043AF9D2043208D0D2071CBF11F8013BB6
:10CA700000F8013B01D30B8803806046704700BF7C
:10CA8000082A13D38B078DD010F003038AD0C3F18B
:10CA90000403D21ADB071CBF11F8013B00F8013B6D
:10CAA00080D331F8023B20F8023B7BE7043AD9D32C
:10CAB000013A11F8013B00F8013BF9D20B78037001
:10CAC0004B7843708B78837060467047F0B486076C
:10CAD00046D0541E002A3CD0CAB2034602E014F1EC
:10CAE000FF3436D303F8012B9D07F8D1032C29D945
:10CAF000CDB245EA05250F2C45EA054533D9A4F109
:10CB00001006360903F1200707EB061703F11002A0
:10CB100042E9045542E902551032BA42F8D1721C7A
:10CB200014F00C0F03EB021204F00F0613D0331FA6
:10CB300023F003030433134442F8045B9342FBD114
:10CB400006F003042CB1C9B21C4403F8011B9C423B
:10CB5000FBD1F0BC704734461346002CF3D1F8E704
:10CB600014460346C2E71A462646E0E700000000E6
:10CB700000000000000000000000000000000000B5
:10CB800090F800F06DE9024520F007016FF0000C0D
:10CB900010F0070491F820F040F049804FF00004B5
:10CBA0006FF00700D1E9002391F840F000F1080090
:10CBB00082FA4CF2A4FA8CF283FA4CF3A2FA8CF3C8
:10CBC0004BBBD1E9022382FA4CF200F10800A4FA2F
:10CBD0008CF283FA4CF3A2FA8CF3E3B9D1E9042383
:10CBE00082FA4CF200F10800A4FA8CF283FA4CF3BA
:10CBF000A2FA8CF37BB9D1E9062301F1200182FA74
:10CC00004CF200F10800A4FA8CF283FA4CF3A2FA79
:10CC10008CF3002BC6D0002A04BF04301A4612BA87
:10CC2000B2FA82F2FDE8024500EBD2007047D1E98A
:10CC3000002304F00305C4F100004FEAC50514F019
:10CC4000040F91F840F00CFA05F562EA05021CBFEA
:10CC500063EA050362464FF00004A9E72DE9F843B3
:10CC6000224C25680DB36C681F2C3BDC984691461E
:10CC70000F46064688B1D5F8880028B3D0F80031B1
:10CC800040F824900122A24000EB84011343022EBD
:10CC9000C0F80031C1F8808010D0A31C01346C6052
:10CCA00045F823700020BDE8F883114E114D256032
:10CCB000002ED8D03468C5F88840D4E7D0F80431C5
:10CCC0001A43C0F80421E8E70B4B5BB14FF48470C2
:10CCD000AFF3008030B100236C68C0E94033C5F881
:10CCE0008800CDE74FF0FF30DDE700BFBC4E0020ED
:10CCF00000000000304E0020000000002DE9F04F41
:10CD0000DFF8908083B0D8F8005001900F464FF0C4
:10CD1000010A8DB16C68D5F88860013C0CD405F12E
:10CD2000080B67B12EB106F1800353F82430BB42E3
:10CD300005D014F1FF34F4D203B0BDE8F08F6B6876
:10CD40005BF82420013BA34216BF00236C604BF824
:10CD50002430002AEDD0D5F80490B6B1D6F80011F1
:10CD60000AFA04F30B4210D0D6F8040156F8241046
:10CD700003420CD1019890476B68D8F800204B45CE
:10CD800001D1AA42D5D01546C3E79047F4E708463B
:10CD90009047F1E7BC4E0020FEE700BFF8B500BFAA
:10CDA000F8BC08BC9E467047F8B500BFF8BC08BC8C
:10CDB0009E467047001000000400000001000000C3
:10CDC00095790700B9790700C9790700397A070012
:10CDD000D9790700A1790700A5790700A97907008B
:10CDE000001000000400000001000000457B070067
:10CDF000257B0700157B07004D7D0700017D07009F
:10CE0000E77A0700EB7A0700F17A0700982F8A4249
:10CE100091443771CFFBC0B5A5DBB5E95BC256398C
:10CE2000F111F159A4823F92D55E1CAB98AA07D8A4
:10CE3000015B8312BE853124C37D0C55745DBE72C7
:10CE4000FEB1DE80A706DC9B74F19BC1C1699BE447
:10CE50008647BEEFC69DC10FCCA10C246F2CE92DD7
:10CE6000AA84744ADCA9B05CDA88F97652513E98FB
:10CE70006DC631A8C82703B0C77F59BFF30BE0C602
:10CE80004791A7D55163CA0667292914850AB72790
:10CE900038211B2EFC6D2C4D130D385354730A652D
:10CEA000BB0A6A762EC9C281852C7292A1E8BFA204
:10CEB0004B661AA8708B4BC2A3516CC719E892D16C
:10CEC000240699D685350EF470A06A1016C1A419EF
:10CED000086C371E4C774827B5BCB034B30C1C39EE
:10CEE0004AAAD84E4FCA9C5BF36F2E68EE828F74AD
:10CEF0006F63A5781478C8840802C78CFAFFBE90C7
:10CF0000EB6C50A4F7A3F9BEF27871C64800280074
:10CF10000020400085C50700DDAC843D1EBD6AFCD5
:10CF2000F19B4BD0C49DB1BE608F0D7ACA0083AA1D
:10CF3000B84899DE96F7E90C05200B441BE1104A2E
:10CF4000A3418950BAD2FDB74999C850A1D379AF4E
:10CF50008939544350D9C92D06150E1506110A04F6
:10CF60000A1104041F04041C0B1F251E15160F189C
:10CF7000131C0B1F251E15160F18130000000000B0
:10CF80000338FDD870470000F79207009B92070016
:10CF9000EB9707005D9807007D980700E191070077
:10CFA000A19107007F97070000000000A9980700E3
:10CFB000A398070083980700200000007800000075
:10CFC000000000000100010000000000010000005E
:10CFD0000000000002000500010000004200000007
:10CFE0000000000000000000000000000000000041
:10CFF00000000000010011000100FFFF010000001F
:10D0000000000000020017000200FEFF64010000A3
:10D0100054D00700000000000000000000000000E5
:10D0200000000000010001000000000001000000FD
:10D0300000000000020005000100000022000000C6
:10D0400000000000000000000000000000000000E0
:10D0500000000000010011000400FCFF04000000BB
:10D0600000000000020011000400FCFF04000000AA
:10D0700000000000030021000400FCFF0400100079
:10D0800000000000040011000100FFFF010000008B
:10D0900000000000050011000200FEFF0400000077
:10D0A00000000000060011000400FCFF0400000066
:10D0B00000000000070011000400FCFF0400000055
:10D0C00000000000080017000200FEFF240000001E
:10D0D00024D00700090010000100FFFF010000003C
:10D0E00004D107000A0027000200FEFF44000300ED
:10D0F000C4CF070000000000000000000000000096
:10D100000000000000000000010017000400FCFF08
:10D1100068010000F4CF0700020017000400FCFFC4
:10D12000AC01000038D10700000000000000000042
:10D1300000000000000000000100070000000000E7
:10D1400068010000F4CF07000200010000000000A9
:10D1500001000000000000000300050001000000C5
:10D16000420000000000000000000000000000007D
:10D170000000000000000000446675546172670002
:10D18000000000000000000000000000000000009F
:10D1900050EADA308883B89F604F15F30000C98EDB
:10D1A0000338FDD870470C000C00000058026D6970
:10D1B00063726F6269745F61707000001002010039
:10D1C00008D3070010D3070008000000F8D20700BA
:10D1D00008D3070008000000F0D20700F8D20700CB
:10D1E00008000000E8D20700F0D2070008000000A5
:10D1F00010D3070018D30700080000000820000122
:10D20000FFFFFFFFFFFFFFFFFFFFFFFF000000002A
:10D21000000000000000000001000000FFFFFFFF11
:10D22000512563FCC2CAB9F3849E17A7ADFAE6BCC8
:10D23000FFFFFFFFFFFFFFFF00000000FFFFFFFFFA
:10D2400096C298D84539A1F4A033EB2D817D0377A0
:10D25000F240A463E5E6BCF847422CE1F2D1176B3B
:10D26000F551BF376840B6CBCE5E316B5733CE2B0E
:10D27000169E0F7C4AEBE78E9B7F1AFEE242E34F3D
:10D280004B60D2273E3CCE3BF6B053CCB0061D657A
:10D29000BC86987655BDEBB3E7933AAAD835C65A03
:10D2A0004BBF07009DC00700FDC00700382B0020C2
:10D2B0000000000001A10700599E07004032002035
:10D2C0007C4200208D42002048320020F400000003
:10D2D0000000000003000000F5B30700000000009C
:10D2E00002000000D5B30700A59A07000000000067
:10D2F000C17C07000000000079B7070000000000B3
:10D300007DB8070000000000017B0700000000005E
:10D310001D7C070000000000709FFF7F01000000DF
:10D320000090D0030000000000000000000000009A
:10D3300000000000000000000000000000000000ED
:10D3400001000000000000000000000000000000DC
:10D3500002000000EC2A00200C2B0020FC2A0020F8
:10D36000FF00FFFF0100000000E00700382B002055
:10D3700000000000000000000000000000000000AD
:10D38000000000000000000000000000000000009D
:10D39000000000000000000000000000000000008D
:10D3A000000000000000000000000000000000007D
:10D3B000000000000000000000000000000000006D
:10D3C000000000000000000000000000000000005D
:10D3D00069720700417207000000000000000000B1
:0CD3E00001A2070000100000000008007F
:10E00000BE361649020000000000000000000000BB
:10E0100000000000000000001CD20000105EBCF8F0
:10E0200001000000000000000000000000000000EF
:10E0300000000000000000000000000000000000E0
:10E0400000000000000000000000000000000000D0
:10E0500000000000000000000000000000000000C0
:10E0600000000000000000000000000000000000B0
:10E0700000000000000000000000000000000000A0
:10E080000000000000000000000000000000000090
:10E090000000000000000000000000000000000080
:10E0A0000000000000000000000000000000000070
:10E0B0000000000000000000000000000000000060
:10E0C0000000000000000000000000000000000050
:10E0D0000000000000000000000000000000000040
:10E0E0000000000000000000000000000000000030
:10E0F0000000000000000000000000000000000020
:10E10000000000000000000000000000000000000F
:10E1100000000000000000000000000000000000FF
:10E1200000000000000000000000000000000000EF
:10E1300000000000000000000000000000000000DF
:10E1400000000000000000000000000000000000CF
:10E1500000000000000000000000000000000000BF
:10E1600000000000000000000000000000000000AF
:10E17000000000000000000000000000000000009F
:10E18000000000000000000000000000000000008F
:10E19000000000000000000000000000000000007F
:10E1A000000000000000000000000000000000006F
:10E1B000000000000000000000000000000000005F
:10E1C000000000000000000000000000000000004F
:10E1D000000000000000000000000000000000003F
:10E1E000000000000000000000000000000000002F
:10E1F000000000000000000000000000000000001F
:10E20000000000000000000000000000000000000E
:10E2100000000000000000000000000000000000FE
:10E2200000000000000000000000000000000000EE
:10E2300000000000000000000000000000000000DE
:10E2400000000000000000000000000000000000CE
:10E25000000000000000000000000000A21BDAAC7B
:10E2600000000000000000000000000000000000AE
:10E27000000000000000000000000000000000009E
:10E28000000000000000000000000000000000008E
:10E29000000000000000000000000000000000007E
:10E2A000000000000000000000000000000000006E
:10E2B000000000000000000000000000000000005E
:10E2C000000000000000000000000000000000004E
:10E2D000000000000000000000000000000000003E
:10E2E000000000000000000000000000000000002E
:10E2F000000000000000000000000000000000001E
:10E30000000000000000000000000000000000000D
:10E3100000000000000000000000000000000000FD
:10E3200000000000000000000000000000000000ED
:10E3300000000000000000000000000000000000DD
:10E3400000000000000000000000000000000000CD
:10E3500000000000000000000000000000000000BD
:10E3600000000000000000000000000000000000AD
:10E37000000000000000000000000000000000009D
:10E38000000000000000000000000000000000008D
:10E39000000000000000000000000000000000007D
:10E3A000000000000000000000000000000000006D
:10E3B000000000000000000000000000000000005D
:10E3C000000000000000000000000000000000004D
:10E3D000000000000000000000000000000000003D
:10E3E000000000000000000000000000000000002D
:10E3F000000000000000000000000000000000001D
:10E40000000000000000000000000000000000000C
:10E4100000000000000000000000000000000000FC
:10E4200000000000000000000000000000000000EC
:10E4300000000000000000000000000000000000DC
:10E4400000000000000000000000000000000000CC
:10E4500000000000000000000000000000000000BC
:10E4600000000000000000000000000000000000AC
:10E47000000000000000000000000000000000009C
:10E48000000000000000000000000000000000008C
:10E49000000000000000000000000000000000007C
:10E4A000000000000000000000000000000000006C
:10E4B000000000000000000000000000000000005C
:10E4C000000000000000000000000000000000004C
:10E4D000000000000000000000000000000000003C
:10E4E000000000000000000000000000000000002C
:10E4F000000000000000000000000000000000001C
:10E50000000000000000000000000000000000000B
:10E5100000000000000000000000000000000000FB
:10E5200000000000000000000000000000000000EB
:10E5300000000000000000000000000000000000DB
:10E5400000000000000000000000000000000000CB
:10E5500000000000000000000000000000000000BB
:10E5600000000000000000000000000000000000AB
:10E57000000000000000000000000000000000009B
:10E58000000000000000000000000000000000008B
:10E59000000000000000000000000000000000007B
:10E5A000000000000000000000000000000000006B
:10E5B000000000000000000000000000000000005B
:10E5C000000000000000000000000000000000004B
:10E5D000000000000000000000000000000000003B
:10E5E000000000000000000000000000000000002B
:10E5F000000000000000000000000000000000001B
:10E60000000000000000000000000000000000000A
:10E6100000000000000000000000000000000000FA
:10E6200000000000000000000000000000000000EA
:10E6300000000000000000000000000000000000DA
:10E6400000000000000000000000000000000000CA
:10E6500000000000000000000000000000000000BA
:10E6600000000000000000000000000000000000AA
:10E67000000000000000000000000000000000009A
:10E68000000000000000000000000000000000008A
:10E69000000000000000000000000000000000007A
:10E6A000000000000000000000000000000000006A
:10E6B000000000000000000000000000000000005A
:10E6C000000000000000000000000000000000004A
:10E6D000000000000000000000000000000000003A
:10E6E000000000000000000000000000000000002A
:10E6F000000000000000000000000000000000001A
:10E700000000000000000000000000000000000009
:10E7100000000000000000000000000000000000F9
:10E7200000000000000000000000000000000000E9
:10E7300000000000000000000000000000000000D9
:10E7400000000000000000000000000000000000C9
:10E7500000000000000000000000000000000000B9
:10E7600000000000000000000000000000000000A9
:10E770000000000000000000000000000000000099
:10E780000000000000000000000000000000000089
:10E790000000000000000000000000000000000079
:10E7A0000000000000000000000000000000000069
:10E7B0000000000000000000000000000000000059
:10E7C0000000000000000000000000000000000049
:10E7D0000000000000000000000000000000000039
:10E7E0000000000000000000000000000000000029
:10E7F0000000000000000000000000000000000019
:10E800000000000000000000000000000000000008
:10E8100000000000000000000000000000000000F8
:10E8200000000000000000000000000000000000E8
:10E8300000000000000000000000000000000000D8
:10E8400000000000000000000000000000000000C8
:10E8500000000000000000000000000000000000B8
:10E8600000000000000000000000000000000000A8
:10E870000000000000000000000000000000000098
:10E880000000000000000000000000000000000088
:10E890000000000000000000000000000000000078
:10E8A0000000000000000000000000000000000068
:10E8B0000000000000000000000000000000000058
:10E8C0000000000000000000000000000000000048
:10E8D0000000000000000000000000000000000038
:10E8E0000000000000000000000000000000000028
:10E8F0000000000000000000000000000000000018
:10E900000000000000000000000000000000000007
:10E9100000000000000000000000000000000000F7
:10E9200000000000000000000000000000000000E7
:10E9300000000000000000000000000000000000D7
:10E9400000000000000000000000000000000000C7
:10E9500000000000000000000000000000000000B7
:10E9600000000000000000000000000000000000A7
:10E970000000000000000000000000000000000097
:10E980000000000000000000000000000000000087
:10E990000000000000000000000000000000000077
:10E9A0000000000000000000000000000000000067
:10E9B0000000000000000000000000000000000057
:10E9C0000000000000000000000000000000000047
:10E9D0000000000000000000000000000000000037
:10E9E0000000000000000000000000000000000027
:10E9F0000000000000000000000000000000000017
:10EA00000000000000000000000000000000000006
:10EA100000000000000000000000000000000000F6
:10EA200000000000000000000000000000000000E6
:10EA300000000000000000000000000000000000D6
:10EA400000000000000000000000000000000000C6
:10EA500000000000000000000000000000000000B6
:10EA600000000000000000000000000000000000A6
:10EA70000000000000000000000000000000000096
:10EA80000000000000000000000000000000000086
:10EA90000000000000000000000000000000000076
:10EAA0000000000000000000000000000000000066
:10EAB0000000000000000000000000000000000056
:10EAC0000000000000000000000000000000000046
:10EAD0000000000000000000000000000000000036
:10EAE0000000000000000000000000000000000026
:10EAF0000000000000000000000000000000000016
:10EB00000000000000000000000000000000000005
:10EB100000000000000000000000000000000000F5
:10EB200000000000000000000000000000000000E5
:10EB300000000000000000000000000000000000D5
:10EB400000000000000000000000000000000000C5
:10EB500000000000000000000000000000000000B5
:10EB600000000000000000000000000000000000A5
:10EB70000000000000000000000000000000000095
:10EB80000000000000000000000000000000000085
:10EB90000000000000000000000000000000000075
:10EBA0000000000000000000000000000000000065
:10EBB0000000000000000000000000000000000055
:10EBC0000000000000000000000000000000000045
:10EBD0000000000000000000000000000000000035
:10EBE0000000000000000000000000000000000025
:10EBF0000000000000000000000000000000000015
:10EC00000000000000000000000000000000000004
:10EC100000000000000000000000000000000000F4
:10EC200000000000000000000000000000000000E4
:10EC300000000000000000000000000000000000D4
:10EC400000000000000000000000000000000000C4
:10EC500000000000000000000000000000000000B4
:10EC600000000000000000000000000000000000A4
:10EC70000000000000000000000000000000000094
:10EC80000000000000000000000000000000000084
:10EC90000000000000000000000000000000000074
:10ECA0000000000000000000000000000000000064
:10ECB0000000000000000000000000000000000054
:10ECC0000000000000000000000000000000000044
:10ECD0000000000000000000000000000000000034
:10ECE0000000000000000000000000000000000024
:10ECF0000000000000000000000000000000000014
:10ED00000000000000000000000000000000000003
:10ED100000000000000000000000000000000000F3
:10ED200000000000000000000000000000000000E3
:10ED300000000000000000000000000000000000D3
:10ED400000000000000000000000000000000000C3
:10ED500000000000000000000000000000000000B3
:10ED600000000000000000000000000000000000A3
:10ED70000000000000000000000000000000000093
:10ED80000000000000000000000000000000000083
:10ED90000000000000000000000000000000000073
:10EDA0000000000000000000000000000000000063
:10EDB0000000000000000000000000000000000053
:10EDC0000000000000000000000000000000000043
:10EDD0000000000000000000000000000000000033
:10EDE0000000000000000000000000000000000023
:10EDF0000000000000000000000000000000000013
:10EE00000000000000000000000000000000000002
:10EE100000000000000000000000000000000000F2
:10EE200000000000000000000000000000000000E2
:10EE300000000000000000000000000000000000D2
:10EE400000000000000000000000000000000000C2
:10EE500000000000000000000000000000000000B2
:10EE600000000000000000000000000000000000A2
:10EE70000000000000000000000000000000000092
:10EE80000000000000000000000000000000000082
:10EE90000000000000000000000000000000000072
:10EEA0000000000000000000000000000000000062
:10EEB0000000000000000000000000000000000052
:10EEC0000000000000000000000000000000000042
:10EED0000000000000000000000000000000000032
:10EEE0000000000000000000000000000000000022
:10EEF0000000000000000000000000000000000012
:10EF00000000000000000000000000000000000001
:10EF100000000000000000000000000000000000F1
:10EF200000000000000000000000000000000000E1
:10EF300000000000000000000000000000000000D1
:10EF400000000000000000000000000000000000C1
:10EF500000000000000000000000000000000000B1
:10EF600000000000000000000000000000000000A1
:10EF70000000000000000000000000000000000091
:10EF80000000000000000000000000000000000081
:10EF90000000000000000000000000000000000071
:10EFA0000000000000000000000000000000000061
:10EFB0000000000000000000000000000000000051
:10EFC0000000000000000000000000000000000041
:10EFD0000000000000000000000000000000000031
:10EFE0000000000000000000000000000000000021
:10EFF0000000000000000000000000000000000011
:10F00000BE361649020000000000000000000000AB
:10F0100000000000000000001CD20000105EBCF8E0
:10F0200001000000000000000000000000000000DF
:10F0300000000000000000000000000000000000D0
:10F0400000000000000000000000000000000000C0
:10F0500000000000000000000000000000000000B0
:10F0600000000000000000000000000000000000A0
:10F070000000000000000000000000000000000090
:10F080000000000000000000000000000000000080
:10F090000000000000000000000000000000000070
:10F0A0000000000000000000000000000000000060
:10F0B0000000000000000000000000000000000050
:10F0C0000000000000000000000000000000000040
:10F0D0000000000000000000000000000000000030
:10F0E0000000000000000000000000000000000020
:10F0F0000000000000000000000000000000000010
:10F1000000000000000000000000000000000000FF
:10F1100000000000000000000000000000000000EF
:10F1200000000000000000000000000000000000DF
:10F1300000000000000000000000000000000000CF
:10F1400000000000000000000000000000000000BF
:10F1500000000000000000000000000000000000AF
:10F16000000000000000000000000000000000009F
:10F17000000000000000000000000000000000008F
:10F18000000000000000000000000000000000007F
:10F19000000000000000000000000000000000006F
:10F1A000000000000000000000000000000000005F
:10F1B000000000000000000000000000000000004F
:10F1C000000000000000000000000000000000003F
:10F1D000000000000000000000000000000000002F
:10F1E000000000000000000000000000000000001F
:10F1F000000000000000000000000000000000000F
:10F2000000000000000000000000000000000000FE
:10F2100000000000000000000000000000000000EE
:10F2200000000000000000000000000000000000DE
:10F2300000000000000000000000000000000000CE
:10F2400000000000000000000000000000000000BE
:10F25000000000000000000000000000A21BDAAC6B
:10F26000000000000000000000000000000000009E
:10F27000000000000000000000000000000000008E
:10F28000000000000000000000000000000000007E
:10F29000000000000000000000000000000000006E
:10F2A000000000000000000000000000000000005E
:10F2B000000000000000000000000000000000004E
:10F2C000000000000000000000000000000000003E
:10F2D000000000000000000000000000000000002E
:10F2E000000000000000000000000000000000001E
:10F2F000000000000000000000000000000000000E
:10F3000000000000000000000000000000000000FD
:10F3100000000000000000000000000000000000ED
:03F32000000000EA
:020000040000FA
:020000041000EA
:081014000070070000E0070076
:040000033000785DF4
:00000001FF

:1000000E41140E2FB82FA2BB9F00B40700000000B2
:1000100E7B22636F6D7072657373696F6E223A2205
:1000200E4C5A4D41222C2268656164657253697A7F
:1000300E65223A3239332C227465787453697A65A5
:1000400E223A31323238342C226E616D65223A22D8
:1000500E4D6F74696F6E204D6F7573222C2265552E
:1000600E524C223A2268747470733A2F2F6D616B62
:1000700E65636F64652E63616C6C696F70652E636A
:1000800E632F222C2265564552223A22382E312ECB
:1000900E3135222C22707874546172676574223A5D
:1000A00E2263616C6C696F70656D696E69227D5D2E
:1000B00E000080002431000000000000003D88890F
:1000C00EC65436C3174FE4E2A73EE2142DD780B7CD
:1000D00E053E8B9216D07B6371ABA42314DD4ED7F5
:1000E00E6F78657B857884CCCCA8E4B8B413A5C7AB
:1000F00EB820418E7197977501B410E8E4BC386D45
:1001000E61B2F0939904B15C7613D040333C2C74F9
:1001100EB5C5B1A9AF1C5CEA38E60B7494E72E1F87
:1001200E082D66D98539B0E94B38C525E1F521BED4
:1001300E1EC0B97C722F222C19587E8A886B9FB7ED
:1001400ED8CFB11C8E9505B91762C5D5903EE33751
:1001500EF3AFCD6368BD0739A607F4D2D4298FBC9F
:1001600E184E7B9A93A8940D6EEB9607F182A1A67A
:1001700E192187448DC65ABBC08676B4933C214C58
:1001800EB20127E37E2A47DD35B710C4FE26C85FCD
:1001900EC84BEA9FFF4A1AAC93669C95B979CB5D22
:1001A00E465CC952A44340BB75170AE68E4FC4AED7
:1001B00E90CB2EA8632927F3C0EA2110F2F257182C
:1001C00E2538F64F7563C0ADBD471AD30424AE2A49
:1001D00E8272266750FFC386B4C1B2F908A92F6A8E
:1001E00E8FA2C130B71F2D3CBDCB86749AA677A9BE
:1001F00E48C85130A962E672D00F9AE5D5BE52A713
:1002000E9B9D67676D40283262A4B5253DA50BA561
:1002100EBD4BFADB5A7A2B2971629068BF1813DA3C
:1002200E072627887CCB36CD89D84F8F15D3837779
:1002300E108F86EB59A4A55A5E1C2634D665D5922E
:1002400E71156D55285D73946CEC2D9F6AC3C9EBC7
:1002500E177AD9A45FF92FA1833201006C79CDEE04
:1002600E5DE4A041BF12F86BA1E1DF4DD9BCE67190
:1002700EDB1C23168A69BCF06E6DAC3E4B99164B97
:1002800E63C1ABB14516E6B0B3136E6C99460ACD99
:1002900EEEA0946C4674E9CD1295AD9E670F5D0786
:1002A00E5C40B4B2790F6975C10855501ADFBFC5ED
:1002B00E5863ACEB2EBC0FE328F1D6D0C4AAC262B1
:1002C00EBA251991BA9D4A24ED0DD9DE0091C05779
:1002D00E95EDAD835A57F06694707D8A44DF834A5C
:1002E00E248EFE0D79DA973CD569BDFAEEFD4D05EB
:1002F00E00DABE5C1D89A1B387E7C6E8B90E031DFF
:1003000E55E1C7E98B7C1099BC215A09BC315F07B6
:1003100E4AE91B26AB7843741C6BFA9D17CABE20A4
:1003200E9335418F84FB47BF7B44BEE2D646F00D2A
:1003300E594C782ADF9E796745CF4B39B9444C3DED
:1003400E645437853E497E75E714171CAA60EB830B
:1003500ED17FD543CE72440F8D7C7EAE27DE7F39A2
:1003600E4A47CEB1FBC8E57DFE143A96895F1DC79C
:1003700E9ED605DBCD7795C77396B08F698E1F7F9E
:1003800E968A3C0EFC090A360811BF0D7C45E29494
:1003900E33EB6F9BEB8D5501C4BE0190D3E3DDBAF9
:1003A00E0628BE9633CE941DFF189A1A0B27CBF152
:1003B00E92A49C29DDBFAB468B264F291DA6FA01C0
:1003C00EAAE31D329B5BC33D398DB22159B43C97D4
:1003D00E36934864342A87DADC5DF339265477D0B5
:1003E00EC9AA8E30245EC6EC11C25B78FF100FA036
:1003F00ED1924CF0369219B86C393DEA3CA70AF608
:1004000E1AB309757939483E2A3B7245FB8923FC9C
:1004100EF3AC32DDB81370B10CEE9D074A4FB3C08A
:1004200E6D53F52CF50B27286401AD6F02BB957546
:1004300E9DAE41A0B0063E3728C4E2F86DFE0D1FFA
:1004400E1A2B2EA006CBA6391F88745D3609D6FD51
:1004500E4F530BF81D51A24B660B5D330E36836F57
:1004600E210F86C50755F4CC342D2E5A7DF2420E3F
:1004700E361921193C1F3AB015A1CB126A2F19BF9C
:1004800EB183FA980F5755DFAA7C3B343F6F452551
:1004900EA134A3FF9A5B44204917BD8B9942A45106
:1004A00E99A67C383D2D313E993C97AAAF5C1045FC
:1004B00E5F3600F562BACDD869C633BDF1B34A8452
:1004C00EADFFB588ED726E0C2BC6BEDC2DBB90CA8F
:1004D00EB5DA7195BEFFC92348556CB8BFEC69BE3D
:1004E00E3F94DD17B2A39DAF22C9C25148FC1A6ECC
:1004F00E7AE3A2653DECDE1D105779A357C85E590D
:1005000E5A759F5C45CA570212DA70DAD91591B046
:1005100E417ED7FA3A86828530072A23B8C2F9156A
:1005200E45C68F83CB156181698DAF13F8EC89D7E2
:1005300E5AF22E618176E270BFD5C75B9E7ADF0DCF
:1005400E4CD9B5CEA4882BDCA6EFF2DA2F2B5C09A2
:1005500E70E45FB9C57E06B9CE52CF34D69500B4DD
:1005600ECCD1D7F02822ABF3817811D8CF4FF0F74A
:1005700E096588C5BC71815CBCD7CE925F73C59589
:1005800EBDB350D6EE34ED3F8C314FBDC90D6989E8
:1005900E2145ADA285054E9C9750DE7696E322044A
:1005A00E044842262EBED72219440DC5CD2418A6C6
:1005B00E167321744B10780999CC7A9BAD418AAD94
:1005C00E4FE511E73EBC5DBE6F0A69907BC2C66205
:1005D00E063E9FF47B9B869ED065CE132F8D5B0EC1
:1005E00E78A8E96B3DE0F171082D92F26252FAE6BD
:1005F00EC702262FAC1D8A89EFA3D478B194FE4D85
:1006000E74E58AFAD60F40329ABAF43FFF6F12178A
:1006100E9FD635E78F716BE1A32552A79E8B91BDB7
:1006200EB8B4F8395BBA445F7EBED0801D7418DC56
:1006300E244C21996BB5BE559C6B034026BF713C73
:1006400EFFC01AAECC8C1507EE0EB924273E74EE01
:1006500E42B3970B37A865A22B944EFCA73135B148
:1006600EF45BA5E52C6F75DE2BCA12BD16F5A461E1
:1006700E32AAD5FAD44785FF1D45CA2121C5EDE41E
:1006800EDE2CDAA93B8E51BF04329BCA2F4FA8AE87
:1006900ED57F2F233F161824118DF1D98DCA0FB790
:1006A00E9454C78FBDB270350D502BBF92F48BDCB6
:1006B00E881910A6C864939EC1922E9CDD32126AD0
:1006C00E5FF005E0512CD7281E85FAC772A21E973F
:1006D00EEDB0AE07DB165BCC5246B44F5D56B2AEF4
:1006E00E01DEC268B3FDB5179D92EFFCC0F83D72F6
:1006F00E4BB272FE6880EACFD86E57D8131B25D145
:1007000EEFC2471FE7CF9857EFE87D27D157415DDE
:1007100E948134EB3131E910E304631716C705E118
:1007200E39326CE0A8C649B6F3D2F4A2BE3744AF54
:1007300EB43F75446D07D48154D0DCC6DD44A29C11
:1007400EA5C9AF532B56ECE6EA68E31901D1C3C134
:1007500E8B9DF8422AC4A2353394EB083B55E053E7
:1007600E137AECCDB125E8C87544AB180042235F6F
:1007700EA45FB2C74E4D70D6783B38163D6E4062C0
:1007800E21A8E7B3EF3633284EF6AF9CD76F3272FF
:1007900E59A41E1398E20D65E256CE3B6760506277
:1007A00E46DED24C676EFDE7ABD26A6F5E6A47F1EA
:1007B00EECD50946DEE5502D500F0F314CFFD458C5
:1007C00E47FDE8C27F5F1162EE0B8FF5AA01AC8C7C
:1007D00E2237CCF2F569BE15B16E930320CF494492
:1007E00E2FA6475EAF81F08F065F454BA0B70E1365
:1007F00E6B7E24DABEA2132CB51FBDDAF960C46677
:1008000E18C8AD8A6012D79B80A745BCE87ED41469
:1008100E865AD6E345E092F6813E71519D09AE8629
:1008200E7B70DE938179FC299DCC182CB483DF99E3
:1008300E014326EC557D8A009D9D5011CDDF9261BE
:1008400E6DBA6C23EB2D30FE0B282FFCACDD23FE96
:1008500E814CD2496C4247FC2EDEE2D9BE39FFE90B
:1008600ED3477200000000000000000000000000EE
